// 640x128 weights, scale=5515.9670, width=16
0d4c
c009
0644
f2e3
f651
964c
f328
fede
cbaf
09ba
f6ce
c772
dee2
060d
1ded
e50f
decd
0daa
144b
f939
fae6
0b78
0378
0d78
0eed
f665
07a9
0f52
077a
fcfd
f3a8
1cc6
0cbb
fbc9
f673
12ad
fcbd
edec
0a6e
fd0b
2a50
e33e
2afe
d565
0e5e
f502
ecd9
e3d0
f42e
e0f8
9618
05a1
d867
0281
219f
0996
bbda
2e01
19e6
f82b
e245
059a
2598
ee92
ef81
f26b
1841
a653
f8ae
c7fc
e012
0152
f08c
03eb
fca5
e6bb
feed
4498
0036
e7c1
f961
d888
f984
fe80
1824
d4b7
13c3
c9cc
e22e
f0fd
dcee
fcac
0d21
d8cc
0f49
f124
d2de
037b
2707
fc68
03f4
ee4b
bfa8
1c2b
17ba
e646
e4c7
2494
d26d
f75a
1853
e752
b70e
0055
eb1f
2d25
d571
b32c
2fa6
ff52
1fea
f621
ede0
e61c
1798
eb78
ea02
e328
115a
c9c4
01e4
e9d5
ed03
a9f7
fc4a
fb5a
c410
002e
0293
c070
ea7c
046d
25ff
ebd5
eaa9
01ea
0092
f658
039d
0b35
f823
0662
fcf8
eeca
0b43
0e27
094b
094c
fe5d
1420
0cea
f441
f72d
0850
060d
ebb2
09e2
f6ef
23c5
daff
291a
cef7
0ec0
efbd
ebe7
e725
ee80
e14a
90f7
0439
bde5
fc5c
1e30
16e5
c247
2f95
1d33
fd69
f2fb
09b2
1ce0
ea48
fa15
f33f
0c71
9a4b
f5d7
c534
df7d
041c
f8ca
fba3
fb5e
f6d2
ffd4
35e6
f782
e4ae
f62a
de60
fe86
0040
123c
e2fd
f88e
cd5b
e38b
f424
dca4
054a
0611
df9e
106c
eadf
da9a
f65e
0b27
f755
0bbf
e19c
c779
132a
0fae
deb7
e0f4
2ce9
d2f8
ee38
1a6a
e56b
ac74
0870
ee3a
2848
d260
b2f2
32c2
fda4
1bf4
f304
e8dd
ea74
1260
e67b
e583
f067
0b35
d2f8
fffd
04e4
e71f
b669
f698
f6f3
ccbf
0066
0a0e
9775
f47e
0097
275a
eeba
eba2
0abd
ef38
ef52
035c
0cee
effc
f89c
f661
ec62
06a2
1b22
0aa6
07cd
f3a4
1417
0232
f409
fad2
0cde
0cd7
f3e0
0f04
e23a
2679
e07c
2662
d01f
0ffb
eeb0
f8ab
e045
ed5a
e045
a174
1464
a32c
f361
2a2c
15c9
d4c1
26f3
1ebb
f601
f39a
013a
122b
edda
0121
ee74
01dd
a9a8
eacf
d16d
e7db
0223
f95a
05d0
f7c7
fbf9
f5e9
339e
f80b
eab8
fcf4
e921
f990
f76b
1a04
dfde
039f
d5c3
e89a
f089
d99c
fc45
05b8
ecc1
05ca
ec72
df5a
fd82
0356
f0f1
0070
e447
c8e7
0fb2
083d
e6a2
e4d1
2429
de0c
eda2
1d16
ef12
af70
062c
f61d
20c5
ce48
b158
3141
fc15
1bd8
f838
e691
edc5
1290
e585
e2c7
ef6d
05ed
cf66
073f
fb12
e28c
b218
e70e
f3b0
cbbc
04d2
0bc7
996f
efa5
ff35
27ca
f09b
f698
0751
f738
f437
0641
0ded
f0fe
068f
f17b
ec98
1188
1b44
166c
0b52
f146
0eac
0114
eeb2
ee1b
0e9d
0b5b
fdcd
0d12
f619
2230
df9b
2d77
c7a2
1291
f122
fd4c
e12f
e783
e475
aa94
118d
a75e
ed2f
2c3f
17c5
dadf
2927
1913
f574
f439
0aa8
1727
f71f
0398
ef37
ff2b
9f0c
f032
d04f
e362
02f1
ec1d
0a57
fd92
f75f
f8f7
2f89
ed17
eec0
fb91
e36c
f96a
fa06
1d0f
d751
f6ca
cfc2
ec5f
f273
ddfa
0908
feb5
dcf4
0d74
e6e3
de93
fb35
0396
f5b0
f7b4
ea62
b8a3
0dc9
0b0c
dcfd
d6fa
29e7
e787
eea0
191f
ecc4
b702
09e3
f1b1
1a8b
d813
b4b2
2b5f
fc03
1b8e
f6a9
e306
f4f4
1427
e545
dc7f
eda0
0e58
d201
03d6
f6f5
e006
b546
f225
fb52
cb74
01e2
0a2b
a2c9
ec85
03a7
3233
e77b
f1c6
0565
0699
f31b
0780
14dd
fc61
06a0
0286
f46c
0d72
0fc8
0e81
1030
f05f
1724
0bdd
e283
f4ad
0ac4
07af
eaed
055d
ea04
2401
e323
2557
cd0c
064f
f4a4
ee95
df86
eb6b
d756
ba9a
0565
b6c4
fae3
2904
1772
d29b
23b7
151b
fa4c
f206
f9d7
12f5
f7b2
fd7b
f044
09b7
b8bd
fb05
dba9
e590
0201
ee49
05f2
f9dd
f39d
fb45
3567
f214
edf2
fb02
e5aa
fb75
facc
1441
db09
f8c0
c604
ea2c
f055
de7f
0563
fbe3
ddb6
0e3d
ecb6
da73
0371
0ff9
ea5b
fb33
eca3
bb74
125f
0754
dabc
e08b
2cfc
de76
f557
1d2d
f247
b47f
fbd1
e9f3
1e06
d436
adf6
320f
fafb
204a
0151
e408
f565
1232
dd80
e66d
eb1f
032c
d184
fb64
e68c
efd2
9fd9
f66c
fc99
c986
03f7
ff3a
b624
fb3a
0148
3332
ed02
e917
f91a
f9cd
f05b
01b5
0c70
f663
0007
073d
f539
0d5a
18ae
083e
0c2a
f5f2
0d4b
1012
eb3b
f843
0f12
06bb
ed99
02cb
fc41
216b
d8dc
2bed
d445
0e32
f1a9
ecfe
e889
f0fd
d687
aded
fc7b
bd91
0224
30f2
152b
c9c0
2841
16bf
f579
ebc4
f895
0f21
f114
f5d0
ee30
0d09
91f6
f258
d194
e411
03f6
efe4
02b1
0211
eaa4
fc7d
2ff8
fa78
eacc
002a
eeba
fc5d
f60f
25ef
e1da
fd17
cb85
eef2
f3b1
e412
f9ef
f348
e687
1134
e001
e3c5
f1b3
068a
f49b
f7eb
e953
bf11
0d5f
0de8
de17
e3de
26f7
e4c2
e8b1
2010
eb8e
b469
f333
f0af
1f5c
da58
b75b
335f
01c9
1567
0310
e452
e96f
0d1f
e490
e86c
ea3c
07e6
dc16
eb4e
f972
fed7
b02c
f605
f52d
d3ef
f85f
0cb7
b6c1
0469
ff44
21cc
f198
ee39
fdda
fc89
ec25
f739
0f06
f310
f52c
0123
eb56
19f0
1a22
0fc3
08f7
f46b
ff40
0ad9
f255
ff58
12bb
08c3
f45f
0b9d
cd5f
2149
d8f5
374d
c3a3
fa32
f287
ee61
f555
e441
df16
b94a
07fc
b97e
f349
2fb4
1af3
d6a9
1777
126d
029f
ea8e
f4dc
0bc2
e4fe
f849
e8b0
0999
b651
ef6d
d954
e47f
f6ae
f33c
f59b
0494
f6e6
ece2
2894
f130
f4b8
0a99
f6eb
f906
ed08
2eb5
e958
f732
e3ff
f4df
fffb
ecf5
0620
f063
e63e
0e22
e2df
ee87
eece
04ba
e748
fa58
e850
ca0d
07f9
0b43
ecbd
d53d
2ac4
f2e8
e6ea
16a6
f4bf
c56b
faef
05cb
1853
e2f4
b5e8
2170
f733
1159
fa81
ec6c
e068
0617
efa2
ee0b
ed95
13e4
db8c
f716
e61c
fb68
a2cb
f339
eaeb
d505
05c2
13cf
a65c
ff30
00fb
1cc5
ec3d
fc55
0344
f447
ef6f
01a3
0f20
eec5
fffe
fc61
e570
1fde
1bd4
217c
0415
0204
049f
fb41
fabf
0755
113c
04de
00c5
0b81
c6e8
1a45
dc23
3ae2
b9db
ff5e
f2ba
edab
ec2b
d493
e0bd
a6d9
13d1
b269
f10e
324f
23a3
d519
1bfd
0b1a
fbf1
e264
ee11
029b
f02c
0597
f03c
02d7
a1ed
f44e
d3d9
dd64
f9ae
ff70
e67e
0a53
f61e
ec69
2033
da02
f12d
0cae
f6e4
f20e
f0c8
29f1
d87b
e0aa
e38d
036b
01df
ea6c
0da5
f839
e07d
0e65
e5c4
f345
f65e
f63a
dedd
f9eb
e087
c594
0699
06be
df2e
c6f6
2260
e2d4
e7c9
1552
f9d5
c13f
fd37
fe66
1581
e650
ac53
1e1b
f065
1266
f695
e6d5
eb52
04a3
faae
e7f7
f88d
12fe
e4b7
f232
eea2
f73c
a65d
02f6
ef6a
d9a6
ff89
15e7
a491
fede
0235
21c9
f1b4
fdd2
fb86
f096
f15f
fb8d
0a2d
ec2f
f84f
08f5
e76a
189c
2961
1c25
0542
f8f8
05ac
00e8
ff07
0d82
11d8
019d
05e1
0b9b
b2ba
1731
ddd3
37f6
c0ee
01fe
f1df
edb3
f885
db15
ddd1
c164
146e
9d9b
ebec
355e
1fa7
d8db
14f4
15bc
0794
e397
dd13
0f7e
e80c
ffb7
f6fc
fdd5
9708
fc05
dc40
e524
0579
fdf1
f306
0a0b
fab7
edd4
1bc5
e440
f50a
0fdc
fcee
f07d
f10c
2463
e30e
edfe
e991
01f1
f4f1
e9fc
0d0f
f718
eb9e
0e38
f6aa
ea08
f3c0
f15a
e6e3
01d7
e349
cc4b
087c
023b
e940
d632
2748
edd6
e6f3
125e
fa59
b684
ead8
fdee
1dd6
de58
b590
18c2
fa5f
190e
ea3c
e2b2
e6e9
0237
f5a5
ee2d
f8d4
0a70
e3f0
f64f
d1fc
f966
9cb3
f3b1
ec05
cf82
fede
0a9a
bb13
f41e
ff56
15ad
ed81
fb30
f43d
ef1f
f18a
ff3c
0f62
f2a2
0373
f807
f3d1
226e
2b60
1931
ffb1
f582
10f1
f456
f7d7
077f
15d5
04e9
07c0
0225
df3c
1627
e290
3556
c222
fe9d
ef1d
f21f
f900
db31
e274
b199
1aa4
a4d5
f09d
320a
1e46
d1a2
14d4
1392
f167
e134
e60a
116e
e263
04c7
f749
fbb8
90a8
f957
dae1
ded3
fe04
0160
f91a
0a5e
fb25
f6c8
2250
eaee
f7b1
0b6c
f2ad
f350
f168
2993
e828
ee68
e0e4
fb5c
ec4c
e49f
0979
042b
e0a1
0035
f4b1
f300
f666
fe15
e3e6
0060
dda4
cc57
0f0d
02c6
e0c1
d487
1647
e092
e784
12fc
f4c9
b704
f0e1
f963
17d9
da13
b5d9
2243
f9c6
125c
f275
e3dd
e84b
08f0
fac4
e612
f1c0
1257
db9d
04ff
ebe9
ecc2
bdb6
ff5a
f21d
d404
fd3b
1403
a457
f375
0cba
1709
eb49
f55c
f6d1
f64b
f38e
fbd9
09e1
e8b9
f87c
f891
f43b
150b
34b9
095e
0370
fea5
0c21
0883
0182
0141
0a92
056d
fa64
ffa8
c7a3
19f1
e23e
3946
c522
fda3
ecab
f144
ff27
de60
e610
cd1b
1103
9dc9
fd51
2d0e
1c20
c796
1817
1a6c
f66f
f4ad
ec6d
143f
f597
1190
f202
fc9d
a365
ff03
df61
e8a8
03b5
f3e8
f4c3
01c2
ef5b
ed10
2ee2
f1bc
feb3
10b4
f474
01df
f5e8
192d
de21
00da
e279
f4ee
fd69
e207
fea0
fd1f
d28a
084b
e0fe
eaa9
f20a
fae5
e3fd
faef
e7f0
cb2d
0c6c
09fc
eb6a
cde8
1a98
deb8
e556
09ec
f4a2
acd0
f626
f227
1c14
ce35
c4b3
2d6d
fc64
15f2
e342
e6ce
f2b7
0150
0169
e844
00b7
12d0
d335
feda
de1e
eed5
ccb6
0406
ede2
c54e
f59c
1221
a7d2
ff72
0b9c
0272
efef
fb2a
ee04
fd12
f25e
f901
1825
f21a
fcbb
f98d
f8d2
207a
2a9c
0959
19ef
fd4f
1249
fcdc
fa7f
fe3b
14df
0746
03dc
fa3e
d20f
1102
d28a
3994
b81e
fc62
f41c
f2fd
fe68
de9b
e785
cbe8
117b
a8b5
eb76
30cd
1a09
c8e7
1308
099d
efd9
f15d
ec57
09ac
e2bc
0b67
f5e4
fce0
9e00
014d
cdf7
e2f8
fe84
e112
f2fa
04f9
f589
ee62
1ea3
ec28
0270
1163
f07c
024c
f8f0
32d4
e405
f665
d9c3
f32d
01ec
e8af
fbca
fa9d
e211
09a7
dec5
e5e2
f25b
0161
f080
ff97
e763
c98f
0dcc
0e17
f479
c687
1ca6
f0d9
eb1d
0d82
f816
af99
f4e0
f304
1421
d34b
c847
2327
0579
0f16
f631
e05f
e7cd
0201
09f1
e9ff
f35a
1820
d4fd
f7cd
e337
f3d0
b8cb
ff84
e76a
c378
f9ff
0e4d
a74f
f130
fe9a
0d09
f016
f697
eb70
f5f1
f73c
0331
0f1e
f918
01c8
f76c
f3c0
1c83
2449
093a
14fe
f225
1689
fa31
f257
f8c7
154c
0af3
fc22
f8f2
dbdb
1328
e27c
3d0b
bf3b
fda9
f55b
f265
fa2b
dc5b
e4bf
b87b
0f74
c9bb
f42e
2555
1244
ce94
15d0
0bec
f6d9
f2c1
fb4f
1796
e057
048e
f995
fb13
a6c4
fc96
da5f
e589
fbf9
e704
fc96
09d2
f71c
f175
2112
ef7e
0409
0b89
eea3
fee8
f80a
2f98
ddb8
feef
e436
f1cc
fac9
e098
0021
ff10
e298
0c4b
de48
e5aa
f6f3
1366
ee70
0bce
e8b2
c3cf
0cc7
156a
fb24
cb1d
14d8
eb64
e681
169a
f0c8
b3da
f883
fbf5
15d9
d8c9
bc51
2a79
f3ac
14a2
f189
e2d9
ec42
1813
07ab
e69c
f189
1427
e785
f19a
00cd
07b2
c18e
21aa
dbc2
bee5
f917
11d4
ab91
fab1
0086
09e3
ec7e
efc0
e86f
f429
ef8f
f896
102b
f8f2
f9db
fe96
ede4
1fd7
187c
0fff
1996
f945
0b19
f11d
f199
0304
1ded
0d18
fd80
019d
b911
04bc
e4e2
4575
ac43
f094
f452
e88f
fc01
d3d2
e962
cdc4
161a
b665
eb66
3032
0b0f
d900
0c29
0573
f815
ef21
f189
024a
cdf8
0838
fc49
022b
b160
fdd2
e03b
e1e7
f55e
de5f
f831
00de
faae
ea9c
1611
ebd0
0bd1
0f1d
f212
fa9b
ef2d
3b66
e08c
fcbc
ef8d
f44b
0268
eabc
fc70
ff88
f51e
0254
dbc6
e1c1
f461
e9da
df03
0433
e2bd
d654
0057
0d46
f706
ca56
1fde
ddc9
e0a3
162b
f5cd
b5f8
e91c
fe28
0b06
e311
b33c
1b7a
f09b
1182
fc5b
dedf
d9f2
13c3
fb7d
e1d6
f87c
1405
dfb1
f1ac
d616
032d
b849
0d2f
efab
c59b
fe23
17a1
a4c4
fe20
02e5
1b7e
ef65
f0df
df23
0346
ee37
f294
1299
f63c
f750
f3e2
f5da
140b
2322
0515
1207
fbac
0564
f97e
e989
05f5
23ff
121e
02d0
04ec
d884
1675
e1be
3b76
beaa
f3e6
f803
e6d9
01c5
dba9
e5a0
c33a
1121
c7fa
f0b4
28ca
0637
c531
08fb
0b5d
ffbe
f207
f917
12ee
d4ce
fd68
e940
044a
987c
fc52
dab9
e9fe
effb
da91
02f9
f18e
fe02
ec7a
1e4d
faad
f9e5
0db8
f6d4
f678
f410
3053
ece4
0554
ec8b
f702
fec8
e99e
f7da
f1fd
f301
070c
e5ae
e123
f5b3
f373
e4eb
0253
e42f
c8e2
faf3
0876
0169
d29f
1e47
e6d6
e94d
0d0f
fa2d
ab6e
fd16
ed31
0def
ec2a
b489
13a7
f771
1f9f
0054
e618
da1d
1545
ef94
eb9a
edbc
141b
d98f
ee71
edf2
f8aa
b423
00da
fcbf
d0a0
0362
07a7
b116
f4e0
017f
18fd
f639
eb53
eb43
ff51
e95d
f750
13b3
eba8
fe59
00ef
f3d1
1916
27f2
0274
0f89
f34a
09fc
051e
ec5d
0cf8
2506
123d
ff5a
fdf6
ccf9
172f
df49
3b9d
a635
f61a
f6f6
e909
01c4
de57
ec46
d3b8
0f9d
c04a
f369
1fdc
0b51
d1d9
13d0
fb9b
00ec
eca4
0515
0931
de5e
ef43
eab8
037d
a33b
fa14
dcb5
e865
fdc1
d1b8
fe71
f7f6
f2d5
f16b
18f5
f1e3
0179
0ebb
f2ab
f5ba
eefb
3124
ebc3
053a
e404
f2be
fe5e
f2fd
f9b1
fc26
eb54
03ef
ee8b
e41d
ee8b
ead4
e992
fbca
e6af
d305
0245
0ddf
ea6a
bbe2
1fa3
f3dc
e9b4
0c2e
01ac
ac7f
fe16
f895
0e14
e32f
bc1d
16e7
f88e
16d4
f477
e403
e3f4
1936
f8ac
ea8b
f896
1d85
dad9
edf3
dc74
f4f2
ba42
0624
0062
d618
04d7
063d
a37f
f3db
0796
1d9f
ebaa
df0d
ec98
05cd
e9e0
e7c2
0e77
f24e
ff12
026a
f8bb
0fb7
1bde
009c
09f7
f386
069a
07e4
ef2c
0418
2205
1154
f563
0700
ebe7
1b8b
e508
2d94
b750
fd89
f909
deba
0032
e31f
e446
c6ac
10f7
cc60
ecaa
1e4e
0120
cbcb
118d
04ca
0215
f6fa
01b6
198e
e119
eeee
e97d
1289
ae6a
ffc6
d9c1
e8d1
f712
d2f1
080c
f4a0
e994
ef2e
1c61
f552
0189
06de
ed41
0055
f53e
29b8
ec74
09bf
eb08
f7a3
fb91
efec
fd16
0863
e51a
078c
e27a
e2ab
f20b
fe1f
ef12
f4ee
ee5e
d1f6
06c3
13c1
f553
d2f2
1375
e734
e484
13a7
f757
adb0
f74c
e734
1311
d367
bb1c
17db
f967
1efa
edb4
e69b
e821
16c6
eff5
ec0d
e9d4
146c
d804
00ad
e11a
f100
adcf
f1ee
fea6
c0fe
0b32
fd63
bb4a
ea49
f74e
2211
ec71
e56e
f2af
02ad
f66a
f51f
0dae
f716
09d8
f3e5
f6e8
127f
1f96
0946
f681
f3f9
0b6e
0799
e809
0274
2279
0e62
f833
f9b5
df50
20d6
d467
4573
aec2
f312
ff35
e1fe
fe34
db78
e239
a66b
1468
da3c
ebc4
29f9
072d
c40a
18b0
0a60
f912
fade
11fe
23b1
d9fa
e428
ed50
0aa9
ac80
fe77
d4f0
eb9c
fa71
cc7e
02e8
f660
f4cf
e7cf
2835
f4e2
f180
0247
e9f4
0334
f875
1863
f574
01aa
e2cc
e907
f98e
e7fa
fa6f
01c2
dc9e
fcb7
edaa
deb5
efdb
0f16
fa4a
fb8f
e748
ca9a
06b2
0f1f
ef76
c542
1317
dd0f
e320
196a
f882
ac02
06fc
e145
15b4
db17
b52e
1fd1
f830
29a0
f79b
e0f6
ea0a
1ca8
e8c0
ea44
e497
07c4
cc64
ff24
d96f
f5f4
a8d7
ff2e
066c
b60c
1394
fe89
a38b
e66d
0791
2e2e
e7ce
df53
f13d
0dcd
f8f3
fbeb
0e3d
ffda
fe78
01ee
022c
0d61
15ca
fa84
f527
f131
149d
0efb
e66f
f6eb
170a
0cdd
e881
efa1
e8d7
1e58
dd8a
3cd0
b7dd
fc4d
fa4d
dceb
f7b8
e8d0
d2c3
9e1f
093c
c71c
0c4c
245d
05be
c7a8
19a4
00bc
f5e7
f91c
0680
1dab
ecd0
ea2b
f21d
11f7
a2d6
fb17
ca08
e7a3
f8b7
c980
0905
ecc4
e9e0
f8c7
3036
02b8
f828
0380
e8d0
0721
f70d
18c4
dc96
1133
e20a
e8e9
f9d9
e7cb
f1f2
0822
e02e
0a00
e057
df4e
fc46
1c5a
1009
f9d6
f3e9
c2c7
0de8
1cdc
eef2
d239
1051
e0aa
e92f
2389
ed4b
a561
f93f
de89
1329
eb1d
b5ce
1529
040d
24b3
ff77
e675
f4e4
1734
db27
ed6e
d741
0d6e
cfb9
0106
ee3f
ecbf
ae14
f2cb
0262
c0ea
0473
03f4
a26a
e564
0c05
2069
f0b6
ee05
f5b6
0a0d
fd69
f878
1195
fbbf
01a2
fd84
fee0
109c
17d0
002e
0aab
f266
1171
158b
e89d
008b
227d
0a14
de8c
ea2f
e3a3
1ccc
d604
3ee5
b1a4
f428
012f
e04a
f17f
ea32
ddb3
b4b1
0949
b59f
008c
244e
f8a0
cdc5
1454
03ad
ee02
ed36
0503
178b
d23e
f635
f7e1
0a56
bd88
fbe0
d3f3
ed96
fa1d
cea3
0b11
f36b
ec75
f4bb
2d79
033d
fd22
071b
e483
01b4
f036
168e
e80b
0b90
ea98
e629
f787
e75a
f00c
0c99
d382
fc94
dfaa
d7ec
f7dd
1c79
04bc
0068
f5a6
c196
06b7
0ff4
ebfc
cdb0
18d8
dad2
f0c6
219c
f3b0
b22c
f737
e1d5
12a4
e60d
b7ff
179e
0a84
2a10
0091
e3a4
ecb2
160d
dd28
f277
d768
2450
f116
d74e
2e36
ffad
003d
11f3
188c
f792
12fc
143b
ed76
12b5
2743
1df9
fad3
f027
ff94
00ec
f465
e907
02b6
fbbc
d62b
2384
f52d
0b73
2133
0db7
fb9d
0ce1
fc31
0a2c
1339
fc34
08ae
ea04
0d07
2193
1a3d
ea89
e80b
0412
f437
019e
00c4
fa04
f616
10d7
08cf
0235
08ba
e6c3
0121
0774
0791
fa9e
1513
0563
11cc
e219
dfcb
1bf9
e4cd
0317
f277
18ef
edbe
febf
fa11
e222
e259
0d5e
fa0a
0868
fcb5
0d79
169f
0560
0a5a
068a
f53a
e069
d22c
0bd6
ef28
0da8
f060
ef83
ecb4
ffd0
e77e
fac8
d7a2
f4f7
ed02
07bf
eb20
f844
fa79
eee1
e126
f6c0
0d9a
0b2b
1876
f1e9
2563
eed1
f479
0889
02c0
05ff
ed35
167f
0967
e246
e713
13dd
0938
0a8b
f3ac
f6c1
da97
eedd
1d1b
f79f
0e5f
1a82
edeb
e1e5
1cea
f11f
094c
fdd9
1c92
fb6f
0bd4
11ff
edb3
1726
2e0d
2311
f46e
ec59
fbf9
014a
f1c1
e8c2
0160
ff29
d00f
192b
f489
fffa
0d94
06d3
fb7b
fe87
00b8
1540
0883
017b
f6d8
eb5a
0522
1725
2c3d
ed6d
ec26
f7fb
08e2
077d
0056
efd1
f22b
25af
0239
0be6
f3b3
ec47
0a01
f245
0022
f3eb
119b
2412
0ae6
f0c9
e2a3
2fd4
ef4f
06d1
f48b
22bd
f2ec
f7d6
ef78
f502
e3c4
08a7
0355
fcc7
fa86
09ea
26fd
130b
021b
0088
f475
ed68
e6bb
ff5d
f82f
165a
f779
e187
e5a2
efa5
e8a5
f826
c65d
f4c8
e6c9
fe4a
f003
15a4
f9ef
ea40
f3bb
fb78
0e05
08d5
0f4b
05be
22ce
f09e
f69a
0732
012b
fd52
efea
091e
1989
c88e
ef54
244e
0d5f
1213
ea99
f7e1
d621
eba8
0f07
0863
0cdc
17ca
ead0
e2f9
1f58
e8e1
1152
07ba
17f8
f7a3
1a5c
1980
d92c
0f34
2656
21e6
f3b7
f206
f1dd
0204
fcde
f506
fcd5
0408
da1e
184b
f916
0181
10e3
0c41
fed4
febc
0003
13ae
fcbe
000e
ffb6
ef5d
fc3f
1ec4
15ec
f1e3
ef21
fa65
0e1a
0a1f
f55d
f7c5
ea60
15b6
ff2a
127e
fc8e
e9a3
061e
f664
fee5
f0bc
0ea8
2574
02a4
f91d
d686
2436
e815
030c
f08c
1293
eafb
fc21
f64d
efbc
e2f5
04ca
0b66
f5ba
fd9a
0bc2
1e85
09ff
06df
0047
f6d7
e83c
dcff
05b2
f1f9
0f5c
f11a
ead0
e37f
f697
e45a
fe34
cefa
f2c8
e841
0410
f281
0e4e
f5ed
f007
fada
f419
16ec
0369
06a5
0154
1514
e9cc
fbac
0e75
fb1c
f1aa
e6c0
12a2
1516
d11d
ef33
1d5c
1103
101d
f17b
f208
e605
ef97
0a67
0340
0877
1dd2
f233
e16f
4003
f1e8
0eb8
0692
14c4
fc0d
1347
15c5
dafc
0fb8
1fa9
1c44
fb13
fab7
efde
fc27
fab4
ee45
04a7
ffc7
da81
09e8
f8d2
10ad
1ee3
160c
fc64
0040
ff35
0a9a
0ab9
027e
1190
f0f9
0f20
2617
06ef
eb3d
eb5d
0fa0
f9f2
fb7d
f7e7
fa48
f8aa
0dab
05b9
1433
ff73
dda3
0254
0a2c
0404
f047
0d19
0ce6
fdbb
e946
e66d
13ed
e250
0a17
f9f9
120c
e998
f6f5
f033
eaee
de20
08d7
0031
f460
023f
08d6
0ca2
03e2
0bbc
03b7
fb21
e44c
dbb0
2744
f2b3
0f4d
f43a
f3a7
e7fc
07bd
e71f
fc00
c739
f981
d462
0ad7
f071
f5f7
eb6b
e6a4
ebe8
f9ba
0af7
05ee
0824
f3df
17e2
ef54
f710
0670
04e0
f5a3
eaaf
1285
0590
df90
ef40
118d
0c30
095b
eb15
f05f
e32b
e510
0e38
f956
0e6b
1901
f2a9
dd77
3aaa
f71f
02fa
10a7
14d5
fd56
123b
18ae
f270
0b13
1a90
194f
f6be
f67b
edd0
fe81
ffc9
ede6
041b
fd88
e327
0724
f841
0e2b
24e9
19f0
ffce
0309
fab0
0798
0831
fcb2
1cfe
e72b
0a9b
191f
0a4d
e1e6
ee96
0b34
effc
fdfc
f24e
f5ca
f825
09b8
0415
1812
05c9
e3ab
fe17
115e
0455
f207
1131
10b4
0159
dc4b
dc32
139e
e05e
ffa3
f853
1570
ead7
ffca
f391
e28a
e2ab
074a
f3f2
fc5b
01d9
085d
0b84
fc39
100f
0522
fa81
e8f7
d53f
135c
f5e0
052d
e806
efeb
eb6a
0abd
e977
fbfd
ca2a
f7cf
e01d
0f19
ef13
f918
e34e
eaf2
db3f
f99b
1328
06c7
0a58
f6ce
1716
e1d1
f601
08bb
066e
f4e4
dd0b
0b6f
03f1
d821
e3ac
14b5
104b
0f2c
fb2d
f12a
dba9
ea58
119d
f819
0db0
1a5c
ef94
e15d
217f
f989
008a
0939
107e
fedc
10ac
1199
fc91
0ed8
1b9b
1c3f
f7d3
f489
f0d5
f924
f6f8
ef16
fe19
00e4
dbbf
1321
ead6
0cb3
1f6b
16a0
05f9
09f4
f373
0a00
0d59
0781
043e
ec93
0555
0bb2
0975
e28d
f0bb
01f5
0685
f719
f864
f232
f7b8
11da
07ec
15ea
09e7
ec86
00d1
10b7
0208
f3df
0ed9
2239
0295
e9ef
d955
1620
de68
05c8
fbf4
183f
eba3
fe6b
f3fc
e798
e482
0b26
f3b9
04cc
0c48
ffcb
1635
0cdc
1195
0733
fe4c
eb60
dacf
18a7
f81e
0c85
f999
ef28
f199
f8cc
ef59
f94c
cfcb
ef78
c765
0d07
f1ec
fbb2
f2ac
e6c9
e22c
f2bb
0bf4
0593
1b79
fbff
13c4
e340
edcd
04d0
004f
efdb
e5c4
0e54
1199
e38b
f47a
1179
0a87
02fb
fd4b
f360
dc6c
edd9
1a0c
f91c
126a
1929
f727
d61a
2873
08a0
0b93
1820
1045
fd5b
1314
0f37
e94b
1229
1464
1518
f75a
f789
eb21
f998
f4f2
e53c
065d
ff55
d98a
189c
e724
105f
21f5
203c
0502
1748
f2a0
098d
099d
0bd6
0cf0
ef9a
0e29
19f2
fa71
e51e
ebc1
116e
ece0
f859
ef78
f619
fd1d
05f4
106a
20c3
ff4b
e903
03ac
122a
033d
fc9e
103f
1415
032a
f52b
cc23
122d
e223
0be3
f7b7
1ed9
e6e9
fd68
f8f2
ec1c
d948
0a9e
f1a3
0789
ffac
070b
02af
021d
1335
0cde
fe32
e1ac
d30d
398b
f0b8
0a32
ffe6
f597
fd02
07e7
eef2
fa75
e446
f716
d5bd
1325
ebb2
ee08
f022
f0f3
e86b
f5d9
0eaa
0b97
2850
f117
1710
f04f
ea93
0e89
04a6
f684
d722
2193
079d
f1df
dab0
0e0b
0969
fe0d
feb8
fa45
cf3f
eebd
1da5
f7a3
1524
1b1a
f45f
ea1d
1f25
f2ab
0832
1855
0a19
0228
0f00
19db
e2aa
1b80
1abf
0e6f
f1e0
fe5e
f4f9
f276
f3da
eaee
0a59
fd69
d643
13a8
e409
138d
215e
22a9
fe72
0915
f4f8
0230
001d
0a0c
13a3
ef61
14af
1697
f431
e0a4
e90c
0a96
06fb
f49a
ec46
f28a
f845
fe11
0dbc
1cd2
0607
e394
f509
13ba
063f
f56a
06fe
1dfc
fb87
e7ec
ce0d
0dd3
f0ff
10e9
f6fd
15d3
f13f
fd04
ec11
e6de
e5b4
1bb7
eece
fccd
044f
ff62
1084
fbea
15fe
127f
067d
e594
daf9
2784
f6e4
023c
0890
0108
f840
00fd
f93c
f8d9
d4f5
f5ef
da31
0ed2
eb6b
eed7
f258
e9dc
eb53
ef66
06cc
0f4b
139a
e4e4
0e6e
ef14
e986
0f79
0bd5
f31e
d13c
165e
0bc7
dec6
ef72
0508
0720
03d3
ffc4
eaea
d546
e32e
1f89
fb11
0f34
1f62
ef84
ef01
1bd2
e690
fd9d
1795
0a9b
03c8
149e
1bb8
de5d
127a
1bd4
0e4b
f33c
f796
f685
f284
f384
ed14
fe5e
fbcc
dc66
14a5
eb82
0e32
26b9
20c9
0794
1271
f665
011e
098e
0880
12c6
eb81
126b
1b4f
f5f2
e576
ecd7
04a8
080d
fca0
eda3
f4b3
fb09
03b8
0a99
1c36
081e
e5eb
fdc7
071f
050a
ef90
fc1b
18bf
fde6
df1b
ce73
178a
e9bb
02a4
f18f
0ffa
eaa9
0a6a
f15e
e529
e531
1bc3
f26e
f837
0866
0149
0a07
f846
166b
0ae3
ffce
e831
de2e
2067
f580
0529
05b6
0613
eb2c
08d5
02d9
faa8
dba7
f45d
e64b
0ae9
edef
0049
e99e
f1a3
e442
ef72
0ca0
0862
1489
ed62
0b1e
ebbc
ea6a
0cf1
0772
f15c
d667
1b95
0c88
d271
f5b7
0a37
0637
00d6
ee62
f0db
dbff
ea34
176d
fc2c
10cc
1e3c
f7ba
ef6f
1002
df3e
07af
208e
03c1
0729
0bb5
1bdf
e7a3
0adc
14b9
123b
ee62
fc7a
f6d3
edef
f688
ec34
01da
fb2c
d45e
20ef
e4bb
0bb3
1a9b
22c6
0047
0eb2
f927
02d4
0a3a
0740
1438
e38a
0ddc
14d1
f925
e935
ec96
08c5
faf9
f2cf
e9df
ef9d
f77a
00df
08c3
20bf
11ae
e47e
08e7
1277
fc7f
f0e3
fdda
1bdb
f30b
e311
c987
21b6
e6a8
11cf
f894
121b
f48b
0ede
ef91
f1b3
eee9
0f81
f6bc
f8e2
0193
0462
12fb
0585
1966
0a38
0bff
ee83
e9d0
26ac
fb9c
028e
fe01
00b1
ec8f
020a
fa63
fbe1
db0a
f390
ea0e
0119
ea75
fd6e
f350
ef6e
ebb4
f442
0801
00b7
00ff
f18c
0212
e595
e621
133d
07fe
ee88
d651
0721
09a4
cc91
f409
146e
0a88
0a76
f9a7
e453
cf4f
eb9b
1174
f7c3
0da4
1754
e6d8
f7e0
0f8e
e30e
0042
12d0
07f1
06a1
1524
148b
f008
0ae6
2459
1d02
f76c
f556
f0e6
ef92
f642
f5b7
fb7c
f724
d62a
2025
ee3e
09e4
2300
170f
032a
113e
fe47
0c93
ff86
0900
ff50
eb2e
fb61
062f
03e8
eb08
f194
0b58
1454
fd54
ee6a
f41a
f698
06cd
0aec
17aa
042c
ec86
105f
11ff
fcb5
de77
fe40
3069
f60a
efb2
d2fb
2bc5
eef4
0fa6
f3d1
1f4e
eaf0
08a8
eb69
f6ff
f149
fea6
fcab
f3b4
fe8c
0aa2
277f
0b10
1284
0acc
f6c7
f4a9
e5f3
0968
f565
1a52
f46e
f255
f060
f1c3
ee3c
048d
c9b3
ebfb
d7ff
03da
ed07
fade
fc6f
eaaf
f4d3
e55a
0ffd
1262
fb30
ef33
0700
dfd2
e9c2
08cf
00f5
e02d
d366
0525
104c
c6d3
f956
23d3
13b3
0a5a
f87d
e47b
d91e
f551
15b2
f679
1064
173a
ef62
ee5e
070d
ea56
0a54
143e
03c5
f7d7
0c83
14fc
e97c
0c99
2777
1702
f687
f12a
ec4d
f1c0
f8a4
eab4
fcd2
f555
de86
195b
e82d
16c3
24f3
18b2
0495
0dff
fa89
0328
fd9c
0449
0164
edad
0b29
0e80
0ca4
e6e0
f457
119d
026b
fb71
f98e
f0d4
f4a9
03ec
0dcc
1bdb
0358
f5ca
047a
123e
fab8
e4ee
fb92
21d5
fa20
edd7
e075
1edf
ed2a
0a54
ee2e
1374
e7ed
0bfa
ee77
ee87
e7b4
f58f
f12f
01ce
fe1b
0730
21fa
040a
15f3
06ba
f737
f143
e692
1b11
f89a
1030
fba9
f44d
f8b6
fd9b
f03a
fe29
bff7
ecdb
d56a
02fd
f91a
fc07
f5d3
ee77
eeae
e75b
0a77
0f1e
05ae
e850
0c73
dd6c
eed6
06d0
08dd
efd9
d208
0d99
0669
d1f7
f96c
1710
1477
0771
fd54
e445
d826
f2bc
1b1b
fb44
11d7
0bb8
f198
ea1f
1e29
f482
0b01
19cc
0600
fd07
12f4
14e5
e4b1
0891
1bd6
2094
f7ed
ed9c
e785
f120
fcfb
f136
fd05
fbdc
e6db
147b
ed77
0e1a
1a33
0efe
ff92
04b9
04bd
09f6
f5fd
f5ff
02cb
f252
084f
0c10
1334
e687
f691
0bba
05f5
07b6
fb7b
f3ec
f043
02af
032a
1bcf
fc31
022e
0579
0409
f7b3
f7c3
fed5
2814
fb64
fa2a
e39a
2be2
e4e9
0799
f3c6
1536
e909
0f0b
f090
f1eb
e987
ee83
f80a
ff41
f865
0e54
1f90
0c57
1110
ffb2
f761
fbf4
ea8b
25f9
f285
1636
f321
ef2c
ecfe
f71e
f243
04ca
ce92
f8ec
d8bf
fb85
fbf6
04fa
0299
f285
fac5
eee6
10ca
1bad
11bc
ef9f
00d3
e1bc
ed4a
0e91
f394
f3b1
c915
096a
17cb
dd7b
f70a
1251
19ab
08b4
fe92
ea30
d578
fe44
1b25
0369
10cf
1576
f896
e6b2
1fb2
fc2d
0bf2
2d29
0c44
fe70
1337
1782
ddb7
1055
20ac
1f4a
f55b
f4bf
e610
f1d6
f1f6
ee5a
f857
f887
de78
1b77
ee66
0d98
147b
0a4e
02f0
0cd9
fe2e
05da
fe67
f71d
ff87
f6a6
0fca
15e2
0608
e8ef
f6d9
094c
0017
0159
fa22
f189
f3a3
06a1
0a95
2acb
0213
ef30
0a9a
0591
fabe
e9be
f909
1bd0
f99c
f834
e550
20e0
dfb8
188f
dea4
199c
e9b9
0cb2
f91d
f490
dcdb
f274
f772
f89c
feda
0aa0
17f9
0a17
1237
032d
f8a8
f627
e3a6
1d4c
ffbb
1fe9
f80c
ed82
ecc0
fe3e
f46d
0694
d3c5
f258
d82b
fcc8
fa4a
f3c3
fcc6
f2b2
fa6c
f12f
0e76
1555
11e9
ebc9
0778
e7ed
eee2
0838
f5a6
f6c9
d7c7
146d
039e
ead3
fbfd
0ecd
1227
0aae
0905
e9ba
d7c4
fc78
1cd3
00e9
0e08
15c0
f509
e82f
1d66
fa71
025b
1893
0d3b
f078
0726
1757
e881
188c
22ba
1e74
f7ef
f4d7
e859
f09d
ef09
e287
fecf
f5ac
d851
13c2
e634
16d5
1cfc
12b5
06ed
11b5
f160
ff2d
fdc1
07b6
0955
f15a
0af1
181f
0930
f069
f186
113f
0ac8
f037
f5bf
ec7e
015c
ff45
0fab
13fe
1062
f138
0164
12e7
ed55
eee4
fdec
2352
f967
f4f1
f59f
2c58
d33f
0df2
e262
0fa8
f3b1
073f
0226
f7cd
dd14
f5c1
ff57
eeaa
08eb
fd76
135a
0985
0e16
0c96
01b5
ee72
e00d
1a1a
05bf
159d
fe62
f9c0
f79b
0621
f253
000b
d257
e92f
d680
045d
f340
ebee
f29e
f99b
f08f
ef29
04ab
0f8f
1530
ea4f
0b83
e84f
e635
0480
fd61
f849
e7a5
066d
fa7a
e802
fdec
0c40
13d8
0ce7
fad2
f1c4
d735
f918
167c
057a
0857
0df9
e9f7
f205
1016
f12d
0062
1808
1927
f12f
15db
0790
eae6
02ee
1f3a
29bd
fa68
ec57
e91c
0308
f5f0
f0b2
fcfa
02da
e8e6
26a7
e6d3
0d2e
11da
08f8
f862
0217
0c88
0975
f72f
fc6b
0618
f15a
02ac
059e
06b9
f4f2
f65c
092c
0273
f563
f604
e6b5
f390
0e28
02fd
1123
01d7
fc63
1087
0ad3
e884
e354
05be
1cc4
f74c
f522
e2d7
268e
e8fa
0aac
e819
1819
e9f9
0d71
f960
fbd9
ec4c
eb4c
0c03
eb08
fac2
0680
21da
1419
06ba
03e2
f4bd
f76e
ea72
21e9
fc22
1ef0
feb8
ee3a
ec9e
f3a9
ea8e
062e
c6f7
ee3e
d060
fa26
fa2b
ff3d
fe9a
f747
054a
eabf
157a
1a53
f6ee
ed6a
0815
e823
edae
0fc2
f91c
e607
db64
03c5
00fb
df2a
f3e9
0d19
184c
07f3
0ac8
ece5
d93d
fc82
0940
051e
0617
193a
eff0
e945
244a
f58c
0649
1b94
0bf6
ecf5
0500
0c61
e974
0783
1096
1f31
fe20
e93c
e3fb
f7be
f28c
e8c8
02a2
f984
e4e4
1d8c
df2a
1b1d
1d6a
0ba6
fd03
02c5
feed
041d
f8d3
059e
14d1
fa8e
08be
0f5f
fd59
ec1a
fdb2
186d
fc26
f667
f523
ec42
008e
fecc
085f
19cc
0a12
e9cc
0052
17ff
ed23
0772
0561
1da7
f919
e482
dbbe
1e5e
e3bc
06d8
ef45
1192
f235
09a1
f854
f7f1
e1af
f70a
0691
f2c4
076f
f432
0c87
0bc0
0d06
08c2
0a66
eb91
d60a
1b2e
0b35
0b30
0200
fa4c
f722
f513
ed13
ff35
d17a
e856
e09b
fe6f
ec37
decc
f152
ef81
f9a9
f1c4
006e
0c9f
0ac1
ec14
1402
ee14
e25d
11a4
0973
f570
ce4b
0270
fe64
d944
fa3d
0744
12e4
044c
0342
e6e4
bf4d
f398
05c6
03a0
1114
1577
ee45
ed68
1439
fa73
ffea
1a81
154a
ecfb
0575
094d
f674
04f1
17d8
1430
03ee
e936
ee7a
f7d7
f0bc
e2d2
fee2
f848
e53d
22fe
df30
14a2
1795
08d3
fde3
0440
fe21
091e
f9e8
0026
03ec
fac0
0533
02b5
0a53
fb8b
f71b
15a9
0178
f1ac
fc34
e48c
036e
049f
066d
0824
06d8
f8f8
097d
0b07
f00b
ec8b
0434
248e
f4ac
f516
efd8
3732
dc2e
0737
e4df
179d
f7e7
072a
f29d
0422
e657
f4c5
08fe
f7ec
024b
f464
17e9
0fc9
08be
0af1
fbd0
f6ef
e8a0
0e8a
19c6
0da7
072a
f882
f4aa
f5e7
f198
0082
c4ec
debd
d6f5
f714
e8e6
f375
fc08
ef8e
007d
e9a7
055b
0f14
0872
e987
0d52
e8c7
e543
096e
0916
e35d
e4c7
fba7
ffa8
d56b
f0a3
0e8e
1514
0c62
077e
e6b7
c3ad
f40b
07d6
014e
11e4
17e0
ec88
efd6
15dd
f389
010c
18b6
1845
e961
0685
0b67
e684
02df
20c8
1eea
fc55
e1f6
f4a9
f69d
f477
e276
fb46
f628
e58e
1fcf
da7b
09df
1517
04ec
fdc6
ffc8
083a
09b6
f684
ff16
ffdc
f88e
ff03
fd98
1248
f3cd
f969
0c18
05bb
f726
f8db
e3fc
fd10
1491
080c
0a18
fc9e
f450
15e4
00e1
eb6a
f48f
fbf6
19fe
f6f2
f0bd
eb47
2bb2
e963
0c74
f3fa
1911
fc1a
fd56
ef74
ff88
ec18
f122
081a
edc8
002f
fa67
1b07
135f
0daa
0c23
0268
f44d
e44c
0e44
11c2
0fc8
065e
f77d
f579
f9c7
eeda
fa2f
c561
e343
d10a
f45e
ec07
04fb
00e2
fcdc
ff52
eb64
0ba3
11c6
0181
ee5a
0d1c
e681
e509
12a6
0230
f0fd
e554
0060
039f
d92c
fba5
073c
1b3a
07c7
fd76
e904
c924
edb5
f5f3
0820
0597
11f1
e5ee
ef8e
1031
e7fe
fc87
13c7
1a03
ec17
0ed5
0a70
f360
0095
1f83
1bc0
fd6c
e5d0
ec8d
fbcb
f862
ddf0
0016
fa24
ed29
25b0
df9f
1571
120b
0cad
fbf2
fdc6
0e56
10aa
fa96
fdcd
0f4a
f4fb
f8a2
02dd
11fc
fc32
ff40
0680
0931
faab
fb67
ebc1
f937
0e74
0ced
0eb6
00d5
f83d
1279
fdaf
dfd8
e77b
0794
1cfe
f226
e668
e713
293d
e90c
0703
f280
105b
f4f2
07c8
e435
0171
ebb1
e8bb
119b
ef36
f60c
fde2
207b
1079
134f
05c6
f510
f12a
d7ad
00b9
0da1
0b84
fc7b
f0ae
f0db
feb5
ec4b
0588
b9ff
e10b
d548
f1ac
efc6
fdb4
091d
f6e9
0380
e511
0fc2
18a8
f70f
e802
fc93
dcd3
edb4
14ca
093e
df23
d863
fb81
0567
d34b
fc5f
157f
1d0b
1321
0767
e65a
d024
f2c5
fde1
053d
068e
fd07
e8f1
cf3d
fe90
0670
f251
0395
17b0
1a14
147b
fd52
0f66
0aa3
1879
fbc5
fcf8
ea9a
dea8
0bcb
094f
dd30
f845
0ab7
fe5b
0f26
0580
15a0
f349
1d44
f414
03e1
00e7
0aa9
21a3
f417
1010
f82e
f9cd
1a3f
2539
08c7
ef0c
e442
fe70
0d05
fb13
fe3f
d119
1fee
fdde
f00b
01a4
2671
0407
ddf8
f9f2
f0fa
3091
0d13
032f
d333
d68f
2651
fb03
ccfd
fc9f
0e2d
e2d8
032b
e7b3
e4eb
e01d
ee2d
0856
08fb
e79e
12d2
0e1d
0db0
f15c
0634
e88b
eaaf
ce65
2e73
ee5d
0d9a
d7b0
d428
ec22
002b
f78b
015f
009a
0216
fd60
f21a
07c3
1219
1a42
e57a
09ac
fc71
1b11
1cd3
024a
09e5
fd16
fc0b
fc4a
0451
f73c
fe42
ea86
0cb4
091e
0b66
d8a2
2355
0596
2b82
0bc6
f1c7
e088
06f0
fc46
14e5
07ac
0f38
02e4
bfd0
ff60
fd09
04c6
ef66
1887
19e6
0b6d
0258
06a2
11c9
1c15
fa84
fc9a
f5b5
d8d2
06a7
fb54
e89a
ff22
0181
f781
0c2b
038a
122b
ed45
15c4
f887
0c2b
0525
0b28
271e
fed9
0b61
f5d4
fb25
1b17
249a
012e
f7f3
eb66
f84c
04bc
0229
0075
dcea
161b
fe72
0399
02fc
168c
fac1
dacd
05fd
f772
3209
152d
fe51
da60
d6d3
25d8
f0d3
e621
0205
06ba
eb2f
0586
ed7f
f048
d963
011d
fdf7
014f
f222
0703
128d
09b3
f3f9
feed
e21c
e08c
d272
374a
f649
0b98
e670
db0c
ebe3
fa7a
0215
f978
f595
ff13
f82d
f930
ff89
0a04
0a76
ed49
fce5
0038
0ef3
0f7d
073e
1683
06d5
0314
fe01
fed5
09f6
01ec
e0ee
0c77
0b71
0050
da14
2189
fef4
1ec3
f5c5
ee1e
d590
0400
0912
1df5
0be3
194a
0c43
b527
fffd
f213
0b57
1191
10e6
165e
069d
0f3d
f939
28cd
1bc6
efe9
0053
fbac
d89f
0140
fb78
eca3
fe61
fb9c
f037
ffc1
067f
22d6
f918
2284
00a9
13eb
fb75
02d4
1de5
04b8
2e34
f9b0
05d8
24e3
20b6
ff95
f80e
efd2
fb57
06b5
f8d8
052c
eaac
0513
fddd
0b98
14ae
1192
fa4f
e50c
13a7
010c
315b
0c99
fd82
d99a
c681
fb75
ebb0
e3e2
0472
0595
f72d
07ad
fbb7
eda1
c7f5
2dd5
f8e0
fe6c
fa40
ffa3
0c10
f74c
f583
00d0
fa94
d39f
cb66
328d
f23a
00ab
e961
f8b4
f165
12a7
1003
f985
f1e7
051e
02e8
01dd
f3a2
167d
fb8a
ecd5
f8a2
00a9
06e9
0413
0d64
fb9a
0670
1fc1
fa8b
f186
10a9
017f
ccf4
0f41
05d5
0195
faec
18c9
fb1a
0699
f383
f158
dd01
fc0a
04bb
1607
0687
1192
0727
c455
0c05
f11e
fc18
0df8
1966
1ef4
0d71
0f4c
0d24
1006
1b21
efd3
f6f6
f93e
e311
01a4
02eb
f313
fe63
037a
fa4d
00af
0a24
1e4f
f6f0
1f15
f70d
03db
ffaa
0819
0df5
f5d4
2eea
f90d
04ea
1ce3
2a3d
03b4
f588
f644
f477
0384
f814
fe72
e8ee
013c
ffdc
0607
1523
1058
00dc
e7d6
0d9a
f79f
2fc7
0c55
fc3b
d227
d2b2
0936
f421
d8bb
f86e
0ede
ed29
0451
ecf8
e78a
d464
201e
008d
f5a4
f46c
0f56
0347
f981
edc8
ff9b
f03b
d8ca
d6d1
38ef
efd2
03de
ee23
f245
f14b
07d0
1231
0159
e21e
0b16
f231
ffb0
fcdd
1607
faf2
eb21
fc4d
fe46
09c8
1168
0510
03b6
fa94
0e50
fbab
f716
ff58
fbb4
cfac
0ec6
ff66
1086
f85b
1d3c
fbab
1320
04b1
f20b
ddbf
f862
fa75
0ece
01be
0b65
fe63
d2ba
fdb5
ee00
fb4d
0f62
1515
1925
1395
0913
191a
087f
1058
ed28
f472
f72c
e632
0755
038f
f2cc
fa4d
015c
f907
003a
05cf
233e
fad0
28b6
fdc9
0f4f
0188
014f
1520
ecf1
2bd5
f4de
fe54
0550
281c
ff1d
f232
f55b
f605
03ca
f70b
f880
e3f4
fc11
f9a5
073c
166b
1437
0429
f284
0e15
ecdf
2939
0e31
fa81
c812
d2cf
08de
fb2e
dac5
0655
17ea
f598
0fdf
e22a
dd28
e154
20ed
fa1b
faea
f135
0a3b
0e89
fa92
f281
01e6
e892
e103
d8d1
280d
f702
0bb7
dc4f
ed9d
f4ff
0732
1046
008c
d8f7
0a78
e975
fffd
ffce
1d19
f500
f022
e3c3
f40d
153f
11b6
fe43
0311
f6bd
fc1e
fc57
f63d
06d0
f056
d957
01b6
ff64
f62f
f051
22e5
efca
160f
08ad
f918
e14a
fd63
ff4a
0ae9
0136
fe7c
fe98
d124
f5cd
f4d4
f08f
0ad9
1397
235b
0f2f
057a
237a
0edb
0cc6
def4
f8b3
fa08
e116
0189
fcd6
f523
ecf5
ff9f
ff98
00c5
f948
2279
ff9f
23b9
04ce
11cf
f976
0432
15e7
fdee
2657
f076
fe8b
f99e
2778
f848
f478
ef4d
f459
fb67
02fc
f9f4
ddd8
066d
0827
03aa
0e41
1d79
0641
ef44
0996
0512
1e94
1024
f41a
dec5
da44
193f
f771
d82d
106a
1240
f3f0
1373
eb04
eaec
e798
2487
f6a9
10f0
f92a
07ed
01d3
f895
fd15
0197
f436
e65b
d34d
3744
fa0c
0bfb
dfd5
f47f
f1a9
02f2
14e6
fcab
f394
07fa
e5af
f939
ff93
1f1f
0590
e82b
faff
fbb9
0a07
0b9b
1da2
0fa3
ed28
0193
f7a5
f988
f7be
fddb
d343
0a78
ffa9
0627
fa2a
1b1f
eb4d
129a
00b4
fe05
e366
08a6
08ad
0d66
0698
005a
07d3
d0e2
ece9
052f
f00e
fd01
06a3
1c52
0a6a
fe98
0fbd
191f
f6fa
d45e
0064
0a8d
c26d
f91a
f8b4
f009
f0c5
fb93
0ac0
fb51
ed96
33d1
0b77
312a
0a38
152b
f709
feff
1857
0754
26c8
f3ba
0855
0659
153e
f629
e687
fa96
e130
f53c
ff23
004c
e705
fc68
146c
01eb
07fa
120f
0803
f7a4
1529
01df
2234
0bf0
f39e
dd53
dc17
149a
ea01
d0ea
0e74
fd82
d6fb
0d3f
efc0
e2ed
dd3c
17f6
ed8e
1b68
fae9
00fc
0552
e398
08b7
0ce0
f67f
d367
cd02
44e4
f812
f78d
e91a
f32d
07ef
060d
1904
f6c7
f756
08d6
ef2f
007e
f398
0fa3
0c5a
f5b8
f666
fe94
0113
0f12
1444
fb81
f928
0f4f
f18b
05e9
07bd
0748
da8b
146b
f1b1
0605
d638
19c8
eb2a
0b93
0495
faf6
d559
0563
0d0f
0e19
0fa8
0db8
f6a0
e1fc
df65
f142
e40c
e919
0c31
1cf0
1394
fbfc
14be
16f9
03f8
cd48
ee14
079f
e386
f50a
f542
edeb
efe1
f229
05fe
fbfc
fb27
3851
1034
3271
0269
18a1
f53f
efa3
0cbd
054c
2a77
ed63
094c
0cb0
1ada
0092
ee31
f719
f0b4
010c
fc70
fd07
d90b
eaf0
1454
fda0
1710
1ccf
07e0
fa33
1225
ebd0
1b78
0d0d
e245
d8ec
dd1c
1598
0416
c380
1051
04b2
d10c
10c3
e84c
d91c
db5d
2309
f29a
1865
fb7c
ff6e
12f1
d4e5
0264
0d33
fb67
e26f
d232
25ab
f909
fa04
f184
fe83
0111
07c7
218e
fbb7
ebee
079a
f686
0302
f72d
19c0
18c3
f0d3
e9fb
f2a5
0242
2161
ff53
ee49
efac
0acf
f079
f394
0add
004a
d41d
fa3b
fbc2
086c
f615
1464
e5d8
153d
fc81
f664
e5cc
0283
11ec
121b
0dd0
fd7f
fcbf
d980
ed3a
efe8
e2a0
09c1
097d
1c1d
1272
02c7
08e0
0c54
09b4
ce05
fdaf
0926
db03
f7b4
f4f2
f9d8
fc57
f3cf
facc
f3cd
f77c
33f7
0e72
2acb
0666
117a
effa
fc6f
0d75
fb1c
3948
f366
100f
1afa
1ef7
0183
f565
f9cf
eb73
04d6
f924
ffc7
e2aa
f17b
06e5
01b8
1f2c
16ec
ec1e
fbc7
0fba
04a9
0f6a
04e9
dec0
c351
cf60
1c39
fb2a
d67d
0fcc
f8a2
f91b
181e
e7ff
da3a
e0cc
35aa
fe03
0980
05ac
0384
0896
d5ef
022c
04c7
fee8
dee1
c5db
2613
fe5b
f529
fb75
03df
eea8
185c
22bc
018e
f442
0445
03f7
f55a
0071
12f4
fff3
f2d8
fcf7
eefb
01a8
13c5
0275
ed2a
e40a
02c5
eeeb
faf4
0a81
ff08
cc33
13ca
f58c
09c2
030e
054b
eeb0
0fc5
021f
f4a8
e138
fe4d
ffb9
0dcb
018f
0042
0317
d1c1
e9ad
e40b
eff4
2bf8
0187
23ff
0cc8
0ad4
0b39
12b3
017b
d34b
04df
071f
c65c
f996
fda9
ef32
02c2
f871
f5c1
f77a
f52e
2854
0c17
2d6f
081d
1106
f264
fa19
0f8b
f92e
37ce
f1fe
1109
1b13
23ef
ff84
f295
ff7d
ead4
0351
f44d
ffd4
dfc9
fd03
07e3
060c
1be2
16cf
f9cf
fcc2
0992
fae2
1100
0e79
da98
cb18
c3e6
1267
f917
de3b
0667
0013
008b
14da
e35c
e821
e40e
2fd8
fc60
0b22
fd28
09f9
196c
e0a6
001f
0352
0083
e700
c476
2594
f846
ed34
efed
058b
f07b
10b8
1a4f
06ce
e429
0b74
0268
f15d
f18a
0b4e
04dc
ee7c
fd26
f02a
05b9
0738
020f
f2db
dfc0
003e
ebf1
f7fd
00c0
f4c3
bc7f
0ee8
e881
15ca
050d
11dc
ebd6
0fff
0201
edb3
dd8a
f956
ffe8
124a
fc29
054c
01c3
d0e4
f68f
f34c
f7cb
2933
0587
2347
0eba
0f2c
0e8f
0be3
08b3
d7d8
033d
0c2b
cd57
f864
f4b4
ec5b
fce5
f6a9
f685
f1f4
fa74
2cb2
1e0a
284b
0a37
17b1
fb72
fab0
115a
f92c
2ea9
f910
0dad
1247
1d28
ff51
ec00
09aa
df6d
03c3
f834
fae2
e896
f672
0ea1
06c8
1640
1df1
fe4b
febe
0cc3
0882
1159
1439
dfcc
cd20
b94e
1630
fb05
deb3
07a2
f5ff
f3bf
14b6
eb2d
e719
e4f3
1c67
fb20
16f8
f9fe
0676
0cf3
dc36
0c44
06c4
0096
e4e8
d08d
3258
f887
fde8
e924
f96c
fe86
15f9
0f56
03f4
ee0e
028e
fbf9
f123
f635
095c
ff51
f24b
feb2
f3e0
07f8
0e6b
024a
edbc
e6f8
057b
ecf3
ecd4
025b
f94c
c0ce
1547
f4d4
08ab
056b
1d7f
f2b7
0e00
f4c3
ef70
e1f9
fcac
0509
100a
0602
0014
f4b7
cf01
df90
f441
01b9
194c
0487
0dd1
0ee9
07cb
075f
11ee
0e77
e125
0363
0ba9
bc4e
f16c
f3a4
ed55
fcb9
f048
fe45
e40a
f1ab
3862
2109
2ef6
0b09
19a1
f46c
f70e
0d28
f508
2a49
f52e
122c
1d6b
254d
050d
f39d
10a2
f0ce
09e6
0278
f999
e861
f89d
0ec3
0a49
15ea
116f
fd91
fe6d
0725
fd59
095f
0b48
e1f5
d0a8
cd98
1a0a
f13f
d1d6
046a
f815
f09d
0a4f
e299
dd72
dd6a
05cb
f6ad
1b8f
fab9
0808
1877
e1db
01f7
082d
fe5b
dc3d
c45c
4032
0960
040b
e608
f907
fc67
0a08
1268
fb5b
dd0f
0054
e4d0
f364
01f1
034a
f706
f2a5
fb84
e7fa
0881
1610
fbdf
f3ab
f74e
f0bb
efd4
fe76
fe07
f967
c97a
1859
ec39
1891
ef97
097d
ff5c
0fb1
f3bc
e012
df15
06ad
0716
1200
0866
fa2f
fefa
d15b
f836
f555
f1a2
1d2d
0773
1566
112e
01a1
11ec
0ae5
0fb1
ee4e
fc4a
0ab8
cb2f
fbca
f591
f11e
ff05
006f
03f1
dcd4
fd18
2eb0
1cd2
1ee5
0967
0861
fdd9
fce5
fe32
ef15
2e2f
ff91
1b13
1141
2ab2
08e4
f235
0e34
f513
032b
091c
f2c7
e473
f839
05d5
0ef1
1260
21f1
f3be
ec26
09e5
02c5
045a
1a5f
e428
e264
d717
2b01
f327
df3e
02db
f378
ed2d
1771
e5c9
e229
e83c
0176
fb91
10f4
fd52
070b
0eda
e541
0298
049c
f52f
f6ce
e3b3
2f54
0598
09c0
e6c2
f2bb
f741
fec6
1356
0342
da5b
0544
e3e7
f1d6
0544
113d
0596
f033
0b31
f2c8
0502
1fb7
fd9d
fbf6
f0dd
f2f3
f0ec
faeb
f88f
0452
d64e
17df
fd5b
0264
f1bd
1d61
0410
0cc1
fb8d
eddf
ddc9
072c
0430
1b36
01bc
ff74
fbb3
bc60
e428
f257
ed81
2603
0e5f
101c
0f80
00f4
12de
072c
0076
fcee
fda0
03b8
b567
fe22
f54f
ed0d
f613
0255
0b9f
fb24
fc8f
33a7
0ebb
1822
0a13
15ee
fbf2
07b9
071d
ed16
264a
ff3a
1e02
111d
2e6f
01c0
f2bf
05aa
f1d2
0033
08f7
f75b
e9b2
f6aa
06e8
0ab8
1800
242a
079d
ea7e
0491
f893
08bb
0ac7
df16
e138
ece4
1680
e585
cc83
f69f
fb9a
dbd0
1111
eab4
e591
c482
fd0b
fca6
0da1
fcfd
05f0
0cd8
eb8c
f993
02cc
f142
e8f1
c850
2582
042e
0e38
ece3
fc7d
f315
0d6c
18e8
04e9
d9e4
038c
dce0
f2a6
0341
3086
0d54
f809
108c
f47f
0ac9
1ee4
fc96
f16f
e2e5
f61b
f382
f6a9
f2da
f3e8
cea7
f9ce
f5ba
112e
f6fc
19b8
0622
11e0
0537
edae
ed14
083b
f8b3
1d22
0061
0163
016d
bfd9
f52d
f872
ec69
0021
01de
0f2a
0edd
ff90
14a4
1183
f3fe
00b5
fc4b
fed8
bc4a
fb2a
f66d
de33
fabd
fd64
0f71
f582
00fb
3c59
15ce
1413
0063
1bc6
f439
fc38
124f
f9d2
3043
fc39
1f62
0b4c
340f
05fe
ef58
140f
f467
fb32
0981
f655
f189
e9b2
08ae
0773
2192
18f0
fdb8
faa2
04ab
f137
159c
15e5
e82f
e963
e7c8
2088
d924
c758
047e
ec05
d4c9
0f75
ef95
ebfc
c725
ffbd
f25f
05d7
035d
ff1a
14bf
e127
fcb2
08ff
ee98
e036
d12f
2e2a
03fe
00c0
efed
02c3
f8d7
17b3
2070
0440
d492
05a3
e4d4
f40c
03c0
21c6
ff24
f69e
03ac
f4d9
000e
243d
f505
e6e4
efa3
fee0
efbf
f245
082d
ee7a
d1f8
edba
e7a1
061e
f216
158c
09df
130d
fb5e
e3c8
ed06
094e
00d2
1a51
fdc7
f147
fe89
c5a8
0288
ec68
f09b
0ad8
0da8
1058
0edf
ff02
13a1
0725
ffd6
f6a0
087d
f4b2
a950
0849
fd3f
ed41
0006
06c3
1c01
f8e7
fbed
3cd7
10ea
1c65
fd6b
0456
039c
0042
028f
f7c0
2ce3
fb7a
2011
0497
27dc
0194
e993
0658
ff4e
f60e
0959
f4bc
f480
ed31
0829
fb3e
23ca
1e20
f8bc
f888
f26e
0061
196d
1084
e5cb
ddce
cead
1bbb
d7a7
c72d
0a00
fbc8
df0f
0ee6
f1c7
f053
cef3
f31f
fd5a
018a
f7d2
f977
1073
e001
fdbb
0934
eb5f
f15d
d731
3483
09c8
0785
f4a3
efdb
f348
07e2
1c9e
fe9c
d8be
fb06
ea67
f375
0614
21d2
01fa
fc16
0dc7
ea7e
0f37
223f
ea66
ee5a
ef9d
ebe3
f1be
ff87
07ad
e819
b8dd
fa22
f3ca
f687
e765
20d7
06d3
12b8
012d
e08f
de49
0c4c
f37c
1ece
f435
f534
0808
c980
084f
f1fc
e2cf
1c5f
0998
0ab7
056e
01be
0ba5
0db9
0021
f4b1
0c0a
ec3a
c394
fab4
f2a8
e5aa
fb28
fefa
119e
f207
e4e5
34c1
13ce
166f
001a
06fd
f669
ff0d
0027
faa4
3210
ff73
1e8b
1a96
241d
07f1
f38e
13e1
ff75
f662
fd73
f293
f587
eeb1
0bed
f8b2
2558
1379
f960
04f2
f463
154c
2237
1a58
e963
da3b
bcf8
1d01
e22f
c988
0939
07b2
f499
0615
eed1
f50f
d076
f84d
06b5
07ca
0396
ea41
0a1e
e7af
f557
10a7
040d
eea5
d94e
3483
1931
055d
f53b
f854
fb97
0d2e
1c5a
f613
e720
f83e
f720
eb46
f145
1242
06a0
f162
0c07
fe01
054a
1e0d
f3ea
f0ad
faa1
fb36
dcc0
fbd6
0986
f527
bd35
0026
ea81
f650
fd44
146e
0449
12d3
01a7
e0e8
c58b
f4fc
f302
1730
fe09
f2e4
ffe8
cc45
fca6
f4ed
e05a
1108
0ca5
0b17
0cb7
f842
1f4d
0bda
fd51
f47a
0962
e481
c31a
ff07
f786
e948
f6d6
01e8
08f1
f846
e5d8
2f0b
0a3b
13c6
f9c8
0696
f8b9
05fc
016a
f7d6
1f03
fd69
1469
0039
3903
0f85
f351
0744
0b80
fcdf
0749
e917
ecd2
f4a2
04c6
e6b0
195f
2abc
0885
ef16
f38a
04ad
1ed4
2461
e0f7
da42
de9c
2db7
edf0
c60e
0026
0121
f539
07f1
e4a0
fd83
dd0f
f32f
093c
082a
fbbb
f58e
0490
f8b8
f364
0a5e
f099
f65e
ead7
11dd
1a16
ffde
f7da
f22f
f308
fe73
1922
035f
f3d2
f980
fa9b
e55d
f8f3
29e2
1a59
f22a
1074
f325
0a9c
2034
f744
fa2c
ec0c
fb77
e556
015b
0603
e669
ddfc
f30a
f251
fc77
f258
18e7
06fa
16af
0849
e671
d05c
ff27
ea0b
1a47
f889
f923
f70a
c51c
fe00
df49
eb4a
09cb
0bfc
0897
0efc
f9d3
17fc
0c52
0260
f3fb
0813
eaff
b1b0
fe96
fc29
e52c
0669
fcc2
0c11
ee67
e5c9
3a7d
1083
16e9
0357
0a7f
ff02
fe52
08d8
fdf5
2de9
f9a6
16c8
05b5
3c8e
073d
f6ae
0f51
fc49
f6ec
02ac
efe7
ee82
f489
1c41
f9f1
1c4c
231f
e70b
f04a
eeda
1410
0f78
17f4
e0ed
d0cb
e26a
21d0
dc1f
c62b
090c
e8f5
ff6a
0878
d759
fa5f
d5b6
ecb5
fed9
0ede
01c0
efc2
16b0
e964
fb5c
0b27
f644
e3dc
d16d
164d
1c6a
e40b
f4a2
f2fb
f462
15df
1e65
fcf2
d14e
02d8
008e
ebc4
f648
2f61
0ea5
fd1b
0a70
f182
0bbb
1331
ebdb
ef66
fbf9
f391
e620
f1b9
0e0e
fa60
d5e9
ee6b
f089
ef11
f680
2007
0725
13ab
fa6f
dd8c
cf23
f5de
e871
1c94
f5d2
05cd
f01f
ce29
0dff
d8d8
f3c3
0e47
0f92
07d7
0ce7
fd5d
18ce
0a0c
1225
f298
052f
f2b1
d2e6
00b8
fa7e
ddac
05bc
fb05
0762
ef57
eec1
2dd4
11e1
15ba
0097
019c
0334
fcb7
097f
02d3
292c
f84d
0f64
0c54
34e5
0e37
fdea
15ef
02e6
fd01
fae7
ee87
ea5c
f422
1440
faa5
1b5f
15ae
f28f
f157
e654
0936
1895
1466
e266
d457
ee55
21a7
e4c6
cc21
0653
f063
f6de
0f24
d634
0004
d660
f1c7
069f
0fdb
f9ae
eb93
1d72
eef7
f802
07f6
f094
ed94
d0b6
0e38
171e
f612
f2fd
f188
eded
158d
19c9
00c3
c51b
03f3
f39f
ed35
f163
141f
057b
f49b
0ecd
ed51
1314
1aaa
e805
f6f6
eb9c
f209
ef4d
02e6
0bda
f361
db97
eed6
eda8
fe64
fc1f
20a2
044e
1ae8
fd2f
e1fe
d12a
fcf8
f34d
1f22
fa08
06cf
02d7
e412
20fd
24b8
1280
2a1f
2cae
0aaf
fc38
069c
0bd9
00dc
256a
09bd
feae
e2a9
f2d5
0c42
fabf
e402
0363
0738
e36f
2087
0593
efd0
fa87
034e
e7d8
0ff9
fd9e
1a4a
1ff0
fee4
05df
f8e7
f6c7
2f8c
d694
0665
f042
ef74
ef7f
025c
e82b
faa2
081d
ff5d
fe30
00cc
07c4
fb29
04f7
dc45
f43e
fb8d
2287
0793
1d38
efe8
c3b4
0892
f7e6
e517
f19d
182c
ebcb
1133
12ad
db85
dcdd
fb03
0516
0310
e6d0
15e8
fe6a
1013
01f2
ffe5
f76d
e57d
e86a
1975
ec26
15f8
f7b6
ec5f
e66a
1127
e9eb
f584
1887
f2de
f8be
0284
f7fd
e0f0
fb20
f296
01b0
fa2b
17ec
2037
202b
1c4d
fde3
0e24
06ce
0f3d
0773
0328
fa61
3094
0758
f973
d6b8
14f8
1933
0985
01ca
fad7
f12c
f74b
093d
0c2e
0df8
037e
1aab
e185
1781
153a
0f55
102b
2910
0486
14b4
05a1
0cb4
fd66
284d
1248
ff85
e8fa
e518
022f
fd33
f03e
fba6
0791
e879
196d
0d71
f668
f422
0062
e69c
1156
00af
1bfa
188a
f9fc
faec
fc10
edbd
19ef
e80a
0e9a
f168
ecb8
f89e
06d4
f70f
f89a
f79a
06c1
f901
fd87
00dc
0a8d
0c74
d7ff
ee24
0280
1e8b
2149
0e68
08d5
c298
1352
f88e
f8a1
f2d7
231b
f3db
138f
0c1e
e6d3
de42
053d
0688
0226
d989
1c64
19d5
0323
fea7
f92f
f751
e18b
f622
fe75
e83e
0b88
f74d
da94
e743
f952
e2de
f9f7
fcb3
f359
ed7b
ff8d
059d
fac6
f643
edda
0239
ff3e
1476
1a8f
09da
1e84
0372
02fa
075c
0e31
075e
0b87
faf4
1eee
1551
e0dd
e0fb
3408
111c
14de
fa76
ff24
f0c4
fbd9
f980
1e09
0d31
1203
170c
e2b3
08a9
1047
073b
116f
2398
00b6
1768
0625
1028
fbfd
28d3
1da6
033f
f6b3
e001
0021
0008
f408
fa87
fe1c
eef4
12f9
113d
fc27
eb92
0353
ec65
0652
0463
1b37
00d9
0124
f56c
fb06
edf3
1cc7
edc3
0ae6
f942
e556
fd1c
0b59
ea7a
0694
f7f5
07d8
0015
f333
03cb
0d38
0e77
dc17
ea52
0279
20ec
1935
0c0a
fe00
c99b
123e
ece2
f7db
ea20
1fab
f947
0eee
0c17
f052
cc3e
27b4
07f7
002f
de6b
1d49
1239
02e1
fa20
f669
f66c
db49
ed1b
fd5b
ea0f
038d
f995
ea03
e964
09ea
e417
fda0
f971
f42b
e912
0063
0563
f94b
e3a9
ee76
1ace
000f
1639
1a34
10b1
12a5
fa54
0d58
09f1
0137
0177
0136
e965
18ed
1388
ed67
facc
3ee4
13ba
0ebb
ef51
fbce
f575
f38a
fbe4
0fab
03d1
0d8b
1298
df0a
1810
0ba8
027d
0aaf
2989
0d60
1494
0639
1379
edec
231c
176c
f8d6
f638
e84d
fa39
0034
f4e6
01d5
f197
f246
1148
093c
032a
fdbd
0e50
f175
0034
fec3
168d
fe3f
f881
fba4
033a
efad
0e1e
f3b0
0816
f629
f7e8
fa37
0264
ed52
028b
f89e
0234
0156
ed13
05aa
0792
0d54
e6cd
eb9c
fea1
1f6a
1f70
1003
f8a7
ca53
19cb
e404
f754
ecd7
167d
fba3
0563
00bd
eec7
e35f
166b
01bc
f569
e524
1d18
170c
fee3
f74c
feda
fa1c
e3c8
f2f0
0632
f0e9
07a4
fd76
e298
ed87
09a3
d8ae
fb90
e4a8
f9cc
d440
fd63
08f5
f1cd
e657
ed04
0ecd
fa36
1736
1b6c
f0cc
0f5b
01c8
1147
074c
04eb
04e3
012c
dca2
1015
0a4f
d1f0
fdb2
3b6f
2320
08a3
f3ba
f7d3
e803
f560
fd12
0a87
05e1
1028
0d41
e2e5
1bce
1384
fe8b
1a87
20b6
146d
1bad
0625
1619
f6e1
169a
1266
0208
fa8e
f320
0594
0603
f59a
00b1
fa2c
f1e0
0cc8
10a7
ff58
f8dd
0d59
f41c
0a6c
ff22
1b81
04b5
f31e
08d0
f59d
f03b
0bb4
f968
fc89
f4c8
f615
dd57
05a9
ef2b
0212
ffb6
fa71
013d
eeb5
0566
08ac
062b
eacb
f5e6
ebbb
1eaf
061f
0f2e
f230
d09a
0c9c
ee99
fe42
f2ef
12e0
fcaa
1aa7
ffac
e818
d125
24d8
f504
039c
eaa2
1724
162d
efb1
00a6
fc21
eeb5
dbfa
eb40
1934
ed30
0fb6
f460
e094
f0b5
0f62
e217
fd68
f1ba
fc96
dc42
0678
0c67
fc9b
daf4
eedb
0508
f9ef
1345
12f8
11c6
0f0e
0159
0417
0c8d
fd00
fd3a
f823
d071
0597
09b1
d6ab
ebc8
2470
133d
0713
014b
f872
ef8a
f5cf
fde1
0c85
fe7f
05a9
154d
e7f8
1606
1e1c
f20f
0a52
1e9f
1a6a
1287
03d3
1aab
f3be
1b05
075a
fe8e
f953
e8e5
062c
05e4
faa1
f8ab
0304
f752
104c
092d
f8cc
eeea
0cc9
fb47
083f
01fd
1f10
08e5
012d
0251
f796
e69e
fd07
faa0
015c
f3e3
e92f
f945
0b3c
f0ce
fd15
e997
0db1
050c
e25a
f3e3
15c7
110d
ee48
f46b
ff1b
1125
3622
004b
edec
ce1d
1792
f5e3
0226
f1ad
1af7
f6af
1dbf
08c3
f0e4
d579
0fc3
fe5c
0537
e79a
13ce
0552
01cb
08dc
fda8
f0f4
da6c
eead
fe61
f1e0
1b97
f272
df8d
f3ee
e1ab
dfb5
fd6b
0799
f4ab
e663
018e
1013
f90d
f33a
ea9d
1b9a
f878
0fa6
13d9
1e9a
1f38
fcdb
0b9b
0d14
0577
eb18
0339
cfd1
1c2e
103f
f688
e863
38fc
16c9
faae
ffb3
057b
ed36
001f
0090
098d
fea9
03c1
1e09
ea42
0424
2591
eb21
0370
16da
0adb
0f82
ff83
0f8b
0c6d
f4bd
f284
00aa
052e
faf7
fdf3
01ba
f4fe
fc67
fcc4
03d1
06ff
fd7d
fe80
f41f
1121
0444
10ff
fc9e
1e55
0068
0512
fff7
fe14
f9b5
0b8e
ed95
f878
e902
ef85
f527
03a5
e660
fe17
f2dd
f180
106f
e653
fac6
0c9f
20a5
f091
0598
e346
09ea
1031
0007
ebfc
e064
0deb
fe95
f41a
f776
21c2
e2e2
1133
0ad3
f0d6
cff2
1463
0079
04be
e5ec
0fc0
0ad9
e487
156f
0022
f94b
dd5e
f423
209c
eb29
1899
f872
ed0f
037c
03b8
ec63
fe0e
11d5
f9b1
e3ec
0724
054f
f054
0085
eaa5
1226
f4c1
0aeb
1209
1eee
fba1
00ad
1263
099a
146a
fb39
0202
e8e0
25e6
fd6e
0071
e237
0e95
1531
0184
0a14
fe81
e6fb
044f
0237
01de
ffcd
08c2
0a45
f2e6
f089
1945
ecf7
f571
1ed1
0f89
1123
fc7d
1a73
11e5
00ed
ef1b
f5a7
fe64
09db
f6ca
00a2
ef35
f909
f58a
076e
09fb
0057
fd13
f31c
12b3
fe16
0ec5
0347
15e6
fc89
045a
f136
fe58
f7c0
168b
ef90
ff54
eb8d
e787
fc40
0a4f
f0d3
fb89
f29d
f447
1681
ee91
0007
0b9a
23f2
f4ca
fd8a
dcf5
09af
1410
f664
e7c3
d595
05f0
0216
ec8c
e61f
198b
d536
167f
04eb
eeba
ceeb
1525
fe39
1183
e78b
0db6
12cf
e641
0c0e
06c6
ffd2
e82f
e45e
021a
e7de
17bb
ff98
f4e5
ffdc
0678
f25c
f7d7
0649
f7c9
f4db
0399
03f4
ee1d
07ee
e4c5
0d95
ee58
0a34
2116
090d
f593
0353
112b
0559
0fda
0203
ff37
d69b
0cc7
fbdf
0b21
e979
1ac2
1942
0ba5
fb3e
fd89
e59b
f97a
058e
0deb
080c
0884
0fa6
fb8d
f24a
1720
f0e2
1ba7
1fab
14a8
15bb
0c90
0e02
0f25
09d8
eed7
01ce
f13d
04ae
f80d
ff7b
edba
fe7e
ec35
ff8f
1e1b
02b3
f8b7
f09c
100b
03c2
0b1f
f9d2
1d12
06ea
f99f
f11c
f78a
fcb7
1685
f5fc
0018
eb37
e162
f63d
09f8
ea37
ff77
f2c1
f8cb
133b
f18a
06ad
0bfe
1920
e880
f88d
e33e
011d
2b92
fa87
d735
c023
101c
fe8a
f1bf
e926
1e3e
e3e0
1bc3
02bb
faf1
de5d
38d6
ff9c
01d9
e110
1882
11c0
f119
0b1b
febe
020a
f861
f3da
04a8
e73a
1787
0015
f0cf
ecc1
fedd
f6c1
fd00
109b
0313
f7c1
f55d
056a
f6d7
ef1c
e75b
17d7
f4a7
12ef
192d
0fa2
01e2
fa67
10ac
03a7
06a7
fd4b
f6f7
cab9
1825
f726
fc2e
f3cd
1437
1bf9
0537
f2fe
0215
f038
faae
010a
1029
03d1
06c7
09e0
eafb
f911
fda3
ebef
338b
185c
14a8
15c1
120f
08bd
04b0
0a16
ee17
f838
f12d
f08d
feab
ffc0
ed37
fa6d
f951
e5ae
194d
fdfb
ffe0
f9a8
1018
f1d3
0f4f
ff3e
134c
08e0
f937
0174
fa03
0360
11a3
0f4e
081e
f573
e330
ff4d
0689
e910
fa14
ed28
f36f
1872
ea35
13f2
1732
16e9
ecc3
f020
d91d
0e7a
3ed0
ef6b
e27d
bf94
1f90
03c0
f64c
e7fe
22e5
fac2
1974
fddf
fed9
dde2
30fc
fd98
049b
e843
1470
203d
f041
0668
fb4e
0509
f0b9
e9cc
fc2e
e721
10c8
fbcc
fdaf
e5f1
0054
f559
ff52
f51c
f882
0164
ee4d
044d
fdb8
f0ab
edb5
161c
0492
15f9
1382
0086
06e9
f702
1156
0098
0603
04dd
f5dc
d3c7
0840
0c75
ef2a
fcc7
2bb7
0c17
02b4
fbfe
ed92
ecc3
f9c7
0828
117a
00a3
fbe7
15a8
ea52
017f
0441
fdf9
38e3
1c0a
1ab8
13a3
13e0
056e
05e6
0e3f
f6b7
0034
f3c5
f719
fa57
0075
e6eb
00f0
f57b
e518
0e50
fce9
f8c3
005f
0876
fa90
0619
fd0d
143e
0a70
ff6b
f4d1
01cc
f945
0e3e
fafe
0418
f589
f26e
f55a
0a42
ea5b
ff09
f083
fe5c
1072
03bf
09be
08e5
148c
f1ec
fd82
ea8d
038f
497b
f9b8
e170
abf7
2344
043b
05d1
e7d9
25ad
f352
16f4
fd0b
0cc4
dd96
0d58
ff08
0d9f
e7b8
11b0
1aaf
045d
0d08
fe51
09db
e7d5
ec5e
fdb3
efbe
252b
fa07
f1a9
e76d
fc05
e64e
f880
fa58
f28a
f838
ef81
0b6d
e578
f260
ef17
20da
ffec
0e09
1c41
ffe8
1012
060f
08cb
f7c6
0840
0006
f2b8
e9c0
1267
05c9
f575
0178
388f
200f
0208
ee84
f05c
e5af
f762
0065
12f0
106f
f90c
178e
dc9d
ef09
0ddf
fa2d
2e6f
29d3
06b1
11fa
11c2
028d
f7c6
1ba8
030c
fef0
ed73
d62d
006e
0268
e2ce
fc9e
f5e4
f207
1397
fa51
f901
fb08
09e1
f0f4
0a58
07da
10b8
0965
fd4e
ecc3
001a
fa15
1d36
fabb
0970
f4a7
ed4d
fc78
0751
f934
f526
e91d
008e
0c84
f621
0607
08ac
1aa3
eb32
e965
e6b8
ff9f
2968
fcdb
e0d4
cdc6
20f7
fee6
f929
e3e5
2dde
f064
1776
f7eb
012b
d090
f6a4
feb5
0fbb
e580
19e3
1886
fef5
0066
f8ad
f95e
e51e
ef52
114c
f97b
28ea
f2d0
de87
ea29
f086
d6af
fdb5
f65b
ea7f
d9c9
ea90
13c4
e714
f694
eb82
1a1d
0027
0f3f
2640
0f1b
212f
0b6d
fe2b
fc9e
0cad
f9eb
f46e
e8e8
1a43
09da
ffab
e672
15e5
255d
05e5
f9ea
f35c
ec0b
0270
ff7a
14c3
10e8
0aae
1440
e529
fa63
0306
f498
3a26
26af
0acd
1279
12b9
0eeb
03bb
1da8
08d2
09a3
f8d0
e30e
f7cd
fc9a
e4af
0018
f0c6
edbe
0d27
f3b3
056f
fc81
04fb
fd8e
05af
038a
069b
07f9
f06a
ee2c
06b3
faae
161f
f9b4
01a5
f6bc
ee40
059f
0a46
fa6b
faa4
f98b
eeb6
0f7d
fd08
0a6e
104e
0c2a
e37d
f39a
eb20
ff90
4b6f
01a8
f749
cd7f
2fa9
fd09
fd25
e837
1bae
f555
162c
fec0
ff36
dd48
ec76
f076
14a2
ef58
0b26
12b8
f68c
08d6
0609
0057
f766
f9a3
ff31
fad0
216f
f3b2
ed50
ec75
e461
dfc6
f78f
eff3
f14b
dbc1
f0e8
0ec0
e711
00b1
ed06
1b60
13da
0a33
258a
0cfe
0d0d
fe55
0556
fb87
feba
fe99
f9fe
f794
12d4
0700
e76f
f482
199e
20f4
038c
e95b
fb16
ebc6
ffb2
046b
1843
0f22
06d5
102e
dd27
f8e7
07d8
ef7c
396c
23d6
03f4
1348
07a2
1b8e
023b
0c13
1d56
ffaa
eb87
e325
f7ff
fe31
e6e9
f572
f3cc
ee30
17f0
f33c
fb88
f849
fd05
f993
0daa
0279
0d1c
01e2
ebc4
eccb
0a59
faab
11e3
00c3
fae0
fd7a
eceb
13a3
0c56
f59f
f68e
f870
f4b1
09b7
f1de
0f70
1b53
2b7e
e1f9
f39b
e01e
0056
2bd2
fb67
05f1
e209
180c
e3a2
f5b7
d32d
1b4d
ea40
1996
ffe8
f597
d70e
fb92
017b
0b3a
f25b
1346
155c
fa99
ed6c
f941
00b4
e84f
f934
ee74
fedc
2349
fbe8
f16c
e716
f891
f125
fdb2
f832
fab9
d52b
f5be
07c1
f7c3
f8fb
efc8
1fdf
1324
1038
238a
ff3b
0274
f846
fe7c
006f
f60b
fa59
f0c5
f68e
02c5
01b8
ea46
fa95
1aca
12d9
0bff
fdb7
f1a3
f180
0457
f9e2
126d
0304
0475
1c44
d7c7
f61e
102a
f1b3
2ecb
1a73
03ba
1639
0e20
1419
1080
f617
1706
04fa
e822
dae3
fff1
019c
de4c
f7c5
f949
f708
1339
fad1
11ae
f3a4
0434
ff3b
1ba7
f895
02e1
09a5
f544
f16b
019c
07fb
0653
f2b3
fd8b
ef64
f2d1
1bfb
0531
f301
f196
f7ce
e89f
0374
f359
14bc
0cd3
28d8
ebd6
eed3
dd47
00a6
3b47
f749
015b
e250
093f
e8ea
f386
e4ef
1b42
d886
1b0d
10c4
00a9
c950
fda5
f5e7
0bf6
f080
160a
0470
ed98
f767
f81b
01f6
dd18
ebfe
ed74
0101
0dca
fe3b
feb7
f6f4
fcf2
f94c
fd50
f963
f3ee
dff4
f6e7
06d7
e7ac
f2fc
ede5
1df7
03b7
0d7a
21d9
0a9e
0a51
f52f
093e
fc4f
fd60
090d
f391
e35c
fcc4
f4b0
f292
00a2
20f9
0f20
f7d8
f82c
f5e4
f240
0257
f859
0ccc
0106
1056
16b1
ea01
fcbd
116b
f733
299d
3449
0a71
0ee0
0885
13ca
fd3e
0f8b
1c0f
088c
e4cd
ee3d
fe31
f67e
e48a
f955
fe2b
fba4
081b
f2a8
0c9e
f281
ffb7
f9f9
052e
0655
077f
fa8f
f630
f24f
09c6
06ab
070a
f82c
fa9c
f47c
ebfb
148b
ff01
ece3
ecf7
f21c
f4c1
0a1e
edc8
0c53
1378
27c1
f679
e37d
f434
0749
396e
0245
f90b
e0ae
0f15
ef41
ff11
e15e
2436
e033
12f5
0707
0c44
dac7
f93b
0665
fbd8
e8d4
0b03
100d
f948
fb2d
f95f
05a6
0338
0a1e
f786
04e0
1ca7
fda8
e9b3
f1ad
f770
eab9
f50e
f968
ed7a
f342
f962
0573
e3a2
f782
e2ea
25b5
065f
173e
1c45
f7c9
0900
f9ab
0721
f582
09e1
0b87
f195
d7f1
0285
00b3
e060
f5a6
2d1d
0b8d
007e
04fc
fbfd
dde1
fa02
fb48
0d91
0681
038b
1af8
e9c4
0db7
1151
f94b
38b1
2774
096a
0792
05eb
1274
fdd9
07c1
1c71
10e5
e0b9
eb22
fcb2
01ca
e8cb
f3c7
fad2
fa6c
12d5
e677
05c9
f1fa
f7e8
f075
06a4
0398
1058
fe84
fc4b
f021
08e7
0092
1447
e946
0422
fb12
f997
10bb
ffc9
eefc
ef88
f70f
f1e7
0b6b
ee95
165c
0a50
215d
f52d
e620
f8f0
11a2
3659
055f
f48f
d07b
0ef8
f6b8
08c3
e1e4
216b
ee5f
0d99
0e6a
0bcb
dd84
f53f
0f87
fa50
ed2a
0709
14ae
006d
f980
f8f6
081e
eeb2
fa26
fc28
0d1f
0ef6
0765
e58f
ee7f
f723
e72e
f3ca
0208
ebeb
ee31
f11e
fd01
d5aa
fa84
e3ea
25df
033e
16fa
163b
fef8
0751
fd80
1035
f1fa
1045
089a
ed42
d6c5
0839
f241
ea12
0337
363d
15ae
f8b1
0686
ee68
e270
f6f4
e4c6
0243
01ba
0de0
1927
eadb
1f4b
1a40
fcc9
3682
30f1
fdb6
fdf4
076d
1925
03ef
03d1
09b8
1a89
e263
f2ad
eef0
f99d
e84b
f74d
ed88
eccf
03ad
df20
0a01
f1c4
f91b
0040
0621
ee76
093f
0158
03da
f84b
0614
05c6
0f9c
e140
0216
f72c
024b
1a83
fc7b
fc92
e8fa
02dd
ec57
1420
f686
12d6
00e3
15f7
fcf7
e6c0
0859
0bd9
2e1a
fe25
f43d
dcfb
0ace
f21d
1176
e035
170d
078f
ff4a
08ab
10be
e258
fa9d
0638
00fc
f36d
fae1
064b
ffb4
ffe4
0465
0aed
f325
0a93
fa0b
1f99
000a
11ea
f8a9
f296
0023
f1db
f328
090a
de1b
ec4e
eebd
eca1
dc2a
f172
eb4f
175d
fbf1
095f
0b1f
11f0
11fd
03c7
1b44
ec0a
f930
0afa
faa5
e876
0f0a
f171
eb65
03bb
1c1a
1269
f6cc
f17b
f3ad
cfec
f2c5
f34d
0b92
0e28
13c2
ffeb
ea22
fb46
035f
fa4e
26e4
3a31
f666
058c
00fa
184a
0492
0e90
0c10
0721
d8cb
f6ab
fed1
fdda
e3ab
f66b
fe9c
f360
19dc
e7ea
01f4
e987
f0ea
fe5c
0c35
0692
118f
f5cf
0319
f5c7
fc38
f052
0ee3
0781
f718
0304
f6b9
163f
0372
f342
e6ab
f8ed
f36d
2201
f070
090e
12ae
1d6b
f1ef
e33e
f3a4
04ac
36f5
ffa7
f79a
d243
134e
fd20
0701
f351
1f9e
06b8
06f8
f25b
11db
e890
fdc0
03d5
0d98
ece5
021a
2c6c
00e1
0e93
ffe9
f8a3
f0df
fe04
ec3d
0d42
ff07
0649
f5ee
f5d7
0a0b
ea94
f8ce
d85b
e8cc
edbc
f409
f1cd
f0f0
04e2
df98
0adf
ffa0
1692
180d
02f2
0501
0436
0486
f240
f597
11a5
f9e9
eade
03ff
04e7
db53
02e5
19f5
15db
f882
e80c
ec03
df4a
f243
e835
1736
0892
0ea2
02f7
d48c
0af7
00da
f245
215c
2ecd
ee4a
05e8
0713
1a76
08e3
11ba
0aeb
0d19
e5c4
0138
ff55
fb7f
e3b6
f5f5
0389
f2dd
0f14
ec90
fd2f
f68e
f9cf
fc8e
0807
0d34
165a
fccd
0aba
fdf1
033d
edab
1a13
0126
0800
fd91
0085
0325
0537
f5e8
e8df
fa6b
f28e
1e45
e3e8
0c48
0c7c
1e8b
f34c
ea00
f13a
077b
2280
fbaa
f22c
d9c0
0c6c
f4ca
0377
eb97
1236
0335
0cfc
fa52
0b1a
cdd6
f2e9
0a26
0b6f
e71f
ffeb
25e4
00f7
0855
021f
fbec
d66c
d56a
f5f7
090f
0840
03bb
f0f5
ed8b
08ac
ed7d
fef1
cd6e
ed14
e428
eeec
f221
ec0e
fd53
e972
15e5
f7f2
183d
1646
01c3
01c2
ff56
fe28
f6f0
08db
183e
f5f9
eb6a
0625
fc99
ed0b
02ec
1c54
1caa
ff5a
f6d6
e8d4
d98d
f756
efea
0ffb
0a76
f82d
19b1
d3ae
1cbf
1407
0f5b
116b
15ac
08a1
0543
0fc0
0734
f03d
1edd
05b8
10d8
0110
efe9
0213
f3bb
f6bb
0367
1085
fa18
08d9
0349
043e
07b4
0223
f122
0386
ff5a
1369
210c
096d
12ce
ed52
1ea9
288a
f559
f994
f636
e7a2
fbbb
f3a7
eeb6
05c7
029a
ef4c
0d58
0c01
14c9
f089
eb33
e495
f690
107d
2140
03d1
108a
f755
db67
102b
e2fb
e18d
03da
f41f
f8e2
0cc0
07a3
ef2f
e023
f08c
09f2
0d02
fcc3
0a70
1b36
1268
0520
0f70
f722
d3f5
e72b
0555
0054
0bb9
f5e6
e90e
e86d
0a78
cdbe
f5a3
0062
0420
fe36
06b5
fdff
f85a
ef03
06be
1101
f0df
086b
095e
09c7
1329
079c
06d9
0632
f6b7
fe37
1847
02ac
1adf
f5a7
f995
072d
0666
1efa
091e
ff7f
ee4d
f977
efba
2299
0d29
0c3a
fc07
14da
ea86
141a
fff3
0307
f516
173a
05de
0e60
02e4
0aba
f7b6
1a93
0b80
0c15
016d
f67a
0e2f
f92c
01ee
fdff
123a
f7e3
f81b
0f46
fe41
0079
f1b5
f1ec
0fb7
0463
1555
173c
0bcd
0828
f1f3
0d43
24a7
09d5
f7a4
fa94
e9ef
0385
01a0
ed5c
0606
fc85
f3af
0223
0bae
05fd
fc0a
ef67
deaa
11a9
0102
264d
1663
05a2
0fe2
dc17
226c
eb17
f5eb
0ec1
f259
fb04
13b7
069f
fa1c
df74
0335
091d
f8c7
f4b0
0dad
2ff1
0b23
0069
0133
e8ff
e4bb
f9d5
fd76
ed58
08cb
ec0d
e3ab
ecb2
fa83
e77d
ef1c
f32d
0664
eea9
0f2f
03d1
0dd9
e4ea
0ad1
fc7d
f332
04b1
0220
f7dd
163b
10ff
fc1f
1328
0100
00d5
0fb7
f26e
1a9f
102d
e124
04f3
242f
1d78
0f56
0334
e7d9
06b0
f35b
17e7
1860
0583
04b3
23db
dbe0
15a2
0889
f21b
00d5
191a
fbe5
0ed3
0485
0b48
fa0c
19f1
1791
0b89
ff1e
ff82
0884
fc96
0197
fbfc
0f33
f888
fb8f
0f13
1028
f775
fac5
f14a
08dc
0038
15a6
06c2
1469
0bbe
f097
0681
1fc4
fad5
f3b1
fd71
ed25
07fe
fc84
edeb
fd3f
f41a
ec3f
036c
0274
08e0
fba7
ecf6
e3fd
099f
07d7
16ad
2389
064a
077d
e2de
2492
ea45
fe80
0ad1
f538
0387
1416
0b12
fbb3
e0f4
0f55
0281
f5af
fd7a
048b
2470
0104
04c6
02d7
f371
d36a
f723
fdba
f6fa
0d75
ee39
ed27
f179
f8ef
e67d
f094
f2e4
0a51
f292
0cd9
fc62
fc32
cc29
04ed
04b5
f526
0880
fc25
f9a7
190b
0b5e
0809
0d4a
02a4
0216
0bfb
edc9
0eb7
0d7a
f83d
fa56
3bfd
21e7
ff44
0191
eaf6
f469
f194
1227
0bbb
077c
fa87
1f65
df54
25de
0307
f85b
0af7
1da4
0def
0c85
070e
1a38
e1c0
172e
0830
05fc
024e
f777
fe31
027a
0727
ff87
0d20
f991
0129
0a72
0db4
f75e
ff16
eb00
01f7
02c4
1d62
009d
013c
ff7f
fec5
1086
0017
f9dd
f1cd
f613
f318
fc4c
f307
ed32
024c
f8c1
03eb
08d3
073f
07e8
f695
f5b6
ddb9
ff33
0570
1e7d
1913
1a65
15cd
e67d
1ecd
e7cd
068c
03a9
ef56
098f
0cf5
0068
f645
ea97
0112
fe73
f400
ed15
1157
1f44
07f3
fde3
01c5
e970
d980
0ef9
fe4b
f74c
0266
fa7f
e0f9
e4e5
facd
e286
f1df
ef60
1124
dd1c
0683
0766
fc54
d02d
fc52
0d51
f512
08b6
005a
f55f
170f
f7fb
0f7b
0cc4
e85c
f9cd
12d7
e1b9
077e
0d42
e3f2
092e
3528
25f7
0d80
0be3
e4cf
fbb4
ef71
14a5
0f25
ff44
fa16
100f
e62a
1969
f95a
e6db
ff79
1896
08c3
0c0b
0aa2
2276
f47f
0a88
1adc
033b
0801
f91a
057c
02ab
0869
00ae
0cec
f30d
ff98
0853
1687
0f71
054e
f333
0dab
fc2a
1c78
0292
fe72
067e
f092
0c2a
f8e5
0b23
f75f
f879
ea6f
001e
f186
f647
feb1
f4a3
fca8
0904
fecc
072e
feab
ed3e
deb4
fd2b
f708
2591
1f33
17e2
158a
e33c
20cd
f770
fee3
019d
f2c9
0c95
2237
fd59
edbb
eba1
0605
f3bd
f69d
f4dd
0617
278b
f307
0193
057d
ed1f
dcb2
edf7
fdda
f89f
08af
ef27
e250
ecd2
fcb0
e628
ef1f
e3bb
00f0
d610
09b5
066f
fe17
cb5b
0104
f9a3
efd4
06c9
f908
fee1
1f9d
fe8b
efe0
0895
f0ce
f40d
0b3a
ec1e
f717
019c
dd41
0253
385c
14b4
163a
1853
f082
f6d9
f9af
190e
0e0c
03d1
f066
12ae
f5e5
1af4
06f9
f42c
0587
13cf
0e9d
0641
0bf4
27e0
f51b
137f
08aa
06ba
059a
e4bc
03a8
fdd5
0388
f991
0c30
ecfc
091a
07d2
17b1
0d66
00a6
f38b
171d
fe4e
2255
0b2a
06bb
021c
f3df
08eb
f138
ff78
f382
f8a0
f16b
06c9
f381
f4f2
fac6
e487
03f0
0f23
feba
fd43
0231
f7a7
ebe1
01ef
06e0
183d
3368
15bc
19aa
ec31
1a71
f4eb
ffaa
08f8
f69c
1055
282b
f820
ebf3
ff46
09b9
ebec
0632
f6ee
0396
1ed4
f22c
118e
0b62
f3d1
dd0b
03a9
eead
00f2
0450
f695
f376
fbae
ed79
d8a5
ebb5
f3e5
ffc3
d5e4
01bb
044c
ff64
eaa8
eaaa
fdaa
f3ce
fe64
fc00
0932
226e
feb1
fd00
0b0d
ec0c
f4f2
0ae0
fa57
04e0
0a86
d61f
0ef7
3f68
18e9
0697
10ec
f958
feeb
faaa
1726
08e7
07a0
f5ad
141d
0912
0fef
128e
f51b
f90d
1707
0c53
0a84
0a42
13b1
fd0c
f11c
0380
036e
ffa5
f550
f43a
0510
0481
f85b
0aa4
0846
0263
02f7
101e
f68e
fe19
f5ec
1044
01f8
23c0
fe29
01c8
f3d6
fc4b
0436
fadc
f4fe
e8dd
f0f2
ec7f
fc18
fafe
e79d
fc26
ed5c
00b7
0da5
0f22
eab3
fa66
0c58
ebd4
0d7d
f8c9
1d22
10ae
0ef8
1b43
f7d5
17fe
fd17
f637
0740
f848
ec57
250b
f8db
f010
ebdb
ff33
f3c1
01c1
f3da
0863
2d9d
e189
0e08
03a8
f0a5
e44c
124b
0614
ea4a
0752
f3d1
e6c7
05ab
f2a9
ee39
e93d
0567
0371
dc98
0699
08ba
fda9
e8fe
f0da
09ba
f225
fbb2
03dc
0da3
135c
fbfd
fead
06f9
07f4
f5d3
159e
f016
18e5
000a
d1ed
fa73
223b
179c
007d
1622
f464
ff24
fd34
0d9a
0fde
042a
07f6
1314
fef7
02d5
f39b
f8c3
0576
07c5
0579
055e
00b4
2afb
ff0a
f4a8
fc64
01bd
1340
f208
f984
fd62
022b
f40d
0144
f7ca
fd96
00c8
2299
03e0
07ee
fb75
13ad
ff6a
0aaf
fc14
048c
ff5e
f9fb
15e4
0ce2
f06b
eaad
f4b0
f2ce
fc6e
ef0d
ead6
02f2
ec4c
ee2c
11c5
1261
0dc1
fed0
fb90
f258
0cbd
f0c4
19cb
0f6f
fd7f
15a3
e5ee
0ec2
f5ad
e7b2
08f2
f490
ecf7
1f85
05d5
ec99
e427
0ace
ea3e
0c0e
0200
0251
2094
d347
063a
0720
f102
d378
ea93
01ee
f8fa
ef57
0487
fe4f
0ef3
f623
fa07
ec70
f64f
fe10
ea4f
070d
fe81
f77a
e5ea
ee2c
fb7d
f4fd
0e2e
0a44
0995
093c
ef4f
fcd2
040e
08b8
fe01
16bd
e0f2
fc4e
fb3a
e824
034c
250d
1730
08c4
004e
ecb3
0157
f069
1a8d
14d0
092a
0672
160e
0a98
0ebf
f833
fc99
14d7
152f
0bfe
0d8d
1170
1585
0a3e
0707
e351
11e0
02c4
0049
f24a
f4b7
f863
022c
f92c
e68c
04e5
f54e
2866
0812
0458
023f
0d11
f52c
1541
07f9
fdd4
06c8
fa63
214b
124b
ff13
ea19
fa6d
f000
e616
e630
f323
086c
f41a
f882
1775
1cb3
12a5
f650
e77a
ef0a
0696
f961
070c
0b05
0187
0ce7
d84c
1189
f3a1
fd5c
0105
e085
08ac
29b9
feb8
edd8
f524
21a6
e9b7
f942
05c3
f1d6
2ce7
cd60
0ed7
05f8
f973
ea8b
fabc
0f31
fb8f
f305
0b5f
fa84
fcc6
ffb6
fc46
e597
f365
ff6c
f74c
0062
fb7c
0045
d9cd
f655
f4e3
f72c
00d8
0303
01c6
0cd6
eb52
0bb0
f72b
f9be
0983
012a
c6b0
fcd0
0215
cc1f
0ce1
16f7
1751
0aa0
f680
ee91
f45a
ee70
1f90
1208
0afd
038f
1897
e314
126b
f011
fb20
3215
fb9b
13ce
0b80
1374
135d
092f
f024
de6f
12ec
0fa1
e033
f706
f85e
f707
0a8a
f8b9
df4a
f917
fe77
2a34
19ab
0edd
0d93
17d7
f5f7
0f35
1092
0121
20cf
f4ff
3e0d
17a3
fc29
f012
fb5b
f805
e774
ebc6
f322
149e
f3c4
efb6
1f46
1b70
25da
ec78
d7a4
eb82
1244
07a4
0afc
0601
f54e
0332
d0df
0477
f293
fea5
fafd
d5e7
15dc
216e
fdc6
f805
e4c3
262f
ebb6
0d8c
0eee
fc7b
24c9
d0cc
0e8e
0a0c
07c4
d978
c8b1
f795
fbcf
ebe9
ff6c
08ae
f79c
03db
0217
f21b
e9ca
0745
0c0a
fc0e
f0d9
0206
d666
013e
f98f
05e6
fb99
ed22
f527
0b75
f283
0fd6
fb74
e475
1334
0ba4
d0d2
064b
f9d7
e778
106d
1ed1
0829
ff52
ff43
e541
fb4b
ebe3
219e
0dc1
0701
eed8
16ae
e987
1143
07f6
0385
1b01
01dc
1d2d
0aec
123a
0990
0240
1473
e6a8
161d
0923
e0be
fb0a
f97c
f60f
0a9f
fce2
edd9
eecb
01fd
182a
165d
014d
0249
f83d
046d
10c1
0f74
056a
0df8
fbf5
1efb
11bf
0d6d
f738
fc77
fa39
ef43
f207
f768
0d00
e8cb
07e7
1cc7
1a49
0c1c
fce0
e57a
f18d
0a13
07f9
facc
1889
f971
0360
d9d4
14c4
fa4f
fdd4
ff34
dfc0
ffd6
1d69
fa93
02e7
efde
05a9
fdf7
1d93
0876
01b9
2ba0
0213
104a
0280
f520
e8c6
f510
03e6
ff7f
1649
f939
eff3
e77e
f07d
ed78
fbcd
f84d
ffbc
ee8b
ff62
035b
137a
dba4
0696
170d
f8f1
fe1c
019f
07a5
1b0d
f46a
05aa
fcb8
e990
fcc9
0316
e2ba
0871
03e7
e61e
1a47
305c
191c
01f8
08d2
e522
f62a
f370
0ca3
0bb5
00c8
e83d
0af7
e940
f955
fe23
0292
1b02
140d
11e3
043f
0d4b
1360
fa4c
0b0c
fab8
1b33
06d9
cb7d
04cc
fb42
ed58
078f
fcde
ed73
055f
f77f
14ac
1028
0250
0594
0814
08ec
124d
187c
0200
07e5
f61a
2e2a
188a
183d
040d
fe12
f638
f116
f9ba
fe7d
0b0a
f266
02a6
27a3
05a7
0f93
0237
ea87
de0d
022b
f716
0229
1861
fcb7
0b7e
f8d4
24af
e5a9
eb4f
fa9f
e59e
f4e1
1954
ee4b
f707
e8ea
e4d7
f4c4
1bb5
0056
ffd2
30c0
f523
12e3
0864
f041
dce4
fa30
0466
0989
29f5
ed45
e47e
ef92
f54c
e73b
fc05
deba
02f2
d7f4
f3c7
0b51
114e
ee93
062f
127d
fa66
0547
0b5a
ed4b
1c7d
04c5
f2cb
0136
f3d2
07e0
fefd
fc8f
06d3
17a5
d726
000c
26af
20e8
00fa
10b4
e6d3
f912
fa4a
1693
085f
0326
ebe8
14e8
d98b
144b
0bb3
0e5c
35ba
fc2d
1326
0450
06e3
171b
1076
0a37
f241
1a71
1a5e
c211
fbfb
f815
f3ed
0f90
f85a
f372
e407
ffe2
22c6
1c8b
f7de
0d38
0111
0b9c
0003
1211
fd13
1735
ffc2
3937
1f6b
0e95
faa2
000a
0a6e
0077
f6cb
fd8f
13c9
fcd7
e715
2c8f
143c
1f2f
fbc7
d9a5
eb34
1718
0a2f
0541
24fe
064a
095f
dfc8
0cbb
e52b
f2b1
0391
d376
0344
15a0
0324
f499
f4bc
f743
ec22
2630
0f2c
fd71
1627
ee1c
16d7
0a76
fa35
e0da
f7b6
0c03
073f
1bb4
f1ca
f819
ef36
f139
edfa
fde6
f1b2
043e
e9f5
f910
0173
0583
e756
08a5
078c
f6c4
0181
0cd6
06ee
1739
0498
fb0b
0159
e208
019b
17ea
014e
1c0d
03d2
ec4c
04ff
26b7
17bf
f72f
0150
d776
f381
eb97
1f87
12ad
fd62
ea9e
19a4
db11
1b8d
15db
0ef4
377e
04a3
12e0
04c2
143c
12ee
07c1
eefc
0234
15c4
f92d
c7ba
fbd9
f418
e81a
fdf4
f98b
edcf
f2bd
f8c0
10ca
130c
f831
0970
0ae8
0f9e
057c
0aba
f539
1aa5
0583
3bfe
1b36
1c4b
ee6b
fd72
fb52
f9cb
f71d
fd1a
0d8c
0bc8
f54e
23df
2407
25e3
04e4
fc9f
ed80
0832
ff90
0835
1781
fc6d
207f
e9ff
0614
d565
fbe5
eb10
dada
f8e0
147b
0822
f4e6
cb72
fc51
f8f9
0992
029f
027b
0ec7
f45a
096f
0134
f8f0
d0b4
eb4c
1206
0ca2
19fb
052d
0281
ed97
1364
efb9
f9a4
f6e4
04e3
e978
f7bf
0299
04a7
dc25
0baf
0af5
fc95
09ba
09ad
0b71
0c47
fbc4
fed6
0a8e
e0d7
0643
09dc
ed12
0a09
ffb8
f1f3
0b91
2221
178d
f061
155c
df31
003d
f360
11ea
1340
f963
e7ef
200c
e2d9
2319
0ce9
08c1
21a4
fb36
0bad
fb21
10e7
0b39
064b
ee4b
0ad8
115e
e522
d6a1
ff7a
f9ce
e5e5
012c
effc
f154
fbdd
fa1e
1984
098d
f884
0206
12b0
0a4a
f791
0ea6
fdbd
140a
fc70
3b6c
0998
fb88
f48a
f8dc
039b
11dd
eaa8
f9cf
0599
fc15
fa06
1b01
1cf1
1c4f
fa03
e5ff
fb75
fcd5
0438
0ef7
327c
fdad
1eaa
ee42
001b
da16
fa34
f0ab
dc93
f352
1a51
082d
f8a0
d3e7
e687
f154
05c8
0617
fb5f
046b
e9d5
0669
fdfc
f7c0
d1de
ea5d
0dff
0d5d
eeff
065d
f917
f805
0c75
f678
f77d
fd49
f87b
e848
faa9
03eb
ef3e
d5af
155f
0b08
fd65
fce8
1011
060f
1c3b
f6f5
06fb
025c
e967
1218
09ee
f0c5
00e2
f461
e3ac
0f47
2693
0c42
ee5b
19c4
e386
00d1
f26c
0792
0b1b
0030
ec66
1c30
db20
29a3
13d1
1205
2c61
1cba
05e7
fc3c
0f3d
0caa
0799
0bbb
188c
25bb
e3d9
ca49
fe54
ec00
f0ea
0a11
f3d3
ed4e
f8da
f1dd
1f78
0cfd
fba2
0264
fdbe
03a0
0d30
0ff0
042c
1c93
fd73
36e8
1028
fcee
e702
f87e
078e
0758
ee80
fce4
fe2d
1120
feed
27ba
1be2
244a
fbd0
efef
fee6
f2ef
15fe
1056
0d52
0a78
11f3
eb2d
f6b9
c20d
f9de
f114
e33a
ff16
0707
0b29
0033
c773
e14d
fc02
facf
0ada
e92d
f9cb
02a0
0d67
0006
0be7
d817
f0b7
1dbb
1715
0101
06bc
ee51
f156
0bad
ea30
ef7f
064d
eea7
f475
0195
fa8d
ef68
db41
0299
10dc
fe0e
05d8
075b
0c81
125a
07bc
0f52
fa17
d4c5
10f6
0a5d
e097
1757
fd5f
ed6a
0528
18d0
17bf
ee89
0450
e4f4
ed45
ede3
0b7a
1075
01d3
fa97
22bd
ed8b
313e
047c
23cc
320d
fff8
130d
e927
0e77
0aaa
0ab2
044a
05fa
2a7f
da33
cd87
f747
e8a1
e56a
0b3d
ef93
ef73
f9c2
dab4
19c1
15b3
ee83
ff5b
f9ef
fbdd
03e3
120d
0db5
1e69
02c9
3f5e
104b
ee55
f912
097e
1b9c
156c
e730
f6d9
0553
1463
f9f8
30de
2542
3eca
ed2e
dbe6
f788
03ac
250a
15ff
2621
0bfa
080a
dc12
f4ba
cc24
05ca
f199
dfcf
101d
06af
08e5
0941
df9e
f024
02a2
04af
0f98
cb60
0626
09ff
0ac8
0d15
1249
e043
0f23
158e
2efb
f39e
0f13
ff35
f5db
0776
ebb0
e23b
f9d2
f55d
f5d6
fe09
e524
db99
da4d
ffc2
1069
0ba2
fc72
0101
fc88
1556
144d
09b0
eabd
e00d
16fa
10ca
e8f9
09d3
f58c
ccda
205c
2597
158f
f65c
0011
cf69
e684
e480
1c8f
060d
0530
ff13
2eb7
e4bf
3c6f
1f3e
21db
3f8e
0096
0079
ecb8
0b57
0e61
068b
f49f
f83d
2a3d
ebca
d6de
f6c5
edda
e58e
0866
f44d
ed72
e3f0
e385
2a6a
149f
f29c
09ef
0206
f9e7
f67e
1beb
19e4
1267
0324
4bd6
158a
ec09
ec1c
013d
2c64
f5b3
e82d
007d
f18e
2cce
e477
39cd
25fc
313c
f36c
db5a
fee1
0878
2b96
1364
0d7f
f9e8
fda5
eb35
eaa8
d250
0b58
0ca5
cd1a
2406
0e92
0957
05d6
ec26
01b3
fa5b
0dce
174e
cbd7
faa8
0799
11e2
13d8
1757
e96c
1129
28f7
268b
df58
0c28
0f78
ff12
1d87
f923
ee1a
08be
f13b
f818
01a5
e467
e548
d5be
09d6
ff8e
f663
fb08
0105
1c0c
0f20
169a
1696
f19a
dbdb
2914
0df7
eb77
12fc
e00e
e3ce
189e
033e
0a15
e8d8
f43a
cc18
e202
ddd1
1e3c
0267
ff98
07b0
119e
e0ec
198d
fa2f
16cc
34f7
036c
f8ac
fb99
085f
0f5a
fe97
f79f
f4a2
188a
e491
dca3
ff9f
f80e
e45a
03de
fd58
f875
eee2
ed58
15d0
031e
f0c4
054a
063c
0eb8
0269
105f
076c
fd3a
f735
26c4
16c1
1473
ef7b
0650
0bcd
07b0
f0de
f9f5
fa0b
138a
fedd
31f7
12e7
1d7f
060a
e18a
f02f
f205
11e8
09b7
1406
04e0
f6b0
dff2
f5ba
daa2
f730
0804
ef65
1344
0a2c
f522
1034
e084
fe53
017f
0dad
0c21
e974
187e
11e8
14ea
0623
0207
ddfe
edad
1a94
193b
ff01
015c
0678
f416
13fb
f041
fafb
e5ef
0413
00f5
f879
ebc7
f6e9
ec94
09c3
0745
e828
0fb1
0d96
0173
1e4e
0bd5
f720
f65a
ed5b
17e2
061c
f1fc
03ec
f601
e196
195a
1041
0e43
fab3
fc96
d29b
ed93
e41c
f947
1119
fd7b
05c1
0b54
e5a2
2f7d
0247
0255
17aa
f804
ee78
f803
0274
0ee5
feb2
f654
e408
1fd0
ece8
e17a
0655
f788
e28c
00ea
fd90
f50e
d9f3
f627
1818
14f9
f1a3
ffaf
0674
10e8
f92e
0a65
0c59
1d86
fc47
19ed
1a2b
05c7
fae6
0455
1b7c
e8db
ea67
fd6a
f98d
0db7
eac7
3090
0908
1c81
f870
dfbf
f927
f5f6
14e3
104a
0831
fcad
fd8c
f033
f982
d160
0135
039d
e885
104d
142e
03b5
09ef
de0c
e89b
05f5
0b9e
ffaa
e5e3
0df5
020b
0c2f
0ca6
05d2
df86
e67e
099c
16fa
0584
0062
0776
f3c3
0a7c
0087
f80e
e4ea
0145
fa0f
f95c
ed46
da74
e9a8
02e7
0723
ef25
1105
0a84
0335
138d
0606
f92c
fe6b
ee5e
2162
0a28
eb79
036a
f5b6
0846
1555
179f
163d
0162
03aa
d557
f6e2
ecca
147c
0509
f967
dde3
0f1c
e3ef
0106
09ed
fda0
1311
213f
0ff5
f27b
f934
fac0
fbe2
0d89
e170
169a
f1d0
054a
fe98
030e
ddf4
fc30
140c
02bf
ff23
f7f9
eb15
e2ee
0441
f97a
06b0
fc63
1593
2ec1
0c23
0bc1
fee4
1b5f
1cc4
061f
ff68
0098
e379
fcac
ed15
01fe
0ce3
f858
066d
06e8
f2f5
0476
0576
e784
ca6e
221e
04a6
2aff
ff31
106c
19e4
ee66
0ec1
ee73
dde8
f49d
f7af
f4c1
fe5d
ec69
02c4
ec7c
157d
f04f
0372
f197
f364
0761
15e7
fd29
0595
f7d2
eb59
fb6a
1a79
020c
1507
f075
da96
ecba
0142
e4ff
e714
079a
fb44
063c
fe74
0604
f134
0f32
f15b
1ea2
03b3
fd94
06d5
092e
16a7
07af
1cb7
0311
f310
016e
02ae
2150
087b
126e
face
e9d0
170c
214e
18b9
f685
f188
e958
fe6a
15e6
15f7
18d1
e6cd
1373
e3ec
efa9
f777
f8d2
f7c1
27ab
060f
04a3
f3e7
047b
fab6
1c6c
f4c3
165c
ed3a
0450
0711
0671
e68b
f10a
1515
02db
fb7c
09b3
e7f7
da7f
f618
ec53
03df
0936
2478
18a0
0d52
fae7
0062
0583
1b2b
16e1
f6c2
f856
e269
fd6b
f065
f8d1
fa8f
e9f9
0fd0
f2a2
e910
fd76
105c
f981
c824
1d0f
fa89
2346
0f04
00ef
20ad
ed6e
24ab
f6e5
ddff
e8a2
0c4a
f92e
f8f0
fa2a
0c05
f536
048a
0751
e24e
e1cd
fec2
1c8e
1e8b
f658
fc90
fd1a
f982
0973
034f
f788
24df
f32a
cf7f
f4e3
ea65
ed75
f842
fecc
f608
f346
0182
05ba
003f
0527
ece5
0ae1
fb8c
0872
0d99
f624
178f
07a4
19e9
0999
f559
fe58
f0a2
096f
0392
1669
ee8e
ecf6
3592
2263
2bc5
01e0
ef08
f5cd
fb7c
0613
2fa0
0bc2
f464
173f
dabf
0486
f4ae
006a
04f7
11c4
fbb2
fee4
fc77
ffeb
06fd
140f
e130
1076
fc1a
06f8
0116
089b
f894
ffac
0795
fa55
eef4
094e
fc6d
f41f
0363
04f5
10e3
02c8
1741
0b7d
1891
152e
0168
0f7e
1402
0442
fbe7
0730
f29d
f414
ea3a
047a
129d
efeb
f334
f89c
0196
14dd
f4bc
dfe3
d4d3
30bd
13ba
1b98
083b
03a3
298a
e8bf
13a7
e8d3
eb9c
0088
fa3a
1200
059e
06f5
09d6
f307
40c9
f714
e902
fd31
f3af
1173
0a14
ffa5
fe2f
063c
ee1f
0e7c
0159
f9ea
0510
f68d
f02c
fec4
fc08
fc4f
ecea
04f6
f8ba
f356
08b6
f07c
f4f3
e070
fd0a
0483
fca0
fd00
fabc
0351
1180
1725
319d
095b
df4d
070b
059e
fe30
02a1
1a18
f7c7
f30f
339f
09ec
13d9
ffc8
e32a
f1ab
f1c4
0f97
1f80
157b
f708
0fcb
dec0
15c4
fd79
f60e
0420
26a4
07c8
071b
fab0
121a
f6e5
2129
ecad
106a
f3c0
0bcd
fff6
0ab7
f290
fbe6
019a
0253
fb87
0f3e
fb88
fa50
027a
f3d3
0264
0842
1e38
0c61
02f8
002b
0d51
0490
006c
1335
f98c
f811
fe8d
f18f
f707
022f
0fa8
ed9d
109f
f618
f609
123a
02f1
ef0b
cc11
29ce
187e
2530
1693
0e4c
20fc
dab7
1c58
e830
def3
f58a
0464
0626
f820
0003
0629
f8dd
1e81
fd55
e0b0
e8c7
09bb
10a7
0ec3
efb7
fb7f
f3e9
fcab
075e
fba8
f204
19a1
f3a9
d1b4
f657
f5a5
e9e6
fad8
0111
fbec
e0ef
0641
03c8
01c0
e440
f57e
0800
f99c
00bd
116b
08a2
192d
ffb9
281c
125b
e813
fdfd
0bb6
e25f
03a9
1648
ed64
effc
3714
2589
08a8
0002
ecf3
efd6
f7fc
0745
1c0e
01f6
ebb4
03d3
e5a0
147d
fed9
f295
0abe
1c7c
022b
012a
f7c6
184b
f66e
07a8
e8d2
0b8f
f03c
07c5
04dd
0303
f8bc
fdb6
039b
fa9b
05f9
0969
facb
eef2
fec7
f458
0b5e
0739
14e2
0de7
0406
04f5
ffb4
ffdc
f343
1620
f824
f720
ed31
eaa8
f338
0320
0577
fd66
0bc7
f8bb
e84e
0faf
0d08
f112
cbe7
20d1
0ad9
2056
029b
013d
1ee4
e5f7
1120
f1e7
e87a
0492
0c46
101d
0bd7
fa4d
f94a
f0cc
2cc5
f79e
f512
e9d9
f26c
0f9c
faef
f312
06de
ec95
fc9d
fb41
0086
fc87
262d
f449
def7
fe31
fd36
f53c
f355
fd38
fff6
e4ea
fb0d
f98a
07ae
e26a
f6da
fb3d
f186
0b26
0e93
1b8a
1cd0
057c
1d19
0f91
ddb6
f4a5
0862
f290
f68f
0e1f
e4c7
f57f
28d0
1e59
0297
12a2
ea98
ed42
fea9
0cfb
1987
fc94
e8ca
0644
e632
1a61
0aed
01be
14b9
1c87
0163
ff8f
fdcb
1e5f
0dbf
fb66
e0e2
12a1
f6c7
fd46
fb05
ffa9
0118
ef98
067b
fa74
1234
ffe5
fe77
e4fb
0b6a
0265
0ef7
fc2f
2653
09e3
0864
0540
094d
ffd4
fbe4
0a6b
f71a
030a
e608
e937
fd1f
02ac
0cc4
f031
1cfb
08ed
f123
fb2b
05f3
e7b1
c9a8
2cee
12ca
1c28
1115
f7b9
1fec
d888
0fa2
f5b2
e394
01d5
0a0d
0906
0623
f374
fd5e
ee5f
2b8f
fd9e
f3fe
ebc3
e4fe
05bb
f605
fe3b
1029
fa43
f35e
f624
00ac
01ec
2abd
f38d
e5a8
059e
e135
f42e
e899
11b9
f9c9
e57b
ffc9
f357
fc03
f476
dd8b
06f0
fc12
f7aa
06f7
1c91
16d7
056e
2721
0634
e262
f369
0b79
ea50
ffba
08b8
f532
ffb7
2646
18fe
f2c3
08c0
f89a
eb17
fdd2
143e
17c6
08ab
ec06
07d5
0116
ea1e
0c23
e458
e6ee
1e8a
fe95
1101
eb2e
1185
0165
e548
e022
fc20
e9e8
fa10
f9fd
0618
0ca4
df8d
0de1
1c1f
0537
0aa5
eeb1
ce25
06e9
0524
01db
0a13
2ae8
fc00
0d1d
fafc
fdea
f17e
ea3a
1b08
00cc
ee4e
dd08
fbd3
f56a
f6d1
fe46
dbcf
1d28
0028
e73b
e324
1979
2dc6
dba3
26c9
e51d
1318
0d45
e60f
2c46
ebd9
17d2
ffc2
c982
0575
2247
ddb5
0c94
eae8
0352
fc79
226d
011d
f8cc
eb99
01ff
1e6e
f3b0
fde6
03c9
efda
0601
114a
ffa6
faae
2e41
ef4d
dc58
0a03
d596
fa35
feca
141e
fa88
e4d7
f6d1
fcce
24bd
0a81
e555
1d94
ee23
0e7c
1431
f886
1243
f8bf
19ea
100d
0392
ec63
0b35
ebd4
0040
0ef8
ea7e
fab4
37c6
15d8
0826
17f6
ee75
efd8
0bb4
f7c8
1fba
0409
ea06
0107
035d
e181
f1ff
f854
ea78
2393
fea0
fb54
e837
1abf
0686
dd5e
da85
f639
e8e8
06f0
ef2b
fd14
fe97
e10f
f01b
0ff0
02dc
fe76
01b1
ec7f
1bda
0486
fbf1
036c
16d4
f3f9
0f90
fdde
f789
f48b
efe2
0d07
0310
e9f1
dbab
0098
ef86
03f9
fa96
e3e3
1b6b
00c3
01e5
ee63
1235
18de
e0e5
2a03
df7f
1214
0ae1
df9d
1fad
ea35
0394
fcd5
cf9a
f74b
17c1
dd40
0aa0
ef84
ff26
f621
2d6b
ff6c
f786
f5f8
ef04
1bf1
e906
fbe7
060f
fbd6
0293
ff1c
00dc
018c
24ef
021d
f675
1951
e159
0306
ecf2
038f
f4af
eabf
f6ac
f97f
0e27
13cd
eb65
066c
e202
03db
1d93
fd2b
0565
f574
1582
0472
fb5c
0112
03ab
cf3a
e3cc
01e2
ed76
07fe
2bbd
119b
0299
087b
f697
eef8
03d1
007c
22a1
090f
f8d7
0173
09ab
ef71
eb50
f4b3
fbca
1ce3
ff21
05dd
f20e
19a1
fc91
f24a
bb13
fa9e
e197
09a3
f9c6
f48a
fe04
ec36
fca0
055e
13ff
0092
0c93
ecbf
0fdc
02da
0358
0511
1bb5
0399
fd21
15e5
f5b7
041d
f75b
17cf
01d7
fe00
d9a1
ea3c
eb48
038d
00dc
eaf9
0882
0753
0186
0a8e
0fb4
fb4b
ddb1
26ec
e352
fce5
ff99
e7f6
1353
d6ed
0a73
f83b
d8c7
05e4
fe65
fec6
15fe
f161
0529
fccd
2829
09ce
f07c
fbac
f328
1ac8
e112
03f7
fe8a
fc8c
0d22
00c2
087d
002d
1597
0b47
f92e
093e
deb4
0bbe
f0b7
017f
f646
f6ab
e91c
058b
1992
0978
f746
0493
f40d
04ea
13e2
f58d
14ae
e7e0
1aad
01df
ffc4
ff3a
f2d4
c5ae
f8a5
0ca8
d8a0
0cd7
1870
19f9
0dc8
074a
ed60
f49d
04e0
00cd
24f4
0793
f1f9
0b5b
0795
f486
e8c1
fa65
330f
0f17
08e8
09f5
00ca
2412
033d
e74c
bb09
fff4
ef39
0381
f343
fae6
04d5
fbaa
ff59
f79b
ff0e
f6e0
0b2d
e9bd
0df3
0c91
0918
fdc1
13b0
10d6
05ca
0e7b
f6ac
1227
eb84
0e63
ff77
ffaa
e880
ee83
f4f3
ffa6
002b
f602
0d7f
166a
0572
0cbf
10a4
ef67
dbfa
2f86
f6cf
ffe7
2634
ded9
0c5d
cc35
0526
0260
f796
ee1b
fc26
11f7
16a2
e3ff
1708
0ee4
45f2
ff2b
0aee
fffc
fddd
2901
e014
071f
0421
01a8
12e8
018d
dab1
0161
08c9
ffa2
f8cd
fe57
dd26
0e7e
f916
f9cf
0465
f9f7
f23d
fe74
1456
f977
0261
0b93
f968
f449
ff9d
f1e0
0db0
e99e
16cc
f7c1
f4fb
0aef
f60e
d1a5
0489
0fdc
cab8
0975
4468
09b2
04d9
faf8
eff4
ec17
f5e6
fe54
1c87
059e
e55d
0ea1
fcb5
f778
e943
07a0
19ed
2102
131a
fec8
ff85
1d75
ffd2
0028
ade6
0d0f
effc
06eb
f767
f62b
f3ef
010b
f314
eced
faa3
fac5
0e13
f86b
0871
0e54
fced
0020
13ac
098e
1065
1308
0208
196f
069c
17ca
0aec
faa2
f02a
e2a0
f14d
09dd
fda0
e801
1945
1a63
fdef
0218
1304
eb33
e35b
29f5
0184
fd57
2274
e910
108d
cf87
17c1
05ec
f614
eacb
fdf2
0f11
14fb
e9bf
1b2d
0971
2389
fb8c
0474
0350
f675
2564
fd23
0ee7
0d8d
093e
0df0
febb
f0e1
090a
0c33
05a8
e70d
01c9
e19c
f5a1
f197
f5f7
eafc
f008
efdb
01d2
146b
f614
0298
17d0
fceb
f024
086a
f321
0cb8
0118
1c66
fddb
dd90
10b3
0030
d498
fb2a
0209
dd49
146a
5641
1f44
0620
ee8c
f908
ed1f
f600
00e3
2258
08fc
dba0
07f2
0cb6
dc68
e77e
fe96
fb10
2b8d
0c86
fd25
f205
1e4c
fd79
0f1f
c623
1617
f5f9
05ed
f05e
f606
f150
e89e
f13e
0015
0dd8
ee5b
f9e8
f7fb
067e
0ce1
ff22
0b97
2685
1308
0aeb
03ff
fb85
0fba
f957
20cd
0fb3
ffcb
f5e7
f522
ffc9
1177
0179
e6ad
20c9
1f8e
f354
05f5
0ee3
07e8
d245
2093
f4e5
fcbd
12db
f1ed
1fd9
e83b
1788
f7a0
d98b
f656
0b66
09f3
0805
e0b6
12a9
189e
087d
fbff
06ac
fedb
f870
345c
f5b7
0526
07a9
f61d
2033
1c15
f15e
1387
2a15
ea96
d5d1
026c
d73b
e4a5
f68d
effa
f02b
d338
f700
0618
27a6
0771
fa2b
1b43
fcb9
ff72
1449
ed5c
1430
0072
0ae8
fb8b
fd5e
0480
ff32
f0f9
f7a7
129e
cab3
0c9e
4554
25ac
1ae3
fb48
f757
f4bd
fc52
0695
1cc2
0fcd
ecee
0431
f9b4
e85c
ea62
00f7
0951
1e64
07d1
fab1
f8db
2549
090c
fc24
bd9c
0d83
ec40
00f9
f692
fa59
e35e
eb80
f3ef
0105
0dd9
fd01
04ef
fa2e
feef
16c8
00a9
1045
1773
0ab2
fc40
035d
fa3f
0f5d
f92f
238a
fd9d
fd65
f510
fe90
f5e5
1493
f663
f1cd
1332
3167
fa06
f80c
16d0
f3d7
d8cc
16f3
f54f
00eb
20a0
fc1f
2310
e148
1525
f604
dec1
f723
073c
1188
0969
ebae
1ee6
09a8
00f7
f9a5
00fc
04d5
ef6a
1b86
0a32
0b02
0710
faf9
1369
136d
fce8
1525
3039
ea6b
de1e
009f
e17b
f82a
ec4e
e95c
f974
d221
ed4c
0222
1198
1302
fb90
1de0
ff1d
019f
1ce3
ff2f
18dd
fd11
0d8b
f69f
ef9d
018b
03b6
003c
f222
0d3b
dcc0
0d10
3da3
22b6
ffae
efd8
f816
fc7e
f606
0ed0
264d
032b
e5d0
1258
e30a
fdcd
f8b5
fcce
0642
0b35
fffb
0521
f13a
263d
0100
d647
db42
0fed
d56d
edbd
f1bf
f6fb
e8be
e0c2
fa8c
01aa
fb24
fe79
f7aa
fb5b
fada
0fce
0f0d
14f7
17d3
0c3d
f034
19d6
024c
2548
0575
1b97
f293
fcd2
f832
eb0c
f7a4
0d86
fe1d
f75b
fb77
2434
fd82
197e
0b56
0c65
e707
18f8
042b
022e
ff11
d7d3
2043
f6fa
fb8a
e19e
d97c
ec86
02e1
fc0e
0d33
efc2
05c4
e171
0314
fee6
f137
094c
fa8c
0780
02bc
f9c3
010a
02d6
f91a
fc1b
01ac
1688
1146
f922
f277
fb24
01fb
0bd9
fa16
025f
f35c
e35e
f102
046b
13c6
ff9c
ffbe
1785
072e
05fc
19da
f358
07e1
f36b
187f
05c4
eab2
084c
f77c
f774
e53c
0cb0
e086
056c
2f63
1cc6
00ad
0ffe
e22d
03df
00ed
12f9
1d06
0264
e9d9
18ce
f9e1
fa22
eeb3
f695
f632
fcf5
03ef
fe08
f484
190b
06fd
d7d6
e85a
079c
dcf8
008a
e980
f5ee
d66f
e20f
f792
0baf
2346
f620
0fa3
e208
fd4a
10ca
13d2
0329
1339
1580
01be
0819
f74c
2be8
f129
14cc
f6f0
eded
fc9b
1d97
f1fa
0393
f0fc
f0f3
01dc
2c64
f520
1084
0de0
0f15
ed2e
0909
f3d9
164f
1c1f
d6ef
26fe
0ae2
1ad4
f07d
d53b
f6df
0286
ec70
0298
ed3e
0a23
eef8
e1cc
edf3
f3f0
fe69
f546
1701
e468
0135
0232
fd43
0d8d
1487
f7ff
1341
ece3
f8fa
e743
0600
013b
1155
fbd3
ff11
f9ef
ddee
ef00
0192
164a
0952
05a9
1fe4
fd45
ff4c
16e0
e466
0a49
f178
10bd
fbe8
efb1
0ede
0300
0145
d52f
12ab
b373
0aef
41d0
0ac4
0ef1
fc8e
e41a
0139
0b96
2223
1b88
ff5b
e3fb
11a8
ed6a
031d
f632
011b
fe86
2762
006e
01ea
f50a
13ee
ed44
f83e
f621
1e52
d245
e6a3
0124
fbff
d850
e7ee
04fe
1198
186c
f0bc
15d9
e84a
0362
ff94
f92f
12f6
16bb
141b
021a
f8e7
0108
23b6
f3b3
0ef4
fb17
f63b
f74b
28fa
e80f
0cbf
ebb0
ef62
0cfb
15a7
f62a
15ff
14df
166c
f431
ea31
ff38
069c
12e1
e6c7
20fb
03b5
0cb8
e2ac
e04a
e822
1858
fb31
013e
f6df
11c9
e6d0
ddc3
054b
f394
ee72
f759
0c10
02bc
ff99
fed1
0556
0379
03af
fc78
1e58
062c
f9fc
d7b8
ef29
f0a6
02ff
0038
0454
ed35
e210
eae4
1064
1ae6
0b76
fcf2
30e4
f30d
0f38
1753
d929
1ff6
f69b
0d33
faca
eae2
02eb
f09b
e6c9
eeb9
20c1
cc73
03d2
2172
0ed1
0377
11cd
e920
e991
039b
069a
1f2a
fef6
ea84
0510
ffb2
019a
db45
f5e9
0498
2de4
f7cb
f981
f509
18df
f684
f94c
f801
1643
bd7d
ed7e
03fd
fad0
d3ab
ed7e
01c4
153c
1c5f
ebcb
fffe
df56
f1f4
ec6f
f47f
0cb9
07f1
0aa8
fe3d
ef9b
0064
117b
f17a
14bf
03da
fbe7
f906
2c34
ed53
0969
f1c4
e4af
0774
078f
eb9f
27ef
1190
0f0d
dc27
f350
fe80
0e45
2950
e873
1b22
068e
17f4
f274
dec3
e1a7
31aa
006b
0241
f950
1fc8
f6df
d290
0eb8
fc51
eebf
e7c8
170f
04cc
f581
0199
026a
0ce7
167a
e8f1
2c7d
283c
f42f
d3c6
ff33
ef9a
fe8d
f1b2
f90b
e5c3
e9d6
e197
fe3c
09de
06b4
fd9b
34e1
f8f4
138a
16d1
dba8
297d
0647
f86b
f12f
04bd
fe7d
e5d6
f9de
deb8
1b3b
c6c1
1116
2fb6
1bd1
140b
13b0
d90d
f49c
0279
ffe0
15b8
f506
d6bd
019d
ef27
1479
efd5
f83d
18c6
1d10
f4db
fce8
fafa
145e
ee04
e6fd
f085
107d
d308
ebbb
0d04
01d1
e875
eb92
0929
0b1f
03e0
f259
0927
e7a7
f268
eab8
049e
0bd1
f9f4
0dd7
003e
ff31
fda9
1f39
f98e
2067
fa85
fddf
1179
fc36
ec38
13a0
e672
f37f
ff8f
0c99
f12c
2401
1c02
ff54
dfa5
fd7f
0617
1164
18f7
d7e7
1d91
0180
1f37
f180
f1a2
efd8
1ab5
1b7b
108f
eee1
19dd
f264
e59c
03af
fdb1
f57c
ec6f
0ffd
0233
feb5
feb5
f40e
03d7
2637
f82e
2ac4
0427
f75b
e0ec
f915
fc47
fc26
f9c9
ff52
e678
e81a
de08
ff77
1aa1
0660
091c
27eb
e90c
150e
18fc
f74c
3339
0888
fede
f93f
0615
fea5
ed8d
fd39
d613
15d2
c0a5
0b81
23eb
0f13
13ff
1be7
c356
ebd2
02b0
0575
11e4
f2ce
daf4
f7b9
f1ec
0864
e17d
f29f
0503
1a86
f26c
0117
f51b
1817
f655
f22b
ef69
0d3d
cecc
f824
fef3
ff71
d9fe
eb80
0010
0c2c
02cf
f546
060e
e601
f2fc
f56c
11c5
0afe
f914
0537
f79e
f8ef
fac3
1183
f6d6
2a83
fd88
021f
fe67
032c
e39b
082f
efac
006a
f457
3181
eecd
2b3d
1d6e
f8f5
df81
09aa
f719
0a15
25ef
da2d
17ca
fda8
1885
f370
e137
0683
125f
163c
03e2
e07d
1e88
fa7f
effb
f373
1236
ff09
f056
2f68
f757
0780
05da
f8fb
03b4
1770
f506
26eb
f7f2
f372
e71a
f5f1
fcd5
090b
f55d
e472
f8e7
fb6f
e73b
f471
16f1
14c5
0812
1d76
f379
1063
1c79
e2bf
0be0
022b
02dc
ea53
ea86
0820
fc34
072d
d74f
0af8
c21e
1a4a
2d07
13a1
1218
f8ec
c28e
e3db
f9d5
0f36
1a87
f696
e235
fa14
f000
0720
dac6
f308
0cf7
ff68
f200
0829
f6c9
1fdb
f911
edbb
e2ee
0d49
dfea
f258
fefc
0c41
e8e8
e604
0a7c
0d50
fc15
03c9
1a9b
dfd4
f942
fd57
0b7f
1b49
fd29
00cf
fc4d
f2de
f63d
0c46
e4c6
198c
f9e6
0203
08fe
ffac
f023
fea6
ea25
f9a1
fa0d
25f7
e396
1b70
1b8b
f8cb
d613
ea63
fc90
1042
2088
d430
1c70
f370
1633
ed70
dee4
0d39
09ca
12b8
130f
f309
1d53
fb57
e5f0
05ab
062d
f5ad
e85c
1b4b
fa7b
04a7
0449
f632
116f
1030
d7a3
1315
0538
edcf
ea2f
e7f8
e788
10cc
088f
e01a
f852
f158
e4b7
fdad
0ef8
15d8
11f5
1d8f
ec3b
1116
257b
d8b9
1bbb
edb1
f1da
f125
0205
08dd
f2df
f24b
def0
1425
c858
172e
4220
0214
123b
1365
c7b6
efd8
0bf2
0b2f
0a29
eea2
068e
0fc4
dfb5
2422
1701
1b64
3199
0a8b
f739
034a
0852
fab1
1014
0eac
faf2
00d9
fe3c
10d5
fbee
f910
de7e
ff34
008c
e58d
fc4a
0ca6
f73d
120e
0f4d
efa9
26d1
f447
fc67
3dc3
0337
0307
02f1
2644
2461
be02
ded1
f6a3
fb5a
f3b8
f8a3
f83e
0aac
1697
d1eb
0ff1
1296
2fd1
dc9e
fbc2
fa8e
2b49
1cef
1c4c
0c52
1509
0473
de6b
ebdb
ee91
05c0
00ad
eed1
037f
04c1
1896
ecd3
ed70
0213
edba
0528
e709
f109
f9a3
ee37
1143
0bad
153d
e5d3
e9c2
10b1
0008
f4e5
f4d0
ee69
fe40
1067
c968
f63c
16f6
fa2f
0649
17ff
fb98
ccbd
e738
01e2
f5c5
00ff
fd45
fe2f
fadb
f57b
1748
1525
004a
e673
102e
1a6c
29b2
21f9
ed4b
e88e
e063
fa8d
1dde
f725
f40b
ecba
fdf2
e6d0
2e12
f64a
1aee
fdcf
2472
e512
2469
171b
1283
0a7d
1d45
f822
06a8
0578
faab
fc36
1529
0753
0515
fc97
1085
f749
f9be
ebf0
f423
fbd4
e124
f2c0
142d
e490
10ad
0fae
ecd8
1c5d
f4b0
0168
3584
0752
fa7a
013b
125d
2a28
d4be
e73a
fba2
0238
efff
024a
f76b
0d7b
0962
e1a2
ff53
0f28
1bf8
e1fc
f53f
f856
3441
1c2c
21e1
07db
0dce
0134
e0bf
0319
edda
13c4
013d
fb3a
108f
06ba
1486
f20e
e7ac
fadf
ef52
ec98
e614
f60b
0f34
f600
0939
0241
13b4
e1a6
f18a
05ae
fbf0
fa50
f578
e49c
0ace
0704
d1a9
f1eb
0a7c
f502
fb97
1103
0084
d069
ddd2
eafb
f404
05b1
fa05
fe5f
fe64
fd78
27de
10a5
012c
e079
18c8
1ef3
2107
2285
f21d
e7db
dec3
0048
2c69
033f
03a0
f084
034c
e79d
0bb6
11b0
1b2f
03b1
1e87
e5f4
13ed
0aeb
06ce
0d42
2461
ea94
0cb8
fda1
fe03
fb08
1893
0013
0036
f31b
0561
feb0
0dd2
ec62
fc3a
02ff
f24b
0c92
1818
f090
ffc9
0cc0
eaa2
1502
fe98
0fc1
0e97
059d
fa31
02f4
064d
281e
df55
f56c
02df
f737
facc
0a91
f015
0870
f8fe
e328
f9ea
01a9
224e
f510
fa72
ec63
1c91
16e1
1dc8
1057
fc94
1245
e6ad
0533
f6aa
1987
0a66
ff0f
1684
0ef8
176c
fe79
e01a
2752
f891
c342
df57
f976
0db5
f79f
094d
006e
0c08
dca1
f5a4
f717
faff
f819
f55b
eca6
0783
0ae2
d680
f82a
fbb2
0265
ec29
09b8
076d
e232
e1d9
f559
0e83
f656
0796
ff22
f272
fd97
055d
15cc
1193
dd9d
0564
09d2
1552
19c9
079a
e351
eac6
1594
316c
04de
0be2
eeb8
03cc
ebad
0421
051d
0be1
0909
1ba2
eac2
1d47
0894
ffa0
2021
1b4a
f59e
0cf6
01ac
0795
f2c7
1368
0012
ffa3
fe1f
0e98
01fb
0bdf
e8fa
fbe1
fb2d
ef8e
f7d0
1848
fb93
0786
1712
eb9b
1f4a
fae2
048f
07e6
029e
f7f3
0a57
135a
174b
e257
e6a8
f8c0
10ee
ee42
fc97
f162
0512
fc02
e2d6
04ef
04dd
2403
f22d
f6d0
f04c
2620
09af
1dc1
1dff
0aeb
15ba
d527
09ab
f6af
16a1
0d2b
f115
09be
0a9a
0707
f9aa
e4bd
1a7a
f59d
d684
e743
f3d8
0ec3
e798
0751
025e
ffab
ebcc
011d
f4ee
fdb3
fc9a
f693
ef00
0915
04a8
c9c4
fd3c
f701
f99e
e4be
1011
0722
e983
e4b5
ff23
00d7
eb7b
007a
ff60
fd8d
feb1
0318
1062
1428
d43b
0311
0547
07c0
0eb9
02ba
d841
e949
1532
303d
ffaf
f6e9
eff6
0252
e965
0ad4
fafb
0580
0a05
13b9
f006
1c7c
0d0b
f34e
2051
0ace
eb85
11ca
03c6
12a7
efa1
0332
118e
fffc
f89c
1220
0596
10e3
ec3d
fd32
faef
f0a0
0a02
10a3
fed1
0fd3
0c2b
ed6a
25c0
f210
06bf
1d6e
f9ef
f85b
0689
03a3
15c6
e46b
e03a
f54e
039e
f0e2
fd9b
f133
04fa
fffa
d922
ff9a
01f0
299e
f5bd
f773
fa25
146f
0a0c
28f7
0ac3
0c3e
112a
dd37
fbc6
f89a
1872
214e
030d
1707
188c
fcff
efdf
ddfa
165f
dd3e
df2a
f016
f792
0be5
e8d5
0afd
0000
fee2
ece8
f4d7
0144
0050
0f84
f2d3
e3f2
0db1
043d
c6e2
f4ce
f79b
fe09
e31f
0c3d
0447
ebeb
e753
f802
f177
e8c0
fb04
03ae
085d
0687
03d6
004e
0e76
e4e8
fff7
0a5c
fd84
044c
ef06
e058
ed85
0f8d
2e35
fe84
0e75
eb31
0033
f4e8
108f
fba6
0972
0239
17c0
e35c
2bdf
0fc1
f572
2363
048a
f3f6
1222
0824
0d59
f9cc
faaf
0905
0226
034c
fe1f
0344
0a6e
fbdb
f584
fc7e
ef87
1273
1969
02fe
157f
0b96
f516
1730
fb16
1940
123f
f93c
f3f8
081f
fb42
1505
d776
e22d
fb5b
fff8
fbb3
08ae
ef6e
0823
0443
e3b4
0168
feb8
10d7
f4fb
f7e8
f4eb
250d
0ced
23b6
28e2
0876
074d
d0fa
fabf
fc0c
1855
14a9
fe69
08f2
1525
0660
ed1d
da3b
295c
ecac
dbaf
f565
f2a7
04bc
df8c
170f
03da
0ab3
deba
df27
fbda
f805
0ec5
f738
f3ea
081e
fb24
d143
fc6e
002a
fd64
ee38
10c8
09b3
e0e7
e434
e21c
01f0
e401
ff3c
fecf
0cc2
0436
0887
0a8c
13e6
da9b
fa75
0cb0
ffde
0f56
f1c9
e0ae
ebd5
0971
1b88
e54e
fefd
ee12
0339
f2ab
1087
fea0
0916
001c
1477
0370
fd57
1e3a
eaab
fe17
29c7
f889
1743
fcb9
0ecd
0226
dfac
03e8
fa90
f300
0c45
f606
0f0a
fcf4
f47e
00c6
079d
0d90
1210
f4ae
f9f5
02b9
ecf2
146c
fe53
1e98
010d
f892
e19b
0ea7
ee4f
14f9
e4d9
f0bf
ea53
f33d
fcb1
fec7
f00e
0049
f75d
f2ec
0074
fb19
efbe
0504
2c59
f376
1507
e5c4
1bd3
0ef2
fae6
14ad
d953
012f
068f
0e12
06c7
214b
ea64
20e3
0534
f82b
e2d8
1343
f459
cec5
db25
f935
191a
d99d
1840
039a
ffb6
e7a0
f156
041c
f0eb
1195
f139
eece
12e8
fa38
e1e5
f052
04fe
fbef
e5ba
086d
1225
ec18
fadf
ea9d
077f
e8a6
028b
0663
fc00
fc1d
fb9e
0225
0b60
093c
fb5a
0137
031b
0dff
ee84
e3a8
e4e8
057f
25cb
048a
12fe
fb10
037c
fb25
02ad
0aef
0dd4
f7f8
07e0
025d
ef3b
04bf
f116
fac9
2303
f015
0cb0
f520
154d
f58f
e2a1
fa92
f56e
f344
075e
ec8b
0c97
f4fc
f66c
f598
10d4
fe0b
0b3d
fc96
04d3
0bf7
f995
0750
fc61
0f44
f280
0247
cec0
ff13
f664
1a38
e51a
f4c9
f39e
f15d
14ec
fcd9
ef7a
fbd1
ec76
f79e
fe26
fefd
fdf9
0873
2ee3
fc94
06ee
e57e
1404
191c
f362
0ba3
e0d1
fa7b
12ae
0022
065d
21c5
e205
1c18
0d1b
f2d6
e484
080d
f9f4
d8f2
e4ba
06b0
0f04
d6d8
1133
ffdc
0abb
ec91
f2b9
f9aa
f193
0e25
fc79
f3f8
14e6
f709
db75
e95a
0313
f447
e8ba
0d11
1ae1
e5e7
0238
e903
021c
e013
08bb
1ac7
ee06
f56a
fc1c
ece4
083c
10ed
fe30
0364
ef53
f7ee
ecf5
e4ee
eeef
1369
28b4
027a
0e18
fed0
fd32
fa66
fde6
0505
0104
fdc4
0a49
00f0
faa6
f5b9
f559
14c1
1cb5
fba2
1171
0aff
0e82
030e
e9af
eeea
0945
f19c
fe0d
f2d0
0a08
fcdb
f95d
efc7
07ed
1653
057a
fade
0ca7
0980
fef7
046f
fd4f
0d74
ffa7
f9a0
e215
f7ab
fd3c
17b8
efd2
f0ce
f59a
f351
08a3
fe94
f9da
fdfd
018d
ec12
ff8f
045d
0d4c
000a
150a
f7f3
0cfc
ee46
f7a7
2673
e649
0814
d985
03d2
0c25
1066
0f06
0410
f2b1
2282
08d4
f584
e5de
2b68
ff15
dde4
e386
f805
1482
cae8
183a
fa74
0b81
fd06
eea7
f1be
f305
fe8f
0ae5
fa12
fcd3
ef21
e337
f448
f74f
f2b1
f6d6
0249
197e
ef62
eb17
f946
0164
d8e3
04a8
09ed
f05f
fbe8
ed84
f5a4
0382
0c9a
fdf6
fcbf
e70e
fd46
0271
dd82
f1e7
1264
2d89
fd99
f63f
f9fe
fd19
ff55
f54a
0d6a
fb98
f40f
06e0
04ca
f4d4
f080
e288
3bc4
0d8c
f8a4
1c87
09f4
0b2a
f968
e9b7
f0d6
039d
ecb6
fd5b
0264
052f
fb91
f20d
f432
ec9a
173d
1234
fdf1
0cbf
1539
f500
133c
011a
0489
03f7
eef3
ea31
f323
fd69
15a6
edf2
f947
fa7c
fb23
ffbf
042b
eb8b
09af
f923
f1f1
0cd4
fea6
158b
f802
194e
f0e6
28da
ec82
fd31
1dc9
e6c4
06a5
cb36
03ce
1052
0e99
0013
1020
f962
1f67
f77b
02cc
f349
20b0
f482
e760
e53e
0971
22b4
c751
0ed1
f425
0079
0aa8
f8b9
e887
ee90
1ba1
fe83
f20c
f244
f1a3
e5f0
0596
f2e5
f8ac
efa1
f8ec
1a4c
f40c
ea04
026d
0480
ece3
092c
feba
e220
04ee
ea8f
f370
07d5
0252
0a7c
fbe9
ed55
0c29
02fa
cf5b
ef30
3178
344f
fed4
0043
f4c3
04cb
f55c
0ac7
0424
fafd
e008
0d0c
f5a6
fd7c
0619
f5e6
319e
1b74
f9ab
1763
02cb
0010
005a
f826
04bf
0a36
f297
fc9e
00bc
fcbb
e4cd
ffdb
f16a
ec5f
0bc0
0ba9
f207
11fc
1973
0124
0bab
0341
0d48
072c
f894
f623
0731
04b7
3115
e9ce
f655
ffde
05bc
ec22
0369
fc84
04ac
0038
f50d
0897
0991
0a5f
fd10
12c1
f204
27d8
f696
f151
1a34
eecf
faab
d70e
f959
089f
149d
fd4d
0c5c
fc51
1e01
0637
06e4
e144
04bd
f477
e206
e6d2
fed7
0f4f
e2da
25c4
01d7
0583
f11a
ea1a
f833
fd14
3559
044f
f9f0
f542
f563
e6ff
fad0
f786
ee0c
f32a
0152
1fda
e2d5
f238
0104
09ed
f161
ff21
0804
f587
f2f6
eeda
fadd
fdc0
ec3e
0fb9
fe3d
fa85
0bda
f91c
e043
f4e2
2486
3d32
f64e
f85f
f616
f8cf
eaf1
0847
07b7
0477
e6c0
01e2
f799
edd4
067c
f8d5
2795
25b9
f1b1
12cb
f7da
03d6
fc32
f429
14cd
0c9f
f53f
f254
033d
0234
e62b
ef4b
f7a2
ec12
1ab5
0078
ef6a
123b
0a60
fc2a
1a52
0f5c
12ac
138b
fda6
eef0
03c7
014e
2fd9
eb78
fecf
0368
042b
f312
085e
f9be
0400
ff9d
f119
0ae1
fd77
0f2c
f6b1
1d9f
f01e
1324
f8b3
00b8
11d7
f45a
0dfd
e1b9
fcdb
febf
0c17
fbec
1252
0381
0f35
fd88
f3cb
eff9
ee90
eee3
eddb
e96e
f9e9
1a83
e65d
19c8
feab
f9fe
f3f8
ecec
0175
fe76
327b
ef7d
eda9
0076
f4df
d8db
f68b
fcba
e92b
df4a
f986
1c9d
d897
f7b9
f879
04ed
f071
0996
0de0
f041
e39d
ff3e
f0c8
0177
f315
0cc8
033e
0577
06fc
fad8
e098
f2d1
18f4
320a
fff5
f874
f328
f98c
effd
0775
0822
07af
039f
1061
e531
fdfc
0ad7
0c91
3d2c
2128
0001
0504
03a2
06df
0dbc
fdea
1bbc
0bde
f38e
fdfe
05f7
081a
d758
ff10
fb20
e46b
10ef
058a
f073
1412
ff8f
0bf7
0894
0b3d
fd0a
0fa2
f7df
f192
09c6
05ec
2bd9
e90b
e2c3
0526
0371
0a29
f5bd
0214
04fc
0765
e98f
100c
1270
0a58
fbc0
084e
edb2
0fd1
0862
0014
18c3
039c
0b86
dbd6
e798
f96e
1756
fbcd
10d5
068a
1649
0cdf
0316
ec4d
f67a
f35d
ce77
f456
f46c
0266
f7fd
1e35
0177
01a2
f3ab
ef5a
0128
0eed
393d
fa64
fad4
fd3a
f117
d1fd
f923
0653
e2f4
e4fe
ff28
12ca
cdf2
f54f
ef12
1070
0103
0b46
167a
0b31
f84d
fe44
01eb
035d
f1ae
0e1d
05fa
f952
0862
f555
e9d4
f234
0b18
2bd8
ec51
ffdb
0095
00be
ecf8
0b77
0cd9
febb
0aca
12d2
e021
0c40
1019
0cf1
38a6
00f5
fb55
f893
031d
0c4c
139e
dfc2
0154
1449
ed6b
ed26
fb6c
f8bd
d381
f652
ecfa
e594
1f99
f7a9
fc92
1fb3
0c79
1529
195c
041b
fc77
19fc
f750
0b7a
130a
14de
1f04
e2ed
d494
06a5
0aa9
f613
f977
f765
0818
1827
ebac
1713
0887
25b3
f5aa
0f25
fbe2
1f52
094e
fa46
056d
e703
05a9
e6bd
dcb4
ec97
1573
000a
f675
0296
1795
0183
f759
d71f
f8ea
f34f
dad0
f028
ece9
f79a
e921
1aa2
0a6b
1750
f128
df0c
0448
1066
1a42
075f
01e5
0558
0895
e794
f04c
ffd0
db77
f0d7
0560
0756
cd5f
f0ff
f586
0d4b
0934
088a
17f9
fcc5
e073
f96b
0d1a
006c
d5ea
1768
010a
03fe
fbb8
ed0a
df8e
f163
148f
1d03
e8d1
114f
eb84
fce8
f1dc
24f6
fc96
0693
f55d
1aa5
e72d
078a
1243
00ba
243e
fcc4
f960
07c8
04e2
10a7
0354
d3fc
129a
110a
f7b0
ef21
fc56
f849
d953
e3fc
f53b
f8de
30b3
f617
09c2
03ba
102f
009b
227d
020f
f8bb
1090
f5c3
fc98
0df4
0a76
0ae2
decc
eaa5
f9ab
09cd
0712
0573
ed96
0b11
1049
e636
0b99
fc9e
264c
02a8
13f6
ff90
1697
fd0a
0f14
1428
de4a
1743
f11a
e576
f882
0c64
1887
f581
f6e6
1a45
0657
fe71
db4e
ec86
e865
e9f4
e34b
f157
f64d
c9d1
14f6
00ff
04f8
ea6e
ed91
051c
ff36
fd68
fe11
f457
05ce
08cc
e98d
f3a2
0436
ea82
e9f8
fd6e
13a4
d42d
ebd4
fb42
190f
ff29
ffc4
1b55
f5a1
f0e6
f6f1
fd4e
00b8
f3e6
24e1
00fd
081c
fb31
eb9d
e650
f258
2307
15ec
e844
0d17
e6e8
0952
f61b
1812
f604
0419
f374
1889
dc96
1c80
1eaf
1149
2583
2572
ef93
0181
0484
0223
ff3d
e91a
194e
1d2a
eed5
e940
0562
f9f6
d5e1
f670
0267
015e
2ba1
fcb4
ff59
0615
fb5e
f438
14a6
11d0
0733
0f85
05c7
fc1c
1317
1980
14a0
d40a
ef18
f70b
0909
052f
eeea
f942
ffe1
1d01
eeef
07e4
0a99
2b8a
f914
11d0
061e
09ac
12da
040b
07d5
f34d
1711
e69d
dabb
e9fc
0fb2
fb89
0bf8
000b
1091
1416
fef1
d50b
f1da
f428
e9a0
e672
f401
ecfe
e350
173d
0055
1106
eb4c
e7da
11ce
0dc6
0ff1
044c
ebc2
fff0
087c
df88
ebe5
1442
e674
ef51
fcca
0dba
d5e2
e865
eb92
1c51
f21e
17aa
0a4b
02ee
0b13
04f6
135b
0633
ef0b
1131
030c
f360
0ace
f5d4
f722
eb9c
0163
23d9
e76f
1d46
ea0e
ef23
fc6f
1062
007c
07fa
fa4c
0af7
f2b4
17ad
1367
0adb
2337
2189
f394
f903
fb03
0b03
00ce
e34e
0ec1
1a25
e1f2
f31e
0206
fc3d
d7b3
e410
ea2f
05de
3448
fe13
fcb7
fa0c
064f
eb40
1eac
003d
f5f7
0b2d
ff38
f4a8
138e
f4dc
0fde
d572
f26e
fca0
0cba
24b2
f9e1
f408
faa0
0a9a
dbee
084a
f97e
37fc
f136
1e78
fec4
1ef2
fc7b
0cc9
21cc
f314
10ce
ed71
ea7f
f872
150c
fa1e
25e3
f4cd
0bec
0fdf
0c8a
e223
f688
f11c
f14c
d8cc
daed
fc93
e31e
0f1e
0679
0f32
f2d2
f173
fbc4
14a7
1777
04c1
ef00
061a
06cf
df30
ee69
09be
ed8d
ede5
fb66
fd29
df87
f4e5
f1ee
183a
f0f8
0abe
1599
fcdf
067f
0bc9
fe08
fa1e
f317
1d80
f42a
07ae
0684
f29b
e947
f9e5
2693
2582
eaf6
fba6
d815
f938
006f
1b2e
f6e4
0c7c
f92c
120b
e851
24bd
1000
15b9
40d2
1b0e
dbfd
f10b
fcec
01fd
03b3
def2
04c2
13c3
db02
fa47
046b
fef3
e373
e5b5
f5fd
f2d5
29c0
f3e0
0067
06f5
fa9f
faaa
21af
fd4e
f5e2
199d
ff8a
f8ad
101c
00bb
1bd7
ccb7
eea5
035e
27e9
0cee
fb74
0376
edc6
183f
d542
15aa
ff74
2eb7
ee7d
1224
fe46
1414
0e9f
15c0
1600
e87b
100e
e8a9
e6aa
f4cb
2587
0292
1594
10b4
1053
1759
117d
e115
f91a
f2e7
f786
f889
df72
f6c4
f7e4
18a6
12d1
2038
e796
fe78
0437
1e01
0719
0704
032d
02b3
0e95
ea41
f1a9
0d06
ed1a
f175
03dc
f651
c566
e6ff
f663
12ef
f8f5
07fb
042c
0c85
fa76
1b2c
020d
f419
e724
25cf
0388
072f
0d7c
f4e4
e8ac
fa14
08af
1615
e4f9
f3ed
d5e9
edb7
f2cb
216c
f2ff
0874
fed4
1326
edc5
1888
0df7
0256
3a54
1b71
e555
ee82
02cc
0da1
03ca
ee25
fcc3
14a8
e3f6
ffb9
0205
0142
df63
e5b9
ebc7
eb0f
379d
fad4
f740
fa29
fdd4
fcec
2191
0cb1
fb38
1623
f168
ef9a
02a5
fe9c
1806
e8ff
e42b
0275
08e5
160f
f712
fb43
ed27
2233
deaa
2166
f9d2
221e
fdd8
1652
f482
0c59
fa4f
0357
3242
f2f2
0a84
edc2
eaf5
0735
1c74
0cec
2e54
0e8a
13af
05f4
0fab
e5be
fd3d
ee17
fe16
ec2c
ea77
01ab
f2ae
2635
087d
145a
f318
fd09
fed5
16d1
0aa7
09fe
fbc2
030d
0fb8
dfa5
f38d
fdc8
f02b
f420
0139
f76a
c8f5
f478
ebda
0c13
eb2a
1296
0bd2
12de
f5f9
106f
f3c2
f75f
e8f4
27e9
026b
048d
0833
f5c0
da6c
013d
1251
1c6b
f05e
f3d8
d7c9
f218
ec02
0764
f518
099b
11bd
11e9
eb81
21d2
0069
0c1b
37b3
1347
e68d
ede3
06bd
0207
0328
efa3
f0d2
1b0f
ef2b
009b
0492
01de
cebc
eba4
f17a
ecbe
1675
fa24
04bf
0801
04c2
0852
22a0
0621
f93b
1d8c
0652
0495
01ed
0736
156a
d722
e581
086a
2867
f074
f0ce
fe78
f07f
18d6
d510
25e1
fc30
319d
faf2
0849
f2fa
06e7
00c8
0a95
18fe
ec04
0c74
e701
dd6d
eeaa
1fa0
14ce
0db4
12db
1be4
0b8d
0af5
e194
f9fa
f31a
f372
ebfa
d5f8
f8d0
f3f1
1ffc
057f
150a
f19f
fa6a
ff50
1b48
1334
0063
09a7
ff9f
0fd2
e8f5
f51a
f588
f902
fab2
ff57
f518
c661
efae
fc2b
0342
ec2c
0baa
08ab
11b2
09c3
0859
fe4f
f23d
e55a
2b5d
0733
05ef
f89e
f809
f2c8
f8c2
076f
1516
eb4a
ef90
da07
f7f3
f9ef
1fce
fb09
087f
e785
f8c7
fd46
e78c
faf3
f4d2
075b
02cb
0625
fe7b
ef4a
0d2e
ebd5
fa36
effd
11e8
dfe4
16fa
fd3b
0d10
dd88
eb35
1272
136d
ead8
05ba
01e8
e9b7
14fc
0a82
14a2
f63a
0efa
29c3
fc02
085e
ed2c
1e46
120b
13c5
f378
f6d4
f53d
0629
f3e0
00de
fc93
f92c
edf6
0e83
e0cf
2e9c
0f15
e7f5
e7bf
1351
fb52
213c
0ddc
f43d
0de8
0a31
0e90
fdf9
d7e6
f71c
f22c
f69f
0072
e170
ef0a
0f0c
0bdb
fc62
ff9e
ec84
e94c
1868
f593
0255
04ac
fea6
0c5c
132f
f78a
0042
037d
eba3
e1d1
ffbe
f3ca
01a4
0089
fffe
0010
fe56
0587
0232
12b1
2015
fd49
03a4
f11b
e58c
1c07
e1af
fd1a
0079
160e
f028
02fb
ee41
f61e
374b
e60a
149b
f2d6
0106
22f6
0a17
1f8c
fa78
f2c3
f343
f876
19f9
fc80
17ab
eb29
1985
fe0b
d9ba
ec8e
f3e7
ee8e
1c5b
f9d7
094c
02cb
0889
ebfd
0a85
193d
0a9e
e8be
062e
008b
11d9
e552
ec38
142a
0bb6
e9ad
04bc
eeed
e0a9
1269
ff00
036b
ff9a
11c4
1584
00d5
fe0f
f230
0cd9
23d2
3afc
f124
0164
e79b
0811
fe03
fb70
012c
e802
ff44
fcaf
ed42
1671
133c
ec2e
d76a
1b8d
f786
27f2
1cf0
f98d
0624
0250
3988
fa40
e94e
ebbf
033b
fb02
01d7
efb0
0385
faa5
1462
fb27
e101
e349
ec84
348b
f8e5
f885
f64d
00f8
facf
0d0e
e878
faa3
fd49
ea77
d135
fc51
e6fd
eeb3
fab1
de8a
f984
fca1
083d
09be
14d6
1588
fbef
ffaf
e3a9
ff5b
0db2
d39f
111c
08fe
1259
f8d6
0ff5
f38a
fbc3
14ed
f4c3
1ac0
c93e
fe0d
225e
2181
1d7a
fbef
f9bc
f683
f94f
04da
1a4e
19fc
032e
0bad
f4e1
dd44
ed19
f4c3
fc18
22f3
f868
04a4
02a1
0972
ec60
0f63
04b3
1182
e27b
1127
01f8
1314
e7dd
e497
fdad
0cc2
f102
fc25
02c1
de31
13db
004b
092f
026b
1358
02ac
0a7b
f7f6
ee30
fc9d
0f48
3254
f7d7
067c
e7ce
0ea1
fc23
f22e
ffee
f12b
0986
0221
f29d
13db
1867
e442
dcd8
23ac
f9d3
22b3
21de
ec3b
1eb3
0a5a
25c8
f443
f3bd
f634
f8d1
0d67
fcbf
f79a
0d8c
fafb
5357
046c
d5ae
eda7
eacf
24ca
fe3f
f571
ff64
fffc
fc5d
0dc7
e8ee
fe1f
fd42
f491
e610
1219
f65a
eb14
f7f5
e546
fd8f
f37e
06c0
fc03
1282
05ec
01f5
15d7
e980
0293
0f90
e8f3
0726
f9b2
2707
f98b
f087
f758
eb0c
fd0d
f4ed
1d97
f144
0447
37da
1a6e
f722
04fa
f0f2
f474
f589
06c8
0f55
0e96
f88e
0ad9
fc45
ef9f
f116
e9de
0215
149f
0056
0c32
0025
1640
ffc6
fc4f
e7e2
08e9
f382
1f93
081f
185b
f507
ebf3
0156
0975
f205
09b0
0349
e672
1bea
0a19
0866
00d8
1611
f71a
08d4
0b58
f9b7
ffcc
05c6
247b
f613
fa4d
fb73
fb2a
fb56
f141
f6e5
e80c
f953
11f5
ef73
1965
1717
dc7b
e1a5
2bf8
f5f2
2112
125a
eff8
1000
049e
1ccf
e0ff
e715
f1be
f410
08d0
fa84
e651
fe19
04c1
3029
01b3
d8ab
0175
f589
19a9
ddcf
ef02
020e
f5ce
00e1
130e
f1c3
0238
f32e
f94c
e156
1dd7
f0a7
e749
fda1
f292
03a2
f345
1711
fd12
253b
0915
f961
0362
d9ca
fd4d
14ce
f161
081e
f958
33f3
0077
eaf6
f55b
f173
fa2a
f52f
14f9
f5b2
fdba
2d25
1e8c
0502
0b6c
edd0
f466
f83f
00ce
08e8
0922
f5c8
13ea
f7f4
067f
06f0
f9a5
09a7
0a80
fb6e
06d2
0491
1a20
f24b
f3ee
f629
1886
f32d
0bd2
0865
0d6d
eea9
f48b
ec73
0395
f761
f33a
1274
ec49
1b44
288a
0956
fc7b
16cb
0976
02ac
0d66
f813
fcc3
fa48
10a4
e98d
fe83
fc44
f087
fbff
f9f8
0508
ff23
f50c
0181
f7cb
1274
05c7
ccb7
e9ab
26a6
08d5
19ce
f899
f1dd
056c
fad5
ff52
e30d
f0b4
0bd4
eacb
2588
04af
f0b1
f90f
fb4e
316b
fe08
f2f8
0424
dd6d
00c2
df4f
0c1f
1aaf
0b92
f412
f68c
0744
11ad
f943
f8d9
f605
1dc3
fa65
f119
f23e
ff55
001c
ed67
06be
e38a
04f1
fb55
034f
f27d
e9d9
f435
0af6
1183
074f
00bb
2f84
f540
dd61
fdb5
06af
fc4b
eb6d
f0de
0d62
fd59
055d
1f8f
f78c
0eb9
f732
dc50
f5e6
fb98
0437
0b4d
0642
1df5
f436
ed9b
ff5c
f145
047f
f92f
0a0a
ff51
04b4
2540
fff6
f73b
e0bf
1943
04b7
009b
f638
014e
ee2e
e8fe
eff7
080c
083e
ed3f
2d0f
fde3
2d27
1d79
0de5
f0a9
1260
1b8b
fecd
05e2
f22a
19ce
f642
13b0
f21a
fb88
f702
01e8
f129
fb72
fb69
fd69
fae0
14fe
f90e
0c95
1b8a
c69e
e101
2874
0d2d
177b
29ee
fe6e
000c
f25a
1360
e33d
ef1a
0d40
d6b6
121c
0830
eceb
f89e
0463
3c94
f240
f730
1a14
caf4
056c
db63
1692
241a
0d92
f09d
f8f3
fd79
1330
f0bc
fe35
f7b2
20a9
e700
f629
e744
f961
f2e1
f19f
0d82
ecc6
0de8
10e3
eeb0
e775
f2c4
f2f7
f90a
0656
01ba
fb09
35bd
efc8
d492
fb15
11e7
05fe
f1a4
f2b9
f35b
fe50
12c6
0a75
eaea
e758
fb54
da50
f54e
183b
1283
15e3
fb01
1677
f605
dfd5
0c9e
f8e5
f779
02d3
002a
fd4b
0331
168b
0402
d1c2
e12d
0f03
135b
f3f0
fa43
05ce
ef2b
e2d0
f48e
25a3
e587
f1a3
100e
ea7e
1c5c
2e08
1d57
f80a
10ca
0e01
01b7
02bc
f8dc
0a1a
0a8b
0c70
e7bd
ee73
fd75
f9bf
f9fb
f78a
002e
ef3b
ede7
15ff
f5f3
01ed
1c43
e3bb
ee02
1c7a
0441
0fcf
0cbc
e980
0977
ff5e
0b50
f5e9
e1e3
f927
ebf4
fad4
0661
f788
fcfe
edf7
3619
f9aa
05c8
0d47
dd45
0808
bc20
1998
2193
091d
e7b8
eaee
f376
0994
e5df
00a1
f565
2ef9
f4d3
0475
e71b
0ad4
ef1d
ed0d
115f
f280
129e
16c8
e7cb
e7eb
f185
f0eb
076c
06f8
f69f
f668
2c66
f12e
ec2f
0283
0669
01c2
f186
f184
f066
fc09
0a54
034b
fbd5
015d
f8a3
e476
ffe2
0229
0b06
1582
fa81
06a4
fda2
d7cf
f3a0
edc6
eeeb
0b13
fa7d
f7d2
fa02
15e2
ebfb
e34b
ebfa
0a11
076f
f0ae
f5d5
0889
e6d6
ed5a
f3d6
1ccc
fb0b
f0fb
17e9
f399
1695
1412
0189
0235
0cf1
fa2b
fd34
f0fb
f07e
fe7e
0d0b
1c71
fb03
f956
f040
fcc8
f73f
fdf4
f202
defc
0b67
04ef
f895
0220
240a
01d6
ee0e
ffc6
f32f
0b0a
0ac6
e404
fa80
ff4f
0047
fa00
d8ed
fc73
f1c4
f053
00e9
f52e
fb66
f03c
35f4
0f83
eb91
00a7
e9e4
0489
e8ee
035a
159d
0bb9
f161
f2fd
fda1
0ee0
015a
0fe8
ff79
2331
f24d
f54d
eb69
0330
eb75
ed18
02d7
ff34
1780
1df6
ecd0
fd13
e4a3
fbf1
2544
fabf
02dd
eabb
1963
efd4
fbfa
f89d
f56c
e7a6
d48d
e54b
008a
09d8
0850
0e24
fc52
07eb
fd48
eb34
fe85
fa37
0edd
fe61
f73d
0bc7
fa50
dea7
d286
eb91
fa5e
1314
fcfd
fc73
0555
0d46
fc17
f91f
e6ca
1a6d
f6fb
f5b5
f343
fe59
f145
f2fa
eee5
175c
2ba4
eab7
1579
fd91
169d
0ae1
07b3
0572
13f2
118c
f86f
035c
ef30
0be7
0bb7
2467
003e
f343
f30d
edac
f925
f7dc
f8d7
e151
0472
0974
fce4
0bad
238b
e142
eea9
082d
fed6
ff19
0ded
e435
f1a6
e64a
0696
f0de
e256
fd94
de48
0966
0e2e
efd1
f264
f630
4038
09a1
e297
f6ef
e3b4
14e3
e91b
0936
0ba5
13cf
e541
e270
0374
0455
f7b5
0960
fb6b
0989
eff5
f559
ee45
f117
e861
f6e1
f8e4
fd53
241c
127c
eb2e
016b
d897
06cb
189d
ee38
000d
dd7e
1561
f102
0016
fcb3
e4ac
e692
efab
029f
e110
005f
16ea
1b8a
0ddc
ff71
f619
f3c4
0386
fb2c
11a7
fea7
eb5d
0aa4
fccf
d5a6
de4e
eb9a
1794
f686
0024
0d5c
0642
fd26
ee9f
d86e
cc97
064f
0b1c
e6e2
0b83
0a4f
f6d0
e7ac
00fc
1222
0a62
f94a
0fae
f67b
2522
1162
0e98
0910
029c
162d
00ce
0c4e
ebef
0780
09e8
2158
f417
fd53
09fb
ec61
0704
f994
0454
ddf8
f322
14e5
f2a5
08ec
25d0
e54b
ef22
1c10
fbbe
fc8d
0665
cf66
fc18
f2d6
0a6d
0445
d7e4
1539
dd69
10f2
128d
db83
f6ad
01d3
5604
0661
e20c
fba8
f241
1bfb
c837
02a9
05de
08b5
02ae
e785
fba8
fe94
edf4
fa47
f94e
0450
ef78
1169
fec8
fc31
fb08
03ad
f4a3
087c
37de
098b
ff31
0560
dc07
01ed
14d4
f937
085f
d660
09fe
f7a7
ff5d
fcb6
f72b
e7ae
e8ec
07b9
fa89
f036
29bb
100d
02b5
06a8
f152
f706
0738
f9ba
10a9
fce8
eda7
fae1
f2ef
daf5
db1d
fb05
1797
033f
fdb3
0764
0757
f9d0
f695
ec89
ddae
0eb5
1ab1
e66a
112b
04fb
f2f1
f1f4
ffa1
fe0b
edae
fc0f
0e75
0c03
19f9
1b94
12cc
02c4
ff5e
23f2
01fc
1e52
fa54
20e8
1788
225d
fd46
f1fc
13e9
e136
02dc
0989
fa3d
f3c8
e114
0880
02cc
18b7
15bc
dbca
f79b
1f4d
fec7
f75c
10c8
dc36
f72c
f10b
fb57
ef9f
de8c
f2be
db32
102f
0ee9
d7e7
fa75
ef02
37d4
f874
fc24
0efd
ec50
1e1f
ddff
0e0b
09d7
076f
f2d6
e9e8
01e6
07c4
09da
f8f9
f58f
1154
0135
18ed
ff2e
f2d3
f5f2
e770
f356
064e
2768
ff35
0de2
fe20
e017
fa99
0ca4
ebed
f3db
ed97
0b75
f878
ed40
0447
003a
fbf0
e462
108b
f3a8
029c
283a
1642
0226
084d
eebc
f6ba
0672
0549
11d9
fdf7
d487
f8c7
e6b3
e10e
eb64
0733
0ff9
124d
f3fb
0d27
f83f
073a
ee54
e67f
e71d
1693
231e
d7be
07dc
07bc
f039
e9dc
02dd
0b7d
fbdb
f425
1a6f
0a65
28e6
1540
fe98
14b0
ff30
1c1c
010b
1ce7
f880
1bea
1b01
12bf
0f08
f38d
1745
e0a3
05b2
0137
f533
f909
e578
0424
039c
1d86
0ccb
e879
f3f5
12dc
0feb
01cb
0569
d7c2
f7ff
f4b6
fa91
f635
dca8
05b8
e143
0ddf
0169
d7e2
e8ab
f3ee
2197
fdbf
fcdf
fcdf
ef41
1ab0
d7ad
0ac0
0f61
1073
e5ab
e309
0be0
17c5
0f3f
f3d5
f064
097b
00eb
048e
facb
f863
ecb6
e482
e55e
0ce8
0d04
ff5a
033d
045f
eb38
f6d6
1b71
e3ae
d752
ecec
fb5f
fea0
f0ed
0275
047a
ee6e
f33d
0303
f18d
fa13
1bbe
1768
fe38
1303
ee3c
ec61
009b
f7f3
0d12
06f6
fb03
fc46
e41b
d805
d471
f944
1417
1431
ff97
1095
fb08
1886
f544
f802
f27e
0f47
0f98
d479
1137
0cf2
f064
f15d
02db
087a
09fd
0643
1152
0681
0c31
1728
0c72
0c4c
0728
19a8
f37a
1766
fb46
0af4
1519
240c
003b
f7c5
ffaf
06bd
f7bd
0c65
f116
e66c
fa9f
1c96
fe21
122a
1e52
e16b
e267
fd61
0924
fada
15cf
df8f
fc03
fd12
0dd2
ec8a
e3b7
f19a
ee4a
0b20
06c5
e3f4
f851
f741
134e
0b6b
dfa3
feba
fa54
1715
f29a
08f5
04a5
093f
edee
edd6
dae0
159d
1161
e9f8
eac6
fec6
ec12
0f3d
0439
ecfc
eb8d
e571
efa1
0c31
1d5d
0b3d
feb7
0732
e263
0df6
1693
e30e
ffc1
f352
0a84
fe15
dec8
f06d
080e
f486
ea1b
0f05
e013
0866
2bc0
1906
f361
0e9a
ece0
f48e
0591
f8be
1e31
ffef
0247
03cf
ea75
dc71
ce93
0339
0e54
0411
ffcb
01ff
fcfc
1977
fb60
dcf5
f37e
1451
ff25
d21d
079a
022d
f254
ef22
f662
098a
0a12
fcb4
0e97
0401
0b52
27b4
0872
1296
0d5d
153b
f4af
1d15
fb5d
2000
0013
276d
f81c
f0aa
0800
04af
f463
0121
eec3
f3a3
f806
120e
0228
25b3
1771
e462
ef98
0802
02ec
f629
14ff
cff9
1059
ffce
f8cd
ddd8
d945
f218
ed5a
1173
07a1
e340
f22f
eb6a
10c6
0220
e8f3
02d6
f7d7
1ebb
f610
fbbd
0855
149e
f1b8
ef5e
dbc8
1bce
fe67
f487
eeaa
03e7
fa45
13d9
03af
eb21
e81a
ea69
f387
086b
136b
004d
0150
143a
eb93
0618
10e2
dd00
eda6
f331
0c99
088d
eacf
f53c
02bd
fc1e
e090
112f
db5f
058b
37d3
1365
f426
1f28
e742
0367
014f
1922
0a54
f4a9
f062
0e54
e09b
f195
e4eb
0ba5
1093
fcff
0294
fd88
092a
06e3
ffde
e3ec
ff4d
1626
e66f
d8ab
05fc
fbb0
f1f1
ea46
f38e
ffff
241f
f935
1497
ecca
0844
102a
1707
07f8
00f6
1377
fe43
2893
f1f7
20c0
01ea
1990
f646
f7b2
0488
0aab
f7de
fb58
fb69
f9f7
ece1
fdcc
0d0c
195e
1717
e4ed
00fc
fa9d
ffe0
0268
1143
d200
11fb
f892
f32b
d451
df89
fab0
ea4c
0c1b
0b8c
f02d
f514
dc33
1a1c
fc8b
f0d1
f883
fe64
ff25
d931
fa3b
003c
022f
efc1
ebcc
fb34
11af
f41c
fe23
f836
05b5
04c7
0911
febe
f950
ebd2
e4cf
f512
0bb5
0fa6
f457
021e
19fa
e646
0d2b
18da
f2b3
0645
f527
0873
027d
e6f7
fedc
f42e
ef27
da09
0f72
f778
fc7f
1dda
09fa
f257
26be
eb36
0310
0380
1125
1054
f799
ea9e
019f
e754
f12d
ed03
0d1f
0147
1d6b
f4d0
083c
f933
0c93
f445
f101
1544
1d85
d8c8
d2c4
1286
fb1d
f81c
ea3c
fd6e
1bef
249f
fa41
0da8
fab4
0c2e
006e
06d5
1028
0fbd
06e6
eebc
094b
fb98
1c0f
fdfb
16e1
04e7
e5a9
00fa
1630
f2a7
07ac
f3c6
fde3
026c
f412
fe08
25b0
102b
f698
0b72
f46c
035a
0696
255f
d6e5
1830
fdba
f87f
de8c
cfd2
e221
0cef
0115
fd98
f141
f75c
e3e2
f6e3
0735
f4d8
f070
00d5
154c
ee6b
f3af
fe95
00f6
f66b
f1de
e553
111e
1836
f921
ea4e
02f6
f8ee
f834
0277
05ee
ead7
dfed
ed62
0af4
1cd6
082b
fb03
2769
da24
187b
18cc
e677
071b
fdb2
f9d0
fe50
f65b
f4b7
f3e9
f29f
f439
236f
f349
f6e3
187c
1756
fa87
2b7d
e31c
ef99
0cdc
0a10
1c7a
fdbe
eb2e
fa71
f128
ffe7
e673
0044
0c23
0a87
ec04
004a
f91f
1e5a
ed04
eca1
f845
1369
e2af
d6a1
16d5
fbd4
f7d0
e4fc
fd9a
1787
06b6
f94b
0e4f
0164
0ae5
ee5e
1520
0636
0156
1039
f3ed
15d8
f4ef
1212
0bef
19d6
002f
f7cc
1235
0f08
f43d
0345
f593
f9c2
e9e7
fe23
03d4
3199
13d2
ea61
fe86
fc51
000d
0d2b
1283
cd2d
0d08
0191
035c
dbf2
ec32
f21c
fd97
179a
0b33
f267
fd8d
ea87
0cdd
0b8b
e90e
f538
dd0c
0cd1
e36f
f34d
04f3
fc31
f48d
f7b2
efcb
24fe
10e5
00f4
f637
fd1f
fc5b
0113
fdf7
0196
e632
de46
e8de
045f
1daf
08dd
fa7a
1e18
e494
072e
15d0
f64d
036e
f600
021d
f4f8
e971
fd7e
f7d1
fb3a
ed5c
14dd
fbe8
1687
15e4
15ce
fdb7
287a
d40c
fe46
0ed7
fea0
19d3
f6c2
e443
e8ee
02a9
de1d
dc86
fb6d
01c7
2a2e
df07
04c7
f578
1dbf
da77
0266
10a4
10dd
cf11
dc01
2201
03ac
0372
dad1
03c6
2337
1838
fe77
03d3
fd00
01fe
f11f
03a2
0a9c
071e
0d6a
f2be
feba
e52d
08a9
fcf4
394b
0abe
f5ea
13fc
1e5b
0307
fcf2
dde4
f3cb
ef87
fe82
f363
18bd
249e
fefb
ef79
e03b
006b
0703
2341
cd40
0cd9
169c
1504
e71d
dd01
e52a
0dd4
14b6
0c96
da8e
08e6
f6ad
f359
1d53
dcd2
f00e
f4fa
28ca
044d
e2d8
ffd4
f5e8
ffbb
12ba
ddc2
1cef
0c84
f214
e618
f7a6
fa2f
f5d2
0783
e5c8
df34
d47d
ecde
085a
353b
143b
025d
1474
ca2a
1ce6
1b6f
dfcd
0fbd
f960
eeb4
01f2
0787
fee7
fa0a
fb13
e0f8
09f1
de2d
1775
25f7
1dd0
15b8
0d7a
cd11
069b
170f
f8d0
2765
f40b
ddde
ee67
fc60
ed45
e168
f33a
078e
232b
decf
073f
f4a9
1bd8
e825
fe25
fb5b
1aca
d848
ddfb
0997
00cd
e790
da4e
fc14
1a21
138c
0148
008d
0b46
0c52
fddd
08f2
11ca
0119
199a
ea71
f74b
e7da
09bb
fa1f
36a7
fe55
f7e3
036f
1a51
f337
06f9
e5dc
fc8a
feac
098e
f536
1438
2811
ee33
fc6b
f491
0876
f8dc
283a
d6ec
0d11
13b6
1017
dc86
d43c
eebe
18fe
1123
0897
e2c2
032d
f3a9
0052
0775
dd65
f00a
ed89
2690
01f1
f491
0856
fc33
04da
06b5
e04c
1d5c
1000
f73e
f1eb
f46b
f194
f2c4
01f0
e54f
eaf6
e5ea
ee95
fe75
2419
188a
fbd8
1278
eb66
122f
1268
ee0b
f8f3
f98a
eaba
f03a
f2f0
0013
07fd
fe50
dfbe
1153
d3f7
0cd9
2452
2708
1075
15a3
d1cd
f544
0759
f603
273f
0189
f0d9
ea6c
0d34
ebab
d9e4
efe2
033e
03e9
e998
0515
fc88
1dd8
e6eb
fa2e
deb2
0c39
ef85
f23c
1c00
021f
e591
df94
0319
1aa3
ed5d
05e8
09e5
0318
0ead
1008
054c
157a
f9d9
12a7
f5e2
0e0d
e64b
06c7
fb87
3403
fb34
fdc1
117a
1051
f6c0
fb96
e541
ef72
f3e3
1d3d
f6f6
1ac3
27ce
ec1e
f196
f08c
f63a
06c3
2fbb
c834
0eae
0ee5
1600
e8a8
e64b
0258
f87e
1207
1806
dfce
06dd
feab
051c
143f
f115
f139
de84
2fb8
025e
f6d4
0121
fe5b
0a13
0c90
d0ed
1b5d
01de
edb5
e9ba
fb79
e550
0808
fd18
d325
fc37
dfd1
e37b
fc2d
371c
14c0
f77d
1938
d05f
1206
0596
e5b5
16a4
ebb5
e9c2
f9d4
f7de
0cd5
fb57
22a1
c8cd
115b
f00a
17a8
1794
0e4b
0b9d
189d
d730
f73a
0ec0
fc97
267c
f9db
cc58
02d2
f72e
e58c
004f
0453
fc0d
4629
05a5
1ccb
f7f5
f3c8
ee18
1233
2c3f
088a
e110
1ed7
06bd
1a48
eeca
f9c2
0da6
f891
34d2
0fae
efff
f490
0757
e0b5
248b
0106
20dc
20a2
f00c
e876
fc4c
e20d
1352
d815
0436
f69e
de1e
1845
fd7e
fb6f
059e
fa9a
ffb3
dfa6
f9f3
fe74
f6d7
167f
dab4
f116
fada
242f
09ef
0879
1031
f9db
ff7a
048b
f6f4
02a0
0dd8
f62c
fb73
f5bc
f5b7
0036
e09a
08ef
c9ae
d2c7
174c
0678
1d15
fe09
ed62
0cc2
e704
ee4a
fe9b
fa48
1d0b
f752
e99c
e13c
f115
aaa8
0392
ee27
f20e
fe30
052f
272a
f474
0f73
0809
1b9b
ebff
0814
182f
e4a3
08ad
07d2
01bf
0529
f62e
0526
f8d9
2250
182f
04de
e0aa
ed53
ff8b
26a2
0e2c
06b8
f15a
0240
0098
14b0
033d
0792
d88a
19ef
fa06
eeb0
010f
fcb1
ec90
336e
ff36
187f
fb16
04ca
ef2c
1673
2443
1350
ecef
1d7a
0261
1aba
ec5f
013f
1006
ed3d
1353
0ef4
f294
f72f
0447
ed63
2408
f691
16b1
2717
fc18
ede2
fcc7
f585
1884
ed1a
fdb9
fad0
f1ce
067e
f205
0660
00c5
f73b
eead
e6e6
04e8
17a8
fae9
0a1b
e047
f4aa
0a5b
26cf
1582
fe1d
0eaf
f623
13a2
f882
0fa2
f66a
0fad
0642
f95e
017e
fe8d
f927
e297
0327
bfe3
d742
01aa
171a
0d2e
fdf2
f97f
1b3f
ed33
ef15
effd
f2b9
093c
ff52
e77b
ee59
ebe1
bc1e
f10b
e312
e174
f6b1
0447
1c46
f026
0199
f2ef
0405
fbf7
030f
ffa4
d76d
065d
291a
06e8
fe6b
f1f5
1560
0460
392e
14cc
ff8a
cb47
e85f
0ef6
28ff
0d56
1435
f862
f504
f50a
0a30
1891
1141
f1b3
2531
ee4a
012e
0585
fe3f
fcbb
3735
fc05
0900
f8d3
fd3d
f0ee
14db
1b41
0dab
f9c3
13af
fd10
1334
f268
f96b
f673
f26c
162f
0a70
f136
ec0f
ff33
f3aa
2a73
fd59
13e1
1c47
001e
f82d
ffd0
f2e8
0f80
ee0d
f937
0592
f104
fd7b
f342
01e2
0736
f6ee
e7af
ef11
0d42
1f4a
0a18
fbdd
dda3
10ed
fa6c
1d27
0919
f6f8
1097
ead8
0b37
fb88
15d7
08e8
ff3c
1acf
072b
103d
08a0
f0ab
1c26
eb47
d1f1
d321
fec7
0ed8
0bde
07de
fe7d
15f2
ef1c
f4d7
0273
f35a
0cde
0394
f2f5
f79c
fdb0
c4a8
f558
e85b
f2af
f9d2
0461
0b42
f0c2
fbdd
06c1
1968
f203
1426
038c
f332
fc2c
175d
0b00
ffc4
e3dd
16de
ed2c
1c08
08c2
07b4
f0ba
e491
11bd
34c7
0b4b
093d
f817
01e5
ee58
17b6
0294
08e3
fac3
190b
f11f
014e
18c4
f2fc
fd15
3d94
ffe9
16be
fe3c
fdc3
e129
0fd2
095b
f7ed
fa7f
1348
0941
20f6
f3a1
f3fd
fc6b
fdb6
16c0
1584
0a72
f14c
0a5e
e8ac
0e56
0617
0a84
ed62
f876
ed2e
06f6
e94b
1198
ec0c
f470
04b9
fee0
fcc7
f661
f865
fdbe
e7db
f041
f7b5
fd05
1b5d
fed2
0ab1
de31
f4b8
f710
1c63
0fb7
fe7c
053c
f091
0bfc
f847
10df
0225
06b1
0176
0661
021c
fd35
e776
01ad
fa4a
c2cf
da84
00e9
06bd
fe95
03be
f510
104b
e18a
ed96
fc85
e91d
0e3c
fdd8
e800
f27b
f158
bd56
074e
ede2
0657
f0d7
0389
1bee
f8af
fb6d
050a
176f
e2b4
127f
15c2
f9c4
139d
fce0
02b2
03ed
ee37
ff9b
f9c4
0fef
187b
04bb
f0b3
df5e
0af5
3b35
0632
0c40
f89f
0776
fbb9
00dc
fc30
fc2e
ef8e
1d8c
fb91
f8f7
0bb3
e7be
002a
1418
fc3f
209b
fe26
065f
df43
f166
f9da
f6d1
f79e
0f40
148e
2924
feac
ebaf
f7ac
0873
1bc9
10b6
119e
06a0
198f
e710
1b36
0469
ff44
f3c9
eb9e
fecf
f4bf
f1c7
092f
ea81
eca7
ef65
0775
e96e
f14e
f918
054f
ec7c
d777
f4b8
f5fc
2030
0b92
f40a
f747
fbe9
f87f
20c5
024c
f060
0acd
f305
107f
1228
11c4
2206
eda0
1a5e
21b9
fc4f
ed7f
ed43
0beb
f358
d7e9
edd6
031d
fe6d
e274
099f
f9f4
0a7f
e4ae
ee6c
fd4c
eb95
048e
f615
f8d7
08d2
f4ff
d891
0d08
e5ff
08e1
f846
00c9
17e9
0306
edc6
0e97
0c82
d220
14f6
0b39
f436
fcb1
09c9
f307
154c
0198
f8ca
fb0a
0d20
0a23
fb30
eae9
de80
0c0d
2998
fd98
26bd
ef22
04cc
fd7d
01a2
f4ec
fb48
f63f
1966
f342
f031
1798
eeb5
03fe
2fe8
0217
10d3
f8e8
0e04
00ff
f4c8
fd22
f887
06d9
00fa
0c48
1923
fb90
e6b5
f587
fd1d
34e6
0d7d
0831
0bc2
12af
ebbd
27cc
fc18
1070
1110
ec6b
f7af
fc90
db16
117b
e5e0
f312
fd7f
fa2a
0012
fd32
fa19
0392
f31a
f50f
ee4f
f2d1
089f
073d
f5a8
e29f
0180
ec66
2472
1f7e
ee51
09fe
ea74
10b9
0acd
0f8d
1990
fb48
0da3
15c8
f8f1
eef2
f880
0938
f4db
db34
f062
f8c6
fc55
da62
1484
011f
12e7
e27a
e86f
f24a
f58b
0f03
f661
fea9
098e
f5ea
c7f1
0291
ed28
f9c4
fcb6
0dcd
0f11
f2fe
0576
fd31
0ab2
d7a4
14b4
1198
fc6f
19a6
0004
f4c2
0f1d
faa9
f30d
fcfe
0a24
0cf7
fb80
e96c
e6bf
1269
2127
e6e8
115a
f31c
03e9
f89c
0c4b
fb6f
fd2e
e3ab
0793
fa89
ec76
184e
f52f
ed56
1fe6
ffab
1b81
f0cb
0d8d
0c2e
c7ed
efad
f8e1
0eb8
f8be
f1c5
0e39
0bf4
e15b
ea20
08fc
0e06
0c25
07c5
03c8
2c2e
f4e7
25ee
ed34
f24e
0737
fee2
04cb
f459
e818
1809
e7a6
efae
f3c8
03b7
dadd
f362
f3d7
1a2d
fa1a
e1fe
0ebc
037b
0556
0518
0bf0
ee1b
2033
e26d
1701
07f9
d6fa
0e93
f0ed
fe9c
fb40
0c82
18cd
0522
f806
0c4a
05df
f4d3
f1eb
f8ff
e285
0312
f43f
f6f3
08be
ad7c
1fd8
07cb
0f00
e61e
e6ee
f3ab
f0b5
fc14
f740
fb92
0a19
fa49
d274
fb41
fea3
fad3
f623
15e8
1089
f346
03dd
0e3b
0a7a
e2bc
0848
0156
ec35
ef00
f9fe
03e5
fe6b
ff73
06b0
0f9b
057d
101c
f242
e80e
f19d
1540
1415
ee28
07ba
ed49
f927
0324
06f0
f9d4
0b88
f4f0
ef8a
11fe
e639
077f
eccc
e712
377d
0260
1b02
e78d
1e1e
fc20
df3a
f862
f3b7
f38a
120f
f5ea
0846
f829
e4c1
f278
070e
2490
0ad2
f8b1
f90c
21ef
e70b
030c
f6ae
063a
f6e0
f950
e268
e67c
cd34
1950
f770
0910
f80d
f028
099b
f38e
fd44
0a0d
f64d
fe4b
0479
ffe2
0420
0b9f
1f31
ef3b
15be
d864
0f06
17d4
dfd9
0e0b
ff47
faeb
131c
04b9
132a
1477
f0a7
0ae5
01de
e9fc
ff09
ee64
fe13
ddf8
edf3
ff7a
09a4
d2f3
0c7e
04ea
046f
01f7
018e
ece8
ee9d
27a6
0a03
fe0b
01eb
f297
dfc3
0212
eb9e
f357
f117
02bb
1aec
fa23
18cf
06b6
04d8
e2c5
1408
18d5
dd52
03d4
ecb8
fa1f
fde5
02ab
0369
078a
f7d5
f833
fa1f
de3b
0487
2090
2c9e
ef9e
0f32
f89a
f9ae
fba6
ff5a
07a9
02d3
007e
f6a4
08b1
eead
f722
eaf1
ffce
2420
024a
1f7e
fd23
0803
06cb
e9da
e0a5
f845
e731
11d2
02f9
fdac
047a
f2c3
eca2
eade
2b96
0969
04d6
2149
13c9
e9cd
18f6
f5a9
ff4d
077b
eeaf
fe78
e4ab
ecd2
2e7d
ef58
f799
faa6
f4d2
f6d5
ef30
fd34
20b4
fd18
f83c
09c1
0cb3
0887
fa88
ef8f
edbd
11cc
f0ae
fbe8
1f26
d516
0705
e316
fd8c
060d
17f3
0ba5
f584
0c75
1953
0271
ec34
01f6
f4f2
fa89
e72f
febd
fdd6
01bf
dcd6
1510
ffd1
13f5
fc2a
fca7
e937
e6e4
187a
100e
06b6
f938
e8d1
e320
058c
df83
efc7
030c
016d
14be
f574
07ba
0f9d
010c
e2c0
0703
1152
dcec
fffa
ebb6
f69e
fc1c
0084
064f
00b8
e376
0c30
06c5
c2e9
fb28
15eb
2c1c
f28c
0365
f17e
0309
f93b
10a0
06e5
04c6
fb67
f8e9
007f
e2f7
fde0
f155
0c95
20e0
06d5
16a8
fb56
0aad
0543
de80
f06e
ff90
e709
09e2
fc9d
015f
01b6
f2e9
edb8
eb74
2640
0244
0616
230e
20c8
f7db
253b
e243
f979
114f
ecc7
fe20
f0f6
e85a
1b36
f79a
0018
0086
00fa
090f
eb9a
f560
2220
048a
ff0a
0cfd
0fbe
08b0
f947
0c88
eda1
1715
e95b
f4a8
1388
deea
0127
f697
f868
1148
1856
04fb
f957
0780
0433
ffd4
f141
ff93
f748
0019
da5e
03f3
fa57
0e30
dd35
12e6
fca5
1b40
ffd2
f693
f15e
eb64
1b12
0c20
1019
fb18
f6e8
ff81
0a18
e50a
f41b
fd6c
0e85
0f43
f237
0144
0d82
faa8
f5ed
fcf4
0edd
e6af
0053
ec15
f97a
eed4
f930
11a1
016e
0671
059f
053d
d709
feb6
1722
24d1
e3e8
faf6
f3e7
f942
f675
1572
ff6f
04b3
0be8
fdb3
0499
ec3d
03df
0bcd
0019
3adb
051c
1918
f852
05fe
fd65
fd46
ef01
ff1d
f899
00c0
0d2b
f002
f475
f271
e51c
ec51
1e70
0952
fc62
397f
2669
feb8
1c69
f2b6
f174
1dfc
f760
091e
fa94
e2e1
1ae7
e4aa
0003
f3ca
0701
f491
ee80
0b5d
0fec
081c
fd83
0ea4
115b
1489
f5b0
07b1
0375
0cfe
f6bd
f13b
0075
ed1d
0934
f0f2
fab2
0027
20f3
0526
fbe5
157a
0aec
0a49
fa17
ff57
fb6c
f621
edfc
04c2
f5b9
0d59
f2db
226a
065c
1dc2
f3f7
ef24
eb02
f82f
2f74
ffe2
026a
011a
f26e
f296
0e14
e227
edeb
ef65
0259
124e
e5f3
f91f
0b4d
edef
f2c5
fea9
0e49
d6cc
f2b1
0192
f708
fc1c
e35f
120e
09db
0156
085b
fa5a
cc9b
fe76
1afc
3626
eadf
e781
e794
f5d8
fdee
13a6
0668
05de
f5b0
f3aa
fa91
eb50
0df0
f9a9
fd5e
41f4
fa22
16ce
f298
0697
f486
04b1
0037
fd3c
ffe8
f761
0c94
f78e
f98b
d93e
ef44
f492
2238
03dc
09c6
22e2
2947
ebb3
00d4
ff87
00f1
1405
fd2d
0706
f4e3
e97e
198b
e97d
087d
fb21
0796
fc21
fa5d
07b8
044c
f8c3
0048
1c9a
00dd
13e5
f70a
16b1
f349
f7f5
f995
edbe
003c
e4c1
0c7b
fa06
ff59
fff2
1cac
1d65
056e
1ab4
02a0
f8b9
e98b
0101
e50f
f48c
ee8b
fc95
f0cf
1ca5
d941
1504
010f
1b2b
f983
ed45
f885
0138
1f8d
f87a
f53f
fd9e
f2f8
e909
03a2
e499
e4d2
e8aa
005a
1260
fb30
0109
065b
f7ea
e86c
0fa5
15cb
d9f2
ec96
06b0
e9af
088f
f693
129d
0e70
00fd
fe1f
fae6
d00c
fb62
2423
3f65
fd03
01fd
e698
fc52
01d6
0eac
faf3
09a9
fb8a
0139
f2d7
ef89
fd08
f6da
00ae
3400
013a
10aa
f809
0fa8
f886
fd8c
0542
ee10
0365
028f
0ccb
f5ae
f593
e41b
f370
fccf
1789
0b3a
fdb9
2131
18f4
ec10
fce4
01d3
0642
111a
eca8
0690
f8ea
edf2
1458
ec59
f8b0
fc19
040c
fe42
f6b7
079a
ff0c
027d
fa98
1e8f
fcb5
126f
f823
038e
edac
0b58
01b6
f047
fcc5
f012
0e39
fb56
fc34
0460
1d68
088a
fdf6
2116
02ca
0b9c
f28e
fd9c
e7d8
f108
edfe
f3e3
f924
06d5
f61e
1094
04d2
1f81
fdbe
fb9d
f878
00ef
23a8
f77e
fb9b
f4b7
f75c
ea57
03c2
e5db
e5f0
f02f
f6ff
1608
fa47
07bd
ff8e
fc27
03fb
0b6d
1532
df6c
f3c1
fce7
efb6
09fd
ec04
0fa7
13b6
0d6e
0b3b
fd38
d608
fb06
156c
3da0
f114
095a
e699
077f
fe96
2036
f77b
fc99
fe8b
010a
f373
e825
f990
f8c1
1809
2c5f
ffec
0e79
f9d1
12c6
fd94
e236
01fe
f834
ebe2
036d
0970
eb4d
ef62
dd82
f3d2
fdc7
33af
f618
04fa
1819
1d9b
fa4c
0d29
011d
0418
1123
ecf5
fa9e
ff62
fcce
0db5
ef20
f153
f646
f944
06da
e737
ff9a
f995
045c
fed8
0d33
fd51
1d42
fdf5
15fc
f6a8
fa6a
fdef
f0f1
f7be
df2a
17cc
051d
f44b
fd54
212a
0762
0e5c
14a2
07bc
fe31
f839
fee5
ce7e
f332
dba4
f34b
eead
fecf
f9e1
135a
ff8b
1af9
01a8
0594
f567
0fa8
1b35
0310
f568
faec
ffdf
eda4
0733
e56c
dc40
e29a
edc4
14c2
ed4f
06ae
fb6d
0751
0325
0a4d
0a4b
e1d5
e1e1
f865
f305
031f
f0d1
089f
fcab
0d30
f5a2
f352
cf3b
05fb
1ba9
32de
f132
20fc
e3b5
0a50
fe73
1d06
f7cb
05ac
edc7
04ed
f984
f97f
f9ca
f678
00c2
22cc
02c2
04a5
04a4
0981
0321
e3d1
ffe9
fe1d
de06
0d79
feac
ee4f
e2f8
e175
f64b
f273
4728
fc39
099c
1029
0e04
ec56
1da6
e8b8
fbdb
2527
f7c9
ffe4
fa13
007f
014f
dc36
fd0f
f423
ff45
1a8c
d228
032c
f720
0828
0582
0b94
0779
1b1a
f40d
168f
fffe
f2f8
f94c
0013
06e3
e5f4
1af5
0a06
ee38
fff3
21b1
1302
0f97
07e8
0318
082c
f60d
fa2d
d265
e30c
eddf
f055
f633
eea9
de6b
0b0c
f883
13e5
fe99
07cc
f7b0
09a9
f41e
ffdd
f9e3
0f13
0909
f7b2
0738
e972
dbd6
dfad
ff0b
17b6
e9c0
fe95
04ee
0c1f
082a
09d4
0edf
d7e0
f6ad
fc22
ff62
f65b
f4b3
15e6
f7c9
0cb5
ed89
f1b8
de00
04c5
20c2
23e3
e9ea
1515
e5cf
025f
fd2f
23c0
f782
fef4
f146
0150
f532
f87c
0028
01c9
ff60
2d6d
f8fd
04c7
ff4b
05d6
f746
f420
1658
1461
0043
f41d
f559
e42f
f17e
e6e6
e87f
0fef
22eb
f1f1
007a
1069
1f7f
e9e3
13c5
fce1
f24d
2a68
f51a
0275
fb4c
fc31
057b
d9ec
f1cf
f0f7
0b01
2046
e278
fb32
fc12
049b
f1c2
0e3c
0211
318b
f618
2037
0dd5
009d
055d
020a
06bd
d6f0
1624
1182
edb3
fa65
1537
092d
1a70
09ca
eefd
0741
f4f2
0320
d338
f33e
e512
f87a
fb27
fc86
ddfd
06a2
0259
274e
fcc6
fdfc
f833
0dd4
0606
ff14
ed01
fd07
00fa
e1ba
052c
f265
e411
e5e3
01e4
0498
fb1b
0191
0694
047c
efab
08ba
099a
d576
f22b
0525
f87f
ed50
f408
1a80
f6b9
09d2
fa92
fcb9
d3f0
fd38
14f6
2846
e814
0879
d494
f1ea
07eb
2c1c
fbbb
0e7a
dfb8
fc7a
026a
0711
f9a3
f105
08e0
2877
f377
05d1
f3c8
11cf
ef88
da7a
169a
0434
00ce
11e3
064e
eaa3
f075
deb0
f508
081f
1c36
f0d4
fd25
0bee
1b8b
e553
17cb
eb60
ebb1
1460
fa61
fcdf
fb2b
f53f
1023
d3aa
fa51
f826
0689
13d9
ea1e
fe22
ffb9
fc11
e44e
081c
fa58
3131
f964
1f40
fe9f
0c81
021f
0751
05cb
d5d0
175e
0c12
fd2a
0724
1bb2
02fc
116d
179e
fc87
0720
f924
0354
e077
f67a
e6ea
fa99
de67
f81b
d810
f710
fe3d
1fb5
ff7b
08ba
f46e
1a02
f56f
0814
018b
fefc
0408
f532
f56c
f18b
e798
f5a6
f0ac
0739
f323
fd4c
0ab3
0d83
f592
02df
fd62
db65
06a9
088c
f519
e74d
ee09
1f70
f3ba
0e53
f01f
f66a
ccbb
ffd3
1df9
2ab4
e984
189c
d1e2
0078
ff18
189f
f25b
0b10
da4b
f348
0927
fe05
001a
fdcb
090c
3577
deef
032c
ff81
0855
ee19
ee24
1de6
082f
ee5b
061c
1380
f479
f4c9
df3a
00ad
ff33
2b04
fd01
f975
17c6
16de
e96b
1065
f9b9
ee7c
19ae
e8b6
eb95
fa22
f850
1174
d62d
ef6d
02ef
1446
1cc5
ea71
07c4
ef8c
fe64
dcc3
fa88
f874
2e6c
f0bd
250d
f425
f852
0273
074e
0e0a
d708
1a66
1574
fc00
1486
182b
0a01
18b5
1922
06a8
06ca
feb9
0723
d365
07d8
caad
f290
e7b2
fbae
fb0d
ff36
0070
1a17
00bf
1985
ed9a
11fe
06a4
fd8c
f4e3
f576
fd63
e761
0780
ef50
e725
edaa
f245
ffd0
ed2b
0690
0dd1
f9bc
db2b
135a
0f03
de22
1165
0733
ecef
f95c
0c27
122d
efe9
1195
f6e8
f1b2
da7c
ffbd
10ff
211b
fa0c
14c4
d0a8
03b8
07de
20db
f55d
fb9c
d6e8
f5cc
008d
088b
f63c
f4fb
0e28
23ac
e6dc
0e7e
fc61
0bcb
f22b
f2a3
fe25
0fa0
f776
03d9
0407
fb10
e484
da7b
f9d9
053f
2833
f480
03db
0fcd
1b2c
e9b6
0ed2
fd94
ec5f
1126
e176
ea78
f548
ec54
0494
daa1
f01f
0335
f8fd
11c1
eb37
02ec
f0ba
faaa
dfe2
20cf
f6e2
2836
0018
2371
fec4
f3f0
f61e
f96f
0e9d
e17b
1396
10e8
eff4
19da
13bd
10ab
1eae
1acc
f5e0
fd88
01d8
0475
db9e
05a5
e2ff
ec78
efb2
fb09
f8f1
14ed
fd33
20b7
f8f8
0958
ec9c
f9ba
0066
fe6c
f42c
e4c3
faa7
e9fb
0cbf
e759
ece1
f761
f161
0238
e7a4
0c37
0560
0053
e393
0d86
0667
e868
01e6
0127
e373
e9cb
0153
1143
ed31
172e
f396
f29c
d69e
005e
1629
29da
f384
fc2f
e360
f6d8
f7c5
0d24
f55b
005d
e218
f1f0
09ed
0292
ef0c
f958
1f28
18b3
ea72
066d
05b9
0c57
f300
f605
0121
ff8b
fbcd
1212
03ba
044b
e42b
ebcf
08d6
0307
2379
f8b9
ff84
1254
0f0a
f130
0e3e
094a
e63c
1d43
f282
ea69
f7d4
ecf4
0ff0
de96
ebd3
0919
0c38
1314
e7ae
fb4d
f622
f9fd
df47
0a54
e9f8
3d30
0a15
210e
f006
f1a4
ff36
0b74
16c3
db74
156a
0340
f564
04cc
13c9
0e1d
0a70
0f1d
0b34
05a5
02e1
0f49
d604
0c50
e941
f4ec
eb84
f3ab
01b5
ffe6
f9f7
1ed4
f917
1400
e23f
fd64
0b3d
00f7
f898
efbc
ecbb
f8fa
0d8b
e8b0
ff33
ee4c
eab0
ffe4
ebf0
0c9d
0915
03c8
e0a6
14da
0611
dd21
1cb8
eef4
d95c
f936
06ed
19d5
e7ec
1a0a
e933
f62f
e453
10b5
12d3
271c
fa00
1ab9
ed13
fd3c
fe72
220c
f8f3
f6e3
f5d4
0c85
f4de
f6ce
0051
03a5
0751
14a9
fe7a
0a27
f88d
e8c3
fd24
039b
0cb6
104e
f9c9
15c6
0ece
1682
e0bc
f109
0e25
08b2
0e28
0c93
095d
f9e6
1b2e
0451
0d12
0565
1150
2212
f2e2
f2e1
f823
0fa3
1c92
d098
ee9e
0077
e5f8
02a0
0bb5
ee74
08b4
ef47
ded4
feca
f433
207f
f6fa
f458
dc8e
00ed
0afe
1966
09ff
fc23
00a1
f022
f709
ff0a
f0ff
0630
e8fe
fcfd
010c
008d
f1e8
f80e
0470
0a99
fb6e
f8c5
fa48
ff13
eaec
087d
feb3
fce2
f5d9
ed0c
01cb
f4e3
edb1
e1f9
dfb2
05df
001d
da20
04db
fb84
035a
0a30
0723
079d
f74a
f9f6
0c5b
08ec
f158
0d08
0934
f338
1158
083b
045d
08c1
f657
eecf
0462
1cea
1004
f6a1
e6c2
ee88
fc8f
02ed
05db
f41a
04a9
013e
f7d0
0910
f6b6
16b9
eff0
2759
eea5
ffa6
06f9
00bc
f8c5
1290
fe0f
0afe
f5d3
f3be
edbb
0a19
0858
0661
ff77
1277
0f89
1acf
e032
edec
16a8
0136
0328
1149
ff65
03c9
0484
f43d
fc0f
05a4
0f67
2b01
0341
008c
0456
17f1
22a0
e957
e386
00e6
fc85
f3f1
f675
f111
fcba
f485
db2a
fb5b
fd8c
2302
fa12
f36f
e38e
17e3
0c5d
11ab
0a18
f721
0ce6
fcb8
1180
f6cf
0cf9
fbbb
fb6b
0d83
053b
0108
000e
e786
15cd
f8d1
e255
f28f
f031
1306
f0a5
0056
03e8
0216
f73e
fe16
03b5
f882
f8f6
fadc
d9e2
0b51
f868
ea67
ff10
eb18
f848
02fa
0529
08d0
ff40
e925
0021
0510
0441
0ae2
00c3
f789
03f7
0fdf
18b7
0587
eca8
fe9f
06ae
2385
09b9
fd3d
e2c7
e6cb
fc55
0868
0bdb
fb61
023d
f588
f1a1
112b
0b08
178d
00d6
14c3
f4d0
f216
ff4d
edf7
ef5b
1421
f9ad
0e5e
ec6b
014c
f200
03b8
12e2
0b54
fddc
1023
17c2
29be
ec33
f45e
049c
1337
f5b3
0fc8
fff5
fbd2
0e7b
ed1c
09bc
09fa
09f2
1c5f
f94c
f559
00bb
1446
1379
f930
f772
0ef1
f557
f4d6
fe0d
ee31
0354
d98f
d5c0
ff1d
e80a
287e
09fc
f15c
e29c
1314
fd10
13a1
138d
f2ab
1047
08eb
124e
fbbc
00a8
0674
eafa
078c
0b9a
fe4a
01c3
e3f8
19cb
faa0
e2df
fda5
0436
177f
f46d
facb
fed3
faff
f01f
fdf4
fa27
e919
f085
f5fe
dc58
0b0f
fa90
de12
09b7
e17f
f9b1
f7f2
0874
0995
1b89
fddb
0605
07b9
f697
0eb6
0516
edc6
053f
f585
0d9a
0ad3
e11a
f398
f37e
140d
f932
05ed
f107
dc6b
1475
1ad2
0992
15e4
f8ba
08b4
f531
ffa1
fd2b
069a
e718
116a
ff0a
f126
fc75
e4bf
f20b
1839
f8ee
1a9c
ef18
00b1
e33c
f93b
ff77
fb3a
fadf
0b40
1c30
2f17
f4d4
f115
1437
1548
fa3d
1d1d
fb13
fc8c
0ee0
e8e0
f8dc
07b7
09a5
e7ca
e9a9
f176
08bf
051a
08b6
fdc4
f7ff
1194
fdbb
f07c
0b54
eff9
f959
d9f9
e3a0
01ac
f053
1ffe
09e4
ffca
d9ca
1215
f445
1044
14c9
ed69
11e3
0162
1c92
ff74
f7f5
fce3
0303
fe04
162d
edb5
ff9e
f3cf
015f
0e31
ec6e
f895
0ef7
1051
ed33
f0ff
f4e4
e8ae
f6d3
049d
fba2
e86b
0b9f
e66a
e110
0e13
e448
d7bb
14f5
db77
049d
f021
0376
20ff
1ed8
01ba
052e
11c2
e685
14c6
16f9
ec48
1d1e
f240
0859
0a7d
ea77
e67d
f610
0902
f160
102e
f09f
ddbc
0fa7
1baf
0773
24b1
f195
0c65
ffe2
ed0b
f2e6
fc96
e327
1000
04d0
f3e6
fd0f
e865
001d
0c68
ef5e
1e6e
f69c
fe83
e229
ea94
021d
fd21
fed0
0ddc
23a6
27a2
0071
f42a
0988
14e7
0034
1cd4
01c9
0864
0e45
f42e
0eaf
0cbb
01de
ee72
e6d7
f448
f72e
0306
fc85
01af
efc2
ffc8
0354
e6a0
fbb4
f37a
fd3b
e39a
d45b
f929
e86b
22e5
113a
f6bb
dd38
0780
f6f4
1b0f
008e
ee70
0f4a
fb8a
1705
018e
f392
05e2
eae5
0889
23d3
f00f
f811
e8d3
026f
ebcc
f660
f75e
00dd
12dc
d4a3
031f
f599
e630
f73d
fa9e
fdaa
e79f
fa0d
df98
eb87
11bf
f9de
e5e7
1080
e3fa
0b2a
f4db
f8f1
1b95
282c
eaa0
1665
0aee
e173
1649
0951
ef64
0f7f
01d0
f013
0ec6
edd0
f547
0127
0846
f041
ffe0
efb9
daf2
09f0
12d8
0821
34e6
f346
08db
00f9
e968
fe99
0408
cdaa
14bc
01ba
f5cb
075e
e765
0062
07bc
ff7f
1665
f522
ffea
fb3f
f11d
ee40
08d9
0bee
f84c
119d
1f95
fe58
f439
0336
1322
ffb5
11ba
ff22
ff71
10f1
f7b4
09e3
01d5
1701
fbc2
f053
ee64
052a
fe3e
0fe9
fba5
e813
069e
f13f
f17e
0679
f4e9
04c0
e07c
e8b2
0578
f47a
09a5
132b
ef6c
e225
04b8
fa4d
1c0a
0a65
f4c1
0986
f014
1525
fc01
f4dd
0995
ef7f
0ef0
1c7b
f4dd
f423
ec0f
0e5d
fcc4
d47a
fc7e
fe40
07a7
da54
0d37
f71b
e777
ec88
e5e6
039c
fa11
fd51
f2ff
e9d8
1197
ec1c
dae0
fcb6
e92b
f83f
fb55
038c
1b0c
18d6
fc43
f12c
1757
e1ca
100a
0e19
0216
1834
fb7f
f89a
0aa9
ea52
ea65
0750
1602
f972
016c
e0a2
e482
0714
11df
f916
1ad0
f498
fbc3
027f
e82f
0cb5
111e
d8d6
179e
fca1
f217
0c57
f303
f76e
07d5
f85e
0537
f219
0084
fa67
cef1
fc1c
0cf7
1120
ebf4
0587
1866
f639
f382
01b5
19a0
e6a5
0a36
0b3b
1244
155f
05c9
fe96
fd58
0feb
f4c2
fd12
e3b5
f7aa
037e
17ff
f672
eebc
fc3b
0248
e298
f844
eec8
fbab
ef26
e336
0c6e
f259
0821
13e8
041d
ed66
067a
f10d
12de
0141
ef26
0a40
eab4
0993
f20b
fb18
0376
0395
f737
1aa4
f93a
f84e
dfeb
09b3
0528
d27b
fdb7
f7ff
06c4
d2a8
1b3d
06d4
f751
e02f
e57a
fb86
fbeb
f53b
fa37
f792
1ee2
f153
e763
f61a
f7da
ed1c
f7ea
0add
1990
021a
fb57
ed0f
09cb
e307
0010
048a
f479
019f
06c5
fd51
f687
026f
f866
01bd
fd85
f846
f2fb
e36a
eb30
048c
0be8
f41a
0840
fcf2
f2bd
fb51
f11e
0289
0d1f
ebb3
052e
092c
ee54
00a2
fc6c
ed61
254f
fb71
0bfc
e987
08e1
fd20
d939
f882
0e91
1650
fdce
07cc
0fe8
f077
f257
f46f
1a02
f25d
083d
0dc6
18ec
1858
f838
f5f3
f6f6
fde6
ed37
f8ab
de33
fb73
0f26
1fe3
ed1d
fd55
f5a0
00b3
ec3e
01cd
ee50
ff87
f780
e2bd
0d29
f7eb
258d
0b1e
fe17
fd85
0f9d
ecb3
0520
fa48
e8b7
0c93
f8e0
fb4c
f7a9
fad4
0d4e
eff8
ff39
1a1c
f52d
e9ae
f0b5
03ae
fdea
da2b
0ad9
f51e
0a5c
cffa
0b4d
0679
ff6e
e511
e76a
01c1
f911
03c9
061a
f542
1a9b
ff9c
fbe9
fe4b
ec39
f128
f793
0eb7
171d
ff56
0101
f386
fac4
e498
07f1
13ae
e26a
f5e8
0200
f3b5
ffda
f125
06d6
0371
f947
e541
ef20
de8f
f74f
05d7
122b
f535
0f75
eb78
f6e5
fb59
fd11
0193
0cd3
e43f
01ac
08a7
fef7
f92b
f94e
045d
1767
f93e
0e54
f72a
07dd
f0ef
f116
ee1c
16b4
0a8c
fb55
03f2
00ab
08ba
0253
dcac
0a31
ff2b
02ce
0a34
19d5
15a9
0cdc
f2fb
f470
0d69
ee55
efec
e99b
05a1
0c6e
119d
ef99
f82e
fa81
007c
e9e7
00c9
ef0b
0901
fd15
e467
10d0
fa55
1840
f319
ecc7
f6ae
01f9
0470
eeb3
13bf
f13d
0a03
ee58
fcad
f708
0358
0468
e987
103e
3103
0435
e874
eb25
0387
04a8
cd82
fe28
f946
0b19
ca67
0c78
0d21
0df9
edcd
e0f2
eabf
f8ad
04dc
124b
f062
074a
f582
f2f2
f3a6
e632
e316
f933
f413
1632
0a6a
ef25
f29e
0a6e
e5b9
0170
1561
e92e
02ff
041a
fd81
fdbf
e8b7
044d
09e5
f0fc
fd7c
08e2
cbb2
fde7
1138
1e72
fc3d
0537
ef2f
f7f0
ff19
f7f9
094f
0896
e089
fedb
06fe
fc8f
fa8f
f619
13c5
0a07
fb72
1868
f930
0ef0
ecd5
d0c1
f8bd
0e9c
0bb2
ff45
0c24
0c26
0151
05a4
f099
065e
fac0
0692
06ad
1727
1c2b
f7be
fe67
f595
0a32
f079
f4ea
e672
094e
0ba9
0a6f
f79a
fb73
fc28
1a4b
e8fc
055e
ea6d
02ef
efcc
e6ad
1a4b
00d6
1c25
f6ea
f92a
f35c
122a
ffaf
f098
0512
ef3a
0b6f
eb76
fb2e
0122
0067
02b4
ef71
150f
2206
f411
f82f
f433
03b0
fe6e
c8c1
05a8
f6d5
0fcb
cb50
0f39
04a7
0465
fdb9
e4f8
fac9
f5e0
fffa
fcfd
f7b5
0aef
fc69
f3c5
0891
ebc8
f369
f895
f3be
126d
0921
ed7b
f3b0
0edc
e89f
0a61
0ad3
e824
f6bc
fe18
f52b
fa12
df99
0096
015b
fe59
fa2a
0ca0
e299
f64c
0da1
1c5b
f320
0629
e73a
f408
fa1e
f576
0191
0471
d546
0760
fe81
ffd5
00b8
02c4
1afd
08ee
030d
0be2
f8e8
01f4
f26e
f25e
0773
11a4
1531
ed4f
1474
0199
fbba
05b4
f07e
fee3
ec06
ffa9
0399
2068
22ce
0a4e
f2d2
f85d
0351
f7e4
0166
f904
02a0
0310
13e6
f620
e9ed
fd61
0f27
ead8
00e4
0096
fd45
f4b3
eed2
13c4
0811
164a
fb07
eb58
f116
0794
0895
da29
0e2b
f0ce
0710
e736
fb72
ec6d
0c92
015d
ebe8
1aff
191b
fbe5
fbf3
ee92
fe71
fed1
e93c
0eb7
fbbd
040f
eaf2
2330
0315
03ee
f2aa
ec57
fb5d
04c9
0a25
07d2
ee0b
03ad
ff88
fb79
0796
ebc9
e516
ef93
eff6
0c7d
0bd8
f14f
02b6
0b6e
e2c1
0bc7
ff34
e89c
022b
04fc
f1ab
fbb3
d750
f781
0249
0576
f5be
0e1c
ea43
09d0
0ecd
1a6f
f81f
0232
e8bd
f345
f61b
fbea
0c95
fdf6
ddb6
fdb6
f9a7
ead1
f68a
f51a
0902
1f87
f360
15de
ef45
02bf
ea49
e330
055c
065e
130c
ec11
185c
09d6
feb9
edbc
0e99
0f32
fc2d
0dd7
164a
1ba3
1874
f601
f2de
1196
15d1
ff32
0687
fcf9
fd9c
0289
1c41
00d1
03c3
fa25
1a5a
f1a8
079a
0363
efdc
e745
f107
0609
eda7
2382
fc48
eb8b
f5b1
ff25
09cf
f418
089a
ed2a
10bc
e7c6
02bf
ecc0
0154
00d1
fbed
1f9c
12b9
f40d
ebd2
f64c
f8a2
08dd
f109
049c
018e
10ae
e975
0faf
fdd9
fd50
f34a
e8d2
f298
0d79
1473
f61b
ed97
08b0
021d
f581
0306
e244
ed76
ed0a
eb22
144a
0e02
f451
01c6
0e38
e7b6
0d55
11f6
dcb9
ea9f
0d40
eaf1
0b78
eaaa
fb9d
05d7
fd8e
ef63
1814
e06b
f559
1bbc
1c1e
0145
07ce
e6cb
f7cc
04e2
eead
0379
0039
f17b
fb07
f7f2
e88d
f761
f2ef
05f3
0fa3
f817
1a91
edc4
08e2
f036
e491
0b93
0140
1de3
fa96
1c12
09a8
f6ef
f4f1
0751
140d
f82f
18c7
0de0
1734
089b
ff93
f6cf
101d
0eec
02da
e753
f630
08ca
0223
156e
ff9b
f890
03b2
15b7
ea94
0cb0
fae1
f194
eb58
df5c
0ae8
f024
1ba7
0260
fda4
e937
0ca6
0882
f3bd
091a
f2cc
1291
ee3f
fc1f
fc13
f9d1
035c
f7a3
1f4d
1e8f
fd37
f7e7
eef7
fffe
fcb6
eacb
fa13
0f71
041b
e160
1740
02a2
f781
fb5f
f68e
04ce
ffc6
07f2
eb08
f829
04db
ff9b
f082
01b7
f4df
efb6
ee8f
efb2
1d21
17d0
0127
fd60
06be
f0f5
16dc
1858
e36a
ef88
fb8b
f2a2
1272
f1f4
f6d4
00fc
07d4
f454
0406
ec50
f8af
03d5
2752
fc5e
20e4
dd6e
0c61
fd96
03c0
f7f0
f812
ec17
021f
f14b
ebc2
f7fe
eefb
078d
1384
fa9d
1785
dfc4
0bbb
f2b3
d708
0678
107e
07d3
ed17
0d20
08c7
e82f
f15f
f9c6
0d9a
f279
e9f6
098f
1251
11b8
fa42
03d4
0852
0a44
1081
e56b
fc68
0a47
08d7
0bae
f7c0
f70b
06a5
0db2
f1c4
0823
fad5
f7bc
ef1b
ead7
1177
f8ae
1a05
0bb6
0ff9
f3ef
015a
043a
ea94
f912
e062
1a21
f7c0
fc64
ebb6
f94f
f93b
f21d
0a45
074f
fd2a
f997
f2a1
ed33
f413
df9e
f7a2
f074
fb3a
ea80
0db0
0567
0cb0
fae4
f221
f8cd
1521
02f8
ef2b
f224
0b91
00fd
fc2c
f67b
f4b2
e67c
f0c3
ea30
13b5
fe3f
fd46
f96f
1527
ff33
0a7c
1889
e8ed
f143
f7b1
f0a7
fbab
f6c0
0375
eea6
0864
e460
f24c
eaa1
f247
15a2
223b
042a
1e08
e985
01a9
fd6e
0338
f0f7
ff0e
d805
0199
f0dc
e312
f2e2
f18e
03cc
fc23
f8c7
174a
ecd3
0df9
00f6
c878
fe2d
0bfe
f092
ee8d
070b
ff0f
eeeb
eea5
fe8b
1507
1a85
fb3e
1073
fc56
0ba1
074a
08e9
0b4d
0a17
0add
efb6
fa92
fcbd
136d
05c0
f512
03a7
fed8
fd44
fef4
07bf
f4e1
f589
ed55
f937
0aa6
01e1
0ce8
11d0
0b5a
edca
ff4b
00cd
f148
003c
e455
0e95
0be5
e6da
f817
f237
02c0
eacc
f8bf
1975
febe
f997
ef5e
e834
ff63
f4b6
ff91
0649
f06c
dfc5
10fe
fc83
05c9
ee2f
fcf3
fc79
0ab2
f5b2
f155
f4e8
09ac
0956
07b0
fbcd
fcc6
f755
f9b3
e98e
1e89
09d7
fff9
0971
2108
f325
0499
1c82
e866
0230
0061
f91e
0126
fbb5
0df3
f69d
0436
e584
f409
f31a
f6a0
11f7
18f0
f790
2ba1
eed6
061b
f9e6
f557
f3bc
f8b9
e765
09fe
efbb
ecba
f1c4
0462
025e
027f
f2da
1238
f4c5
0607
01db
dfaa
f280
1182
06df
eb5a
1518
f4b1
ffbc
ffa6
08fd
1988
fcb7
09b0
1575
0fdd
0ded
ff89
092b
13f1
fe56
1b25
0047
0465
fbbb
1f07
04d1
f85e
efdb
f080
093d
fff3
f10c
f4ff
fa21
fb75
f750
137f
00a1
1f9d
086c
fb2d
fd19
0e61
140d
f012
0296
df22
0b6f
fe06
df30
e996
fcd3
fe15
e8b1
02d7
15c2
074a
fcf7
f5e9
f912
068b
fbb1
0e37
0404
ef2a
e288
170e
009e
1754
f2e0
ee81
f85b
1a9f
ee9a
f9b0
f37e
072f
0aeb
0a12
ff5a
068e
ea5b
fc66
f1b7
131b
1b5f
f918
0af9
1b84
f56a
03d8
124d
e8cd
0637
06ca
0411
f975
f0f7
0d4b
f5b4
edd2
f183
f73b
fc77
f456
05c8
0fcc
ebff
27e3
ef12
fb9c
04bb
1045
0067
0148
daa8
07f8
f732
fe4a
f4de
068d
00d5
0618
e328
075d
ec0c
0193
f2ed
d825
fdcd
109c
fbc0
fc41
11ca
f3f5
e72d
f582
033f
186e
fc9c
f786
0eee
093c
0f1e
f4e2
0534
09a5
fb5b
0c3d
f9a4
015a
ffb4
0c84
1326
e213
0085
fc47
0cea
ff0d
060b
fc07
fa39
f77a
e59b
054c
0062
23b9
0030
0342
021e
0789
1e40
fc3f
08b4
e027
0f37
fd35
e79b
f6d9
00e7
02a7
ecbc
1301
0dfd
06f0
fb56
f419
fc39
0fdb
f9b3
0efc
ecb5
ea62
deda
0278
03fd
1851
f314
f201
05b1
1ed1
fbca
fbf4
fb37
08a9
026a
0486
fae6
09c2
e978
fcdd
ea19
0ea1
ff3a
020e
02da
10e9
f7c1
fbe3
0b77
ec70
13a5
0442
ffcf
f0da
f8af
12bc
ebd6
0246
eeee
f0c7
edd0
00ce
092c
1e77
f07d
406e
d4c8
0499
0128
f269
eb2d
00db
ce77
00ac
f8f0
f92c
ee02
08af
0f3d
0d61
ded7
10d0
ebd2
058d
e73c
e5a5
1d8c
14e1
fa62
f639
0672
ffab
fa84
eef4
0634
129e
0f1d
01b9
0b2d
0b37
15d6
ec87
0218
0409
fbf3
0f74
ebbd
e221
03ec
05f9
1234
fafc
fc3c
0023
10ea
078b
0c7c
f659
ee82
00c2
ecca
f7a9
f946
1ac6
0760
0bcf
f279
1201
10e2
09f8
13a3
e381
0d79
ffb9
eedc
f8d0
fbec
fe18
ea1c
0d13
0be4
ffff
fdfa
fac3
f6ce
0d22
e421
0589
f870
fdf1
fd05
03e2
fc7f
0db1
f2a6
f761
f1d6
10b5
f3b6
f2b9
f9cd
feaf
f677
fe89
0965
feb5
fd26
fcc2
e212
0f30
f1de
f03a
0d72
1247
e3ee
0597
0eaf
e287
0e57
00cc
f5dc
fad2
fcac
069f
f967
01fd
f148
f154
e101
fd8b
0f7c
19e5
f9ea
2747
cbd7
fc7f
009c
0585
f22e
038d
d735
eeb1
fb08
ff57
ec79
f0fd
0c70
149f
dbbe
1a45
e97f
04ad
e341
df6e
1237
0ae9
fb48
f276
12fd
0e1a
f5fe
e7a2
0df9
1b1b
07de
01a2
09ea
0714
1096
e436
01fb
2263
00d4
03f1
e397
ebff
f7a3
faec
0d49
01a2
fdfc
079c
0454
f65f
0d91
f92a
e6ef
f70b
f87a
11d7
f0ff
193b
138e
0e0c
f1f4
f68d
0918
028a
061b
e89d
15d3
107b
f41d
0ac9
f068
046b
fc89
1518
1558
f59c
ffff
012b
eed5
1502
e4d2
018f
f91b
024a
f88d
10e3
f82c
fc33
fca3
03a7
fd7e
feda
f522
eb36
f96a
fc3e
fefa
f9fb
07e1
f5b8
fcdc
0756
d8e7
075f
0dda
01db
0fe9
0d2a
e3c7
1030
063b
eb9f
1a71
f48a
e41c
f943
061e
004a
f754
0d43
e8b0
f885
e50b
f560
0e0a
1bf2
ff7e
22b3
df04
052f
0236
f0ce
f07e
fc7e
e04a
f197
03e4
fb19
e4e6
e1f1
ff14
0c88
d609
1341
e938
fab5
e57c
e50c
03b7
079b
ff6c
ff33
153b
0f77
ec82
ea78
08da
1d1a
f49e
02d2
131c
1ba1
0f97
f690
f863
128f
f967
08c2
f613
fb1b
fff8
0008
1069
f0e9
fd07
12f4
132a
f036
0c9b
f73d
f150
f575
d3e2
0b1b
e4b1
2da0
1169
0415
f23e
00a1
05ed
04ff
0a69
d884
138f
1373
f8e7
f5cf
f55b
0d31
e2d9
14ab
1f8f
f6a0
fba8
030c
ea1e
1547
e20c
0717
eace
09f1
f746
0024
f7f7
09d5
086f
002e
f3b3
1235
fd9e
ec03
f2bd
fc04
f039
fceb
046d
dd02
fdbb
fc48
e3f9
03ed
0ee3
05c6
0f7f
0cb1
e78a
063a
fc62
e976
1436
f5a8
de2f
f913
f8a3
0c7c
f24c
05a6
d4e0
f958
e8c0
ff1f
1346
1747
04a7
2892
d835
06e0
0583
0869
f837
fe9b
e086
fb36
0398
efd3
f379
fe9a
13fb
2acf
f82b
f8d0
f241
038e
f8a6
041d
2826
159e
d8c8
1987
12cf
0e75
df87
ed51
fa0b
f43b
0088
ecf4
e538
1298
0349
ee0c
0edc
fb45
1847
1ff7
e951
ec4d
f265
ee8c
187a
e81c
f66c
0ef9
dfe0
19d2
ff8b
f885
1647
05fb
0f6e
eb9e
f014
fe87
eb2a
0042
dbeb
072c
025a
2549
0901
158c
faf9
ef46
01a9
fd73
f7ea
f7b8
084a
f16c
e64b
f65c
ec78
056e
0835
0579
ecda
e1d9
08a4
ff8e
1678
fb25
f906
1b70
fb4d
ef7f
011e
ec3e
16e9
f35e
df2c
0111
eba1
d3da
f41c
f91b
f85f
0950
031d
0e89
fddc
1002
149c
01a0
f96f
0553
0661
e552
1697
0d39
00be
f816
24ca
f6de
f736
250f
0632
f861
e882
f8cf
12fb
1cfd
f0f5
f9b8
f88a
f390
fd8e
1017
f99b
1774
fb75
052c
fa6e
fdf3
019d
feb8
0086
1fc8
f2ff
f2fb
f340
0307
f372
0c23
3557
07e8
e2af
1b6c
0db0
0f2c
dd5d
e952
fb28
f646
09be
fbcd
ef52
162d
fbdf
fce8
2245
fd12
11a2
3b28
048a
eb8a
f783
f67a
1dc7
e8c1
e600
122f
ef5f
0290
f97d
f318
115c
0700
0865
f5ca
fd49
0718
e9b1
f30e
db0a
0a7e
105c
1d3d
0630
0f58
00d8
ef7c
0675
f715
0d44
f53e
062f
054e
ee9b
ff8a
fd26
f9b1
25b2
e43c
e52e
e831
047e
1283
0f52
0063
0a6c
1230
f7ea
e90f
ffb5
f50f
0d03
0cd8
e20a
0c49
0240
de69
ea99
f0de
fca0
0624
ff6e
0f55
02c7
fee3
0167
f9ef
076f
ef5d
f9d5
eba3
1943
1eb4
0e2d
f957
0745
05da
03e3
23b9
089e
0070
ebc1
f924
0706
1d56
011e
fa4d
0af3
f25f
f9ca
0f5c
07bb
1ded
10e6
0bd0
e661
fe00
0947
0191
fe8f
23a2
fcb6
08a4
f4c7
fe38
f6f0
16e1
0eb3
08e1
dcf4
1147
f35c
0e06
f0b0
faf1
d233
ef6a
1022
f3c7
f3fb
0af7
0f08
f4b3
1244
fecf
1403
1249
f5cb
f419
ee36
047f
18b5
fe05
e576
1062
eba8
f80c
f55f
f4de
2582
ec5f
063c
f52b
00b1
0aa0
f8be
f306
e39d
fe76
0e44
1750
08d3
fe34
0467
ea5d
0308
dcfd
0a94
f680
fe25
006f
ef78
0b44
ffdb
f0f0
3913
f738
e055
e76c
0704
0af8
1238
028b
fd5f
234c
f155
ef33
0045
f642
f8ba
128d
e1f5
0e96
0220
d2c5
e856
edca
fa3e
fac9
fc48
13b7
0022
fd15
fa4c
1455
f770
f0e9
fd80
f2b4
0ecd
2254
2b8b
fb84
e1e8
01e4
03c1
058f
052b
ef06
e763
e886
1cc6
2268
fa77
f63b
078e
f312
f75a
0d7f
0058
0989
133c
0ac6
f304
fd4a
fc18
f8ed
f389
18ee
01d5
182a
f447
01ec
fa32
1489
fad0
06d9
c48a
1798
efab
0ad0
f265
ee50
cd85
fb86
1524
fcc3
f5a7
0a79
0a90
f6bd
03e4
f847
1512
fea3
edb1
e8dc
fb92
045f
0e39
06a0
de6c
0a3a
ec2e
03fb
f41a
f6a1
1418
f1e1
1189
0353
f961
125f
f6ad
f0fe
e45b
0ff1
02c6
1248
12a8
0315
11f4
eba5
0ee8
e5eb
fb84
e99a
14e9
fbba
faa9
f5d6
fe49
ff6a
280e
f118
df39
e25a
0afe
0b0c
10fb
fb17
084e
1fe4
fd07
f3ff
f66b
f9f6
1ae3
0c8b
d28e
0da2
f260
c52d
eec5
e986
08bb
f789
00ea
0f54
0194
050d
e381
14df
f443
ee98
0e1f
e858
0aa3
1a98
33dc
f0b5
e658
0632
f6f8
0e70
f749
0b29
eca4
f376
1254
2b0e
fc89
e4e1
02e1
ec63
f40f
fb3d
f5a7
0833
ea68
050f
f7ca
f655
092d
eb7f
0162
24c3
0143
1fb6
f5a1
f7c9
f445
fed1
0282
0143
ce9c
0cf8
1775
2aaa
03c7
f14b
e34a
04b5
2d7d
1909
f745
0324
00cf
ef37
0bf3
0a71
08c2
f25c
d6ee
f43c
e247
efe1
006d
0e9c
e70c
fdca
e67d
ec28
0ab0
ed11
040f
de1d
0bd8
f74b
f3a0
002f
0dcd
fe23
d863
f222
fa31
1591
0341
f9af
0e44
ed60
0671
0ac9
ddad
fcea
143e
03f7
1429
f0f9
f85c
fb7c
12f0
00e1
d490
df2d
0fb4
fdaf
08c7
fdcf
02c8
0088
ffe5
f0b1
faa0
eb9d
0da8
ec76
df38
0f56
f3a4
c75b
0cf2
f52e
14c8
f1fd
f1ec
21cb
129b
fde6
f9f0
0f98
d43f
0ae2
17e8
f28c
25f0
1123
1a62
1429
fae1
ef9e
f1c8
fdee
f996
f9f9
fc4d
e50f
0dc1
2a11
fcb8
1ce4
09e3
fd17
05fc
02a5
f681
efb3
ec24
0934
f059
f938
01f0
f812
09cb
1e21
05bc
16b3
f652
f172
045c
f129
f2b1
09ef
edf5
04e1
0c31
2257
03a4
e359
e3cf
f89a
164d
122f
fb96
17f1
0b8a
efe2
1189
ff06
0a0b
0505
de21
fef7
f034
0844
1378
fef7
dd6d
ff4c
f095
fb24
089a
eb09
04c3
e7d5
0059
0270
027a
0207
ff88
e9a1
d367
0de3
fdc6
0be0
0be6
ffa1
0770
df51
ff3f
fdb1
ee06
fd7c
0090
057b
0e32
effa
f11f
f541
16ed
08a2
c868
fc3e
049f
f853
0256
09e6
01b9
111d
ec39
e06d
0332
f606
2056
f824
ec3e
1053
f197
d2e4
fdbf
f78b
05f8
f389
0295
117a
002e
04ea
e3aa
043a
e2e5
fd09
1076
02d8
1f03
0eb3
30bf
09bb
dec3
f7a2
07c5
037f
00f4
ef38
ef71
f674
0fe3
188e
df4a
1412
f8f9
f98b
fb47
0b2f
f5fd
084d
f55e
05ec
e66e
f63f
1998
fa70
f7ef
1aa6
063a
10d9
f11e
f11b
0092
d363
d865
0894
f779
f33d
023c
1205
0079
ed21
ee60
0c9d
ea7c
0ce6
f187
0aae
1137
0a18
fcb6
f716
07a7
fb8d
f35d
ee0a
e84a
07a5
1c02
fc62
e261
f2e1
f4b3
e529
fbd1
ebf3
085a
f3e3
f97f
1ccb
0ea2
fd34
0713
fbde
dbdb
0c20
02ac
0a91
fb90
f7de
0f09
eaed
f4f8
0780
f9ff
fdac
0722
ea9d
0b41
0110
0037
e3b4
15c4
10bd
cecd
eb5e
0015
eb1e
ef6e
23ee
1044
06f2
e6d9
d7d6
062e
fa40
0f6c
fb69
e666
09f5
ee89
e771
fd1d
0b7c
1599
ed76
0ec8
1590
fb8c
0751
e01f
12a3
f335
f01c
10d2
041a
121e
0a7a
1c2e
0081
0738
eee6
0251
d22e
ff43
e4d6
fb4e
f346
016e
14b1
e275
0ab3
017f
ef05
f7ae
0e7a
f9d5
0bc9
0bb2
f513
fa63
ff76
052d
0892
ff36
21a5
0206
ed8f
ef5b
fb53
0d09
ee19
f305
0ac0
f528
04c8
eb55
f9d8
ff4d
f347
c329
fb42
ffb9
f7e0
f431
1706
17fc
0b04
0b00
f475
f717
fe67
faaf
ee22
c766
f251
2493
f8d6
f36e
f86c
eea4
0096
fb25
fb7b
0d64
f33d
1468
0aa7
13c4
057f
eff1
e96c
ee25
19f9
084c
ff69
f348
feb3
05a7
f38c
dcdd
f136
09b9
f62f
edfe
fd25
02af
0148
ec00
f36c
174e
f5f5
e69c
016f
e6cc
e65a
fe5f
1d6c
178d
0cab
e3e1
db32
fde3
01ba
0a39
0ab0
fcc1
1f5b
fc1c
fecd
dbcd
fb7a
ff17
e9a0
120b
feee
0442
fac2
f8ff
f117
f745
e554
0e20
ed97
1159
21b1
17a7
f924
ff72
0ad3
0c70
e80a
f3c4
f383
fdd7
0e42
01b4
0ccb
d6d2
0da1
0906
e7f6
f72a
06ee
f376
197a
fb86
f1ce
0a0e
f1d6
ffc6
f57e
0eca
1eb9
fcc1
078f
f222
0611
07ed
f554
eb02
0b0c
e24a
06e9
02de
fdad
093c
f352
dc5a
0348
1012
ec1a
f901
189a
0384
edfa
fbde
fa5e
1696
0818
e540
df40
d4c8
f3e6
1e93
1931
f6f4
0926
e0ed
ffc0
048d
f482
1383
eab2
1484
01a7
0756
f762
0949
f0bd
e7ae
0ecf
0661
f407
0b7d
01c3
107c
f081
e283
ea08
030c
f220
f816
0352
1201
f969
f080
0065
150c
107a
d145
fb95
fbea
f07b
1466
0f63
ff44
193b
f0a4
e819
eebc
f3b2
1127
13f3
ec59
0a4b
eab3
ecca
f3b5
ee5f
fd89
f8a3
f9e3
1301
0377
0005
e20e
09d3
fc64
fa86
1197
e6a9
1f1f
0a6f
05a9
fc33
1241
f274
fb3c
e426
f289
04dd
e3af
0e72
15d0
183a
e529
09fb
010c
f80f
f642
0949
0887
0ff9
e6f9
f7b6
ff69
fa1e
00dd
f91a
1c5d
04d4
fbe2
1104
fd3a
083d
1293
e81c
d976
0924
f849
04aa
0108
0026
03b7
f547
cfc8
f54f
f500
fa20
1852
0f57
19cf
0839
190e
f61a
f698
0cab
eb94
f931
d8ee
00a0
0fb9
fb44
f91c
fab1
021f
f540
ffa5
f52c
1665
f589
05f1
1546
0a50
fd0a
0143
e3fe
f7b3
20d7
0ff7
ecfd
fe91
ee34
05f5
ec80
dd6d
f496
01f8
f151
fa45
0c3c
0403
f3c2
f522
0047
1fa6
ffde
cf6b
00ac
fc2b
eb1f
dd4f
1636
0751
1ad6
f4d4
e1fb
ef62
f6d3
f3ee
030e
fe96
208a
ff18
ef61
f327
f41e
0b75
fac3
04d7
f621
08c0
fd35
f813
06f3
f278
fca8
0864
dca7
1b06
139f
fca3
f160
0e63
0710
018e
067e
f43b
0528
ec89
0adb
0c1b
07a8
d796
fd4c
fe00
ea22
f3fe
0564
fd3e
1462
da08
f81f
f811
f800
023d
fc7c
0bb4
0ffb
f0c6
0b8c
ed3f
009f
02ea
0deb
ea20
085c
0379
f44a
1c19
04f3
00b9
f21d
df56
fd37
f61f
f77d
1f56
16f4
16cf
f5f8
021f
ff2a
079a
fa79
edb4
fbd1
ed21
04c7
179e
fe0d
f30b
fa96
fdc1
e40e
fcae
0879
05e0
f2df
1790
05f4
0c0e
eb53
073b
e85e
f7fd
0a02
0959
e7b7
ff53
00ad
0611
eeeb
e92c
d99c
02fc
fb20
002f
0c29
0ba2
f9ca
f701
f85d
ff17
0829
ec8c
fdc9
fcdd
ee3a
fe1b
19ec
007a
12d8
f3e9
e4f7
f578
ff78
0c57
032d
f183
199b
fec0
ec92
f842
f773
fbc8
efa0
eec5
1295
fb49
04c0
0065
0a0f
ee11
00d2
12e6
e9d1
1639
14fc
fe43
f885
03bd
05ea
f706
fee6
ed3f
0868
00e0
07dd
12d4
15f4
f1fd
0a50
fe4f
e851
fc5b
f7a4
0702
0418
de9c
fe33
fc66
e6ad
fd92
0417
068b
1aea
f206
06dc
eb5e
0173
0a2d
0432
0fe0
1107
f49e
f088
16cd
feb0
0379
e851
e1bb
f8e4
15df
f034
1ddd
236b
26f2
ec22
1387
0cd9
098e
1e56
ef25
f485
e11e
ffb2
1ad3
0136
f632
01f8
f1cd
fea1
fca9
fca6
fe09
fad1
1740
0509
fdae
facc
0131
f773
f2e6
03ec
00c6
ea29
0e6d
07f2
0960
ecb3
eac9
e214
f8ec
0110
03a7
01ed
fe50
f3a9
e79c
0754
f77f
ec53
f116
fe89
f6e0
f4e2
f669
14c8
038c
0d5a
fcf5
ed50
f4b6
0352
1b7d
f716
f313
1368
f8ab
e813
f9d1
ed42
fd6f
e58f
ed77
0f4a
fe77
06dc
09b3
fdda
ff40
f9fb
1c18
d953
07e4
11f3
f3c0
f3be
0950
0cae
f8ba
fb0a
eb72
0a0c
f36a
0c5d
1ea5
0c7c
f24b
1764
fc96
f0a9
fcbe
0ac8
ff8a
051d
007d
f986
04cc
f57e
f4e6
02c8
004f
1712
00bf
1a79
f560
09b3
13d7
f0f3
01af
fcea
ef48
f3c9
1651
fb94
f1b5
f160
dde4
fc0c
13ee
0e04
19af
217e
0deb
ecbb
1189
0ba2
0113
1071
e1bf
f374
e097
0cc3
1902
1635
eff4
f76f
f10c
01a9
faf8
fde4
fe3a
f4dc
0c14
0c19
0488
f7d3
04dd
ede6
f1c1
0c19
f91f
fa34
0bc8
ffe9
0fd1
f16f
e909
ecf3
f26c
f56c
fa0f
06ee
11c3
f878
f354
fce6
fa63
e8e5
ec16
058f
0774
ef8a
0a09
1cde
0327
0873
fe22
ee51
fa35
fa98
233e
f869
04d3
08f6
0025
e1a6
fd7a
f42c
fd1c
e9b3
f55a
1987
0676
17e8
083f
f9fc
0668
019e
1f69
ece2
16b7
0f68
f2fe
00fb
07a9
0b9e
fdec
f7ba
ef15
1483
fc3a
0436
1699
1f04
e89a
1252
fcd9
0b4c
fce8
0308
fb6e
fbd3
0526
fc9d
f993
dfa0
ffef
fdc9
0522
3114
fd8a
11d4
f3bb
1635
0372
e4cf
1124
08c2
e860
ec65
070a
f86b
ee5e
e132
ddc0
00a1
4003
f581
1c2e
0fea
089b
f216
172f
f6b8
073d
1984
d773
f147
e513
f6d8
0c51
19df
f381
f5fc
de63
122c
f1ee
fbf0
f4e0
f9d8
1b16
0882
f823
e9b3
15b1
08ca
e8a2
ecc0
f6be
eda4
0da0
f2ac
117a
f6cb
ede8
ed9b
e68f
f018
fec1
fb0f
fae3
f196
f678
f895
e871
f52e
e415
f405
05f3
f266
0a16
0c08
fe16
0f8b
f165
eb82
f001
0e40
0cb3
0391
0468
fb75
f6a7
f3ee
01db
eabc
f97d
e5de
ef86
138d
05e0
167c
091e
1ab5
01cb
013c
169e
da8c
0cf4
0997
fed9
fbae
0c0d
fb55
eebd
00dc
ecf3
04b9
e937
02a7
19c9
1d9a
f23c
0810
fccc
111c
ff40
13e7
002f
f94c
ee3c
ef4a
fe2e
fb3a
f864
0429
13e7
0a6b
f02d
13a5
fba5
1145
1104
cd7c
0598
1608
dbc1
f44c
f82b
f474
e94e
e12a
d75d
fec7
1cad
ddd3
10f7
ff2d
0678
feee
1c80
015d
f411
1a94
dd27
ef22
e5e4
f368
06a5
f6b7
f43b
f382
e8c3
15f8
01ac
f425
fc47
f58b
135e
108d
00dc
f007
0b81
06a4
ef3f
f0d2
fe90
fc2d
01ec
ed25
107e
0435
dc45
f393
f1d1
fa50
0162
f8b6
ecfa
faa0
fdbf
f64f
ebc5
e23e
e9c1
ef59
ff27
ed93
f7e0
0e67
0d33
18f0
f9cc
f196
f77c
0d9b
0620
fb04
f7d6
0899
01e7
fce9
fe2a
fae6
fc5c
e760
eb99
0c5d
f47b
14ed
fe32
1ee8
1205
feaf
16d2
dd6d
1191
0493
fcc2
eeaa
fc94
1687
ebc6
03db
f085
0080
f7a9
fce9
13a3
1cf1
e9d2
0ad9
eed4
0af9
ff0a
213a
f14d
f6f4
f58c
ff65
f68c
fbf0
f97b
138b
12ca
0b21
f4a6
0a93
f89f
070a
0daf
e3e8
fe85
21e2
e432
f0bf
fc71
f0ce
fa3f
f35d
e2fe
0f9b
18cb
f29c
13ec
16b0
12ec
ff4f
0790
f324
f4fb
2f40
e60e
ff6f
ec47
2ab1
11b4
f5a7
ec78
f3d7
07a3
0f91
edfb
f170
fe8c
0ec6
f625
1a8a
1494
1c05
ff6d
02cb
06fa
1316
0fda
f7a6
f5a2
f22e
07db
01c7
d57d
db0f
ecbe
fb83
ed0d
0043
ecf3
fdfb
f8e5
f895
f6f9
e915
f91f
0a79
f20f
eaaa
f493
123f
1193
2509
f08c
e07f
fe6a
166b
08de
fbeb
fd39
08d1
fde2
044f
fd13
fd17
f299
f8f6
fb75
0367
f349
1258
1004
1297
0a0a
eaeb
084b
dd11
178f
0d85
054a
e5e4
e959
1dd8
f0f1
fca1
f28a
0895
f10c
fec3
043b
1d29
e067
1461
ea1b
f8b1
e88c
2c49
f5ec
f7f1
f9b3
fa51
024d
f984
f47b
0ae3
1001
1089
ee7a
fe04
f6b5
f9b0
06da
dfc4
fc40
2089
e4c8
fcc7
0936
f033
f57a
ea26
de49
1056
0974
f343
0804
1405
0c10
06d4
1169
facc
f075
23bc
ea9e
fb9c
e6a6
10f3
1130
fad0
f2f5
f50f
09e9
10c3
03bb
ee04
0a5d
fa7a
ed88
ff07
0cc5
18ac
eff0
f875
052f
0678
172e
030e
03ae
dbe9
09e5
ff03
e594
eeaf
f2df
f9ac
fbee
0144
ec95
ff57
00e4
f7bd
0555
feda
fc33
0b2d
eebc
f16f
ee61
fb6d
1057
29b8
f8f8
e7c3
fb3a
294f
1944
06b7
0644
0f9a
00d7
f24e
fc7b
020b
0504
f80b
f8ad
fb82
f5a4
14dd
07a4
0829
ff80
ec1b
0fe2
f261
21f2
158d
0402
f17c
ed11
1903
e1e4
10b5
eeeb
050a
e909
0ecf
0642
2866
e188
2d54
da0e
0699
f1c8
1533
ed80
fbba
e994
eedb
025c
f444
f180
05a7
0fc0
208a
e92f
0428
f8f1
002b
01bd
dbf6
1d32
17e3
ca6a
fe97
1e23
030c
fcaa
dc14
02a2
13ea
2fe0
0223
055c
1195
0013
ed6d
105b
035a
f370
1f65
e1d9
e8b5
ed0b
0629
1139
0a88
f46a
f2ed
ff75
0ba3
fb96
f5f2
f468
f515
f614
fe31
f79b
18fb
083a
0851
f59c
04d6
0aa3
0873
100c
e2d6
11dd
0b4b
effe
f0cd
f90b
f8f1
fa1a
0bc0
0115
00ee
03b5
fd8d
f467
0ccd
ebb6
fded
f931
f78a
0361
fe5e
11eb
0d6c
f700
f0c6
f24f
1cff
16c8
f934
fef5
01c7
f67e
e194
0218
f93e
0b95
fe0c
eba8
f89c
0479
0bfb
1096
11bc
e686
03d8
0b7d
e824
24ea
0f5e
faed
f8e7
05b4
06ce
ea78
0494
e871
0ed1
e8a0
0b7a
03bb
2837
e72e
1a49
d26c
094c
f92f
1221
ed60
f596
ff45
eba6
fa4e
02a1
f986
1495
2100
0e2c
e315
fc39
f39f
06a4
fef4
ecf9
0c32
2876
db3a
fca9
092b
fe2c
f141
e985
e9b1
0793
fbaa
efb8
104f
0b23
fd90
fac0
ff05
0231
faee
153f
d7bd
f0a7
ea0f
1302
0ce0
04fd
e609
f92f
ff10
fc9d
03bd
f982
f454
fc0c
f324
1370
0f4c
2101
0ce5
fae7
fe83
07e1
0ce6
fb32
0b22
de92
112c
fd63
dc4a
e9e9
fbc3
f9d0
fc0a
0fe9
fde5
0196
0688
fd0a
04a8
06e8
e94a
0150
e7cb
f2ec
02ad
1489
1289
151b
f534
f088
f43c
0a45
1c75
fc06
fbea
fa5d
fce6
e9ef
f723
fafc
ef2a
05ff
fec3
e6c1
ed0d
06a6
0ad6
06b4
028b
f88a
06fb
feb4
1a1b
07b7
f589
e850
f8b9
18a1
0641
fb18
eece
0334
f199
008b
0a51
217e
e478
06f3
f618
fd5d
eaa7
0a29
f05c
f90b
ea1e
efe5
0275
f85e
ecac
fa11
125c
130d
d8b8
ff57
eb44
02ac
fad4
f380
10a7
1512
cc9d
f900
18c5
0ee7
e376
e54e
0352
134b
0e61
fb1e
0c59
0368
f71e
0112
0094
081b
065e
1769
e15a
ecdd
ed25
06e0
0e91
0e62
f039
065c
0105
02cc
0815
f442
eb09
eba0
f3db
137e
f3f3
1c22
1661
0fa3
f914
e7ec
05e0
0fc2
0dbd
d65f
0de4
050d
ef14
e6b0
f5bb
eea4
05a9
03e0
182a
002d
043f
fd0d
ed83
18bd
d516
f56f
fde8
fd01
116b
f90f
01f8
1341
fe5c
eff9
eea5
09e7
2620
f912
ed36
f474
e8e1
ef5b
0a43
f12f
f9df
f957
ef35
f5d5
10aa
13b5
04f7
12f8
f0ac
10fb
0a15
f4c4
31c5
fc21
e8d8
f497
01c2
0934
f1ca
ef32
dce0
0b6b
f5cd
002e
06cd
24ce
f72a
18e8
f472
08a8
ff5b
09da
01b3
f81f
e616
09a9
e8b5
1555
0838
1f76
24c8
03eb
0cf7
ff4b
f926
028e
0e54
f55a
fc98
1ec0
ec79
19b6
fdd4
fbc6
f311
ed1b
f065
f6f6
fa12
0763
018b
0c22
1c7e
00e0
2e46
ef63
ec01
2bca
faad
0b5e
ffb0
166d
1bac
ca38
cd6b
f663
fcb1
0d7b
fefe
f708
2199
065e
f002
0a59
17f9
1abd
d518
de84
f6da
0ce1
0ea4
1329
e91d
01ee
f146
e08f
df5d
0711
0f8e
1b44
eff5
105b
e509
05db
e6b0
f91c
0d1d
e090
ec73
e871
0a20
ff94
dd4d
0eae
03e4
20c1
efa8
d273
1bdd
fbbd
edb7
f79a
f160
0b92
02c7
e683
1314
fe1c
1383
1151
183a
f9db
debd
f98a
0eb2
f53a
030d
dd74
fd76
fee1
f516
0761
166d
0bdd
0619
1348
147f
3792
0f27
da5a
ee74
fd75
e926
006a
e7ad
0023
e880
f050
edfd
1fab
e120
2806
071e
10f2
e936
0b36
1278
1769
0287
10bf
fd46
fd60
f27a
020f
054e
013b
1487
115b
040e
154f
0066
08ce
eb35
f355
eab5
e2aa
ee18
073b
023c
0e70
194c
fa23
1f05
f72a
eed3
3d3b
00fc
fce7
0554
1718
2374
eb5c
d55e
100d
02b8
f65c
0a46
f704
1755
ff3b
ec52
0c55
1fdd
1fcd
e081
e380
f52b
092d
0aa6
1419
f1f9
fac5
fe3d
e51c
0077
f4d9
23fb
1185
fce8
0ab5
f0a2
071c
f925
f5a6
0bc2
d94e
dfcf
cf03
0774
1ab0
e3fa
1272
fa43
16aa
f764
e019
0398
eec4
eea8
f66a
e7a3
180c
04d2
da23
0682
e7ab
0328
09cb
114f
0e5c
eb88
e2f3
0724
ee94
0cba
e3f2
efa1
efd5
efaa
1e3a
1a6c
037d
f0da
1452
17c1
202b
0547
e44a
dcef
f918
ffd9
105c
fc4a
f47a
f1c3
f46d
ea1c
25b7
fb84
23fb
161e
0a3b
ed51
ff2c
148a
0f3c
fe49
11d5
f6fc
0e17
f127
0823
f499
06fe
1194
03f2
00ef
0c34
fdce
0c30
efe3
f2e6
ddfd
eecd
f048
ffe8
0d16
0bbb
15ad
fb7f
1d67
f404
f23a
15c3
ff4e
f646
fc22
06b6
1830
ea6c
d4a0
110b
0a09
0297
0a31
eb2d
2335
ef0d
ed8e
0a1d
1c85
2bd6
e25f
e4f2
f5db
06be
1089
08e8
036e
f7bc
fdf4
e6e1
fef7
f1ca
1319
1c22
fc24
06a4
fe03
0ee9
f790
f4aa
252c
ebb8
dfcb
cacc
0ce1
0ef8
edaf
1835
fb96
22fb
eb15
dcf6
00cd
ec9d
e799
f902
ecd4
17ce
ff9f
c74b
079f
e882
0309
0347
0c85
0af3
eb3c
e4c6
05e9
fdb7
f644
edbf
06b2
f346
fef4
25df
1d70
0555
e6a3
0c18
1457
0b6c
0745
e788
db35
eabd
141f
1e44
fa29
024e
f4de
f68f
ecba
1ad9
f2b7
101a
023c
0c93
eb10
16cc
1c51
17f1
18ba
0fb3
fdb4
0fe2
01c5
f9b3
f497
f918
fac6
06af
09ad
0b8f
039b
1e08
fd12
f6a8
c721
eee3
eec2
090d
0c7a
0d2c
12f1
fb4a
1022
e997
f436
f6e1
fda8
08d2
01da
085d
13a4
dcc9
ca77
0b14
17dc
eb26
fef5
f936
12b0
f14a
e7a7
1080
27a7
1bba
d9f1
d1f2
025c
ffb1
0d27
02c7
f4eb
f3b1
0373
deb7
f914
f1ca
14ee
1007
f911
0aba
ff90
ff2f
f535
f5d1
13d2
02ed
df7b
e09c
0905
fcc9
e81a
1815
0165
1e19
ed65
dace
0b7a
f671
fb3d
0632
e9ef
1912
ff4a
cce2
0500
ee49
06fb
0397
2169
0b4e
dd91
dced
fdd0
0537
e68d
efd6
0c88
1321
030b
1d28
14b3
1b4e
e564
fefc
2021
1032
0cd5
e78b
e7af
ec7a
04ae
1636
024a
fd7f
ef9d
f6b9
f30b
072e
ece3
0728
d588
06ca
f6e8
0436
0ff2
fce3
153b
0867
ef87
20d1
f8ac
f9dc
ecba
ef8d
10b4
013b
f781
1130
22f8
3845
0687
f299
eae8
02a8
0c22
1bda
fbac
0dfb
0817
e6f3
1419
04fa
f85e
f0c1
e28a
0376
e9d9
fe01
0f7f
f23e
d006
f817
0171
f811
0180
f064
0239
e8e4
e766
ed3d
07f5
0887
f3a6
edf2
f54c
f1ad
02b2
1461
f8c9
f988
0932
ec1a
036c
0b6d
fb0e
13ba
f246
0a2f
22ee
f958
f1fa
f022
f928
eaf5
d665
de12
15cb
fe12
ed49
1a59
fffe
fbc5
ec76
ddf3
05d8
ecf9
1217
ee87
eb8b
137c
f623
d621
157e
f4e0
0d53
031f
fe26
2251
0658
decc
0d11
f691
d86e
0ec0
058b
fec3
18bb
0e47
eb9b
2711
fea8
f2ff
129b
12b6
0382
f4ae
edff
e1a2
fe19
1e85
fc2a
263f
ec5c
ff25
f800
0813
f419
f2bb
f8be
0893
f57b
0ef8
13d1
040e
0c50
2070
ff2d
0e33
010a
f618
fccb
f024
0f77
101c
fece
0904
1d8f
307a
102d
f118
eb20
f413
23e4
0edc
035e
1c7c
0380
f171
049d
00f0
f63d
0473
f0c1
0128
f8c5
f6a4
0cb6
e850
bfc8
fbf6
0115
f00f
016a
ea9b
13b5
e65d
f197
0267
0f06
ff0b
e87b
e2ef
f009
f779
043f
0ed9
fec0
f3cc
0489
e362
fde9
072a
0b16
119b
f431
1a32
1dfe
fefe
eeff
ee3a
0576
e144
d8af
efff
0ec0
fe1a
e9fa
18d6
03aa
0a65
e6b0
d8b4
0157
f9b7
0d7f
fe8f
fcdc
12f2
f655
c8a1
02aa
fd76
007b
fd66
059e
1385
0196
de0d
f14c
0c50
e389
0a3d
f6cb
2315
1bff
0d08
f186
1222
e98f
ee7d
12f7
1310
0ec8
f83c
ef25
ec41
fa3f
1e95
ea15
1c4a
edbf
0867
f54a
006b
e9d0
0dfa
e737
fd6a
0595
17ee
17a2
071e
00c1
2514
0251
0e72
f536
0027
0404
e061
f824
09f6
f036
f2d3
106e
2564
14ae
f53e
ddbd
072e
0365
09ac
fde9
1160
1121
fe31
134b
fd75
02fc
0062
fb19
fb75
ec7e
ea2d
15ec
e53f
c9e9
fdc8
0242
e140
0b52
e784
1fc1
f937
e9e9
15e3
0ce0
f2bc
f7d2
f031
fb4d
f637
0805
143c
f542
ec1f
138a
e052
f686
03bb
15d8
05a8
ebc0
0a82
1d23
0b15
ff28
f06a
f0c3
eae7
e5ec
f8bd
0413
fc40
d42e
2d85
041e
00d9
e62b
d67a
fb92
f191
093b
021a
f48b
1639
fcb8
e5ba
0171
0629
05b9
f410
ff3f
2104
fc82
f256
f349
0400
eea3
00b0
000f
0481
0057
003e
f8c5
09e2
0bd6
f453
0d63
eb7b
0a4e
f2bd
eafb
f5de
00b7
19ce
eea4
17fe
f93e
0272
f7d1
ee8e
ef18
12c2
018d
01b6
0efe
0283
075c
fb8a
0050
2b61
0158
157e
fa89
0a4b
057d
e575
fc79
07fd
e9da
0738
fdbb
0c4f
086d
f3dc
e60e
05a6
0937
0952
fc8c
0b36
02fa
f83e
00c3
f7c4
f6bf
f229
fb90
da58
dd57
e39e
2270
f35d
d704
f97e
ed79
04ab
f437
ed5d
153f
f049
0427
0683
1271
02d7
f37a
f526
ee59
fd34
f79f
fb3b
0016
f2e2
1449
e9a1
efda
0698
1c03
0097
07a3
fd2c
10ff
085e
f3cc
f634
0ef0
f1f5
d8e0
f169
0522
fe24
f869
1f27
fdf5
0cce
f62a
f0ba
fd78
f37f
1c34
0ff8
f465
06bc
f35a
f16e
086a
f41c
fb01
f4ea
fe06
13b3
f186
ef6c
e99b
012d
ee2d
f7d4
0007
f54a
0863
0390
0f04
0092
0c2a
f5d1
0e4c
eb43
febb
fd5f
de14
02ac
0ac0
1daa
e508
1211
fc52
f71e
ee41
f511
fd46
0c35
e6de
f3fc
0302
fc12
1170
031e
0e78
21a9
f6cc
250a
fc64
f96a
fc6f
f386
ff72
020b
ee8a
fb38
2233
06ab
1116
ef5e
f4b3
026a
1ac3
02f2
0295
0b9e
fc2a
e5f4
fb79
00b0
0dec
ffef
e9cc
ed18
e8fb
e98a
2375
00a9
e244
09da
f979
f0e1
11a7
e81d
10a7
eb96
f374
0c45
189d
f82c
fff0
f517
e582
f08a
0692
eba4
0316
f00e
0b51
e3f2
ebb1
fc4c
12e0
0578
f383
0be4
1e69
06ee
f453
f677
ff97
06dd
ba11
ebc1
03ef
fc37
ffa5
12bb
f388
162e
ef1b
e384
04f2
e253
1400
102e
f82b
ea49
f47c
ea42
18ac
fe03
008a
fde7
f69a
2ed0
f4a9
e636
ee7f
165f
e9f7
0c22
0349
fea6
11f2
e7cf
f926
081f
17b8
eac2
04d0
e42d
101c
0952
ebfa
f6fc
0226
271e
e97f
1911
f2c0
0c2b
f3a5
f268
022c
fe30
e140
022c
fa46
0169
0f9b
091c
189d
fd88
f9bc
142d
031c
0727
080d
d7ee
f3bc
1065
fc73
0b01
09f4
fab8
0af9
fa78
c95e
f8a5
f1a6
f60d
1057
0850
0a41
0abd
17f1
f0f8
fc94
0838
fbd5
022e
efa3
fc81
145c
e847
dad7
f880
0bd6
edd4
f9a2
ed3c
0f26
01ca
ed62
1cac
2b1d
0927
e7a6
ea7d
fb4e
1333
0c88
ee6b
f59b
e651
0475
e5c8
e198
019e
1583
0431
f132
0cb8
0b3b
04a7
fb95
f5ba
1085
f76e
e7ca
fd3a
f65f
ffd2
d7f1
1be8
fbc8
1624
fa19
da57
0281
f713
f7c0
1490
08bd
10bc
0508
ed96
fb0c
fa11
fce9
00c5
05fc
106e
e6a6
ee95
ee79
0a10
01a5
f5e8
ede5
f35c
f76f
0210
04de
0028
02be
0abf
13a0
03f5
02b0
fe08
ee2a
00b8
0095
1804
e5b0
f507
f498
f244
e8b4
f8a5
fce4
017d
e6d8
0408
f777
ff87
1598
186e
1c8e
0b25
fe00
197b
f2fa
09c9
097f
eb1f
06b3
0cd4
04a3
fbbe
0440
eedd
0812
fcfa
daab
ed8e
f9d9
f4f5
0642
0b45
0359
033c
023b
e6f0
fd97
17e8
f85e
f44a
052c
fa32
18db
ec75
dc51
fcd2
134f
ee3a
fdc9
fe96
075f
0238
fcc7
1b24
301f
fed9
efc2
f093
08a5
0b0a
1434
f24d
f55e
f8dc
0428
e2cd
de15
e07c
17d8
00cf
ead3
082e
0e47
03e2
06eb
facf
f57c
efc9
e372
0b9d
00ac
f80e
fed8
267e
fc5a
1f99
f1c8
d9eb
fd22
04d8
1164
17a5
fe02
ff74
041e
ee69
084e
005a
f7be
0311
f951
0bce
e567
f345
f790
125a
0491
e525
f90b
f8b0
f157
0e36
fcfd
f814
fff5
06d6
068c
02ff
f72c
f96b
f4d0
0b1d
0194
24a3
e74e
0cc4
f71e
e8fa
ea26
fee5
f642
06cf
e9e2
05d4
fd5a
fb68
0be1
1365
2063
18ae
0488
0b26
ee66
f9a8
01dd
f225
128e
1342
0974
fde6
ff8f
f779
01b8
eee6
ce5a
ecd5
09ac
fb27
05a6
0aa5
114a
0f5a
02bf
f999
029f
0e7c
f9e9
fd34
f376
f979
17f3
e8f8
e5c4
ff37
040e
f082
fc55
05b1
fb8c
f663
fec9
1156
1b82
079b
ec9c
ebfa
fd31
ec36
1c0d
efed
fa96
ed31
11d4
db8d
ec73
e51e
0fb4
00da
f3fd
14ba
fdca
f8e6
fbac
fe8c
0692
f17c
f2e9
0bdd
f9b6
ffc6
ea6c
2e84
074a
2218
f2cb
e653
005e
0e56
1aff
0d60
043a
0ef2
0500
e2fd
fb5f
f688
f3c1
fc20
e753
1034
eb31
f155
fcb2
0bc7
ffdb
fb54
04ce
f99b
eab9
1322
fe15
0235
f52e
0742
1248
0a06
f141
f22b
eae7
106e
fd2d
153c
eb73
1691
f5d3
e722
fb19
f2ae
edc3
1469
f198
0033
edc9
0849
0545
19cc
1903
1434
0d70
1145
f386
0448
1110
ed8f
0821
13f1
03ab
f694
0810
033a
ed26
f87c
da10
ecec
0d61
0156
1e57
0cfb
0756
0369
0971
e696
f1bb
0b26
efd1
f46a
ed21
0353
2064
eea4
d446
0597
06a4
0090
f965
fe7c
00ec
f3c0
f48b
1a61
2ebf
00af
eea2
e9cb
f61f
fd67
1a48
fa1d
fbbf
fcb2
0c89
e5f3
dc75
f48d
169a
057b
ef69
13a6
1042
0b56
0818
f8a1
f824
eb64
ed3f
f40d
0452
e9fb
efa9
2f70
05bf
18c6
ef06
dd08
053c
072d
18af
03ba
06c6
0526
024e
eb4f
fb9f
fa56
fd83
f133
f6d3
10f4
d745
f932
049e
1715
0a4f
fc2a
0e4a
087e
04c8
0a0a
f51d
01ae
00c6
027d
15ec
03e0
0168
f84f
f9e4
07c7
f8b9
1e2f
e3b8
2199
f390
ec88
eddd
f523
ef47
0363
f484
fa64
f4cb
01b4
007b
199e
2286
0e2b
0ba4
fc83
f46f
0bb5
0c53
cf57
04e8
20c1
ed2b
f7b6
f8c9
ff57
ee4b
fa9b
d77e
e8d7
0e52
d9f1
0e7c
0e14
02d8
183b
0cbc
e8c8
ecf4
19e2
ebf4
03e5
f440
0674
1702
f0c7
cf05
0907
057a
f930
ef53
f98b
02f8
0585
f99d
25f4
28be
05a4
f606
f467
0310
023a
184c
e9e6
fad7
ffab
1266
e302
df91
ec74
1bc2
01d7
e3ed
17d3
fa8a
03f0
0178
fd3a
faf3
e646
e66f
03bf
e19c
f14e
e6d8
20ac
0ccb
1d2a
f3b5
dca1
045e
1416
00ba
0bea
04dd
0d38
0776
eb99
ed34
f84f
f441
f4d0
f4c6
02fb
d3e8
f8a5
0500
2289
214a
ee39
07c3
fcf7
f650
0fde
f797
e931
f464
10cb
fdcf
0ce9
f61f
eeb0
e47b
0d6c
0201
233f
eb4a
11b1
fc3b
fd66
e93f
04d4
f12a
11c6
fed4
02b0
fd58
0d2c
005d
2123
0d39
0833
08fb
ecbe
f986
0f4b
19fa
d820
1e8a
2e38
f0d5
ffd7
e84f
fc52
e00d
f8c1
d244
e652
1e08
d3cb
1f7c
12e8
0caf
0218
1f91
f2e0
e1f3
2ac7
f12e
fc3d
ee9c
07e9
06d9
e31f
d074
03d4
0bb9
03f2
f612
fa98
0936
1733
f3f5
10eb
257d
130a
eee7
e0d0
04e9
10b1
0b92
0b6e
ff9a
038e
1454
f109
cbee
e63f
0324
06c8
e145
1727
f78a
0225
f92c
fab7
002f
d0c3
ec79
029b
db46
ea15
dab0
1a92
0aba
06de
f950
e130
0374
0f26
f6d7
fdec
1082
2337
10ed
f819
f71c
fa95
fead
f0b3
0641
f0c8
e401
f314
0ff1
0fa9
1ae7
f14e
fcc7
f89a
fdcc
2053
02d8
ec36
f206
2190
0207
1e3f
edbe
f75d
e8ea
044a
067f
1869
e304
fc72
f9a2
fc3d
e969
0f32
ebd9
042d
f908
f912
f521
09d3
066a
198f
0d2b
0d4c
01a7
f7ba
f738
00ac
069e
d708
0caf
3088
ff5a
eabf
05a3
ed40
ef16
f26a
e4fa
01b4
0f6a
eab7
147f
1a59
091f
f6e2
05f0
074b
ee0b
22e0
f696
fa4c
f668
217e
00c9
f49e
d12f
fd35
051f
0cca
fc1c
fc18
02c8
1602
ee2d
13b6
1dd4
1954
f7ee
fa94
05b7
1019
0e78
0154
03b3
f673
16f0
f4d8
d952
ee8c
ffb6
fe5c
ef3b
fe35
0082
0ab2
0471
fd19
0574
e73a
11eb
0375
e93c
ed15
ea7a
0be5
0c93
136c
f8af
df33
fc4b
0817
00e7
019e
fa90
07ea
02bb
f949
021c
0347
f48a
00b3
093f
fb29
f8b1
f8e7
0a84
1d6c
0460
f6b2
0540
f068
0cd3
054d
f624
f49a
ef65
1cdd
fc7f
1154
f430
fabf
ef75
ffc4
fbf2
1719
da88
0835
f4a3
f9d6
ec47
0b29
f414
06b3
e810
059c
f7af
15f8
0d8f
219f
17a7
0ce0
f666
f0dd
fae8
f65c
0ac4
df0b
08c8
23f0
f2c6
ff1d
232b
f907
ee52
eed6
f38b
030f
1c7b
f130
1080
1271
fdf2
0136
130f
0dee
df64
1571
04ed
07c5
f59e
0c66
08b0
dccc
c9ab
f9ae
0cfb
ffcd
ff7c
f987
ffeb
f832
ecda
07ac
1bb5
11e0
ef94
f5c1
05dd
0b3e
2939
fe44
fb55
f183
0efe
eff5
d187
fe36
0e28
0b2b
df21
140d
0188
0cde
0755
fbae
1c6d
f533
1222
1052
e3b8
ec0c
e775
0a30
0d6e
29f4
f1fd
db9d
09bb
1dc3
fe72
14a4
0b0f
0e43
12e1
052d
fe91
1529
00e1
14ac
01c0
f96b
e0a5
f6af
0cbf
0a86
02dc
e884
ffeb
09d1
0f5d
0ff1
ff54
fa99
015b
2161
f548
1adb
fde7
faa9
f795
0230
fa2d
0e07
d7bf
1903
e4a2
fbf8
f38d
f892
e96d
01cb
da61
fc9f
f639
0f53
1428
1d78
1ef3
0d0a
ee15
ec18
fdb3
f555
0610
ebad
13f0
3fbe
f676
0688
0cfc
fdd9
f85d
e930
ea27
fe90
1649
f591
0866
1c7d
f666
fbb0
1558
fd27
e484
1d78
0052
056e
fa74
13da
1a63
ecd1
ceff
04ff
123d
fddc
f9e4
0599
f1c8
0fd1
f0ed
063f
1411
1b7a
f0fa
faf8
f9d7
0ab8
25e0
0a41
0804
f390
204a
f580
e324
f6e9
0676
051c
e2bb
1056
022c
0f78
07cb
fe2b
012f
f544
fe5e
0fb9
dfec
f0b4
fe01
0a85
1293
1ee4
fa76
e3e4
043d
19c5
efde
0799
07e3
077e
0482
f31e
0d43
0a07
0eef
0e72
0bcb
e349
e314
edd9
0d99
01ae
f847
f062
055c
0bae
1bfb
0f8c
0725
f340
f386
20fc
078d
0c8e
f688
e3b2
ef10
fdfb
f1cb
055f
da1c
26e0
e0c9
fd93
fc55
1ad1
e760
1cb5
ec60
09e4
f3f2
1578
0c58
23a2
24da
0b98
f04d
edc7
f8fe
025b
02bf
da63
0a62
2baa
ed42
051d
12fa
0c68
e9bc
f3aa
e35f
f992
ff55
e6a4
1264
19ee
fb1c
04be
1256
071a
e2eb
122c
e6d7
ff83
ef31
0cbd
0d83
e818
ce82
0360
0d0d
fb64
f57e
00dc
fcf9
ff46
f2e9
0d91
2990
166b
0036
f6b6
ff09
0141
13ff
fcbb
05d6
fb66
15fa
f320
e3b3
01c8
10da
0e49
eadb
0f5f
0c89
03b7
12cd
05c6
07d9
f4a8
ff7d
00b5
e57a
f2ff
f96c
2370
0659
1b6b
fb54
e8ab
ffc3
09e5
f28a
04a3
059a
0068
fab2
f6ad
fc2b
05b4
018c
1401
066f
e1f0
d171
f800
0e3e
fdd5
00b3
f02d
f31f
0518
2485
16d3
f3ea
e0c8
fee3
2605
06c5
06d4
f0a7
f626
e8e8
05f1
053f
103c
e2d2
0a43
ece7
f649
f122
0d04
e242
110a
e7c5
0541
f970
199e
0551
167d
2a4e
0a1f
f131
e713
ff8c
0055
fb30
d315
f9b3
2670
fabc
0353
290c
12e8
e1ed
0310
f22a
f479
ee0c
fc32
0d8a
2325
fd5e
0abf
0799
0472
011f
159f
00bc
086a
fdc8
0b5e
1021
ee0e
d02b
120a
1409
f702
dd6e
106e
f0d0
fda4
e2c4
1553
205e
1dbe
022f
ed16
f6c8
0666
0e69
05b2
0648
f029
0ee4
f032
e795
f6c5
1223
0db5
e157
16c2
11a3
0153
08fc
03af
0944
0396
fc37
032f
f2f8
f326
f9d2
1816
ff03
1a6b
02f9
efa9
0520
08a7
fae9
1090
02e3
ffe0
f451
07c9
1005
fb45
0c04
0b2e
f56e
e450
d751
ecec
0bac
0f9a
f3d7
fcaf
f40f
04a5
2a38
07b5
f481
f933
fd51
24a7
ff9e
12b4
e176
f5e7
ec51
07bf
fea0
022d
eb68
30f7
e825
007b
e905
13f0
f688
0112
d330
fb4e
f740
f808
e85f
f8c9
1502
0c8c
0de2
02e0
f631
0d12
db14
13d2
28ca
06cd
dee6
0ae4
10bf
0b3f
ea53
e08b
0cdb
0bd5
1fd6
00c2
e91c
e8e9
03ae
fe33
1940
0641
31ff
0d8e
fadf
ee0a
f049
ff49
078f
0580
04df
f1cb
f052
1216
fc01
0215
04b5
feb9
03db
fae8
e809
f81d
0550
fdc7
def6
07b6
fce5
120a
18ba
fa8c
0d92
fec2
312a
02b3
e811
0e1e
33d9
ff27
f505
f4df
084d
0601
e543
f61c
c7d4
df99
113b
1fdd
04bf
f34c
f6f8
d9cd
09b1
fe42
038f
0149
0372
e145
bf65
0404
e8a7
c890
1a97
f04f
1607
14bc
d2c1
fd02
ffa0
208c
e685
2064
f17a
0575
020b
f38c
001b
0068
fb14
0ca0
06d0
cc5d
fd07
34e2
f538
087e
e45b
03f9
13a4
1455
244d
ffe4
ec27
e0f8
fffd
04ea
f7d3
1744
d96f
f7aa
fc93
f732
ea56
f26f
f61d
0a25
fb49
ffc7
f114
0641
d40c
2072
1f13
0b50
e4e9
ff6b
1124
16f8
ddb9
e0a4
0c33
11c3
013b
02dc
e9fc
e8d3
0b0a
0bbc
fd6f
f84b
28de
0d6b
19ea
e9ca
f3f3
08e1
0890
0d3b
f837
fe52
fca8
ff3b
ed03
0182
f68d
eeee
feef
f9ad
ef1a
1149
fd95
00de
f6db
0568
0121
177e
0c95
ece8
2053
0377
45eb
f5ee
fba4
00a4
2979
0b73
f21a
f5dd
1259
0193
d869
fc6b
bdfb
f1ca
052c
2451
108d
f486
091d
ecdf
0a0f
fcdf
f417
ffbe
0184
eff9
b12b
13bb
d4dd
c1be
031d
e2bf
01ea
0686
e794
fec4
0e00
229a
e465
faa5
f169
03a5
e94d
e51a
ff6a
1572
fde9
0b13
15d3
e6b9
f36a
2cc7
eb25
14ad
d4e9
f193
2a43
1997
3e21
ea1a
0160
da27
f7ee
fdf6
1b99
12af
f3c4
0604
faf4
e875
f564
f0ff
e7bd
f95d
f485
f618
f2cf
fca4
dccc
186d
0418
09a0
e9a6
07f8
0b4d
0674
ec1c
e0f3
e4e8
09e7
f335
f598
027f
ebd0
0c22
194e
133a
f429
22ed
0816
08ee
ef7a
f024
064f
0520
ffdc
f83c
0761
147f
f997
fa37
f1d8
1641
e756
fc9d
09e2
01f7
15a1
f9c3
f5b4
fac8
259e
0838
14e2
0caf
e6d3
150e
0514
2e06
f4cc
f181
0b33
1dec
061f
05cd
fe8b
0dd0
fe93
1060
e83a
d14e
ee31
0758
12dc
ffbe
fb52
0724
ff8d
07ca
0191
f961
f5fb
ec92
ea55
c67c
18ff
d8a8
d70c
f98d
dcc6
026c
fb62
f483
f4d4
f8d5
13ad
ea94
062a
f532
fdf7
0411
ed85
f33e
2c0b
0c1d
03e4
eecc
e270
f9fa
16dd
ed77
093a
e49f
ee84
3374
1370
2002
077f
fa71
e098
fca5
fa8a
0149
0e86
d3e3
0300
0bfe
e21c
e822
ed7f
e954
f2be
fde8
fc70
fcb6
fd13
d75c
103a
df21
09ca
e147
154a
11a8
0a82
f35d
e181
e72a
018d
f0ce
0460
fd99
dffa
0450
05ba
f973
fff1
1cac
dbd5
0a34
f1de
f553
f918
faeb
0c71
f1cc
eded
0752
016b
e9e1
0022
fb16
e948
0c67
1248
004a
02da
0272
0254
f5d1
1bb2
f966
03e5
12e1
ea71
2459
002d
3704
f4b9
ec44
fc79
36f9
ff6a
0aa4
ebe8
1004
fd2b
fcac
fb77
def8
fb86
0297
1167
e38a
edbf
0fd1
edd9
0afe
0cc2
f2d9
f4a6
01ab
f63f
b92e
110e
c9bb
cfbf
0a41
ddac
021b
fcac
f91c
00bb
0db5
0f2e
d5c9
13d1
f9e8
faf1
119a
f1f2
0056
0cc0
1984
0887
e47e
e36b
f670
26a7
ec33
1740
ece6
e711
21d9
17c4
28ef
03f8
0341
e48a
f53f
f1c6
0125
fb32
c344
f91d
0e86
e5e6
eab6
eee2
e9a9
0759
fe1e
0948
fbc3
0499
d760
09b5
067f
03d9
e57d
1d70
169e
1a8f
fd77
d95e
f255
0437
1d53
06f2
eb44
d934
f3a8
0d2a
1741
fe7c
3214
e3ba
fc6a
e138
ec1b
e73a
f1c5
12fb
faee
f3a7
ef22
10bb
0476
047f
f7b9
e3ff
13ff
efa8
f57c
e805
1363
054b
f141
094e
fc79
02dd
1e02
f523
335d
00f6
31c9
0b60
e42f
e689
1d50
0762
18f7
e7bd
138e
0179
db65
f2bd
cbff
027a
05d6
18ab
f405
f5a8
0b86
de80
131f
0e3f
efe1
f87c
1a42
e3de
c100
1af8
d0c3
c99b
0808
e464
ff5f
edb6
d9fe
1ae7
0733
113b
ee27
0190
eac8
04d0
04ba
f540
23e8
1d98
0936
1b73
03e1
d751
efeb
24ce
e7ad
09f8
d74d
e935
22b9
1530
30da
2548
0677
e719
03f8
e991
02eb
00c1
cac1
fff2
0382
ea41
ebc5
fb67
efa7
0952
fb77
f828
f6ef
03ad
f8e0
077b
11e2
040a
e92c
1bd2
fdbe
11ff
041c
dee9
ed6f
f86b
15be
0165
f8cf
f455
f7c7
022a
0cb0
f1c0
1ab7
e31f
01cf
e94b
fd9c
f828
f35d
11ae
e775
fab8
faff
0a69
f76e
f3ab
0357
ea56
ef7f
fa7f
00cc
f454
fcee
f424
dfcf
0a78
f136
0589
1abd
f7c6
2405
05b6
306e
01d4
f184
054c
1bc3
0bf0
082f
f38d
0fda
0000
e4b8
e7dd
c443
066d
ebe4
1d1e
eb1e
fc2d
06fb
e263
123d
fe99
f1c0
fce3
1244
f531
cd09
088e
d666
cecd
f7d2
e43e
f1f7
df57
df49
1105
0ce4
124e
ca55
062b
e8b2
08d0
f896
fff8
2270
1028
faf4
1028
f390
ddbb
01e8
23c9
e90f
f60a
e220
fdeb
11d3
066c
13d8
0a73
0091
f52f
07ec
fc49
f7dd
15d7
d7d8
0201
03cb
ee8f
fb13
f610
f1e3
040a
07dd
fcd8
f4a9
0295
f757
f7be
ff15
0539
fa03
fc10
0992
12a8
fd1e
ea27
f1ef
0224
fd5e
0901
f85b
e2af
0148
0db4
086a
fbad
2d2e
f002
0b53
df9c
eb3e
ea41
0190
0e80
f83f
01a0
e8cf
fbd3
fc0b
f2f8
0ff8
eadb
0685
185e
0035
e6fa
1d64
fd7d
d939
f4e9
febb
fd8f
1668
ec88
283d
f389
2a7e
f712
f966
f2a6
1776
0060
12bb
09b5
0ff3
f199
ecff
f2ea
e527
0532
020d
01da
d335
0e96
06a0
d4fa
f7ad
ecdb
eb61
f8ba
0bf3
f413
cc2c
0afa
d7db
e305
f4b1
f1cd
f5c1
e051
e9b3
19a3
0eb3
14d9
de55
13bd
0290
06d3
f4d8
ecb6
1574
0a35
048e
1ba7
08c8
df8a
ffc9
f585
f25e
f4fb
e0fa
ff12
1f26
0c71
12d9
0fb3
0433
f154
036e
f148
012a
0fc0
fd93
f093
0259
e8c9
f265
ed73
de0b
0eff
0017
f3ef
f438
12b9
efe5
edc2
f9cf
0bac
04be
0b32
0512
f1a4
017b
de12
dd52
0f5d
00cc
05c7
06b7
fe19
03ef
1baa
1a0b
f999
1bde
eee2
0766
cf4c
db27
ed4d
06cf
0df1
f540
fb32
f128
0544
0043
fdff
0fe4
e972
13ad
1a09
fbe6
f8bd
0f48
f71f
d4e3
00ab
fb04
eed0
0bcd
ddc5
1adf
026b
1f33
06b9
fac1
e7fe
fa4f
fc46
1b58
f859
0049
f688
f4f5
f280
e0e1
04aa
f7a9
0da5
ccec
1116
0e61
eba6
fa97
ed35
e720
f398
fb63
f6e0
d725
13b2
d70f
f673
f021
e48a
f2ca
eb05
f924
0c81
10fd
0e25
e5c3
fb3f
f23a
0861
f66a
e806
f38a
1181
ff27
14a8
11d1
fca6
086f
f2e7
d8fb
f822
e60d
fee6
2c5f
0c48
093b
fa23
0b98
fcdc
0cca
06f5
f92a
197d
ec62
f15e
04d4
d87d
f41e
e962
fa94
0e27
0044
09aa
f7b6
0c11
e35b
04d0
00f4
0ac0
f3be
00db
05d2
f0ab
fd86
f98c
ffc6
0ee6
23d6
f6a5
f479
f55e
f1cc
fa53
f467
001c
3363
fc02
f1d1
d5ff
f188
eb54
0005
1c77
0e1f
092b
e073
019f
1225
f6b8
049f
dc69
25b2
0429
f2bc
ec57
207b
0490
ca0a
e0fb
f2ba
dd3e
0bf9
ea74
17b2
0041
1e6d
0ec4
f6d5
e6ea
06ea
f7e9
2264
f9fe
09a0
f573
e3b2
12c5
be81
f2fb
00d2
0d32
f51d
f67d
f896
e9f8
02a5
f500
f015
e871
0674
f2fe
ce63
f7cd
cdd1
d5c9
0da2
e91f
f307
e869
da4f
21d8
1463
0f1b
dd52
1315
f464
1c6a
06de
e6dc
1926
e96d
f88e
09b7
225d
e15f
ecac
f20b
ebf7
fba4
e69a
f3c6
257b
23e2
137c
13d3
0845
02ca
12b7
fcfb
017c
0326
de40
eb9d
009e
e6c4
ef47
00e0
09ad
ffd5
fc47
0321
fc05
071c
de8a
f4a5
f935
08d7
fb9f
fd45
0d56
0612
f809
fb21
edfc
02a0
ef44
efc0
f9b6
ff4c
ef0e
1470
0d1e
fbab
27bd
0038
fc27
f0ce
f333
f516
f420
0b03
0cdb
0298
fefe
fafc
05f2
f5a4
06a0
f29b
2a6f
09e5
038e
f07a
065f
fbce
de79
ed0e
0239
e623
018d
f0f9
0fe3
f5be
06c5
03f9
f54f
e352
059b
02bd
10dc
ee7a
024d
fb44
fa31
108c
c934
f79d
00b5
0477
dd1e
fc6a
fdb4
ea62
0f36
e7f8
f53e
f949
f6be
f2db
d11d
0fe5
dc70
cf2d
f6c7
f056
fe63
f3dc
ec6f
11ce
0ecf
10aa
e2d6
1159
ffd7
03bb
0b9c
e63c
225c
f7f0
f851
0e67
1ee3
f22a
f951
0cc9
ea4d
08de
f428
f390
20ec
0a59
08bf
11cb
fdc5
eb03
059c
f108
0246
003d
de91
fc19
f976
e5fc
f161
0a02
0207
fb2b
0046
f819
f178
fc33
ea78
0003
f71e
0b2a
07af
ef8a
1717
f135
f963
09eb
eb8e
ee8e
fd87
f849
00f7
f679
e60b
1af9
f8a0
0630
35c8
f912
1058
0201
fca3
fd94
f738
13ed
00d7
faeb
ff8c
0074
0165
12d9
0379
f9df
27f5
0f99
1230
f5f8
10df
f3ed
ddba
f2b0
0bb2
d495
0b04
ed09
1035
f185
fdf9
f781
edcf
e335
facc
0487
21e8
f282
0b76
f23c
015b
0569
f308
1fe4
0278
fd6a
0641
1584
fb1d
f612
0241
e9ca
f4cf
0682
121f
f568
cc5d
0668
d480
e339
fcc9
f5f8
fcb8
ecab
de3a
054b
0411
0ca4
e7bc
1e6e
fe34
f483
08dd
f929
15e2
04f1
0244
1246
ecb0
ec64
fdb3
07f5
e98b
1288
f0dd
fa6c
21bf
00ca
049c
2bf1
ec2e
e139
0523
f857
f1c1
f817
e9a7
e998
ff0e
db82
edf0
f618
fff5
060a
f7b8
fc94
ebdf
05ba
ead5
f67d
f33c
08df
08d3
e901
090a
02de
05d9
ee7b
ed95
fa4f
f595
fe19
0d5c
feff
fafb
0685
f464
0538
2506
f86b
0be2
f617
eafd
f824
016a
17e5
1df8
0194
0484
140e
f725
0d14
f8c9
f045
0706
04ea
03d2
fb04
18e2
fb6c
e433
ddf9
0404
e48b
1b41
e6c3
1608
f8ce
0523
f437
de09
ec67
f21e
018e
1281
e6aa
f6cf
fd38
fa77
f4f2
f5ea
1ece
f4f5
07c6
e49e
0ed5
fe48
fd63
f650
ec65
f5a7
112a
0821
eace
d507
0a31
d968
f21d
0643
e3be
faca
f46b
cc3e
117e
0e15
10ab
f6f0
132c
01e6
fd23
067c
ed1b
0c56
0d6c
f188
146e
0376
eb8a
f789
1cdb
ed44
112b
e2ba
035c
349e
fd84
0b76
3c8e
f347
ecdf
065e
ec43
f88a
0260
f54a
f584
001a
ec90
e636
0c5b
fc3b
fb4e
0102
f7fb
f837
f8fe
f788
f702
edf3
0903
079a
f644
1d8c
fd0e
e432
0361
f08e
fe4c
024f
0079
062c
041a
eebb
1675
0c64
0188
1189
1318
0565
ee11
efd6
025c
0b5d
0ba9
0a22
ea70
0f57
091c
e257
0f3b
f0aa
f8cc
fa03
fe10
14db
faf8
09da
f37b
e572
f5ac
1b43
e50e
14b2
fe7f
19d4
ef02
faf9
ef93
ea6b
e246
eb2c
05ed
0e02
fc1f
fd70
fa88
e0d7
ec87
d153
19da
0039
f328
ff1b
0edd
ff53
f23b
04b6
ec50
0a1b
105a
2087
f378
e872
0789
e092
f75e
0a12
f707
062b
efdb
ddce
05fa
0223
15a6
fb8b
06de
1157
ff53
07ee
f8a7
263e
0d87
f27d
0f48
fed8
ecae
fb3b
1932
ee7f
1b62
f127
fd38
1f43
0dec
fe2d
38a5
f73e
e51b
0086
e9ce
0a5f
f631
fe10
ee58
0b3e
e81a
eec8
0125
0fe8
f2c6
0bbb
fde3
f94e
0363
e820
e44b
e70f
0c96
e3b0
ec0c
0ef8
08b4
f114
f5e6
12d3
02b2
08e7
fe90
1718
f898
e132
0e4b
f799
0640
1d31
f97c
e794
fa63
fc03
0ac7
fcbb
159f
fc49
f42d
fd7d
02fe
f223
01db
f506
fd36
0e83
05bd
fcd8
f119
22aa
f0d8
e3e0
f7de
0f88
e5e9
1d6a
e649
20ed
f848
f5e7
fac6
e900
ee09
e563
0fec
1788
f301
0022
f663
e035
fb32
e5e8
16ba
fe2c
fa29
ec6b
fd60
f10b
f004
062b
ee98
0911
0eb9
0eea
f5f1
e428
0c2c
d819
f006
0d36
f035
fb68
f31a
c343
0e10
0692
1345
0054
2e67
0a1c
075d
090b
0344
116a
0a17
fc35
0ced
fe23
e241
e5a0
0bd6
ead4
1bc9
f596
f401
1771
0632
049d
47f6
f3f1
fbb0
0d29
f7ad
fd8a
ecdc
e71e
fd3c
08e3
f690
f085
0015
fd8f
ecc7
1025
f758
f9b5
fbfd
09f8
e815
02b7
0fbc
db26
fe7b
f21b
f17d
d624
e8bc
fa60
0410
325b
f552
174e
ee2d
f9c8
05f8
18a0
f726
0eee
10bb
f00e
f813
ebe2
0783
fd71
0bd6
0add
fa07
fac8
02ea
f9d4
fa2a
0755
fab1
0ede
f6c0
0820
f8b3
0ce0
ed08
f436
01c9
03cc
052d
1522
db02
2c6d
ffc3
ee58
ff69
e5a8
f012
ee41
127d
fd08
f0d3
fed2
f66a
e214
dee2
fd45
17d2
fe32
f576
dcb5
00e0
f6d4
e7e2
0b1a
f9e9
042f
0f12
0836
efb2
e3f4
20ab
e355
0a50
13b0
efa0
0266
ed68
e268
0822
04c5
16ba
0a95
2781
1381
071e
0b49
f363
1fb6
113d
fcff
03af
eeaf
fd72
ea5e
266f
eaee
2084
fa27
f4ae
1fa0
fb04
fd0b
4993
ed94
fd9e
fbb9
efef
f799
fd31
ed89
f4b3
0a65
ef42
ee6e
03de
fd47
f917
0a58
f54c
f368
fc26
f7d3
012b
01e3
10c2
e3c9
f997
0f9a
e534
f6d0
f50f
f715
1517
3936
ffda
0a0b
f31f
fd47
08f3
0bc8
10a4
0cb1
13bc
f89f
f027
f601
0258
eec4
1362
f8ff
ead8
f175
0f2d
002d
fabc
0044
0474
0793
f469
08eb
0a3a
1546
082c
ebab
0dd2
0e71
f4a4
2224
e196
23b9
fc88
fbfc
e907
dd2b
e9bf
f67d
fdaa
f8b0
f531
013e
04a7
e4dc
eb98
f752
1786
f33e
f51a
fcf7
fdb6
fff2
f26b
0d3a
ec45
f713
0db7
2c99
f707
d909
0f13
d6f8
f8f4
101f
f068
0612
f9a2
d718
fd66
1c97
1bf7
07b4
34c1
fd6b
0046
0d22
f12b
2f17
0b7e
fdc8
f8a7
eeef
f1eb
ec56
1602
f061
28a8
f37d
ee71
2150
0f01
feef
3354
f4e7
eff3
fc93
f571
0055
f233
e247
f1e1
02a7
f625
e6b6
03d8
f4eb
f7fe
f7bd
eb84
edd4
07f0
faaa
f142
10d6
0994
ddad
fb46
3368
ee5a
e2d1
e7dd
f732
1716
332b
0641
ffe5
f2f5
f4fe
f78c
11a9
1c8a
1c88
0735
f41e
f9dd
f35d
0277
faf6
142e
f84f
f235
fcd4
14de
0c24
011a
f8dc
f0a1
066f
ed44
0f40
07f0
1675
1073
ec1d
041c
136a
ed2a
2444
e084
2663
0045
f1f7
fdd7
de5d
f0c8
0225
1027
0024
f5b0
0512
0118
fac3
f8e6
fb2c
0a6f
e0d5
f6bd
fc06
f984
f533
e458
0a28
00ac
fb36
22fc
2448
f96a
e155
1472
e7fd
f90f
0d43
f022
0ba6
f611
d986
fbcf
0f4d
2589
1094
3048
e8a1
0a14
1153
f272
4528
11fa
fd1c
fd1a
fdbb
f916
e3d4
2b3e
ebc6
2d52
f955
0a5c
20cc
0957
04a0
4c27
ed1f
f926
fb3e
dc30
01a1
e7af
f2c7
e843
0131
f29c
ebbd
0509
ff10
0068
eac5
e520
f6fd
041d
023d
f9d2
2191
0d03
d565
01f9
2d49
fb0b
f928
eb4d
fe4f
1329
2f1d
02ad
039c
feb0
f7f8
ffdb
12ad
0c99
10f3
0970
fdf8
e92a
f643
fda4
0096
1b10
fc25
f717
046e
0afe
0cd4
05d7
eba4
0f35
f88c
e9e4
ff0e
0006
19cf
0b4c
de57
03b9
fe8a
f0f2
295b
dc9d
2c0c
0b0c
f94e
f79f
da54
fbf7
0b32
169d
0677
eff7
0188
00cb
f834
f687
ef34
0493
e545
0305
0d64
f72a
fb3e
dfd2
0d9e
fd85
ffec
144a
1d3e
ecd6
e7a0
0433
de88
e3f6
139e
e7d2
0d76
f78a
e02c
efff
1b2d
15a5
0e12
19a2
e4a9
0623
10eb
f745
338c
1525
f8a1
0aaa
ffe1
13f0
f785
114e
e1bc
20be
ef3d
ffd7
1ab0
0bfc
ff54
2225
de91
00b4
04df
fc2c
eeec
e5ab
e017
e717
02cd
eada
dff6
f670
fa65
fdeb
ea00
f06c
f28d
12ff
f2a3
feaa
0ac6
1221
dd0b
040b
2667
0bf5
e9b1
e074
fb44
1151
239b
0996
fbab
f388
f9b2
0108
0ede
2455
1f47
010e
f83d
f4f1
eb88
fa9a
eada
1b55
fa76
ec9a
ef5e
0d43
fdc7
144c
eca4
fd64
063e
f51e
06ea
f131
25b7
013f
eb13
0215
f26a
e082
2392
ea2b
224c
0ad8
f220
fa55
df72
f6d9
0920
0b3c
0f09
f5ec
050e
0141
f1cf
010c
fa0f
0319
e92d
0c00
0f17
feae
f46e
cdf9
0b0d
f787
0357
02a1
1c10
e7e8
d5e6
056a
e0ec
e3ac
0706
dc6a
0788
e9e9
e65c
ecea
1a1b
1c30
0f07
14d6
e69a
079f
fb7d
ef2e
3235
0b7c
dcfb
0425
fabe
0450
f678
1702
d2df
1a55
efa6
012a
27d5
1179
0921
13a2
e5ff
ff15
01fd
e559
f90b
f99c
f395
ed39
091c
f272
ebcd
02f8
fe52
f109
f00b
f712
efe1
ff20
eb46
fdab
dcbd
0f5a
f0e8
05a8
1f02
0ffc
e44c
f230
f83c
118f
f8be
0cb4
0e8d
f52c
fa60
0b96
0b63
1955
1082
0146
02fa
019c
fabd
f429
f461
1833
f037
f6a5
07d5
f944
fb5c
0d0c
f7d5
ec63
fa70
0ebd
05a2
fe24
21dc
eedf
f6c8
026c
02c7
f4ca
1606
d7c8
2226
0ced
0351
fa05
e314
0320
fd4a
14b4
09fb
e7bd
0a8b
02e5
f0bc
03fd
0063
09a3
e9a4
12a3
0615
fb23
f160
ea23
0f7f
fe43
f713
003b
100e
e8e3
d7c9
02dd
d0fe
f1da
0b80
dcde
1abc
fb91
d591
eca4
0dd6
1033
00cd
29f2
e725
0a81
f412
ef9c
37a0
0279
dc86
028d
fdb4
130f
f0ae
28fc
cfb6
0ec3
ebfa
fb2a
1c6b
fff2
0cd0
2da0
ea0f
ffe4
01e8
0f82
f71e
02b2
ffed
0031
e720
f7f7
0a56
1667
1076
fd35
ff74
f2c1
e615
05ff
06ea
fc38
fb8f
3460
07b8
161e
0a9c
023e
d9d8
e1d5
f34d
e608
f3f9
e96e
f773
1482
1b4c
167f
2a32
e3ff
fdf0
319b
f11e
0219
0728
0c01
0dee
e294
e72d
10fe
07ce
1434
f387
004b
2566
2385
eb0a
111f
0e16
2b45
dbb7
0087
f629
08f7
f2c7
1cb4
fb78
f7bc
ff4d
f6ee
028a
fb7f
0c4a
1b1d
0e0a
05f3
dffe
01a5
fb30
0422
1a94
ed29
f8f3
dd96
fceb
04e1
f2ef
0f17
f9ab
2570
f6cc
d844
1e4a
017b
f2f5
fecc
e01b
0fb3
f3af
e70c
16b1
f33f
1bb9
0c96
1610
fc4a
e00b
0106
fdf6
e798
f6b2
df0d
f6c8
0789
ddbf
1a4a
fb36
ee0f
eae3
1408
047f
3a80
fb30
eedf
e8a1
0751
07cc
fa49
f0bf
d6da
dc37
d984
f498
1fa9
f22e
28a2
0397
0738
e7a2
ec12
0df4
0eab
0330
11d7
fcbc
fa86
ed26
0513
fa08
0677
1411
20fe
0299
1372
1725
1306
f3c3
e43f
f36c
ec45
040d
0a27
f6d6
0275
1112
0f4e
21e6
ee9a
0c43
2697
0590
f359
01a2
f984
0b23
fa2d
e95b
0a9e
0d17
0572
ffec
027c
109b
06ce
f491
091a
0931
27c5
f0bd
0f42
f9af
0501
f188
1306
ef8a
f564
0c3b
f538
0dcc
f00f
0d0a
1586
1309
0623
f603
1012
0106
fe0d
13e5
f21b
ebf7
c9b1
124f
1851
01ca
0bb1
f5c5
197a
000c
e20d
0d62
e7fc
f5ed
0002
e4ec
0b2f
f0e1
d5a9
1120
e6ab
0fa2
03f5
058f
1072
eebb
0211
f927
e300
fd04
f598
f5f4
f66a
e56f
3128
fc20
0902
f1d5
116e
0835
346d
01b9
09e6
dfde
f8d2
0e54
064d
0bdc
f1b2
ef85
f207
fe23
154c
0f3f
2096
109f
11d0
de86
ef13
1e7d
0a45
f915
f87a
fa50
0bfe
e669
ed4d
f3ea
0ca7
10ee
16d6
fea1
1470
0da0
0991
054b
e3fd
d4c6
fa07
ec9e
1473
f4cf
fc45
05a0
ff4a
1b17
ff83
06ae
14a1
fb04
f649
fd21
feaf
15fc
0257
dd1e
08b3
1304
00ec
0717
fb14
2add
e5d0
f395
f619
0a2f
24bd
ffde
09d8
fbc2
08ee
f173
0e59
0227
ea55
056c
f3cb
02b4
f451
fee8
14d8
01a8
fd5c
003c
14b3
fa67
f391
23e6
e80b
ed4d
e1ab
1c30
100c
08c5
0ee9
f56f
237c
f71d
e5d8
1334
ecc1
fe13
0399
e3d4
1451
f1af
e249
0583
f6db
08a1
0a3f
114b
fc1e
06d7
002f
f832
ed88
f3c5
f46f
0c6a
f7a3
e1ce
2339
0ea6
161d
e05a
0b22
fee4
19cb
0738
ffdb
033a
e38a
0288
0db1
fa25
ffe7
f0e2
fb17
fc1d
122b
0539
127e
1145
1138
ebcd
06d9
1d2c
0c41
fa86
f1b1
fe18
e745
f501
fd31
f96e
0d47
f3e7
1ec7
0521
1d68
1600
1073
fece
e6d1
cefc
f6b5
dc59
1012
fb41
0a19
0602
0b27
0206
eef6
0a12
027b
0c86
fdd2
0678
fdcb
10bc
0b3e
e10e
fc59
1e84
0216
e5a9
fa1c
1a17
f130
fabf
055d
1593
1510
f64f
f45a
114e
10f2
edb5
05f5
fe8f
071c
0baf
f06a
041b
e6e4
11c9
0d3a
fdb6
ffc5
f992
0339
02bd
f169
1f59
f1a3
e460
eae6
0c36
0937
01ad
14d4
06f7
2a82
f6bb
e675
1027
f545
fed2
0f23
e007
17ba
ed3c
e213
0ec8
f8b7
0d8f
0700
24bb
f5a3
f3fb
0209
e416
f5cc
f596
f0b8
02fc
0231
dc86
3d9c
0bae
18dc
df0d
0c4a
0940
227d
05d8
0751
f533
f8eb
f807
0e52
f67b
ea49
f633
f38a
fc10
0dd1
002b
05a9
fed3
0429
e8a8
03c8
15e2
065d
0786
0472
fa4c
e726
f954
ffdc
fe2e
fb1d
0d8d
18f4
eb3c
2a91
1762
1b09
0abb
ef6b
cb8c
fa5c
0fdd
0c35
fbfc
fab3
093c
19da
1727
f080
0ce5
0366
fdbc
fe6b
f5e1
dc71
fe64
ff0b
e7f0
fb50
0a37
0382
f3ed
f8bf
10a6
fa5a
fb76
f101
0f6d
063f
f01e
f9c9
01d0
f7a5
f07d
03a6
f76b
08e1
fb69
f05d
00f2
f576
080c
08f9
fff8
069e
0349
ffcd
fafb
f167
fbb1
dcf9
f34d
f7ff
06bb
0629
0276
1d84
0d05
1c52
fd1c
e04e
0d54
fbdd
0ee1
f42d
ecc4
209e
eff6
e5ac
fb4c
ffea
0253
fac4
1b08
f679
f260
0069
00f4
e9e1
e627
f31c
0354
0543
0443
4a3d
fbda
1234
f3c8
07dc
0504
2035
0786
06d4
f07c
f98c
00f9
00f9
f661
0eb4
f5bc
f006
ff98
fff5
f340
0cc0
08a3
0419
e7c7
0bc7
0f45
1266
058f
07b9
ff3a
fa92
f4d3
080c
0cfd
f3ec
0683
1742
e4ac
116f
17f8
182f
0e32
e5e0
eeb6
fe74
1282
012c
fef6
f7e0
0726
fec6
11c5
f277
1641
06fb
f2b4
ef30
fc80
e7aa
0910
f883
ef0b
f2bf
0b0f
05ae
f003
f817
16bb
ff89
ee77
eb0f
0809
04cf
f4e7
f01d
068f
fa46
e722
09b7
02e3
fea0
0d01
f1c5
fcc0
f49e
0da0
0845
16ee
05c2
04d3
fde5
f65f
f6b6
fbc5
ea57
f994
fbac
f751
06c6
0858
1a46
1252
1a98
005c
dbbd
09e3
0381
1d48
09e2
efed
21dd
ee3e
dc3a
0875
fe2d
0636
f238
031d
fb2a
f3ad
1255
dd45
fb5b
f013
f52b
fd11
0c1a
ff26
1b35
f683
13b3
eef5
f3b4
fd89
135a
088c
0d33
f2bb
04ae
f537
f72d
e66a
0424
e86d
eeed
f977
01c6
fb71
1faa
0248
0bbe
f233
03f3
1814
0958
fd15
13fc
fe1b
f776
f40c
fecc
185b
f6e6
fc94
2261
ee94
0ced
0693
11f3
0c6c
f482
e342
f0bb
0eb7
0a0a
fc48
f6c3
07a6
042a
0555
f0cb
1f83
f8b4
04d5
e6ef
f46b
dc96
0717
f130
ee9d
f093
fb4a
158e
ff3a
f417
103c
027a
f8c9
fdfa
0656
f342
f70a
0332
fa92
00f7
e714
fd45
f1dc
fc29
1b8f
f06d
f70a
f100
15af
0346
1dbb
005b
00f7
17b1
046d
f372
f5fb
e9c8
054e
f3ef
f8fc
fc84
0199
2e6e
11c4
28f8
f80b
dc4a
0577
fd00
2a2c
04eb
e5b0
1ef3
f38d
e44d
04ea
013b
fda6
e765
02a5
0cc9
fd12
1266
d84c
11e7
0a3c
eec0
023e
05bb
e4de
22d9
0309
1449
f50e
f883
013e
f055
056f
0751
f449
0248
0176
0904
e2de
f7f4
f3e7
f21f
f2f8
f1ea
f7a5
0fa2
0e53
fd3b
e5f1
0549
1e1f
010a
fb7f
1c1c
f9e3
0232
f65a
03a9
06e5
e58c
fe17
1d6b
fb77
0b64
fe60
f91f
0dff
f35d
d1cc
f5e4
0365
030c
0db1
0ced
0cb8
faf5
0c1e
f44d
0c7b
f0e4
09c7
d908
e095
d4ef
1aab
fdeb
f1bb
f5cc
0052
0625
0709
034a
1d3f
ff9b
008a
fe55
0f34
0460
fc1a
fd9e
f89d
092c
e9a1
f7bf
e968
ed0c
09b1
f4d3
e994
f38d
171c
fb19
0388
fea6
0533
156d
f19f
f607
073b
e51e
e8bb
00f5
ef9f
f2ec
f656
2c39
04a3
2319
f951
e23e
06ce
f4e5
26a2
0b07
eb2c
1903
fab2
ee68
075f
0034
08b5
f56e
0570
0df3
f030
118f
e119
00e1
f5eb
e6b8
0211
0285
e255
2cb5
0728
1649
fe7b
fd95
081b
f6ff
f8c4
05e9
f42d
fe22
0074
1321
e495
fda1
00d5
f6e9
005e
fac8
eaec
0b3a
06f0
0352
eeae
eeea
11d0
fe97
fd67
1507
f516
1835
f480
fd44
0cca
f6f9
fdc0
1589
f1d9
1ef6
18e0
ef9e
0104
efac
ee72
fb99
1c7f
0658
0218
08e1
02b1
f11f
10a3
fff0
1ff7
fcaa
f304
df6e
ecf3
d707
0e2e
f96b
f49d
f440
04ab
0eec
09fe
f965
1365
f65a
0458
fb9d
1349
0394
f7f0
f8ce
0963
f6a6
eded
ddb1
fc9a
f3eb
07a2
f7e9
e457
fcbf
1d54
08e3
0324
044e
1cb6
0faf
f836
f93f
15a5
f410
dcd9
f953
f15b
f400
0679
1fe6
07f8
203a
0099
e748
03c1
f355
1a3e
112a
ed8b
15c3
f1eb
e7db
19a2
f7d7
05c1
f900
fc4e
0e01
f241
0659
ebab
0540
edc1
0193
01a8
f7e1
f512
1424
fc24
0980
0d9c
0425
f81c
f71a
fc35
1459
f58a
f6be
f944
11e1
e2f0
0896
f65d
f816
0697
f66b
f626
1177
f4d4
0081
e828
012d
176b
fe65
0b54
ee2f
ec27
0d6e
02d4
fdcd
16c6
d70d
ec21
183d
0596
1169
2920
0394
feaf
f72c
e79f
f4c2
ff0b
0300
1200
0df6
0e2c
0872
2979
fd88
02c0
fe5f
00c7
fef1
e459
e5f4
0f5f
ef59
edd6
f722
154e
00f7
fe4a
f327
1704
049b
eeaf
1086
1a18
06f8
f086
de35
1e17
05cd
0034
d4a9
f032
e95b
fe42
f2b9
e43e
f7d2
2716
f761
ec81
0c7d
12bc
07be
f610
f98c
1588
ed2f
edc7
ff9b
f36e
f898
e612
2141
0de4
1125
0439
d225
056c
fe48
fde2
0abc
f6cf
23da
f94d
f4e9
0672
f8de
0bed
01ae
f354
fff2
e5ec
fb72
ff8b
f9fc
0316
fd46
ed29
fb95
edfc
1d3d
f707
0b19
0556
0e16
0254
198a
fbeb
1291
f87c
fe78
f9e0
125b
e4a9
16bd
f03d
e76d
fba2
f9ef
eace
0cdd
e6ab
09e4
efa5
e61a
1a12
0c40
0b03
fc3f
ed5c
0c71
eeb8
f7eb
fefb
e5f8
f027
0dc0
fbe9
fbed
36af
0350
0973
f766
0657
fb8f
04e6
0709
1adc
10ad
04ae
0ef8
091b
fa13
0d89
fa79
0cc5
fc32
f9df
e043
0cf5
f8f7
e9fe
031c
0fe7
ef3f
08ff
0468
fd1f
fe72
fa6e
0678
1988
fac5
eee9
f189
0786
f0af
03d6
d514
f8de
fdd8
0351
ed9a
ee00
eeef
11b3
fbe4
fb89
0554
1dc3
0a03
084e
f468
098c
f56d
1e9d
0c3c
fb88
f4d9
0acb
2dee
fb9e
0d2a
f8bb
d6ee
f97b
0574
1da1
03c1
ebf2
2084
f946
ee42
10d2
fe47
1f96
f8ae
ee67
064e
f238
0a8b
0140
04fb
f8ed
fbe8
0018
002b
f4f7
1d5d
f0eb
079e
0f62
0036
f022
06e3
f0f6
0e3f
020c
fcf3
08d3
0a00
f382
27fc
ead6
ed1f
0a81
e9a6
eaf6
fd37
fe50
0d8a
dff8
e871
1076
2479
1e12
1939
f090
f29d
ed06
fb68
07f1
ec91
f234
262d
06b3
f6f6
245b
f471
f53e
f6f4
e596
e8f5
0df7
0666
1964
196f
06fa
11cf
0cbb
f3bb
07c1
100a
0295
f39e
ef89
ee6a
1238
e556
f236
f350
114a
f909
054a
0e9f
f498
1553
e88c
124e
3426
0eca
da1a
f329
13b8
fa50
11f6
da15
ef16
fcbe
0fad
ee92
dde7
e3fa
2054
f93b
fc9a
157c
036a
13c2
03cd
fade
0aef
ec41
083a
067d
ea5d
ee3b
f5d7
34ed
1957
2a8e
ebf3
d987
0893
0feb
284e
f94f
f7a0
16a7
fdf0
fc11
ffab
fe91
f964
ef8f
eb3d
f89a
dfea
01ad
ff3d
eb78
0f16
f3a9
0f91
0caf
d8f2
261a
f989
f841
eb67
1477
00da
121c
f705
06b3
fd5d
f92f
f874
0ae8
e6cc
ffe6
e2d0
ebc4
f2bb
0033
d72d
0a82
19f7
0bbc
eb2e
f431
0642
11da
0ce9
0fa5
fac5
ee3f
f7d7
02f6
17f4
e5df
faa7
1b08
ff54
0011
04f9
e4bd
fbdd
f98d
d6be
ed04
1b0f
113d
207e
15a8
f54d
08f9
0da7
ef82
01db
0a0f
eb07
ed9c
f818
e69b
0739
f91c
ed12
f16a
1530
0194
f831
1188
089d
08b7
efe3
0792
1d9c
fef1
f337
ebf2
0f61
0a30
03f5
e617
f445
f9f0
048d
f5dc
dff0
ef55
151a
0386
ee85
14d0
f7dc
123e
0a5c
fc5a
fae3
e3f5
f4a6
0281
eac7
e827
ff3a
245d
09dc
17ba
fa6c
e1d1
0332
111a
2d72
f58c
fd73
1ce6
0083
fddd
f8ea
f9da
0873
efa0
043a
f6d5
e4ce
133a
04f0
fb89
1a52
ed17
12ad
0c14
ea12
19c3
fe47
07f7
f2eb
1235
1012
1825
fbfe
fd14
fe1b
fee5
007d
1206
dd9c
0b8c
e334
f847
fc6b
02da
e58d
0f4b
0bb3
14f7
ef42
ee11
1450
13db
125a
14fe
fde6
e860
f4b3
0f67
041d
d7cf
f8c5
211e
ed32
fea1
014a
f6b6
f39e
f297
ebf7
f6b0
24ea
f9e7
1f44
10a6
130e
107d
1af0
fb8c
fda1
07b1
dacc
f568
0380
ea9a
0b59
ee75
dedb
e9e9
0c3b
f9e0
e6a8
1984
0675
067f
f2d4
0f70
1ab7
fab8
f91a
e5ec
1e9b
011a
08d3
f0f4
ea4c
eca7
168b
f3d4
db2c
f4e7
2329
04d8
e8d3
1d21
eff0
0703
0275
f951
f3ee
dd4c
f8a8
0839
f218
f129
ee0a
1866
0181
168b
fc63
d6f7
0001
1828
0a54
05ca
fbb7
212f
feb3
02d0
0abe
f9c7
0ccf
f41d
f93b
eab1
e688
0da5
0c0b
0ad3
1679
f540
05d0
1163
e731
1f8e
0b60
fcda
036a
1198
f418
14e4
ff6c
02ec
efec
efe5
f981
12b0
e5bf
12de
eeb7
fe9d
fb86
0790
dffd
0642
fd73
1abe
ef55
003f
12bb
110a
10df
004e
fd42
ede9
f6f3
ff1e
0a68
cbb2
116f
2b9a
f255
1107
efeb
ef5f
e561
eda6
dd09
fc1c
20a8
fad7
1a91
0974
0240
fcf2
1eb2
e862
02c4
09c5
f43a
ffc8
0298
fcb8
0ba3
ede7
f076
ea23
fc5f
01ed
edfe
0a32
05cd
0892
feda
fbb5
1eb8
f9eb
ea67
e089
2838
0b17
15eb
00ff
f9ff
f345
204b
fad9
e2cd
f4be
136a
030e
deef
1e73
e8b7
0255
00d1
fc91
f9dc
d6d9
027c
1195
e274
e285
ecc8
0f89
0905
195d
0538
e76e
05f2
18c8
f2d0
0275
f7e6
30e7
0c59
0a37
11ba
0334
0d67
fbcf
044e
f6e9
f2e9
1ac7
05fb
18f6
0b13
eb8e
fc90
fee2
0610
124e
06ea
ee4e
04da
0ebc
e59a
2534
f010
06d5
f3f3
f960
f90e
0eaa
e954
1d92
e1f5
fb96
edd9
01d6
e0a1
049b
0381
fef3
eb61
f524
09b4
06de
0517
14f8
f935
dc3b
fab9
fb87
0b9f
d6e3
0f76
2570
e9a8
044f
0ee0
de52
f97b
f8a7
db34
fd22
3d02
f118
213d
12d0
0248
00f4
0dde
fb6e
14fe
1795
feaa
eed0
fc76
ee16
054b
ef91
ede0
f532
f53c
1021
f494
02e7
0060
11a8
f6a0
0460
0d8f
0e20
f27a
01e3
1ffe
0798
11b5
ffec
ffd4
f5a4
2055
fbba
dcdc
f805
14e4
08ec
f004
1a6a
de3b
fd2f
0cf9
0a45
fa7a
e188
023d
0cca
e9c7
e765
0467
0539
0edb
277a
018c
eb07
f269
1959
0e7e
0a2c
f52c
16c7
0119
042b
fd7c
fef3
0660
f6f0
fdc3
e4a9
0027
0fe4
10f2
107d
04e0
e942
fa30
f933
fe13
1983
0905
e89f
eb80
0e56
eb59
1553
f4c3
037c
eff5
fb0c
00d5
1d02
de5a
01e6
e449
f6bb
fcca
10d2
f8f4
0c88
f777
f98b
eafe
f91a
0db6
0f3d
1e48
0e0d
f329
ed88
f5f6
f72e
005c
cbc2
1565
296e
e2f0
04a2
33f0
e61a
eff3
ea99
ea23
0ec9
2718
fc4d
1351
08fd
049c
f3b0
130a
0361
ff01
10d4
e551
e9bc
f532
ea3e
0ce0
f2de
f17a
fc34
f594
09cf
127f
0141
0f6c
f938
f025
f0bd
0ce3
12b2
ee98
0654
0fdd
0aa5
05d7
fe0d
1057
edf0
2117
fbc2
de07
0ae4
0b9d
028d
ffb7
12dc
f209
00aa
0e1e
0742
0687
f3bf
10ce
f2f1
ec68
e84d
f6e7
f7b6
013d
0fd9
0326
f71b
ff37
2396
0edc
f9cc
f8bd
1d65
fe22
fbbd
0285
044e
1802
fde8
fa5a
eb6d
eb87
1cba
0f5b
0e74
fb12
feee
1b3c
fcf6
18b0
0f9a
fd14
f3e0
07c9
072b
d8b4
2533
f44b
0978
f6e0
fe63
011a
1065
e4d7
2418
dc35
0dff
f717
ff33
ee26
0317
efab
ffd9
f1c6
0617
164c
0887
1885
0f95
f080
ec8a
f5cd
f714
f7df
d4b8
1897
1241
e865
08f9
43cf
fa8d
f743
ed7c
0558
19b3
22f1
14d8
101a
0658
fbb9
f839
008a
14ce
0916
0338
f2d7
e982
f3c6
f1ac
0ef9
f6b1
fb27
eb87
01b8
f808
f4b4
082b
ed74
fc65
e878
ed6f
0eef
0e21
fa5f
0fc3
fd6f
fb3b
0384
f294
0f5e
e358
279a
f522
e9c5
159c
1069
0454
073e
0ef5
1bba
055c
117e
001e
057b
0513
f7a2
ecf8
fb47
ed6c
1085
017e
fd3e
f5b9
01f4
fe43
0547
159f
0902
fe12
f4ec
079e
fb24
eb75
1b51
0421
18cf
0825
ee87
fa41
ea1d
00c0
1535
0f71
ea7f
0987
126b
056a
1c27
1f25
ff03
183f
1137
10d9
e27b
2493
f2a4
1504
f537
f4ce
f98d
0dfb
e6d0
2768
e1d5
16a8
fd3f
f6f3
e381
ed58
f669
0c45
e4fb
0a46
13ea
11e4
2245
fafc
f4e9
e9f3
f3de
f6cf
0c17
e125
014b
2510
e88c
146c
2484
0a48
d545
ecca
dbfa
09b1
0d2d
f4a7
20c2
fcaf
fbc0
0f43
12b3
10a2
060f
12d6
e722
f39e
ed20
f778
096c
eda2
e669
efd9
f550
f0f5
e9e6
12b8
f6ce
fd19
f313
0a79
1ebf
0e9f
f044
ede2
1a2f
0326
0dc6
e7b1
12cc
0033
0ade
ff51
ddbe
18d8
1a55
055f
0600
10a7
08b2
046f
0bf0
006d
0500
f27a
fa33
f64d
e997
e896
09de
1d27
006e
04ac
03d1
e461
fff4
0a27
072d
fb61
f0af
1dde
00f3
ed4c
fae0
ffc2
17fa
0906
fc3f
e7f8
dd9e
1298
10bb
f357
f833
f9c5
f4dd
0f13
0944
28fd
f453
ec2c
f6e4
2068
fb32
20f0
eff5
fbdd
f229
f92b
0162
0f14
e51a
011f
f712
fdf1
f3ed
0260
e724
01f6
f9dd
07ea
eb29
f9a4
13f2
1858
1802
0886
eacb
dce1
f368
edba
1427
ee0a
fcc9
2d91
e6c8
0db2
149f
0188
d178
f173
ebe6
0c25
042e
fdfb
1ef9
f2a0
fe8b
19a2
0ab3
0a9d
ff34
0f94
f645
f272
013d
f40f
0d37
ea2a
ded2
f927
fa9a
ed75
f746
1243
0e39
ef94
f5ba
fc8f
195d
1d18
f4c1
f8c3
1a47
08fb
0549
e97d
05c2
f2b4
0f6e
fb20
d80b
0320
1a17
f377
02be
0b0a
0df6
05bb
188a
0574
0dcd
fda5
ffa3
f49b
f562
f3ea
091c
10f5
f410
08d7
01da
ec02
f62b
17c1
0ef1
fc9a
f7f4
11bb
eee5
fd89
0dc0
0077
2723
febf
f0ab
dc77
d67f
0989
055f
14e5
f4a8
015b
f74c
fcb5
2785
1bcc
f36c
dccc
0009
2243
f32e
1b50
eaaa
087f
f97b
03b9
fff2
0ef4
dcac
1d08
f31f
fbf0
f034
0e93
e609
0343
dc61
fbe6
1751
fb02
f6b7
ed81
0054
f8c4
f3f9
fe2b
f4b3
f219
dc4e
0566
1028
fd45
f152
2d8a
1bd4
047d
e9c2
e156
fb49
0cb2
f3b1
f7c9
00b6
fdf5
1b82
020d
2409
f33f
0772
0c9b
f52e
e91e
f438
fc87
1580
eb50
f494
f3d0
f587
0bbc
0e54
0a0d
1925
ef0d
f49a
f8c1
edd9
2cb3
e500
e50e
039c
2374
f44d
1e0e
fe55
ed88
0d11
0855
20b3
0979
029c
1120
1a73
f82c
05bb
f8f8
f2b6
faac
f5b2
e81a
074e
f050
14fd
27d7
e239
0191
0013
fca7
04ef
f470
129e
fd3e
f11c
f150
c893
1def
e467
fea9
1ff3
f210
071e
00af
f1f7
f5c3
04b3
1d81
f876
0e43
ef36
e82f
05a5
f773
ed76
270b
0be5
07b7
08b0
eacf
fd0e
3bd8
fceb
ffbe
e019
fd32
08f2
ff29
1423
0cd6
e078
dff6
031e
13fd
fa4c
362e
eccc
fb1d
0c19
ee00
fd14
f2df
f424
f8ea
f210
0363
fc30
f97c
cb15
036d
1000
fe8b
ee41
180b
12eb
0715
ebad
dae7
f080
ff42
eef0
0020
07df
069a
26bf
0198
1f7b
f7d4
f12b
1560
fa97
e9a1
f0ce
017f
18a0
ed1e
e60c
0c94
02eb
ed55
0b05
ff4e
1479
f311
ea13
00bc
f872
30ed
e38d
e836
0891
289b
fbd2
2657
eddd
ec05
0720
0a90
20db
0437
11e1
1369
07c4
02ce
085e
fcd9
f7d7
f9f9
00af
d622
0000
e6ff
0bdb
2c0d
daf4
0426
fd53
0a4e
0091
ffc9
0ec1
fe9b
daf7
f700
d5e6
1cbb
dbec
fb93
1cb8
f139
03f5
ff2d
0631
0c1c
fd78
0b25
fc79
f3df
0262
f9dc
ef78
e7ca
db8b
374a
08a8
01ee
0b12
00bd
01d9
3a24
f6b2
f52b
e210
f829
0e5c
01e5
2715
176c
e2a4
eed9
fc43
1415
02de
3dc4
fef0
02da
0c3e
e374
f4f0
f5b2
f393
05c6
ef31
0743
f991
f324
c495
182f
0e81
f71d
e1c0
2197
0322
0bce
f0f4
c575
cb6e
01a8
f1d5
1066
1846
f7a5
24f2
03ce
1bf1
fca0
f805
0e08
0186
db96
efa9
ef89
1745
029c
e354
1458
f986
f5d6
01c4
f822
180c
da82
f563
0026
ef4e
2344
ef23
eaae
03b9
198b
f3ce
1486
ff50
df42
0ec2
0c05
2ea5
ffea
ffdb
0e18
f8fd
fd68
fbe9
01be
017c
f7f8
0f48
d624
0020
ddac
0f54
2dcb
ea35
0558
ff6f
0f3b
008c
ff50
089d
f3e3
df6b
f065
d4a6
2941
d634
e6c8
0ef3
f5c4
f808
058f
f403
0e5e
152a
1665
f9f9
fdef
fb84
0193
0cbb
deed
e15d
3a09
0e86
03b1
fee9
fe29
ed81
0b7f
ed25
fe10
e58c
e95a
24d9
07d2
19c7
fcac
e9f8
fd2b
f6c6
18f9
ff66
216c
eb32
0063
0c2f
e58d
0d12
ef5e
f963
0c1b
ea04
1372
f878
f237
c4e7
120e
fb61
f587
db48
1fb0
1957
1367
f539
c8e5
e495
0a86
ec24
14b2
06fb
fe47
1ac6
f0c0
1ae3
0046
0b1f
fb07
068a
e4fd
e9d8
eff1
12ca
094d
ea3f
04b7
fdbb
efa9
f02c
087c
0d67
ea0d
ff0d
fc3b
f947
1476
f8ff
ed36
fd81
fece
f3db
1418
feba
f335
1a35
0356
1f12
eb2d
0a1c
f8e0
154c
fbe3
fc28
fb77
f778
fafa
0aee
f566
f0b5
dceb
2342
124a
f4da
05dc
fcb1
f865
fa30
fe1a
063d
fbe2
ea69
0901
db05
1419
df29
e3bf
19f8
ee40
0c56
f9fc
fc02
02d9
0ab1
0bea
eda4
f91c
f0cb
0819
114e
fa20
e4b7
2799
03bf
1048
f1e8
fa1a
f436
1a87
f5ad
03cf
ea31
f027
06e3
03c4
1506
ff1e
f2e8
f525
f60a
0c40
0238
0318
d2fd
061d
0c3a
e7cb
0436
f59d
fc58
0ff4
f0d4
117c
f324
ee07
c75c
06c9
09bb
00b8
e585
2b35
0a59
17b1
06bd
bc23
c97d
10b9
1829
12c5
ff31
f391
096a
f40e
1ea6
0d05
0b0d
fcb3
f7e0
e264
de3d
e076
09b0
0dff
e4b2
0600
ef68
fffd
045a
fa9a
09bb
e168
f9eb
f763
f7cb
03d4
fc9c
fb7c
feac
fe85
f03e
1a24
fde4
f726
181f
0485
2444
02b7
feaf
07b4
f33c
f693
0100
f452
f1f4
ffe3
0370
dad3
eb5b
ff42
09a4
12b9
ebf9
0acb
faa2
f7b3
f984
f52a
0c25
fd0c
edc5
ebd9
e958
210e
e4b8
f8d5
1a3b
fade
0b27
f8f5
0328
084d
0cd4
fcd5
0222
f58c
d686
1011
02fd
ef91
fe00
325d
e152
1bc9
1a98
f496
eeff
1fd5
ffa9
f949
e717
e991
fe8f
fe05
07fd
fef9
e4d8
ede2
0704
fe8d
efd0
0930
ddbb
1645
042d
f231
07fc
ff06
fae3
02a3
f81a
081c
fa14
f551
eb80
f601
f6dc
04f3
ed66
1e5d
1c4c
0ac5
072b
cd3d
e309
03cf
f8c4
0b2c
080a
0297
0fa6
05a9
24c7
fc44
fe54
ff7e
00a1
ff0e
ebe1
0fc1
106f
ec13
e154
0aa0
05dc
ec77
eeb8
f6d5
0fe4
f8e8
e9c5
04c6
0a63
0eab
f79e
cd2f
08c0
0a80
0122
1049
eee1
e6f7
0d03
05a0
119e
ecf4
0592
0e6b
ec7d
0a0e
125f
fc99
f078
f101
0f6b
dada
0670
17e3
ecb2
0a0c
de91
1253
07f7
fb1d
ef09
e5aa
1819
0e5a
f22e
fdab
ee3d
290b
f1b3
0ceb
00e0
febf
f6f5
fbc8
029a
059e
f978
08fe
eb72
f4f2
f06b
f57f
f25e
148b
f05c
29ce
f0d9
1771
f745
f9f4
ff86
0c35
fd4b
fab4
eb72
f2e4
f83b
ede0
ebd2
fbd2
e271
eb4c
0354
0fb2
efc4
0a4a
c240
fcae
fef8
fcf9
0f88
00c5
fb17
1075
ef39
021a
f8e9
eaf5
dfb8
ee4a
fd6d
10b2
e9aa
fc90
1613
0d96
01d7
d84e
ec95
0a9d
f88f
0370
02c9
018b
131d
103b
11e6
fa17
2ac5
e673
0300
ee07
e7a7
fc8b
16c0
f3df
f086
1974
fa3b
ef21
fc10
fe20
02e6
ffe0
e883
008e
05a3
0a42
068a
e7f4
fa0f
fc50
fdf5
0e51
e0c3
e758
1962
0422
1069
efee
0d87
063f
f687
0734
16a7
0f43
fe47
eb32
07d4
f9ae
01f3
fdb2
04f6
069f
e5cc
1a05
f454
fad1
e633
eb08
1737
0977
f99c
0897
e750
2241
efe0
0439
f4c5
06d6
fbda
e952
046a
11c6
f9eb
09ae
f07b
07b8
ec89
fb81
eba4
f9f6
e81a
28c5
efc2
1ab3
174b
f358
f9c6
e634
0098
f4ed
f161
fcc5
01a8
fd23
e940
00d4
e371
e377
05a7
fc06
f31c
01b1
e225
fc19
0171
fb5e
168e
ef31
f1c1
00f3
ef94
119f
f7e6
fa41
dc6d
f241
f440
03c6
f920
06bf
1873
f8d6
1059
da50
f567
06fc
f16f
092a
1d6c
01e4
0e37
fa02
00ec
0929
0d03
d770
0c56
efa4
de3b
f249
1a23
08a5
f17c
1a28
0c26
df71
010b
0a97
085c
ef3e
ffa6
029b
00e2
0232
0737
df3c
ffbd
0551
f29b
0070
db60
de1e
0b21
face
f109
f77e
0f78
0be6
f5ea
0a3b
2595
0ab8
eb6f
f214
1acd
f5e0
f7e0
022c
05df
048c
e7db
16f4
efa4
030d
e08f
e8f9
1569
f7b4
02f0
0f5e
ea51
0b97
f253
072b
0404
0232
f64d
e9ad
edb3
1e40
fbe1
0a5c
f774
07f5
fa40
fe77
f259
fb8e
e194
1f07
fc35
20ad
15c6
00cf
fd1e
eaa1
0580
038e
f76c
fbb4
fd62
0a97
e9a1
0c2e
deb3
f4dc
0361
f8b4
e7cd
fd4c
d8cf
060f
055e
e9c6
0f91
f055
fed5
f85a
f056
0982
f7c2
fef1
dd37
f7af
ea79
0556
e556
1843
279e
f202
0a28
f69e
ea42
fe81
ec5d
f86c
0fce
1318
fefb
0045
07d7
fab0
3024
eb09
f8cd
eef7
e84f
05d9
0ff5
0f62
fbd2
118c
0653
e4c7
faa8
0391
05bb
04a3
fc26
0b33
0715
0bd6
0a61
d73f
f525
fe21
f5a8
e3dc
f244
e877
05db
05de
ece8
ec49
0b8f
0735
fb7f
0334
28b8
0764
ef6a
f520
16b4
0167
f1fc
f9dc
ec82
fd0c
fabf
14fa
e0ec
ff19
f08c
fe26
0d79
f474
fe0e
1b05
eae9
0433
e697
0d42
0d8f
ed71
eed3
e6d4
f858
123e
0a74
02ed
eb42
07fa
fb2d
fae7
fccd
faf4
eb69
1d64
f848
1662
0e61
02e3
0782
ee89
fcec
0d49
f2ac
0060
fe01
084e
e24d
2590
f29e
f018
061a
07eb
056c
07de
b1a9
0136
0c37
f1db
0690
f24b
018e
f2fc
e24a
0418
f367
fb77
ddaf
e5e8
f777
113a
ee06
0242
3ad2
02cb
0d5b
f1c0
f539
04a9
ee0d
f153
0e6a
fdad
0385
084a
1258
098f
2e45
f5c2
f33a
f635
edab
fb96
fa14
fe70
fa67
08f9
0c9f
f276
0477
fc23
0807
f326
02e4
fcdb
0f3b
0296
0987
f24b
f71a
fd9d
f343
e5e6
ed52
e7d9
110b
0605
f297
f977
005e
f3a2
0329
f87a
28de
ef71
fc45
008a
fb46
0904
fe79
ec34
fbe1
0e8a
f039
ffd0
df73
f59f
07a2
fad7
fe9d
f26b
0670
0771
dfdf
0caf
e3fe
f6d8
0eb3
f16b
f67a
f2f4
e981
1327
feaa
0405
eac7
2294
e97e
fc84
04e6
efc4
fd6c
0fb3
de06
11f0
22f8
f679
f09e
0506
f1f1
1fce
f692
0185
0cc9
0ee6
ebad
2c23
f26c
f259
0e9c
f0a7
f6ea
02d6
c379
fc99
0d78
e4ed
15aa
f991
f679
f6e5
e444
0fe6
e94a
e57a
dfc5
ebd2
f273
033f
ff05
060a
3a57
ef22
069f
e0a2
f18a
015b
f08d
f9a8
12ad
0a77
038f
0129
0ec5
0f65
2970
092e
f1d6
eb4b
fd3c
f661
094a
0262
f6c7
120b
0d91
e809
1d40
0dfc
06f1
ee57
f872
fd4a
13ae
0af8
014a
f7a8
fc31
11eb
ec80
f0f0
f5ae
ebe7
0c1e
065f
fe63
fddf
f939
fac7
ff18
eaa2
27d7
f83b
fc0b
fabd
0021
fdb5
2394
f52a
0b8a
1a08
fc5d
1000
dea9
f330
0319
02da
f8b7
ee56
1cb7
f1df
dc16
057a
e4f0
0192
1bf9
f0d1
0f17
f069
d409
1748
00f1
0d7b
fd4b
1f5c
e590
0095
0e06
ec4b
e5a8
065d
de9a
1f76
0c79
ef80
f11c
137b
ee35
153a
f9fa
fad0
1061
046f
f5e9
3d7c
e592
f68c
1738
03b4
efd4
f40a
cbd2
03a9
0893
d673
0d92
f69f
fd17
0332
e2f6
1500
e215
e94a
d81e
ebb5
fa41
00d0
f31e
0787
40c8
0056
06bf
e82b
10f5
102b
fdff
0393
1000
06c1
0cea
f09b
eeae
10e8
24f7
08cf
f756
f7c1
e897
f9ed
1572
fade
0a30
09b3
1242
e995
0cf6
1546
ff1f
e8a2
f551
f2d0
0517
091a
0a84
f8fe
03c7
fc5c
fe55
ee35
f301
eaab
12ed
07d9
fe2a
f0e7
fb95
ee10
03a6
ee00
231f
f489
ef7c
0157
fc30
f92a
111e
fb7a
0e64
0b42
f961
0dcd
dccf
e2c0
0902
fbdf
f6d5
0088
1af8
f03b
e7f8
0373
e858
0692
1282
f49b
f913
efbf
c635
1edf
0592
0b57
0408
0ba6
e56a
0d02
13a9
f475
efe8
0b74
dacd
1a04
11ce
e28d
f4bf
0928
f207
2976
fbc1
f561
0bb4
036f
f742
37a3
ea75
f2cc
1440
fab7
f0b1
fc5d
eb86
0324
fefc
eb66
0825
0768
fdc4
f1af
f78a
f7ab
ecd5
f0c3
f14c
ed10
f90a
0809
0b86
0d59
3ac9
eadb
0166
ecd3
091d
0585
fe36
01f0
17fb
0401
f058
f92d
06bc
0b3f
115f
1bd9
e7be
fe16
fab1
feb9
126f
ff17
f62a
030a
1a4f
f003
05c0
115e
00ad
f1de
f19d
ee5b
1dbe
0d7f
fef2
e374
ff8a
1304
0414
f0c6
f2dc
f1b6
0524
fcad
ef90
f3ab
02e3
f6eb
e9cc
f657
0bcb
0fdc
ed5c
f9d9
0007
f30d
fd8e
f6c6
009a
f8f6
f66f
13c3
ebff
ef01
03df
ed2e
0937
fcda
10b9
f0b0
f82a
0e11
f1dd
07f5
0ab2
05f0
00c6
eddc
e366
1346
eed7
0a3a
0c02
05bd
0363
ffe4
12be
084b
e4a4
0b28
ef35
1244
0a4c
f7ab
fc69
0389
03fb
1be8
048e
f1e2
03e7
0e75
e34e
38f7
eaf0
f1d0
0c03
0aaa
f4a3
fd71
f139
227e
0241
dac3
07c9
06bc
f55d
0799
f7f0
eb1d
e947
0bfa
f4e2
e16b
0165
19c1
ee8a
0d8f
0c12
01a8
f169
ffd0
fcb6
04c7
10cf
d91b
21e1
0e90
0c57
1420
022c
00a7
0450
17f0
e18e
f5c0
fbe1
0e2e
068f
f762
edda
0dc2
0d89
ed84
e7d5
0d25
0bef
f768
fa13
fa79
1bdf
0d33
06cd
e501
10f4
0b85
035d
f2a8
f084
f0ce
1d96
0386
dfe7
eaaa
019e
f563
eb96
056c
f972
0772
f480
fe0a
fbc4
eea8
f3fe
0c4f
f109
01ee
effc
feeb
ed7e
0ab6
03ef
eb0c
0175
1afe
02e8
035a
f277
0b0c
e976
09e4
15c8
fb67
fe1d
ee91
e538
0566
eee5
0636
103e
1654
0e1f
ef1f
06c0
f763
e474
25fb
039e
ec9f
fc81
0a6c
eecb
14b2
ed53
1ae7
f05c
f05f
086b
10c4
e3cf
4555
f04b
ff24
05bd
2270
e3e1
0136
e0d0
0828
0d78
dd99
050e
faaa
f8ee
0295
f66d
0a3b
f7fb
ee71
f0f5
e6a5
1f2d
15df
da12
0cb5
3395
f249
f2d9
e452
02fc
11f6
2ed1
f52e
17f5
fbb0
fec0
eb83
0eeb
0b6f
14aa
11df
dff0
f928
f07c
0400
fe51
ff7b
0bfc
1b83
f9ce
02db
12d2
0096
1069
edb4
0508
e582
076a
04e3
0c51
f57a
0a10
05e1
f62a
13af
f9e3
e3c1
2792
10ff
f338
044a
eda6
f8e2
ef3f
f8fd
096c
ed3c
f5c6
03ad
f749
f0ce
f2d3
fb3e
0a7c
fc1b
e8fe
fb9e
dc9c
e87c
05de
f8ea
05fb
0891
01a0
f396
ed58
0e6f
e5c4
062e
1500
f570
0cd9
ed58
df9c
1141
0c05
13c5
0d62
2fb5
f647
ffb7
0f35
f031
0508
026b
faaf
0b93
0ac5
f6b9
e2a7
0fc2
e7df
1f88
ed34
edc1
0c1b
0e83
e49f
4d0f
de4d
18ca
0a2e
11e4
f991
e688
e248
0d73
06ca
ef93
077c
03c7
f680
0953
f453
07be
fcb0
e195
ee02
f5e2
0e5d
1256
d36f
0c29
3256
eb94
ff6f
f536
ffe5
108d
1d9c
ff31
0708
05da
0114
ec04
12d5
1e3e
2310
0b83
f8e9
0444
fa08
0891
023c
0268
f9a3
0769
f5e7
f92d
f99e
0637
03fa
fb73
fb86
e3d9
19ca
1259
1c81
fa5c
0818
0a5a
fd91
08ca
f57d
e54f
232d
0199
e3a5
0c32
f69f
f602
f721
fda8
111c
03e0
f7ad
ff90
0568
f6c8
11b0
f46c
0a60
f7a9
f4be
0033
e0be
e915
ffdf
f929
0edd
f919
1125
f9a5
f229
1339
e904
0812
11e4
01ef
fa92
f78c
ed55
0656
0d69
0ffe
0c5f
2893
f118
febe
03df
ffdc
0598
12a0
009d
068a
f32c
01c8
e85e
0d74
fa81
1483
fcc1
e544
fe23
1a80
e329
41b8
def6
090c
0a52
099f
0582
f3ca
de2c
2594
0027
f37a
0138
fd04
fbc8
f88f
e6a7
eea1
f544
eedb
e8c0
d002
002b
2b99
d483
0aca
20e4
f5e8
f683
ef0a
e734
1c5b
048e
0177
1a54
01b5
0425
f003
0ac4
1868
03ec
001b
f70f
fb9c
fd22
132a
0c88
f374
fee7
03a9
0208
ef22
f0e8
07bb
01c7
f468
f49d
f389
0399
20d9
068f
f321
0ac9
144a
0129
07cf
f70d
eb33
155d
0910
de1f
0c03
fe8f
fd04
fd27
0590
0cb2
f7c1
fdf7
f928
0c23
f3d8
1d4f
0318
dab3
f6c1
e574
fc34
e311
f5b9
f9f4
f6bb
11b9
14dc
fbfc
09bd
f313
1996
ecc1
1037
08e3
034a
0395
fbc1
f178
f084
fccc
1889
06c4
23a1
ed7d
f08c
fe47
01b0
08db
2334
0b7b
ea27
14e4
13bd
e3f4
268e
f07c
012f
fb36
e675
f88c
0b98
e053
4020
d58b
06b4
0d86
1309
f300
06be
dedd
11fc
f86b
f636
04ba
034c
fd4f
09f5
e5c0
f3b5
f7e8
e92d
ee18
dfe9
0e50
25f7
d3c0
0fce
411e
0277
fcd6
eb9b
f7bd
29d8
12e5
0013
0bdb
0394
09e5
ea44
018f
14ca
0c2a
fd2b
f6cf
ed33
f1f4
fe0a
04ea
fc96
fe36
088a
f3d5
f2fe
f13e
0ec8
f720
fb3d
e1d0
f264
0f46
1450
046c
02c1
06e9
0161
f884
fd30
fbc1
ddf2
1c87
1044
f3a5
23c8
f6f1
f638
01f8
07e1
261a
07a2
0113
fc97
077d
fd02
fcfa
fc52
f450
02db
fb57
f701
e6d3
e7f8
0004
085e
0d5f
1134
fbe7
f965
f513
0830
e774
0126
115d
0943
1949
ff10
eb93
f126
efcd
0f45
0d07
1b09
e6e9
0bed
fd8a
ff14
0a25
268c
0108
f90b
0cc7
0c9c
f4dc
1cec
e9c9
0719
f287
ea42
0066
08d5
e740
3d44
e26f
fe95
0bcc
0573
f3da
f9bd
e3a1
fe88
081e
de5b
f7de
ec31
f9fa
1a65
dc72
ed0e
e6cd
fb52
dd92
e279
09b7
1194
ca20
0c0f
358f
f577
fedf
e443
eee9
2672
03af
f573
1382
0498
f681
fb53
f9ed
2961
0e55
f8ff
f005
f4bd
e697
0158
ff14
0bb3
0ba7
04f1
f29a
ec6c
08cb
0bae
f544
ef32
f9e6
f8c3
021f
08f9
0d50
ff88
0867
f3b9
ea84
fcb5
01c7
e895
24ff
1380
f873
20c9
edc3
fe30
11d1
fdce
124c
f72a
04ad
04d8
03e9
fe0b
df2d
f5c0
f133
1066
0150
f1bc
de61
dfc1
fdfa
1598
fe4f
ec94
f8ef
f941
e779
0526
e8b3
f0d5
019b
eed8
1324
fb38
dcfc
f8d2
12cb
0b93
111e
0b8d
f3ea
0d53
0107
fc15
fbc5
164f
e9a1
02fe
0746
10f7
eb88
0fd3
e878
ffb0
ee66
fc17
15ba
11c1
f2e8
1c20
e936
12c8
136c
fd44
f9ed
eee1
ed38
0327
074e
e37d
eef2
eda9
0287
1e76
e0c6
f2e3
e99c
ff57
dec1
dce2
fd94
1239
ca85
0bc8
2fca
ff60
f3e5
ea91
05fa
297b
00e3
fd3c
21a7
ecc6
faf6
fe60
020c
30de
1877
fa0c
f0ec
f278
f008
ede2
fa6e
0337
ee99
08e3
f1c4
f877
05e5
09ba
fe7d
daf8
f11c
f9dc
fcd8
1cbf
194c
fe7d
fee4
efe5
ee6f
04fc
fee7
dcd3
2007
0d8c
f00e
13ee
ee6c
f5bc
fd5c
01ec
1bcb
e311
fd8f
08ae
0d67
03d1
f6c6
ec5d
f8a3
199f
fe56
eed3
d216
e803
0c07
064c
ed74
f780
ff34
eb04
e59d
fdc5
d334
0429
1ed6
ebf6
24a3
f974
d1df
f6ba
07af
0a89
0f83
1c7f
ea05
17ac
f560
f4c8
1fc2
0975
ecff
f5fc
07da
ffe0
e300
23c3
db50
0eb7
ee76
f3ae
17b5
07b8
f6b3
3768
e79b
1173
0d6d
07ff
f59a
ef90
e300
02d1
0a3a
ecc8
0270
f188
fba2
04af
fc78
fb41
eb04
013c
dd76
016b
251a
1641
f24b
1c8d
2ebd
0f8c
e429
d92b
0846
0540
f656
fdbc
edb7
feee
06c0
084f
1ea7
fb9e
17c4
1605
f208
e3c8
f92b
ffad
111f
f550
f66f
151c
ed2a
1501
0b60
fba9
1553
f2bb
045a
f04e
ed10
1d5e
f1dd
0cd7
e0a8
210d
ea6c
1d16
ff47
f636
0a03
03b5
1642
0f3e
ee9a
12c0
354a
f0ee
0309
04e5
eab3
038b
1087
07f2
088b
e343
0b68
15f6
023c
0189
febc
fd02
01c3
f3ed
0689
fb11
f5ee
de53
d8f6
0122
db25
0a77
3620
fa3f
1f54
0ad2
f793
0ce7
f9c5
1a56
f341
045f
fadb
e5c3
034f
e943
fa52
18ea
ef05
123d
fbb9
e518
f448
3972
fbfd
28d1
f156
fb8d
00bd
f2fe
0a56
f6e0
e3d7
ddfd
01e2
fad9
e8f7
f9a1
e21e
1753
0684
e4ed
0bcd
f1a9
fdb1
0133
f9a5
04df
f5b2
036a
dee7
0a89
1967
0be7
eabd
190f
2c23
1e5b
e19d
df22
fbd0
0141
edf4
fe4b
fa35
ffb2
0abd
0f59
1da0
04e8
fd18
333d
04e3
e4d1
f94b
fd20
175e
0172
e61a
1b0b
010f
ef21
16f9
fa02
1f5a
fe10
f777
f18e
f85a
17f2
fce5
0fa8
f169
209e
f50a
2254
f096
f49b
fb38
ffbb
20b5
0340
fde8
0c7d
2e6e
010e
f313
0a9b
f82f
fc4b
0246
eda8
0c7a
e92b
1db8
0d08
f976
0725
f8b3
03a1
f79c
f4d2
0404
fe74
e7fc
eb28
db72
0d90
df02
ff87
2358
04f3
1222
fcdc
02d8
1e5f
fa6d
0c18
eced
f053
fad4
f339
f33f
f6d8
f87f
18c2
010d
0119
002d
00e9
f9ca
2c5a
04a8
1ddb
00cc
f408
f60c
fe7b
0f56
0daf
fae6
e425
00ef
06f4
0441
04bc
ebca
fcc9
020b
da97
0c83
f6c8
f5c2
0f3e
f0dd
0fc8
ec97
f08c
d1f9
21af
27c4
0635
df4c
13dd
1d45
2a5d
fa98
d334
e780
0694
f263
0645
f4da
de67
0f12
f9d5
f69d
0ae0
1114
0699
f94d
d763
f866
e147
013e
0f2c
f1d6
2090
ef96
01be
147e
f51a
1e3e
d107
0b7a
e52c
f3f6
0687
fc67
165f
dd53
106c
ed3a
0e94
fe29
fca6
0a9d
fea1
2201
0679
f67d
ff66
258b
eb6f
04da
052e
025e
f836
1533
0918
f0bf
e04f
2266
1ed4
2017
fa8f
f8d3
1191
03a8
061f
f61f
f60e
0477
e5cc
d640
05e9
d1bd
eda1
228d
fd8e
069c
f3c7
f724
1fc3
fced
1709
eba9
157a
efd6
0a6d
161e
f01c
0c5b
19f2
e62a
0f6c
0242
ea86
e5f5
0a58
faaa
1c0e
fd82
dd09
135f
fe89
099a
0f71
f882
f946
121f
07a0
fa69
0b03
ff00
0e2c
0119
e701
1c08
0552
f8e6
08de
fabe
01e2
f13c
ee9e
dc7c
25f1
17e8
028a
de51
2377
fbbd
16b3
f7e3
d451
da94
04b6
d64c
fe5e
f2d7
d9b2
1bf9
0889
f679
fbe8
08ee
0346
029e
d8e9
fa98
ea41
0090
1247
e455
04d2
fc4f
f906
fe5e
08a4
207a
eb24
1376
fea4
04d9
0978
ea76
f629
f7f9
0892
e7b2
04d6
fe4c
0419
15a9
f1dd
1991
ec7e
f33e
ea25
2c8a
e19d
ecd0
fb65
0a52
f97a
0d47
0a9c
eac6
fcc4
0959
1563
0bfd
ff9e
f7eb
17eb
0d29
fb04
0036
f973
01e8
f06d
cda2
168c
d62b
fab3
1cc6
fe4e
06ff
f871
fd2e
fc59
fa0b
1e56
d4c1
0c94
e98a
fee8
181b
f889
011c
1f26
fcb7
02c0
07ee
f0f0
eb40
1a3b
039f
1aec
02a5
dea1
ff2d
0216
01d2
eb9e
ffe2
dfab
029e
0fef
0173
0c51
dc76
06a4
1138
df25
0f07
f2b3
f7f2
12ff
f0a6
f640
f89b
f611
ce53
0f8f
24eb
ff90
c9ba
3514
0fc6
13e6
f839
d78f
ee9c
053b
086f
0394
e791
d8a7
02fe
137f
fe6f
fab4
246c
0b40
fe86
d2fc
f79e
dae5
fbf4
05c6
ef9e
f714
ed7f
1492
0cd1
06e4
1675
f78e
086c
e5c8
fc3a
023e
ddfc
08c3
ffc1
fc38
ea1d
0189
0084
f975
29a9
0547
2cfd
fc55
f762
ed50
1825
061c
0777
f92e
fd81
02d1
eaa4
fbd7
dc28
03f1
f22c
1d79
063c
0440
1091
0a9b
153f
f3f6
f651
08ea
172a
ebc3
c9a1
22eb
d2d6
f804
25d8
f7e0
0441
ef44
e55d
11f3
f5fe
1a37
e923
fed1
e81b
f860
13d1
f392
0d25
1f7c
de74
0e3a
240a
f486
efe6
263c
eeef
1055
f0af
e9ac
ff94
0dd1
0723
fd02
f7f3
c857
0b13
08c5
f9d4
eea7
d411
0bb8
0b07
d26a
136d
f978
fc69
2c46
f348
06aa
ef39
fd97
daa5
1e0a
2455
06c8
cf2b
1eab
0c89
1f25
035b
cb75
e453
0583
0c6c
fe2e
eb0a
e729
056a
04d5
06bd
f76b
1df7
0eb3
fd39
e02d
fb2f
d5a0
0183
05d6
e918
fe4e
e7f5
24e8
0d08
02cb
0d16
f257
1988
ec63
ef2a
f103
fa29
0b83
f1a6
eef7
eac8
06e2
038a
fe04
11eb
0735
23f1
ec07
ead9
ef60
198c
f2c5
076e
fdf7
08a4
fcff
fbd9
fbd9
f792
f96a
fcaa
1bdb
0ce3
04e7
1110
fce1
0a35
e4bf
e5d5
fe9f
3417
ddf2
daa6
1a9a
d8de
fa7b
1ab4
f808
01a0
e0ac
f249
1ad0
04f1
2803
d376
1594
e32c
ee95
1ca0
fcc4
1cf3
0946
e315
fd86
15fa
e650
eb9a
06bc
f2f3
107e
03bc
eefc
013c
fe7e
f5b8
fcd8
fa6a
d967
0e8a
01ef
fa69
f30d
c596
f571
073b
e386
13c5
f189
ee5c
2bc8
fa2a
0996
e6b8
eed8
e72c
fb36
1285
f8f9
e452
fe4b
10cb
1806
007e
db38
037a
0241
00a6
08ba
e8cc
e6dd
03d0
05ea
13ef
f686
240e
e5ee
095b
e639
faaa
dffa
fe82
0dfc
f213
07b7
ef33
0e3c
13a7
0a1e
0b67
f414
f8e3
f364
f20c
fb3d
1b8d
00cc
def3
05c6
e404
0cf0
eb34
eec1
1e59
0b5c
1524
f9bb
f927
f2e3
0ea9
f82f
17a8
03b3
07b6
f6b0
fbe1
fe6c
03c3
0509
ff1e
147f
f1f1
09dd
001a
ede4
ff8d
eb97
ebbb
0302
1296
ebc9
d2a2
1b96
dad2
0788
2052
fe9b
0301
d8cd
ef3f
13dd
184a
233c
dae5
1686
ed2d
edc2
0656
f6b7
fc96
0c20
fbc4
19b8
0733
d512
f01e
ef32
ee0d
0ea8
0098
ee63
0816
060c
f3d4
0c7c
ec24
ddfb
0bb8
0145
f85c
06b2
f8f4
e8f6
09b1
e9a7
145a
fd57
ea4b
1ea4
e4ef
0308
e553
ecdb
e4c1
f55d
01da
fc88
f3bd
020a
fe50
0898
05d6
dc5e
dfaa
0560
0167
0235
1031
eea6
0d14
11ba
02e8
019c
009c
df58
1486
dfdd
ec8b
d8ca
07af
f987
f604
0280
0258
f75c
26f5
0ec6
1ad1
e53a
0ce5
ef10
021a
fb62
f374
f9e0
0323
f1fa
f7f8
0021
dcb0
db2b
10cd
ffec
0037
03c7
02f9
fec2
f022
0168
119b
f969
f239
0056
0d9f
070e
fc7b
10d2
01ec
0eec
f71b
0674
0aca
0e8a
fd85
e9b9
f644
fb5c
07f4
01ca
ec8d
2892
e3d2
136a
1f04
fee0
fa8d
e183
f875
0236
076a
2078
ef50
faf2
d969
ec5d
0995
fe53
f8aa
0f12
ff21
1cf5
1f7e
ee31
f2dc
df9e
e79e
18d1
003b
f507
f818
021a
fca6
fdd6
f711
d880
0ff9
f1ec
dff0
0e83
f3b6
f78e
0eca
d309
1293
eefc
f531
faf0
ea16
05f6
f281
fbdf
e486
f3d6
f5b4
053d
f458
0a71
0703
fb05
f948
f460
ddac
08f9
ef26
ea97
0d12
1a57
0abd
13cd
1bc5
f384
03c3
0b82
f59e
e2a9
ef45
fd83
0f33
0683
ece3
fb2d
0115
f1c5
199c
1b7b
155f
f35b
f3e8
fb5d
ff97
11ad
fcea
e8bc
0d23
0528
e6bd
dbbf
f119
e82d
039b
0acd
fa4e
0310
00ea
fc0c
f1e0
022f
2abc
fa2d
f8ee
0387
1986
0c4e
116e
1c7b
fe42
12e9
f8b4
0a74
f406
10d3
0ab6
fadb
fc71
fc99
0422
fb30
e16c
1073
e7d3
0b1c
269a
ef38
0923
e5e9
edfa
fd5f
08eb
0cd7
ed1d
f615
ea60
cba3
0624
fbe4
eec0
25e4
0e47
fc23
13d3
00ad
f868
f806
e82f
0f6c
0174
fbba
f70d
0830
e9b2
096d
f715
d065
09d2
07e6
f49e
107b
ddd3
06e9
08f1
c461
0d84
ecb4
ef0d
0542
ec09
1151
e8e4
f8c9
e437
e538
05b3
01f0
faf6
fe40
29f6
1663
f583
f1d0
fe6e
084d
fd15
fc53
0c7e
02f7
0ccf
13be
139d
fedc
1e93
1135
eba2
fae5
f79d
eacb
fb63
1331
053f
f6bf
0623
f640
0e7f
0ea1
113e
ed36
fdf5
efb9
ff4a
005f
13d4
f20b
f591
fda4
ea28
e3ec
f927
f337
0f49
0aff
0052
fff4
0ada
e913
0454
f7d0
36d4
eeff
0245
0a3d
f043
145e
02ba
f977
19e6
122d
f535
ffb0
ee9f
f072
16b0
fb61
e7af
fb2d
0bd9
f62a
d193
14bd
e991
ff46
1fbb
ea87
01dd
dfed
da4d
0a9a
12c1
15eb
e452
0d19
ef34
eed4
0c55
ebb9
0101
0e8b
f93c
07b4
1160
e84e
ebe7
144b
e596
4073
0279
f7e1
fda7
0014
f654
17c8
f137
d67c
1a19
069f
070c
fba5
d106
fbb6
0604
c77a
1837
fdde
0324
02cc
ece8
1826
e5f9
ebf3
ed76
f839
f7b7
f897
e26a
0036
2b4b
0a0f
0235
f3bb
03b3
0993
0021
173e
0516
04dd
0367
fe93
1947
09e3
10c1
0715
fb3d
f5a7
0504
f142
0ab7
1d3f
f93e
fb25
fb22
f98a
1a96
1d06
0036
effc
fe28
ead5
0527
fbb5
12c8
04f8
ef3e
0960
ee11
d4cf
0642
f681
0894
f3b0
f377
f38f
fefb
ef06
0fda
e80c
2af4
fda3
f6d1
f90a
f888
0468
133b
14e5
16fd
1420
0ed4
1738
ee2c
f03a
072c
f806
e8ad
fa2d
2af2
ee36
d606
1132
e5a0
0030
2bbe
f21a
057c
e239
e4b7
1d52
151a
0c1a
ef7b
0a77
e846
00c2
1c00
f3be
0568
0c3d
f370
0ac3
1119
e583
e278
0050
e997
3e53
018c
fd5a
05c2
fc30
f39b
1783
ee1f
d59b
1bb5
e89d
fe7b
ee83
deaa
1005
f9eb
d6cd
1e8b
fcde
02d2
1344
f3e4
fea4
ee5a
fb71
f0b1
efd2
f47c
191c
f967
10df
1fce
0080
f8cb
ebd0
ebed
0222
013f
1201
1562
0e40
061a
1243
f795
f638
0858
f83e
0453
ff7a
f627
f993
098b
fdab
009f
f2a4
0ed4
e943
fde9
217a
0de6
f48e
f82c
0480
07f8
1315
f586
e927
0957
0b48
fb25
d05b
e457
f470
05b3
fa0e
f0a2
f388
04b5
01fb
fcdb
04a6
0be8
f18e
ef64
01e2
115f
f5f2
1d6a
12d3
fabb
0bb1
e95b
18e5
0174
03f1
0ae3
f107
f86c
1ee2
121c
f1ca
e86e
1e0f
f275
0a34
0e8b
fe98
09f6
e416
e75c
f810
1768
0689
f3a2
0129
f674
f356
1721
0484
e5d8
159a
fc17
038d
fff5
09eb
017c
0a8e
e602
2df4
05c0
fbe3
fad3
f5e9
f5e8
0895
e938
d57a
0674
fe53
e5c1
0ca4
e6ff
f546
0479
d81d
fba1
0018
f633
1782
f889
feb2
ed4e
fe57
e625
fa7a
0d0c
fa52
fa8d
0f1e
2a40
00cc
fc5f
edb0
23b4
0899
177a
1628
1ade
0d5c
eb6b
077a
fd64
011a
1024
0a54
ef0c
ee28
f6cc
ebca
0661
09cd
fbce
e3f1
0718
fdc2
0d4a
21fc
f5f7
e321
fc85
f28d
fea1
fb1e
0e7f
001d
fa92
f6c5
fb3b
d2c6
f54d
018f
0a43
02ee
f621
f796
f652
f282
fe4f
fec0
0520
fbd0
f78b
fad7
f066
0558
0b94
0476
0a22
0d2b
fc14
0797
0bb6
eaaf
18d6
eb09
f44c
1456
264c
e380
ef2f
186b
e935
05ae
0b0b
f40d
098b
dcc1
d8c5
037c
18b3
236b
fffd
0f5b
01ec
01e4
247e
f79a
08d6
007e
efd3
085c
1268
e842
f5eb
01fd
ebfc
3727
0a3b
ffd0
01bd
0430
fd77
3456
da1c
e889
10c1
f706
03e8
f6c0
0045
0b89
027f
c7a6
087c
feb4
f812
1156
fd0c
055c
ec9c
03e5
de02
ebaf
0655
1071
f133
0636
1406
0bd2
efb6
f10a
1e81
1a9d
174e
f086
1e63
095d
132c
2194
f1a9
ff17
f6c4
0ed7
e38e
f55c
f6d1
04d1
003e
f21c
e928
f42c
047c
f576
f946
118e
00a5
e8e5
e88d
f6e7
0ab6
046d
0776
efc6
174a
023d
ec0b
e77f
ed85
dcda
1e25
08c0
e9ec
fa43
fe9a
f235
fc84
0d64
061d
e288
fad5
fca5
f6c4
0204
fe56
0dee
fe2c
1248
efb9
04b6
fc95
f7f1
124b
f5ab
f53b
1f87
11f7
f439
f232
145c
ed4b
0dd0
2185
f34f
1d16
dada
cdec
fa81
0816
13ef
00ec
1dae
0346
f055
1883
f4e9
0319
11a4
fd34
f6d7
0b87
f185
e1b1
fd53
e04e
3dbb
ff6e
f8a2
efe4
0452
f849
2675
e611
f5ba
0caf
1828
e64b
fbdd
f73f
0210
fc3a
d5cc
0b39
fb34
fa65
0448
fa79
0017
f20a
f05a
f773
f3ec
10fe
0399
da0d
0989
344a
0228
de5c
e310
0cb2
173e
1a42
fccd
1779
f4f2
009f
054f
018d
0eaf
08ed
104d
f662
0b08
ea12
031e
fda0
fdd8
0a79
f33a
00da
fca6
1234
05ce
fd9b
d793
00e3
fa6b
ffd6
f5d8
04ad
ee2b
1d95
0248
f95c
eea6
fa75
ea78
337d
0afc
d637
fd64
0040
f1c7
fc0f
0357
0e25
e892
fb9a
006c
ff14
f21f
1a74
0115
0518
f7b3
eb6c
0110
f53c
e6f7
13f0
03fa
f9c2
07c9
fd0d
f07c
f153
1c9a
efa9
07f2
225d
fbc5
10fc
e21c
d9de
0962
2a73
1abe
0007
27e1
f2a6
f4d0
1635
f303
26f7
1443
0f0f
12a2
0ba1
ed09
dffb
0a92
dedf
3ebf
0ae0
f2cf
f359
076d
ed3b
20b8
edf5
f8a9
0c9f
0b38
f539
d8b8
ec82
f8a8
0010
d872
0ccf
ff53
f921
0665
f438
01e9
ee85
e33f
e9e9
f264
0320
070d
d61c
0483
258a
f537
f116
f608
10fc
18d5
1a60
ff15
1359
f2a6
03a8
fbc2
057c
0959
07e1
005f
fde5
16c1
f1a3
0c6b
ff35
01aa
f1ff
fb9e
fbcf
f9ee
11e6
05cb
fd20
ea0d
feba
0334
109a
15d7
0ca6
fe7b
0ae7
01e4
fb61
f71b
f19e
e014
1be4
1050
e3ea
049d
f877
eb03
0d15
040e
09a7
f198
fd56
f8b5
f4f0
fa54
261e
053c
1137
f3f1
fbeb
0592
ee27
fdb8
097d
fc60
f769
0cf1
1a26
f791
e7e7
1553
e71b
1a0f
154b
fc3d
0881
e0ff
e844
fa3a
1788
2300
ffc8
24f6
ec29
f83f
1544
f020
1257
056a
fcbb
0033
f56c
f20a
e7fa
0563
ef7c
2b03
0e1e
ebdb
ea56
013e
f95a
2249
e8f9
f8a3
0e7c
1df3
f908
ef34
cdfd
f92a
0679
db2f
0529
f2c6
f1b4
0c79
faa7
038b
e724
e87f
e2f7
efb2
05d5
0d04
cc6e
08eb
4112
025d
db4c
e6f8
0f93
2e7c
1762
0afa
0f98
eec0
0413
e85e
f773
282e
fbc9
052f
ec0a
fe56
f97e
0c10
0666
0edd
0229
f376
03b1
f4e6
116e
00f8
0589
d371
01e5
eb24
ffef
147a
1cef
01c4
f976
fad4
f05d
ecd7
0afb
f00f
22d4
2573
fb4e
2905
01dc
df4e
26ae
06af
0a0d
ef87
fdde
fd35
eeac
0a5c
156b
fa69
feb2
0467
f588
f8af
dcbe
d1bd
057a
01b9
f7d2
1df3
1644
f66a
e5d2
1f95
e76c
05d7
1323
f68f
1fac
e114
dbd8
f6a7
1d91
24d8
f5dc
2783
e1ab
1535
10eb
f2cd
3164
fb87
0865
fcd1
18cf
ea4e
d6b3
1585
dd1b
3078
01fa
f5ae
fc04
0e13
f17e
32b8
e21c
ffcc
1eef
0eb4
024e
f13c
cce1
06b8
115b
e48d
0802
f826
e64a
0edc
e99f
02b1
e434
eaa4
01d2
f9f1
1e8c
0902
d63a
167d
244e
fe30
f197
dc39
e13b
2405
13bc
f99b
0ad8
f61a
1d5e
0a17
05b0
0681
f54b
0e44
ed70
e823
e829
0413
02b5
fa8c
f3ed
f58c
fe01
f5d3
0e60
11e4
f579
dbf1
f660
f235
0915
0abc
00f3
0e76
0d8b
03d2
f82b
f8db
0414
e2fd
1f41
1a61
0251
0f83
0711
ea11
1f22
fa35
0042
f8c1
0a39
00d5
00f8
043d
1f6a
0636
0785
074b
09cb
fc1a
ee64
ed55
098d
0ba0
e7c9
2297
0d25
eb87
e079
1c64
e7e5
fc81
1326
f840
2010
ea82
fbcd
f579
00f8
1464
06cd
11f8
d277
f4e3
0679
e21c
2bb4
1934
063c
eacc
0391
f3de
f2e8
0fba
de99
1a51
0a6d
f651
fc8d
0273
e945
1e46
e9f4
e396
0f73
047e
f34d
f2a6
ce21
fccf
1661
e4e1
0591
e9fa
f31e
1457
e4c2
f787
f0b7
0755
e9c3
f608
041e
0b85
d60e
1a09
2311
fb57
efac
dd8a
e64c
217b
fd8e
f84f
219b
efba
0996
fd3d
f7b6
0c69
0dc1
0a00
f3f6
f49b
dc65
064d
f533
045c
ee94
eef1
ffac
e8b7
fb90
167c
e6b9
da09
f95f
fa67
0882
0964
0605
ff98
15e8
0abe
f7ce
dd9b
080a
edc5
2191
2140
eea1
1c0d
03e7
ede4
1ff1
04a5
077d
efd4
04dc
08c5
0800
ff1a
08e2
04f6
017e
091b
068d
026f
edfc
e6c2
1531
154f
ea19
0d29
049c
f3e4
e950
10a2
e4da
f506
14af
f4ec
0ea0
edb1
f8b2
e917
08e2
1b50
0d41
099b
dec6
f346
0164
f5c0
1b9c
0df2
f72e
eaf2
0569
f6d4
f09a
087c
e459
1685
f913
f5e4
093b
038d
eec0
1005
f076
f511
feea
03e1
f3f3
ee56
ee52
efa0
1673
de41
f53f
f7fd
f4db
188d
f18f
0f55
e4f9
fb99
e187
ee25
fe29
04f6
c24b
0ebc
188f
0569
e264
dcab
0441
26b8
048f
0338
1fd2
d48c
ff66
063d
f979
1ff3
0c0d
13bc
ed30
fdde
eacc
f706
fbde
fe33
e8dc
f753
fa17
e6c6
1a33
0df3
f71b
d4ab
f3b5
f991
00a2
195e
16d3
0bbb
fbe6
00da
fcc1
f5ce
fbcd
e5a4
24eb
1e09
e9e0
0ae8
f860
e6df
1db5
f656
2b5e
f795
ff97
07e6
1b8d
0c20
12f7
ea44
102d
11a5
00f4
f289
d30d
e5bd
1326
11a8
e387
fb9b
1018
ec6d
ea3e
0a44
d094
07e2
30a0
f06e
22e8
e423
d23b
fcaa
1682
158a
0329
1b64
d54a
0e80
0e56
da10
3257
f7f7
f1bc
e528
02fa
ea10
e523
0843
d6d4
3016
faec
03ea
0aa8
f9bc
ee06
0f33
f354
0ebb
03a0
0e1b
ff95
e921
0322
0a66
f944
eea6
0fa4
ec58
f22b
03f5
022d
14c5
df33
e95b
e54d
fd17
1d21
f90e
0466
14e5
0377
edd5
ede5
e9e1
f3e9
02a3
f7b4
0cb0
057f
0b0f
14de
0123
3799
fdf6
fa10
1a83
ea2b
eeda
f824
f96f
1b1b
dc09
ed2c
10e8
ea5d
1402
3846
f5ee
218d
f30b
fc5b
f298
efd0
1d33
d5fa
0624
07ce
22fa
f2b8
1d9b
e855
ed50
f844
fb7e
0a12
1ab2
fe08
1e00
143f
f6f8
fb51
01fd
dbc6
ed7f
2afd
f4d9
0623
fbf3
2937
20e9
ef97
12b7
f7f6
fe9a
ec9a
dc05
240d
fe91
fc28
e72e
e9e9
0a10
dcbd
0829
2f34
f535
2782
f894
12be
149c
f847
0af4
04c7
fb22
f365
e6a1
02ab
fa86
ef5e
fea7
0578
07fa
0b69
f584
ecf0
1cd2
03f2
0c02
f83a
f83f
ee9f
e93a
fa20
e0e8
ed54
f121
11a2
0fda
e868
1f6f
0656
0699
08bf
e45c
1360
f238
eafb
fa96
fb36
1c4e
e223
f68e
e763
0677
1bb1
f319
ec4e
1f77
05b5
0058
f21b
e3a5
fa1b
04cf
0dc5
0d16
0776
075d
18bc
f500
210b
1176
f256
28a2
f061
e1f0
f96d
ebca
1ce7
e9c8
dea0
167b
ee4c
03b9
35e5
f62c
172b
ea4f
f9d0
f619
f3a4
1aac
ed7d
089f
fbdd
1a10
fd9f
21c6
e57c
f495
f9bd
037d
1aff
163e
0819
22c0
1e47
ff25
ef7d
077e
e3d1
f358
1a8f
f523
071d
f279
2578
1953
f287
2601
fbc3
0418
f969
e5fa
0b30
fdc6
f3c6
f14d
dd71
0d6e
dc42
0a6f
24bf
f4c6
243b
ecf5
1e9d
24a5
fce5
0d30
f5df
fc81
f44e
fb08
faac
f994
f2e0
0bfd
ffae
f66d
18a0
020d
fbe8
150d
fbf1
0347
ffb2
fd21
f4d1
e755
f674
f6fd
f6fb
f613
0a07
fcbb
03d3
089e
2699
16e6
ff29
df55
11f5
fa63
ed72
01a0
0071
124d
ef35
f118
ec4a
0bc1
1266
fe66
ecec
15a2
fe2e
1078
f059
d71e
e5b2
f899
0ae4
06f0
0839
f793
28c1
f32a
25d4
169c
e7e4
1dbf
ea1e
d9af
eeb0
e2c2
13d9
de52
d76f
271d
e76b
09a0
24b5
e5e3
27d8
e859
f7eb
fcd9
00b9
15d1
eb90
0240
ee24
123b
f1ce
1b9f
f142
faa7
f792
fdcd
0d06
fd81
1c5f
0fe1
0e5b
f5ac
f340
0d61
ed4c
eb66
3106
f125
109a
f322
0eaa
138e
0250
2026
ff46
0cad
eaee
e4f0
08e7
ed02
fd63
edf7
e2b6
046e
d930
1677
240b
f0e0
0a76
ea8b
1419
1f34
e568
ffa0
02a9
fb96
f41c
043f
05eb
fb43
efe8
2042
09c8
fe6e
e8d9
f8cc
ec93
06bf
036b
15cb
fefe
e474
077b
ed2e
f1c5
f70d
f4ac
fd49
0db4
0348
f4f9
fd4a
2393
14d6
fa57
f269
22c4
0672
ffa9
0de6
0299
f037
feeb
f4ea
188c
21f7
0a08
0dd3
0dee
1ee5
dc32
0a02
eaa5
d7aa
bd53
eed7
e35f
f788
09b4
faf8
2e34
0867
236f
fd86
e15a
21df
fb14
ded5
fa4e
f79e
162f
e05d
cf20
0318
0965
0394
0846
f3c5
23a4
f575
f62e
1212
0610
2535
c8e6
eb0e
1524
1ff9
f871
154e
f8e8
13c5
fb66
f3d8
0611
f634
2680
feda
fd3f
eb6d
d5be
046f
f30c
f03f
3648
e4ab
0772
0fbb
0278
fcbe
f644
2561
1453
19b0
f714
e0b6
04ba
f85c
ebc4
0887
f265
2659
e8a8
16a2
1010
014d
1d91
f109
2ea0
fbd4
db09
f86e
f4dc
f5a2
f484
f29d
fba8
0d3f
e98a
38a8
10ad
eecf
e00d
0724
0a65
191c
0b94
2426
043f
e9e0
f548
eea9
e80f
cc46
0716
db43
f333
1314
e7f8
0ffa
05cf
13e3
f3fa
f641
293f
fd86
fe43
0cbe
fecc
f152
f5ed
eabb
fc5f
07a1
19bf
1663
fcaf
24c7
db02
0fd4
f1ab
d971
c21d
f4c7
0383
fb64
066f
f779
102c
1421
219b
f341
0125
f8d0
0485
eeab
f537
ebf0
0f71
e0c5
dc92
065e
f769
024d
16a9
fe21
29bb
ee75
fcec
f7f0
020f
0dd6
c6d8
f642
173a
0c7a
0812
123e
ea90
04d5
ffcb
fbf5
075b
0432
16ba
f180
02da
fe47
eb12
0318
ebbe
f922
15e6
e7c0
f725
1aa3
0513
ef32
0740
2ac1
109e
0957
f0c8
d0d2
fba3
0208
02aa
fe90
edee
281c
e8a9
145d
16dc
0949
21b7
ed6a
1788
ea4b
d8e8
f3b8
079a
f1a3
dac5
eca4
00d1
0c61
f6bf
33e9
12cd
f336
fc54
eb0b
069b
0349
12a1
16b6
0dfa
eafd
e4be
f6a9
e4e3
d5f1
006c
d1f0
fb10
0777
e609
1f16
f9a4
1ef1
f45d
f5e6
28c7
fd27
f75f
1c01
fceb
fca4
fd89
f593
fc40
16e7
102a
ff75
f8fc
179d
ea5b
0728
f2c4
ce6b
db96
e84b
104c
09c4
0551
19d2
f65d
ffd1
161d
eedc
0bbb
0c97
10b5
f919
f516
ebcf
1882
dfe4
c8e6
fd46
f5b6
0b86
e85c
0b0f
1b47
fa6a
10df
fdd2
f72d
f923
cead
ea67
0ec0
144f
0276
04a1
e4fc
0176
0304
00b5
1217
ee29
0dce
f143
1356
fc65
f046
08cc
f4ac
f66d
20bd
e879
fe83
207d
01d2
fa03
1190
3163
18fc
0d69
f3f7
da98
0ace
209b
1967
0b20
f2cc
22ab
f197
0091
1082
0458
02d8
dd53
24cf
0073
e759
0c55
e808
f789
f5a1
ef02
f4b7
1b90
0edf
1ce6
03c2
f9f6
febf
eb65
090d
08d7
0aec
1633
120c
f2ee
e27a
f3ed
e5bc
d974
02bf
d3d9
fad7
04b3
f6ab
1ed6
eb1d
06e2
f655
fd69
3449
fa01
f525
1707
fcf5
f339
f838
f158
010b
f657
0293
0d13
f884
fa74
f3cd
0301
f286
d2fe
df70
f656
032c
f889
0736
1009
0c9e
0464
1bce
ee87
07ce
f8ab
0597
fa62
f565
ef5d
15a8
e524
dc12
0eed
003c
fd07
1663
fd71
2938
ec7d
0313
0b07
f7d5
084f
e5cd
eb3c
f0bc
12f4
f216
037a
e16c
f1c5
fea5
0014
0740
f958
0a19
f4fc
11d5
fda6
fa13
12a5
f583
f1b9
1b09
eeda
f373
0ea7
ff21
f38c
f668
36f3
07e8
0fa5
e9da
da43
00b4
0b00
0739
0a83
f11d
27db
e34b
0eee
1602
072b
15aa
d57a
2669
06f9
e977
10cb
e5ce
0d6d
f5a9
f976
00ed
01ee
eccb
14a7
1826
ef77
1049
ef4c
077c
f650
0d99
00c4
0cf2
f533
f6dd
f055
e604
f042
0fbd
d00e
0652
ff13
ea86
28c8
0104
fd3b
fde3
e984
1f58
ecde
f072
0eeb
f708
0d74
eb7f
01fb
f43e
f5b0
feff
f83c
f9e4
0257
ec82
0ec6
0041
db15
de70
fce1
ee9d
0a79
0fab
13a1
1864
eb87
0bac
0a01
fb38
e6b3
fe87
f50b
e553
e4d6
1c2f
f07b
e899
0c09
0aed
f492
1aae
0bf7
2b0d
e9df
017d
f6d5
f499
1211
f0b3
ebb8
0018
07e4
f964
0e9a
d673
e864
fc0c
090b
ff21
0242
0955
01f6
0078
fc80
0c9b
0ee0
ef68
fd3d
0ec2
f7b6
f997
0a57
07ea
fd04
f8dc
2838
f5bb
f99f
f8b0
e58b
fbca
07ab
0f7b
09a6
eef9
1855
efd7
1214
257a
f57d
1491
d6d3
18fe
0cb7
f966
09ef
eb41
fb33
e402
0969
0b30
f8ad
e286
0683
0814
f887
1aff
f776
080c
e5b2
0400
0d19
fe37
f2fc
fdd5
0399
def4
eb78
ffdf
e66b
0602
fc0e
e219
2c7d
f4e6
0b22
0785
df4d
2302
f711
00c9
f9d9
f36e
17d5
f006
ffb0
f8e6
f25e
f1fa
03c1
f648
036e
e294
031b
fca4
f1cb
e035
ffc6
edf5
f2ca
00c8
24bc
150a
fd43
0c3c
fd4c
f337
0da5
ecb3
f915
edd4
fb46
1813
e274
e3d1
18bf
0eb7
f806
1a4a
0c7f
3378
e8ac
f04e
0d28
0099
1b0b
e2fc
e86b
1069
0e35
f835
ef32
e9b2
ef33
f643
0854
f3b8
fd81
0a0d
f574
0184
f633
0700
0f4e
ed36
ff66
234a
086e
f211
0efe
009a
f75a
06b7
1f61
edd4
03c4
f60b
e9b4
0205
0b79
0ef1
0174
f9a5
06f6
ed73
0841
1e89
f904
1d38
e4ef
184c
086c
f0ca
fcc2
f08f
0390
e4f4
0604
fde9
fc28
ea6b
0a40
0de4
eb4f
128f
ea36
0a1e
06ee
0e6a
0b01
0a67
f619
f384
ec92
decc
e806
0666
f031
1259
150b
ea07
2cbb
f5df
0f56
ffe2
d9a7
25dc
f152
eebb
ec1c
e9a8
126e
ef86
fc0c
f631
d17a
ec20
03e0
fbc4
fc88
f7e3
1662
f149
fb63
e45c
02ff
ebc6
ef1a
058c
2254
21e1
16ed
1c00
f4b1
ef7f
182b
f812
1538
f985
04bb
1542
e836
ee63
0e12
14c4
ecc5
12b3
03cd
29bb
ecb1
f033
0f2f
fdc1
289b
f354
e343
0587
13f0
f093
e99b
dfa2
e31e
f67b
132f
f525
042c
0771
f509
efa9
efe0
14aa
0a76
f802
0116
1253
fa1b
03e2
173b
1851
fb9f
eb87
1f2d
f0ad
f057
fa9b
eea6
ff31
fae0
f605
07ea
f3b1
0f10
f099
1a1a
2596
f6b6
1d53
e663
180b
01a9
fad7
05fb
f383
fe6d
f28b
fc3a
fe14
f662
e6e8
0870
f9d8
e60b
10d6
fce7
0ade
18ea
f55f
137f
0fd4
f7b8
f3df
ed99
e247
e994
0288
e82a
18a4
fe98
f503
2608
fb63
f81d
019d
d9d4
2851
efa4
df5b
f5d9
eb93
2631
d8b8
f0cc
f05e
d6f0
e958
f16a
f839
f1e3
25c3
12dd
04c8
e42f
f9a9
1219
02d5
1bd6
fe6c
20be
0fc6
f995
19af
0c6d
fece
2538
e1dd
fd75
eb75
f304
130c
f5c7
e80e
0ca6
05cf
e4fe
2ecf
164b
0fd7
ea92
edf8
0892
f673
2703
f901
f1d5
0567
0bae
f64e
fe23
e868
e7e0
067c
1959
fde3
023e
f11e
fde7
0263
e9f9
2282
06df
f54b
fd7b
0046
f49d
17e0
12d8
2f87
0f12
f65f
260e
e9c0
dcd2
fe93
ebe9
f580
ec7e
14da
efb7
edfe
1398
f162
16e6
45c6
f8b9
2a78
e3c9
01a0
1b9b
060a
1001
ffe7
f3b2
dc74
2008
0a0f
f18b
e8d7
025b
f084
f3b8
0854
efa7
f53a
0778
ef67
2524
15f9
f193
fdbe
e7e9
e8ae
fa92
ea68
f681
25d0
fac0
f15f
0d5f
f418
017b
f7b1
db49
29c1
0124
ff71
0eb9
ed8e
1134
dc59
0288
f9ef
ddeb
e48b
fc33
0a30
01b1
1fec
0b1a
ffdd
e4b7
e459
035f
0b04
1795
1083
267e
1ffa
f7d3
18d6
076c
f9b1
1a18
0c95
0b80
f63d
f39c
1a0b
e489
ecaa
0221
1166
e5d5
1988
1f34
1a51
f817
f114
0d92
087b
263c
e4e0
f22f
1370
0dce
03f7
e8a5
d6a9
e2a2
0bd5
f9a5
f394
e3a9
0771
0315
04b8
02c5
ffe0
153d
e1dd
0104
19ea
e5b5
274f
0f3e
1d53
05f0
d549
2ff0
e97c
ea58
ede9
de7b
fdb6
114d
015a
fe78
01f5
13db
ff82
1bd4
23ee
0106
0efb
def6
0903
1531
f112
f9ae
fa16
f275
ed70
1a52
0784
04f0
d52f
0d42
08b0
05ba
fbf6
0030
0b85
fa2a
fa76
1265
1872
f668
ef58
dd42
e7f6
e5e8
f68f
e5e1
1442
fe8c
e243
1dab
fc84
f832
ff82
cf85
1b2c
ec0f
e161
194a
f9b0
1ad6
d4f4
f60a
f591
eecb
105d
ed59
0c17
f407
2aa4
119e
fd84
e839
0dca
0f99
09e8
2134
11b4
191d
01dd
ecde
fc16
0de0
feb0
1adc
dc12
f9d5
f931
ea60
0de9
0132
f48a
ff2d
0aca
fbce
2e19
1a55
0c58
ddd6
f264
fc12
f353
0969
fe3a
fa5a
f856
04fc
e94b
ec84
f181
ed7c
042c
0f4b
edc0
fecb
fa23
fb96
fde3
ea47
0c03
1903
ecd2
0253
0b45
f3f7
107e
04e0
19a2
ff5c
f2b4
1c18
e5ec
deb3
0254
eca8
f95b
fc7c
1140
e215
fdeb
0852
f343
1d3e
29e3
f9a1
204e
df0b
0c2b
1abf
0340
1ae2
0743
fe16
f68d
1a56
1b2e
0870
fbc4
e7cd
e0ee
10fb
1444
f478
0995
f23c
f4b7
2068
1bcb
f2e6
002b
ea4e
e74a
f960
ed61
0427
203f
fe63
f60f
03e5
0036
1206
fa5d
dba6
24e3
fe3c
f084
094f
fe71
069c
e3cc
fe05
e9f6
def8
fdba
0685
f155
f06a
0271
0500
e8bf
fccb
fac2
0a82
09a2
fcb3
2061
2dc7
151e
08de
0cde
dfee
eb16
129a
dee3
0046
edb2
05e8
14e2
eee4
e30f
0ea5
0930
eeeb
0259
0d22
18f9
ef9a
eaa0
0b81
119c
2244
ff18
e45d
09fc
032a
f683
f4ce
ddc7
e957
0c67
1063
ef42
fd8d
0348
fe47
f9f8
0352
01d5
0ae3
f7c4
feed
06a6
e28f
f916
0cc5
0e4e
0630
e2c0
287c
e821
f82f
0653
ecd5
f5d2
16bf
f071
040b
fe01
16a6
f879
182c
2612
f892
1dbf
dda5
05eb
0b7b
ece7
0b47
07d3
0a00
004c
1a20
fc86
0667
e557
fdc4
ef6d
dfae
fb91
0261
0791
f89f
f4d4
08ec
116d
fa8b
fd7d
f2f1
e87c
0291
f463
082f
14d6
16b3
f7e2
0281
d9f4
0410
00bc
e5ad
297a
ed90
eac2
02f8
ebf8
f988
f63e
ecc8
0208
e5e5
0ff1
15c7
e873
0796
f98a
0405
e15d
f61f
e4a4
0aef
218b
f602
0fbd
1f91
11eb
f4c7
1ad0
f653
f702
0f94
ed9c
065c
f4d0
0450
0af4
ea3c
f385
1533
036a
ef8f
0e3c
07f5
2388
ea9a
fce2
f565
f734
12e5
f548
ede5
1cd4
0923
fb2d
fe56
e547
e4fa
11c0
10eb
e689
f80d
05d2
0046
0221
fbe8
f48b
1189
f647
01fd
0410
d9a8
06bb
0359
06d1
f9f5
e759
1ecd
e5f9
e532
0955
f3d6
f8b6
06df
ec6a
f6e0
03e2
1a94
f464
170b
207d
fac3
16d1
ea98
0c2f
199a
0ab7
12b8
0b2f
1100
f442
0f1b
0001
fb79
f9eb
06aa
0c99
e79d
f6f0
0669
ff2f
03de
ecdb
0b53
0d8e
e8b5
006c
f2e9
e734
03f5
fb18
ffc0
0e36
016b
f5e6
06e7
f258
fa91
05ea
e248
2625
fbae
f28f
17e1
f374
0df8
e4f9
e0f5
ee4b
f039
0e7e
fe93
e86b
f41d
11d2
fcd4
f833
f2e6
fec9
16ad
0b08
fa48
0fb2
15d5
11cd
e930
0d41
0e5b
fe54
0d7a
f248
00b9
efde
01d3
098c
03cf
ed95
0ea5
f20c
f2f7
1768
0739
1383
e3bf
03a7
fd1e
0b38
2173
035f
f869
01fd
0691
f54d
05e5
edc9
de9a
1b72
1663
ef97
0e6b
054c
f5f5
08ef
0068
087a
081a
f81a
0598
109d
f472
1656
0474
13f2
ff54
f4ca
107d
d4ea
e841
0155
f45a
f67d
ee63
13e4
f2d5
f9a4
146f
ec40
222b
14f0
f81e
1111
e4e9
0b52
0ffe
0bcd
1802
042f
1967
ebdf
11a1
0370
0928
09dc
f67b
f66a
f298
f251
020d
ef2d
0ab7
eedc
18e3
0e77
ed6e
ffe5
ef10
efb1
00b7
ee46
0dad
1a05
17fb
f339
0578
f161
0a73
01fb
eb38
2422
f63b
ef77
06da
f084
e761
e2d8
f18e
f7e2
d9c4
fa99
ff88
fcf7
ff3d
2153
017d
f7ae
f4d7
14cd
246f
eb91
0405
1c5f
295c
0ec3
ee99
105e
0ff6
e931
1367
ffcf
15d5
fc3f
0898
1c73
e824
ede1
0c0b
20e8
e489
18d6
0eab
1823
efce
e7a4
04b8
036c
2db9
efd6
eb17
0169
1114
010c
f28f
eb3a
d983
0a66
0ee8
efa2
0cb2
10a8
ee55
0157
0cc9
01c0
10e3
f87e
0046
25e9
ffb7
20a8
1eb0
f298
fd52
d70f
0bc2
e717
eb63
f99b
ed41
06d2
1829
fd57
09f0
03d3
0deb
f1b9
159e
0a67
fd09
18c0
f65c
0451
ff87
0261
0766
0f5e
15f1
ed26
004d
f9c6
01ee
040e
0897
fae8
dde6
02bf
114d
f34d
2401
f5e4
0df2
09a5
faca
f613
f80b
e105
07f1
e374
06d4
105d
2965
e7f9
096c
ef31
02d3
1068
ea1f
1979
ebdf
f471
0aa6
e57d
04c0
dede
f6e1
fd11
e856
138e
0a3f
fd79
fd2a
2fbc
0c92
f6a4
e261
0a54
2db2
f6f6
0935
0d16
1024
22a4
f45c
102c
26c8
f5cf
13fc
e8fe
00e7
eab8
0282
097e
01e4
e6ea
fce6
075e
eb4f
22c0
15e4
0796
ec8a
e918
ffc3
ed8d
2580
0393
fe87
f954
03cc
f886
fbe6
f847
d386
1ded
1cdd
f87b
19aa
fd73
f602
0fc3
f8e3
11b3
0b27
f858
fdc9
150c
0262
29fe
ffd0
0e0f
03d8
ec2b
fedd
e5ba
cdcc
05a2
04f6
f640
0034
011d
f341
f45b
0f19
e3f8
0419
1a1c
f900
1180
ef9c
f532
0573
10b9
083a
10fa
03e1
e6e6
12f1
06ee
f7f7
06cc
0cca
f7a9
f0b6
ec05
00fa
f5c7
0bd1
e73c
1763
0ac7
f283
fc9f
f067
e5d4
00bf
e0f5
0f06
15a9
2007
e8ee
fb56
fcd5
fb95
00bd
eb97
19a4
eb6b
fe18
0050
f5fc
0bf4
e6d2
fdfc
f365
df5e
ff13
1767
fae1
0055
204d
f63f
fadc
e6ac
eeb1
20fc
ea5d
fe6a
1b7e
17bd
1b76
f13c
0e2f
19c2
f9c1
17d5
e285
0a66
e1c6
039f
0b05
fc54
e57a
fb2b
ff8f
dbd4
2576
01c4
1003
f11b
dd72
13ea
f42b
217a
fce0
f903
0b05
0a64
f799
ffaa
f1a5
e055
1f80
154d
e940
22db
009e
f91f
0bb7
0048
0405
010d
fca5
00c0
28ee
fb01
1fea
fd7c
0668
ff02
e7ab
1423
f222
deff
023a
018c
fa8c
ef1d
f7c2
f202
fb38
0414
f4ad
0544
1496
f81c
2192
f0a0
fc7f
f9f7
0a44
0f7c
11aa
fe40
f01b
0b96
f6a9
00ca
f561
03fc
e390
e4b7
eeb3
050c
f3c8
1110
ed2b
067c
094f
fbb7
ffb3
ef03
df63
ecee
e703
0fff
09ef
1c5b
e859
fc2d
086c
f62c
0eb5
eae8
0db0
eb81
fa4c
0ad4
ecb7
0528
ddc0
eaee
f2ab
e28e
f10f
0992
f4c8
0219
06e1
fba3
f3e3
ed25
f84d
1105
d9bc
fa93
3470
1139
147a
078e
09dd
15c6
ebd3
1e1b
f0f1
103b
e5c1
02c9
1065
ef0e
eb83
0960
120b
dd07
1e2c
fe8c
14c4
e4e2
d90e
0912
f39f
2413
ff4b
035c
0ba6
077f
f608
fc78
f07f
dc5c
10dd
1c70
e630
0e6b
fc56
00ce
ef98
fceb
151b
0091
f42f
fe3d
21f9
0104
1b5a
f59c
023b
0d0c
ee2c
12ec
e14f
e6f3
00ed
fa01
ec30
ee36
ea3f
f0a1
f71b
fcfb
e289
0c72
2b05
eb04
2a39
f36e
fc19
f944
0c7c
0b53
0b90
139a
e366
05ab
f0ec
ee65
10cf
0407
ea21
e58d
f418
0bb5
f02e
1b3f
e2c3
0cb5
0a56
0275
0099
f741
d9d7
f3dc
ef81
0ad4
083f
2985
e172
013e
e0f4
fecb
272f
f076
eff9
d758
dfd7
1a8e
035b
2a9d
da27
e941
d781
ff14
2fad
fca8
ef3b
27ca
1641
f3c8
fc33
e046
146f
1499
0d7b
1096
f750
e050
0c9a
f57d
139e
2016
2393
e814
ffd9
d929
dbd1
e31d
0bbb
20da
f679
fb44
d6a0
1a0e
1395
023a
14da
d64a
3aa2
efb4
e324
f2a6
02aa
1f55
05a7
0979
f77a
11f3
ff12
fac6
fc77
13a9
305c
fc37
da62
12ee
3941
ebc8
13b6
f1f0
e36d
09ca
fb0b
231a
e2fd
d2f6
28b5
32ee
10d2
0173
ed11
e1ca
0008
f7c7
fc2e
f36f
20e9
d98b
cabd
fbf0
d47d
018d
196f
eb63
0c25
f1df
de5b
2894
15d8
1c8d
e395
14fd
ea79
121f
16ef
020d
f3b0
097b
f4a6
0da8
032d
d485
f4d3
097b
f2be
2333
f791
fd99
fcd6
fd93
2203
0dc3
fa8d
eddd
0ba1
e5a1
f5d6
2110
ece5
3551
28fd
de8e
f4c0
d249
d253
1fd5
048d
30a6
e6dd
eb8b
d24b
0abd
271e
f158
e00d
215d
2735
1377
f644
e396
2450
14a8
08d0
11ce
fa6b
f334
066d
e96d
de2a
29bb
1411
ec8d
0f09
e343
deb9
e978
1a35
317e
f2af
0e89
db79
ff08
1089
0285
0904
d1c4
2a23
f20a
e4b6
e9b4
19e2
1744
fc25
03a8
e7de
0952
f896
f088
014d
1094
5985
03c8
e32a
1048
3d1a
f480
0dbb
f4c0
f7da
f93e
fb18
1ccf
e3b5
df07
1cc4
3562
0774
fc9b
e8d7
f332
0a7c
0400
f5fb
f77b
149c
ee9e
c884
feeb
d4f5
f7d9
1a46
e49d
fcbd
f5fb
04d0
4b18
3abc
13b3
e5b4
1369
f912
2241
01ed
f5d1
fc38
18e8
fd48
fdad
14a8
fc7d
f00b
f8fe
eedd
167a
fdb3
ffc3
0088
0175
2d35
1d81
0967
f1ad
1926
e501
0cb3
1233
f6ea
32b6
1bae
d83e
fce7
e746
dada
226f
ff75
2ef6
edff
df50
d6bc
206b
212e
ef8e
e413
271a
207d
10c4
f2e5
dc1d
f608
12dd
131b
1097
f9b9
dd8f
0a39
f52c
e6f7
298d
0f25
ee01
0782
e718
dd9b
ed83
0c43
ff76
f90f
10e2
e1ca
fdf3
12b8
f530
11c4
c885
2543
f745
eb83
e8a3
0359
193b
09fe
f987
fbf3
0346
fa0b
fbd6
0ea3
10b5
3cd7
106f
efaf
02b7
3010
ff60
0dbd
0483
f6f6
fe5a
0c4b
1cff
e0e8
ebce
21c5
2384
19d1
f6cf
06b6
01cc
01af
125e
fcec
ffc3
1543
f092
ccef
067f
cef5
edf7
1246
f609
f3bb
f14d
027e
3033
186e
1e30
e8c9
1c67
f3e7
3379
0e42
ff43
f6b3
1b99
069f
069c
f5ac
f1ad
e798
e5f9
ef3c
0ea5
0613
df98
11a4
16bd
3115
219f
f8eb
f3e3
112a
f9cc
ffc1
08e8
fb50
1f9d
2952
e2a1
fcae
ef30
dbc1
1bab
08cb
1566
f085
e8e7
f0ea
24fa
12dd
ff3d
ebe3
48fb
0126
0b6d
ef72
c78f
cbed
10d6
fcf3
fcb1
060b
f7be
1232
0c3e
0369
14c3
fab8
f824
0b69
d773
ddeb
e9e1
0247
035f
f159
019d
f4a1
13b8
fd1f
f81c
14af
d296
2a3f
0b81
f480
e714
f46b
0007
1d9a
094b
f358
0b78
0870
0e2e
179d
07ff
452e
013d
f54c
00b0
2490
efe3
d8af
f47b
f6ed
04ff
0546
14d7
cc04
03e4
1f70
2543
fee5
050f
10f7
1914
0aa2
002b
f532
1153
1340
0953
d1fb
1e88
d8e1
f5ce
111e
f18c
f9ff
f808
174a
1123
052f
214f
d7f6
09e2
ed69
1ba2
1319
f036
e936
3006
10dd
0a12
ea7b
fd7e
f8b9
00fe
fd80
1516
fad6
e81f
07c1
013d
15bf
02aa
04cb
dcf4
1380
0da0
fc93
272b
da0c
2196
1c4a
e2b7
037b
df1d
e4fe
2d4b
f672
227d
f4ff
ee98
d439
0304
28f8
12ac
dafb
2e70
0ddf
1e8c
fa82
c76d
e7e8
1de8
1f11
f918
fc86
e2ad
fa57
0624
f62d
2aa7
2b00
d36c
0af1
e1b4
de58
e697
ed6e
1496
e798
fb58
e830
0f4f
f4dc
fb26
0d3b
d1ea
3651
0ce1
ea6a
e29e
ed3b
023c
18bf
f3e4
0318
0025
06e9
12e6
06b8
0e9e
3dc1
0691
ec98
ed38
2073
f4d5
08b4
f28b
f97b
0f9c
e763
01fc
dd2d
fabb
198d
0abe
0c2a
0992
13b2
f822
05df
ee5c
e149
12ac
1a9b
0189
c4ca
27fb
db90
f7cd
0ded
f548
fe4f
f793
e89d
1554
fb92
18e1
dcdf
20ca
e0b1
1b13
071f
f9ef
f56d
3416
e8f9
febd
f6ad
e8ef
ef70
ebec
f210
1eff
0623
dc46
ff16
140e
1f43
0d95
0d84
d634
0cd9
e7b0
ee8b
19b2
c529
194f
0f7f
edd9
098d
de18
dec9
1ecc
00fb
2e1f
ed8a
ef86
da20
109b
1867
fe43
e93b
1afe
1d1c
1cb7
0493
c36c
f8df
1d82
21c3
06c8
fcd2
ec80
f433
e6cb
f5c6
250c
2bfc
ce98
f4f0
df0e
eb44
f39f
f1c1
109c
f2ad
10cb
e027
0f20
00d6
ff86
14dc
ce3b
3080
ffb0
e602
e377
07e6
fbcf
0419
fedd
f20f
f831
0dbb
01ef
026f
1290
3ba3
0b81
e4fb
0736
2775
f309
1582
f5f0
fb1b
0c89
f98f
23bf
dd07
fe31
2c7e
0f19
083d
034b
ff82
e69c
0486
f690
f3bc
148a
3331
fe6b
ccd2
17e5
d8f0
face
0496
f611
fc7e
e832
ec3d
1fdc
0551
2e8e
c8b2
285a
deed
1809
0cfc
fdfe
0c8c
2191
ec18
0d36
fc43
cbf0
edb1
ed44
ed37
293c
0a0a
e31c
0786
0491
fde0
1cea
04cb
f1cb
1428
e79f
054b
10ca
c48b
15fa
0c70
e8f5
1760
e313
da24
1716
fc95
2481
efaa
e44c
e091
07c7
2630
fd1b
f399
02e2
298c
1f5b
fe22
d542
2024
1999
098f
f892
fe4a
f58b
ffe3
f672
efdb
1b41
2778
d029
0249
ef6d
e4b8
f3e2
03d4
1a67
fd47
08cd
ed6c
015f
0daa
f75e
0085
cfb3
2779
0e6c
e2d7
e673
2935
fd2c
f731
e7d3
ef72
f0d5
f65d
fae3
068d
0a0e
27eb
f441
ec0f
fc68
37ea
f7b2
1533
0460
068c
f86b
f687
2641
d181
e8ec
33ea
0c4a
fc78
fe27
ee6d
d815
efd8
f715
ebbb
0f8a
2e21
ff4e
c81d
08c7
d588
023e
fcca
f82f
fa05
d20d
eb18
2d6a
012c
1de8
d918
282c
ea4d
2a7b
0d5e
f897
f46b
0f8c
fdef
0b0a
0ac1
ce66
f01c
ce5e
f0a2
20eb
0fe9
e9e1
0501
0883
082a
16c9
0c5e
eb3e
1340
f233
072d
07cb
de00
14ef
104b
e2be
0f5e
ea9f
efbc
1134
0854
0f3d
e9c2
f00f
ec1c
0945
0ac5
02ba
fc01
15fe
0256
1a55
f8b8
e43a
ecd9
10e8
00d0
ec85
f5e9
e909
113e
0d66
ea83
19b7
0937
c45f
fd1e
e9c4
cd39
f265
06d4
1aa1
f0b5
1128
eb44
0340
0e1e
03cb
0d39
d638
1014
0828
f201
fff6
174d
ff1d
fcbf
f678
e2a1
eedc
fa12
e2d4
04f8
134a
2368
fb04
f953
fd3a
1dee
f992
06f7
014b
004b
0411
fc81
2415
ec0b
f8a4
1cc8
0f3f
f853
0b23
efb2
ec1b
ee0d
f9bc
e611
1a39
2310
0527
d1c6
09fd
d6b9
144c
f034
f100
005c
d980
f71d
1d32
038f
1ffe
d347
2389
e91b
2550
02fc
f48e
e8c6
222e
0ced
127f
fc7d
eae3
f1cf
e9ea
e652
2275
fa18
f83b
0e28
1141
fb55
f7b0
0571
e181
16d0
0218
faa8
258c
e16c
1b0b
16e7
d686
0566
ea1b
e354
1dc6
0017
1481
f960
f34a
f41b
1766
07c4
0216
da06
21b4
1cdd
0f8e
e91e
faa0
f08d
0406
1a82
e3f6
d6c0
f590
f9a5
fbef
e013
24d6
26a2
dbc0
f1ab
eb2c
ddfa
fb21
04ab
20e7
f60e
040b
e815
108c
0a8f
10ce
0bae
cb68
1fe4
08f7
e6f3
f9c7
19bc
fe67
084a
ddb4
e33a
e203
0fa4
f19d
ed82
0ecd
2008
ebc6
f600
d8d5
2d9f
f1e8
0a3c
f558
04ac
fc5d
f765
2256
dad4
e962
27c3
1743
180f
f467
e63f
e68f
f167
f61a
e9e2
0d36
34c7
04cd
d546
057d
d6eb
fd07
f5ec
ed73
eb4f
e40d
f03a
158a
182c
1ddf
c900
2f5a
ee7f
3298
0fb6
04cf
f2d8
180e
0bcc
0d53
fe2d
db8b
efef
fd0d
eb50
2eba
0646
f640
0bb5
1e59
f917
04ab
142e
eca6
156f
e249
0196
0ab9
c665
1f1e
0b4f
d777
03e8
e466
ef00
0c2b
f8ff
11bc
f613
ec44
ed35
f6c8
03fd
01ef
e38d
16e4
2af5
207a
e365
fccd
fadc
084d
170a
e50a
ee1e
033d
0441
0f88
0370
1b2d
1076
0924
0042
f114
df6a
00de
052d
1450
f055
fcca
e45f
06c4
f3cf
0bc2
0f15
e334
1704
00f2
e4d5
08b9
1ccc
fae5
117a
f7bb
dcba
e8f5
0162
e91b
ee62
0f31
1912
01c1
efdc
db31
21c9
f16c
0ccc
ec54
f620
fdc3
0f45
0b00
eef8
fc0f
262a
12d0
ff7d
fa82
e67b
d679
041f
f526
e92f
0983
2216
f998
d7fe
0262
e3d0
1153
00c3
ec2b
014a
dd0a
fd3a
0b04
215f
1667
d58f
1d82
f372
2ea7
1551
fce3
0319
0d72
fb86
0ccd
fd77
e371
e2d3
07ef
e7cf
44fb
069a
f312
1218
07b1
ef04
06ad
0b7f
e371
236c
f81c
01b8
1c25
dad7
22da
10cc
e58d
0c23
eae3
eff5
09cd
fec7
1b49
e217
d7ba
ecb7
0718
ff87
f96e
012c
1b6c
3840
0eda
dc40
fd00
f400
0854
1a9e
f3bb
f82e
137d
0f62
0f39
f829
12e2
0650
1d16
045d
0153
e468
fa7c
1590
0950
f83b
054b
ef65
eaf4
f55f
1ad0
0829
ec8d
140d
0213
f615
0d10
0c4b
ee2d
1e98
f9ab
e958
e9cb
fc26
e79b
ed31
13bc
0dc4
fa40
eb8d
ecc0
1107
e4da
160c
f144
f0e8
fd83
fcc8
0c8e
f300
122c
20fc
1aac
f75a
0db3
ef9a
e610
03a6
f0e1
eecc
1627
230f
fb35
dfba
0da6
e6e3
0db3
1d07
f69b
f9f3
f174
ec3f
0ba0
092a
2264
f16f
0b0c
f2a5
2413
0fd6
f75e
e6aa
1c81
0915
f7da
f1c6
eba3
dd99
016d
e623
32b8
0de9
e8f9
fd80
fdd1
f251
1380
eb69
de36
25d7
fbb6
fc24
2baa
d678
1b77
fdcb
d002
0aee
ecd1
eec0
0bbc
f951
2105
e2c8
eef5
f3b3
fa51
0215
f915
fafb
07a5
3bd9
0fe7
e49d
f484
eb9a
0e73
224c
fcc2
054f
1105
fd8f
f4c2
f3b7
287a
0961
1300
083e
f55a
dd5f
ee0e
1375
f6ef
01fb
0c2c
02c0
f66e
05b4
0ca8
0de3
df78
15ad
f7ee
f4f5
0d73
141f
006a
187d
f0bd
f704
e250
edf7
ec98
f2c2
13c2
13c9
fe32
f188
ebf8
16ae
ef01
ff40
f4e6
e03a
041a
031c
079d
08c9
0fc2
284b
15eb
ee8d
0ae0
ebe5
e760
f8f0
f1f9
f623
14e2
1f58
fbb5
e491
085c
e334
12a5
114f
fdcc
f61b
e495
e895
2108
0a61
1164
eeaa
06dd
f967
3648
1d0a
f8b7
eb6d
1782
0356
0522
fe42
e469
f06e
fc3b
ef09
1e6c
0e43
ea01
101b
fd9d
fb04
11c9
00fa
e092
1f6b
f600
fb7c
2969
eb31
144d
0dce
deba
0551
f2d5
e288
03ea
f2e1
0c71
e691
dff1
065a
04ce
0125
f83b
0269
fc52
36d3
0624
f26c
faac
f937
097f
165f
0e6a
09e1
fb66
ee55
fcf2
dbba
2a61
08f6
0064
e5eb
eff0
f2dd
eb72
0a69
f9c8
f1f9
04f4
f9f2
0aff
0a36
0da5
0a2e
ded1
105f
f93f
08dc
0e8f
1448
ee89
078b
0090
f4eb
d7aa
09ec
f568
f2ee
1e5a
09f1
0445
dfbb
ee5c
099b
fe07
0abb
fcb0
eca8
040a
0a52
0ff9
ec5e
fbf0
11ad
128f
f290
0288
e974
e6ef
0dd6
068e
0063
2297
320c
f0aa
e19e
0315
de5f
0f89
0597
f1c8
fa59
e0a5
e7fc
113c
1172
1d10
fa9b
1b85
fc94
336d
159b
0332
fd88
0f6f
fa9e
0dbb
053b
e82d
fab0
f54e
f6b1
33b2
0a5e
fee2
0aa3
075e
fac1
1ecc
ea8c
fb30
1806
f00d
ffba
07fc
e998
143d
12d7
d39c
fcb7
e833
e6e1
1c5e
fa98
222f
f21a
eb42
f829
01b3
158a
f445
e3e6
0d61
3880
0da5
ebb8
f603
fdca
0bda
382c
0630
0317
fef7
f90e
0321
e565
1cfa
1ede
f474
e9e8
e99c
d6a3
e279
016c
f76b
0449
f846
dd8e
0edb
e64e
0397
01fd
cb84
1d3f
ea45
fb61
f7f3
2223
eb58
11f4
e463
ee89
d86a
03d0
f33d
0206
2fa8
0fe6
ff50
e23f
eb92
119c
0523
17c3
e7cf
f03a
077f
f5db
1526
ea94
fa6c
1fff
22b1
0c41
f090
e81c
dbe4
150d
02a8
e680
1c11
1efe
0682
ce81
0577
e6f1
094e
1cdb
edfb
ffa2
dbbc
cf23
146e
1b27
234a
0653
36bc
082a
3b03
082b
039b
08bf
143b
03d5
0c8c
fa74
e6e1
ef27
f07d
ee89
49e5
055f
f730
0d23
0532
fe0c
29f5
fb63
0898
27c8
e6f4
0371
fc0b
e246
1057
0ecc
e8d8
0165
e15a
e1d0
03bd
f76e
1807
f7c0
dcb5
ff1e
f8c2
23df
01cd
dc19
1a02
1d91
11c1
e20e
e6bb
f55c
1813
4144
0f49
fdfc
fba4
e9fe
f1ca
fe0a
2b38
126f
f5d0
0467
01b5
e061
e4d4
fdc1
fd30
0b2a
03c8
e768
09e7
f7bf
0850
035b
db20
0f0c
ea37
f16c
f768
1673
f32e
284f
f526
f694
e13d
fe45
ea05
0646
2a70
f681
fbce
e8ef
0612
09cd
06e9
0c40
f93b
eebe
0a95
f199
008d
012b
f96b
1719
1330
e91b
f490
e25a
da07
12ae
0c6f
f4b8
13e8
195a
f686
e812
1b14
e744
0fcc
174b
f348
f935
db1c
e356
15e4
2c65
213f
f64c
3250
e861
29a9
014d
0300
0791
1cef
04fd
190a
fb6c
03c6
efbd
0025
e1de
422a
0380
f00a
fd18
0479
f847
3954
fcef
0a69
1f15
e27d
f9d8
e513
e7e7
19aa
0a0f
ef98
03a3
ef7d
dc51
0a7a
f175
19d6
eef3
ddce
f5ba
fecd
0bf4
09db
e353
1045
14fc
fd6b
f2c7
f38e
e95b
1712
192d
f5ac
0ccd
fdc9
0b8f
f300
f4d1
2e62
1b53
0471
fedc
fbd2
d68f
f847
ff77
0083
0004
fb66
e08d
feb6
ff4d
03d1
0b8f
db5c
1fea
00c8
f506
0906
220a
ef67
0ecf
edd7
f932
e2b4
fcba
f18f
0a36
24e6
fb12
1170
ea82
ffdf
14a1
02b3
ea3b
e6f1
f03b
072f
0627
1324
08da
fc4a
1b3b
13b4
fb30
fa96
e509
e198
0a7d
ff20
f3b8
0ccb
2ce4
f1c0
ddb6
2160
daf6
10c4
0753
f4e2
f292
e083
e171
0d2c
3003
1faf
ed7a
2bbe
ee6c
2f13
001b
0f11
fb04
100a
0ab0
130b
f439
fe3c
f813
f824
edf3
2e3a
02c7
ebab
fe87
fd6d
ee98
1e62
f4ec
fea1
204f
f76e
f696
fc5a
e59e
1fe4
16f1
e217
053d
ed63
defb
0879
eb23
0de5
e5af
e63b
e9eb
f5da
0e71
efd0
e9fc
0df8
3a0a
fc39
f6fc
f69c
124a
2540
1209
0629
045a
021f
f56e
eac9
fe41
3a1d
1db8
f580
f6db
025b
e7f0
fc1f
0b2f
041e
09fe
06de
08f0
0758
0808
11fb
0102
d3f7
16df
f6c4
f7a8
05ab
2c30
f4d2
0055
f16f
f824
e4fe
0abd
e73f
fbc4
1b42
0758
1d5c
f4c9
f2f3
15d9
0824
02d3
f826
fb70
fedf
0ae6
1a99
04a1
04c2
07e8
1024
f259
ea8a
e807
dcb8
0369
03f1
fa40
1590
1a2f
faba
e1e5
1ad4
eb0a
0f37
fbfc
f1b5
02d6
ec43
e5a8
fe0d
26ce
1749
f659
3221
f39d
32d6
023a
10c8
0672
1186
1157
03a9
0705
fb19
f1bd
0e18
eb28
2d40
07bc
ee90
fd2d
0664
f9df
44b3
f3bf
1621
1b79
ff57
f314
f665
f752
0ee7
132d
e728
f07e
e489
dcfb
07e3
dd40
17d2
e489
ed95
ea3b
f5eb
0cf2
f59a
ddf8
0d05
3317
0f81
f8ee
e9b7
1636
27a4
fe77
069f
fc04
0590
13ea
ff8e
f9ac
3f6b
1156
f69d
fab1
fa99
e2d9
fd1d
02c2
1319
0761
ec23
ffa8
0d93
ff46
086d
f7c4
d204
150c
fc3e
f056
f40b
2433
00bf
0eaf
f80a
f64c
e65e
09b9
d8bf
055d
2279
1c8b
1551
e704
f1ec
2036
0e62
0280
ee0e
fe63
0434
1015
10a3
0106
0d21
13dc
1e7a
fce8
e82b
ecb8
d1db
10b8
10fd
f2f4
1353
26a2
f436
db1f
1653
d6b5
fead
09ec
e9ec
02b9
e3d4
dbd7
fa0e
25fc
1f83
05de
2743
f056
3d0d
0377
0be0
ffd3
2a35
0dad
f13f
093f
f502
f603
0a90
e1fb
2831
0bb1
fa9d
fe7f
021a
0396
2a34
ec9d
0571
26bc
f37a
f292
f02e
f80b
1735
0c94
eba9
fb0d
de37
dd20
feab
f9b0
06b3
ec91
03cb
f0fe
f246
f122
f5af
d686
0f50
246b
fca5
fb16
f79a
f598
2640
fdc5
f8bd
14a6
03eb
0aaa
fdad
fd16
3300
0d4e
fd2c
eec6
06f1
d07a
f97c
fba7
1385
fb8c
04ed
e002
0278
fea4
0d93
08ba
d358
140a
0889
f01f
fc27
298d
f328
07ac
f3a4
e263
e034
0ef1
eb44
fd56
2538
056e
2c60
de70
f73f
1e31
f9a4
fd13
eb16
fc81
08ac
1e3c
0c8a
0a1e
045b
053b
1967
f635
fa1c
e3ac
cc8c
17c6
12ac
fb25
f808
1f49
f895
d8c5
0e3f
df7c
ffc5
046a
e8da
15c9
e9f3
ecbf
fec8
232e
2005
095b
1a6d
068f
3433
f8df
0e6d
fb49
13c4
f525
f098
ebda
fcab
0071
05e9
ef69
1bfd
0279
feae
06b4
0120
f28f
1594
ef0b
0a0d
11dc
f2f0
f1ab
f2c2
f2f8
0297
2210
d928
e76a
e1eb
d838
0b46
ed06
0836
d8df
f197
ee9c
fb40
f7d3
00d1
d3b6
0833
2a22
0a12
fd1a
f630
0d61
2b85
ff2c
06ca
101a
e56c
fa1c
ff4d
dc5f
48c9
2905
0083
fc53
08c6
df07
04b3
f6b6
1f3d
fde5
0ffa
eb0f
0261
0fc8
0d78
fed2
c745
1760
ff60
f8df
f52c
30d2
fe77
fede
eb6d
d8ae
f0bf
0e9f
e28e
12f4
228d
199d
1a68
d1c2
f741
1627
00ea
1723
e187
fb71
05f9
06bf
1ea6
f750
f0f3
ff8f
3616
08e4
e4fd
cf13
dd08
1d94
1a2d
e1e5
f571
2610
f303
c8fb
fbaa
c0e5
01e7
1b4f
dfe3
18dd
e959
d743
0b91
40d5
277f
fe50
3d84
e2bf
3256
109b
0b0c
14c5
f285
f259
010e
0a1b
f795
e82e
fe77
dc99
3409
fc3f
fe48
0ed5
02a1
0276
1fbf
f203
13a3
2057
fa4b
faf4
e218
ec13
194b
fbb0
06c2
1be7
fc21
0020
0175
fffe
14f2
dd7d
0a20
eaa7
fcf1
00cb
fb40
f3d3
053c
039c
1bad
f5b2
f3cc
07a8
08f0
e72f
025a
0083
0b55
04fd
f6e4
1da8
06cb
0e75
0d4e
f851
faed
0118
fad5
1b5e
fa53
ff4e
13ef
ed40
0fd7
1775
15e9
16e3
f50a
151c
0919
f12b
0a1b
038b
03f1
f4a6
07fd
fc01
0de9
ffde
108f
f6ec
05d8
00f7
eecc
ee38
1512
2673
fc16
fc78
019d
ecab
ebdb
0d15
111e
feed
e30c
097f
170e
fb9e
1778
e526
0d29
f43c
ed09
14a7
2408
fe50
f067
e2f6
005e
f493
f923
1f99
fcbc
1d8a
f53d
ff87
0cd2
058f
139b
ddce
1681
e502
07d4
0ecc
2233
eeb3
e629
fe9e
feca
03ef
e2de
ead7
1202
16ca
00c2
0286
f8f9
f668
fc7d
0aab
fad7
f6d3
edbb
0dfd
fa2b
e6fa
1278
f475
33db
05d5
014a
15cd
f46d
ff3a
0b65
fe62
1bf8
e978
088c
fd8f
1659
0c9a
0692
d28f
0080
1b2c
48b6
f368
ef09
012e
f787
012b
0720
f513
f61f
f921
fa09
0df7
0c75
11d8
1a52
0f6c
e5b9
04b0
f407
1a54
ff64
fca4
22f6
eeca
076e
21ac
1248
0a01
f877
164b
f593
f1de
f7b4
039b
166f
f30d
036e
f376
079d
fa5d
106c
fb92
082d
0a44
e175
f858
070a
3adb
094a
fa84
0221
f8bd
ee6a
0cb0
1001
dd33
d121
1377
16cf
11fc
0580
e83b
06b1
fce2
f54f
061f
10a7
1066
05b2
e4d6
fbc0
f520
f47f
202d
03a4
056c
ee6f
1367
20e1
f059
076d
dc4c
10b7
fee0
14fa
080d
2c59
0c30
073f
11c6
ea1f
091b
032b
f41d
154e
0b4e
199e
0c8d
f173
fad6
fb86
1699
0a9c
fecb
feaa
0fb3
e31b
fb6c
0449
0c00
3a13
fc59
0315
1c71
09d0
0380
f5b9
f800
16ac
f194
f530
fe6f
1c80
1392
fb86
d5fd
00da
17a8
3741
fd7f
f385
0de2
04bd
e890
0a48
ec30
efa7
10fe
ffdd
0af9
18d8
145e
14a5
095b
e2ad
fb83
f931
1344
e832
fd95
0d1e
ef8c
044e
1a51
0719
1495
e216
1491
f0f7
ed1d
05cc
fce3
1225
e8eb
fdbc
051b
00ac
0d0f
0080
044e
02be
fed1
f651
f4ce
05bd
1cff
10ae
f9c1
0bcd
f288
e9db
1a06
1a67
ef41
f1b1
0e65
07d0
1f38
038b
fd5a
172a
fc31
f45e
169b
0b04
0f90
0130
e8f2
0689
f1da
f113
2332
13a2
0210
e987
ff3b
116b
f6d8
0910
e7e0
1a35
f8be
1f65
0d72
2714
fd3b
198e
0a74
0444
05a4
f0f5
e74f
facf
1905
15c4
0e44
e41b
fe1d
01fd
113e
0081
f8ab
fa43
0dc9
f484
fa9a
ed02
0d41
2ba5
fed0
11e0
274a
1448
217a
fc61
ff87
18ae
f658
feaf
0b79
1787
fa84
1245
f891
0d4d
f747
28a6
ed3d
e722
de86
00e0
e3d2
057f
f3d2
ec73
2d30
fcb7
1eae
134b
0494
14c1
fdda
f0e9
0310
04d5
1bd6
f95e
ef7f
140f
05f2
fccf
07ad
0295
16e0
ef92
faf4
0563
0167
10c0
f246
0e2f
05a0
097e
f14f
03e4
0c3a
098d
04bd
f5e5
013f
eb90
07e7
0ac3
0a81
fe2f
e60c
f9ff
f5ea
e7ae
11a9
01d6
ea3c
f55f
1231
00a2
eee1
1aab
05a0
1983
f8c5
f022
0a86
0e4b
02ec
02f7
f60e
1ff3
ff5b
ee65
13e1
1582
11c6
ea43
10ab
0c7d
f093
0ac4
d42d
0f29
f9ec
228f
0fb7
20f9
e8bc
0d47
12b9
1364
efb1
fb65
e943
08e0
1c83
124a
0cbc
eff0
f610
016c
0722
efc3
f3e3
f514
f63a
f4a2
edb2
ff7a
f618
12e9
0750
0e26
27dd
fd2f
210b
0de5
fdcb
1963
fdac
00a9
0459
fef9
0d6e
0b48
f338
1173
0218
4802
010b
df68
f0db
0248
00eb
171a
f977
e5db
10ee
fb64
1ea5
19c9
185b
016e
f464
f2ed
fd98
fee6
09e8
075e
fde2
0d62
f805
0c3b
1ed1
0344
1951
ed35
03a2
fdd6
efd7
ff6e
ef59
0de4
f6f6
fcc3
f312
f1c4
098f
1022
07c1
f51d
03be
fd1a
0d55
f9f7
f9b7
0d62
0255
f423
ecb1
edb5
e7f9
e780
fddb
ffe3
01dc
00f5
f62d
21ce
07de
0865
fb5e
efba
febe
0de4
0725
eaf2
f3f8
3177
007f
0241
1b57
0ebe
0b86
ec44
fe9e
0d0b
f342
1238
ed10
0ecd
e0de
1579
0d63
2574
f23c
00b2
0adb
1459
fd5a
fd7e
e126
036a
145d
05a0
0e86
f406
f8ef
03e3
00ec
136f
fd86
ef0b
0611
eeef
e785
024d
fab8
1edf
f471
1884
2b46
0649
211d
0e43
fb34
013e
f636
002d
0874
0707
07fb
17f9
ebb3
fad0
ff0c
310e
fe7e
dc95
ee8d
fce9
0d29
fe62
f7bb
040b
0ed6
f501
10b9
fd14
18ee
014b
0549
f17a
f73e
fb0d
0e53
eb70
f227
1665
ef99
1c5a
08a0
0a02
197f
f76b
0e2d
065a
f633
f363
ea49
f0d7
f552
ff57
f258
fda6
06f9
0845
fec4
fb76
0791
e154
0ba0
08ef
18a4
1497
07e1
06a7
f4e0
ed99
f877
e7a0
fd95
223e
e8ae
01b0
f823
308c
13ae
150d
e85d
e1ad
0afd
3784
1d2d
1270
f935
2a46
02f1
fac8
04ee
1349
037e
e6ec
06ff
f1c6
dea0
1f4d
d5fb
1770
efb3
03bf
fecd
34ee
0288
f031
0ab9
f73a
f0d8
f4b0
f9c2
ecd0
1808
0b07
07a6
f536
f40b
f884
f0ac
ef5c
f57a
ec56
fa7d
fbc2
ed60
2b76
e630
0b27
0415
15d9
2b42
09c0
0d0c
fff0
f6f2
182b
f024
0187
fadc
f66d
19a4
14ed
f09b
e43a
05ed
3f76
0f70
e879
f8be
0b5d
013f
08c4
f1fd
1491
0f47
de91
0726
143d
18b1
0216
ea40
e7cf
ff65
fc13
0b17
f679
fa99
19b2
fc4c
0d56
227e
fe1b
15a2
ec2d
fe4b
fb42
ec25
fda7
125b
f985
f1fa
f87f
ecbf
f6f2
f359
1491
114e
fd0a
fc86
f335
0cd0
03d4
0e58
13dd
1483
07f1
fa88
f7d4
f44f
02df
e53e
0c09
fbe4
053b
f876
15bc
fc9e
010b
ea42
f844
0207
24ea
117e
fead
ef1f
21f6
f6c3
055f
0d46
1554
0757
d0a8
f642
1ab3
e9ea
1f98
d798
1926
e68d
1cf6
f5b4
1e1c
f4c3
eec6
0288
0c26
050f
e609
ef48
e719
175a
0354
02a2
f3f1
fd5f
fa7e
f943
13a4
fbe7
fb09
0d23
fb00
f98e
17aa
e0c4
07d9
0afb
1778
1eef
f503
0731
0773
fc2a
04ca
ebe5
1040
f948
fb40
13c0
0407
f2dc
ece6
f590
324b
0a0a
ef8c
01e2
0aa5
ed46
09ea
f61c
15a1
114f
d3cc
0739
0d9e
00f9
f2fb
eddb
e84f
f74f
f9e9
1664
ed58
ffda
07f5
0855
05cd
25ee
04d3
1a2e
edcc
f952
e710
e7db
0601
fd6e
facf
f33a
09eb
f181
ef80
f58b
081f
00a9
0b02
f810
f6fc
0bf4
0a3a
0c2d
1848
01a9
ff0a
f4d8
fc48
ecf0
0f29
d9d2
0259
04a4
fc1e
f205
179c
f641
1296
ef13
f642
fc5a
188c
14ba
07b3
f537
1564
02a7
130e
fe9d
ff1f
0a26
cf6e
ffca
2404
f2e8
1c32
d9bf
16bc
d614
10b7
069f
0cb5
e57c
fcf7
f4b9
0ceb
0da0
f577
e85b
fb2c
04a3
139d
01a5
f6e1
026c
0365
f027
0c3b
f6a8
f601
0539
f168
e29f
0ba5
e1d0
14ee
13f0
fd3d
1cd4
ff42
0d3d
0f99
f8d6
07a0
f73b
06f2
f667
fac3
0fe8
fe61
cf6b
fc59
fafc
2b8e
0318
f597
0667
0388
f15c
f025
f324
20d8
0136
e4ff
0373
0fd9
1b64
efcb
ec1a
e66b
f5c7
f70f
2346
fee1
07f3
0d1d
073f
0998
2f74
0cd7
1e37
eac3
f35d
ef4b
ec74
04a0
f61d
019d
f933
f0a9
f330
d3e1
fb8e
120d
0271
0923
02ed
ee0d
1002
fd2c
08d8
0bce
15ea
09e7
0010
fb95
0090
1a58
ca10
fd9a
f62a
02a6
f740
0e65
e626
1209
f1eb
f7e5
0b4e
15de
15b9
0bcd
f725
0937
f488
0ded
fbac
f459
fb48
daea
f821
1f42
fe99
1018
d2fb
22cf
def7
2a45
0a49
145b
f86e
1115
f5d0
fb56
1900
efa0
e23d
fd3f
04b8
0b16
04f2
fc5f
fae7
0863
f461
12ef
00e1
0343
1211
ec53
ee72
2401
e6db
14a7
0839
0a0b
23d1
f442
0662
0049
fe56
18ba
fca8
0a13
f826
d701
0b3e
0981
eb4a
fd6e
0f47
2e99
ffa6
ffce
f682
0c10
04c1
0345
023a
129e
0548
efca
206b
1490
0d41
0aa8
f5e2
f494
05c3
00d2
13e9
15d1
e705
0a5a
08b3
fea7
2c41
0abb
2aba
fdaa
ed4d
fb8d
e322
1aeb
0870
f87c
f694
12e9
ed78
d7fe
f8ec
fe60
fb7d
004b
020a
0298
15e5
fed7
efe6
0172
18e3
05eb
f858
f471
04c1
018f
eb6f
fcea
141c
08c0
d707
1628
ebd7
01e6
fb8f
f4f3
0f94
075c
f449
00e6
ef4d
0877
0313
08a1
095e
fd7a
0f1d
ec73
f9eb
1a47
117a
0833
e0fb
0944
fa1b
2add
0276
1df2
fee8
052a
fdfd
fea3
007a
fbda
f28c
088e
fbd1
1e34
04ab
f09d
0cbc
ff92
eaa4
09ae
fd78
050d
1906
03b3
f4d0
21e8
fdda
2423
fbdd
0e85
2629
11cc
1090
0ee4
f67e
1b27
f61c
f3d0
f4cb
f550
0077
05bc
00a0
eba3
15bc
2cf0
ee80
0911
f1c7
ed6c
0041
0dca
05a7
1afd
07ab
fb2a
148e
1b3e
0a07
2363
03d5
0590
0730
042a
23b4
f741
f0a4
fc82
06df
e883
20e0
1b42
0895
08da
e86b
ff8a
fe59
0cda
fc76
06f8
088e
09f5
065d
d4e8
f85c
1068
f6b9
007d
e8b2
e3f0
1d02
0454
f85d
0312
113b
1057
fb91
ed23
fb02
fe56
05dd
18c5
11fc
ff6a
f213
2833
07b6
0244
f362
e72f
1580
170a
0537
081b
fac4
2480
068e
043b
1745
068e
fc4b
e929
f7b2
0977
ee3d
094e
f302
039e
f129
20e8
00a7
1eea
e9dd
173c
101f
f134
fd3d
ff68
f367
f366
0141
0e57
0771
f5a0
fb06
063b
e9b2
016f
f7f2
f923
137e
115c
e49f
1e2b
f225
1299
f79b
fff0
1aac
f86f
0cbe
1245
f6c0
21dc
eaa2
0353
e9f9
e37b
0e8d
14d7
064d
f587
1261
19ca
fa05
f951
e71c
07aa
0935
178b
03a2
13f0
0702
f07e
0ae9
2d5c
09aa
1bb3
f139
ffec
037f
0707
1c3f
f29d
00ca
feb0
1616
f450
1a77
16c5
04c3
f0b5
e987
fe5f
e6bf
2366
f54f
10b9
19a2
0574
fb2a
d741
f2b4
005e
03b0
00cb
f950
f5e7
021a
0bd7
03be
08e4
0895
f8ae
e64a
01ed
005e
f853
034f
1a1e
0c0c
fab2
d5a1
1eef
03a2
f9a9
f3fc
e63d
1527
1ed1
febe
f939
f8b0
2874
0a60
13a9
0c24
01ed
082a
e35b
f0be
0d59
f729
0663
ff0d
0bc6
f556
2850
141e
1334
de89
fce7
f3e9
077f
0f3c
f9f2
ee6a
f9fb
fee7
0883
fd5b
fadd
016b
04e6
ff09
10da
f1bf
022d
0075
ff25
dd59
266e
0312
06f7
ff70
fe37
1815
fc7b
ff33
1011
063d
1061
eb95
fab7
03ca
f469
0e67
f9a0
f524
f6ab
23b6
206e
f806
077e
eaa6
f603
1bf6
1c45
09fb
1041
f3ee
f33e
083b
26b7
0672
1ab8
dfcc
ecf9
0dec
0348
161f
e8ec
f722
069c
0292
0244
28e9
19a3
0b38
ea35
efac
f902
0283
1b32
f589
fc2b
1395
0c93
f7ad
d4d8
074c
103d
07a9
0052
f0c1
ff1f
088e
f595
041c
1a16
08ac
061a
edb0
fe89
01c8
f1f4
e505
ff5c
0b4e
fedb
ec1f
0fe6
0415
f9d6
f96e
f48e
1491
2576
19ef
fb9e
023c
20d1
0636
0e97
0780
0224
0d74
df56
043a
04b9
ff0a
180c
fe8f
136f
0d46
24fb
176d
1e2f
f027
ff8e
04bd
0947
0e0e
f667
f20d
01d2
0ab8
2022
f1bd
0590
090d
0ceb
fd42
22af
eff8
0e9a
0737
f2f2
dffe
21e4
f381
1254
f771
fb07
17e0
fd21
0110
11ca
0dc1
13b9
efdb
0443
fe26
f3cf
1761
1af1
e21b
f639
1ba0
227e
e969
0774
f1ae
0c7f
2b6e
0f4e
06ba
18c2
fe74
df90
040d
08b7
0d2f
fa01
dfa8
ef70
f98c
06f6
080a
f461
fb1a
08ad
f959
fa3e
ff3a
1089
fb40
e85e
f8a2
ed53
041f
1012
09fd
0656
09b4
f05f
eebb
e759
01b9
fdef
176f
1153
ee2c
f590
03b2
feea
16c4
154f
1c8b
fa50
f1f2
f8d0
ee89
f8fb
eb15
edd6
0da7
0376
ee99
12cd
ecf4
f2cf
fb7e
fe40
0427
23f3
0a51
fdf5
fb60
126b
0c31
0bb2
11d0
fce2
12f9
dc28
eed9
1ba3
fac0
126d
0739
2060
0d26
3dc6
13fc
1df8
f44a
fc4c
029e
01c7
0df3
fbec
dfce
f41b
06ac
2090
f5b3
f7b7
0f53
0cb2
0055
1c46
0b16
1709
1aed
ef75
ea20
114c
ec78
2740
ef45
0e9a
222b
0495
000b
f8c2
07d2
0822
f7c8
f974
0cba
de4f
0208
1f1c
ef37
fa62
1a65
1d6c
e4b8
0176
f3e3
0dd0
2d42
193a
0968
15b5
03ed
f66f
0f5b
2202
08ff
0104
03cf
011b
079a
1728
0acf
ef4b
f773
fb66
f6e2
f7d5
0070
0a89
0969
eeb0
f326
f62a
04ac
0e69
ffcb
f5e4
2112
0edf
05ee
d964
fb12
ff79
13b2
0547
d6f6
f043
ff12
11a9
0639
0f83
0494
1092
ef81
f8e4
fc7e
eb84
0a60
0d85
104c
eeaa
e395
1dd4
f33c
e30a
f4af
f565
1b75
151c
f5f4
fabf
0807
25ab
0fb3
1c79
09ff
09b2
1364
e0b4
f671
0e41
17c1
0895
ffe8
258c
fb3a
28c2
0aad
2269
fa3a
0945
0ffb
0b7b
fd48
0400
e3ec
f909
09e9
1b5c
0138
fb76
070c
02a5
ef50
2dfd
ff4e
131a
0b51
f00f
ea36
ffbe
e48b
2682
eceb
02a0
210f
04e2
fecd
0939
0603
0c13
f288
fd45
02df
e68f
0a49
2536
f9ac
e523
0e90
1647
f350
f9db
f2ea
1878
173d
047a
0d05
117c
20e8
d916
07f8
2331
1813
0996
fcc8
f0a1
0499
21c1
1653
f9e8
f234
15da
ee44
e7ca
0857
0176
17aa
f0a2
027e
f7ca
f92f
116b
0cbf
09e4
0130
09f8
01ae
e94e
f62d
f9d7
1051
0d31
e995
0721
fc29
0b6b
0ecc
0be4
f7d8
fb48
ff06
fe16
fd9a
070e
1041
f927
0f89
f017
fca3
12cd
e084
dddf
f378
f2fd
171e
16ff
0c29
f96e
fd67
210d
055d
1e95
00cd
08de
0728
e5d5
015d
0cac
0e7a
14ef
f306
1f8d
f76f
2c17
0ac9
2aab
f691
e98a
fd48
fd72
fca8
0f29
de56
eb4b
0753
0707
050d
edd3
0117
02ef
e7bc
0a17
f78b
14a8
041b
0a21
ef21
1697
e665
3518
ed24
08d4
1abe
0be6
1496
0d1f
0a9d
f401
fa3c
f8e2
0189
dc17
015b
23fb
fa1b
ebcb
26dd
04dc
edd2
fd71
f1c4
0f1d
1cf5
0e63
11e8
0caf
159a
e1f3
0000
1c5b
047c
105d
fc65
eaf0
0591
18de
1ecb
fd6a
f941
f86a
00d1
f3d2
0379
115d
1555
e879
ee3d
f916
0529
1f42
fb21
122c
0699
0f2e
01b2
f0d7
03b2
ff4c
03bf
0709
e218
21ef
1452
f809
18ac
059e
03be
0140
0879
f73e
026e
fd7a
1478
f000
1311
f4cb
ea93
1762
ed7b
ece5
f17a
f920
121c
135f
0cb8
0f77
ff57
322e
0895
117b
0621
11d3
01dc
f60a
0a44
fcb2
fa5e
08b9
f9db
1681
fa0a
1f4d
0bc0
2df8
08d5
074c
1b87
ef23
fc3a
0fef
d9f0
06f8
0979
072f
0187
f700
fb84
08b0
dd35
1785
fe91
1d5b
080a
0de0
e6e3
1447
e116
11ab
fc1c
0b9d
1256
f869
1242
0842
0489
185d
f562
f0e6
0c06
ed4d
22d8
1198
e928
f62a
2ce7
19b9
f154
f0c7
13f2
0e16
1cd9
1637
0042
1641
0dd7
c5fc
ff2f
244d
fe61
1851
ee81
ed16
f648
1363
16d1
037b
f3a4
0764
f75d
ec75
1d66
1d1e
fd23
eef4
f4f0
f3dc
f526
1633
0125
1336
009a
0873
f656
ec1a
0c95
f588
0946
0e57
f84f
13ed
0cb8
07dc
1ed5
07d8
2a0a
18d4
0a39
fbe1
0188
000a
f908
f013
2032
fb3c
f931
104c
eab1
d787
f3bf
0afc
0d1d
0186
1337
f7e4
fa23
1482
01b2
04b3
1736
0c8d
01d4
f7af
00f5
0ba7
f10f
087b
041d
1957
f2b2
2690
0baf
2450
0fb7
1682
0bdc
0049
f904
0f0c
e9bb
f3ff
f6bc
13b9
0894
ee6f
fcbf
f68b
ddd1
2116
fa34
274a
fff2
0679
ec9e
013b
f460
169a
faad
0e38
0bd2
ff13
096a
0f08
030a
0cbe
f62e
f88b
024a
ecd0
067b
1019
e167
0067
1b02
187d
e5ce
f8e3
f012
0537
04f3
0337
14ad
126e
0336
e291
fdb7
2312
08b9
1805
dff1
f172
f337
0ce1
113a
f596
eda0
f6ed
ecd1
e0d4
1d00
1327
fcc2
f733
01d7
051d
fcd8
1e02
0054
140b
1101
0bd9
f4d7
e587
0a4d
fc41
09b0
0b17
e8e8
0d6a
020d
fb7d
2810
042c
0a1a
0e78
03a6
fa6b
00f8
fc24
0dfc
ecba
0f31
00a0
f7f3
1a4a
eba1
dd12
0152
fbee
0374
034a
1171
f69b
fd8e
17a7
015c
f9a8
08e2
0334
1896
f3e4
0a3f
edf7
f419
0e67
0278
16bc
0eba
2051
ffa0
125a
03f2
0458
ff4c
0282
f267
fb40
f181
ef86
f85b
0d38
0784
ffdf
fba5
f317
d66c
ee41
ff7d
1821
fb66
17ee
e6e3
0f31
f189
0411
05bf
fbc3
08bb
0257
16f1
1d2c
f343
0eb5
ec98
efe4
fee9
f3f7
fa91
0868
d5c5
f048
31e5
10ab
e644
fa5e
0e4a
0bc3
0045
0e26
0dd0
0096
f9cd
fe9c
fac6
2468
244b
1bd9
f0c4
0305
f33e
0ad3
13c2
f147
f92d
f752
e3dd
e066
2136
11b7
f4d7
eaf3
fbe1
fd1b
fc9e
0bd5
13bb
1982
0b9c
e950
0032
ef98
08ee
0795
0ec6
0573
e4ef
fc98
fbfb
04f9
00f2
03e9
310e
0411
0974
f88f
0282
1b48
114f
db82
1214
00c8
053d
fc96
ecd2
e035
f473
f5ff
f8e8
fb89
0c95
065e
f371
0e08
f2b3
f6dd
18d9
037d
186e
ee50
df49
fbab
ff08
0bb6
ff80
34fe
f897
22fb
0218
1ac2
21fa
fdcb
f57d
12b9
fcd8
ffda
df40
e943
fa90
11dd
08ab
0040
fe33
fcd1
e04d
fdc9
02c3
1e09
03dc
0820
f212
e595
05db
040c
e03e
404f
1185
08b2
0d16
fe96
1eef
ffad
dc9f
0367
e459
f83b
dbf9
1546
f172
0369
0786
1b0d
f17d
ffd3
02f1
fbe1
ec47
0b06
e5bb
0cf1
0466
eeb5
21af
100d
03c6
0948
3a25
1104
03d9
12b5
230a
dfeb
07ee
0531
e898
027a
19cf
20d0
14a0
f9f2
073c
25d6
0259
fe96
d594
d79b
108c
1349
14d4
1582
ff0e
1a79
fe4a
fe1c
fba3
e359
2c8a
28e7
1049
3242
f28a
1f40
f03b
e659
fdc6
0f2d
12ea
0165
0096
053f
e41c
0d25
f5b7
f794
e977
e96f
1f1c
17d9
f599
1795
e73f
1254
fde3
01d5
0b57
0909
ff97
0856
f726
f7a1
e664
fff7
ef3c
17a4
ee0a
0ad3
f26d
1c6a
f438
ff05
2145
23da
c8b3
ff53
1b7d
29f2
36c2
0944
04ff
ffb8
fc97
0040
1330
f4b1
eec9
e4d1
fed6
004e
e34d
03b5
08b7
22c9
e836
3459
0a76
0548
0751
f807
24c9
0696
eb34
005f
d3a4
10fd
e284
15f3
f648
04f3
0514
29b1
ef1b
fec6
f57e
fcda
ef3e
1a0e
edac
2306
fd62
fabb
101a
02d8
0582
1074
538d
0b46
04ad
242c
2822
ed49
00a3
1785
f5d9
fcdc
0fe2
1cb1
1045
fc74
f74e
1929
ff32
082f
d5b2
e51a
23e8
204b
1aba
002e
fb1f
1625
0340
f55d
0955
d6de
34fa
209b
1a6c
2c57
e97b
27b1
f62d
e930
f82e
08a0
f7ed
fa27
10c7
f525
fbbc
0c88
fd38
0b02
e7e8
ee1c
1e04
15fc
f87e
2901
edaa
0f90
fabf
0742
13ea
052e
ec4e
fcbd
174b
1543
df03
f73f
eecc
10e6
121a
fb51
eb10
2db6
fc4e
02d3
3386
01f5
b80e
075e
2265
219e
41a7
f5a5
01b8
039b
f491
fbad
206f
ff49
efaf
e1c0
f62d
fbfc
ec55
0d82
0c96
1910
ee94
2f32
1333
0ba2
0a3e
fa2f
1dd2
0e41
eb0d
00cc
e15b
0b23
e1f5
0ba4
01d6
fd31
f35e
28c7
f856
fd9a
04c5
fbc8
e6ce
2152
f452
130b
0eca
e5d0
196e
0a42
01d8
07d8
3e39
0708
ff72
20d0
2a29
eddd
03b4
20b8
fb2f
f5fa
0838
1960
2039
f647
e886
2202
0178
1575
dbad
e728
02f2
19bc
1cf8
0086
00b4
0223
fda5
f9ca
01cc
db06
25b8
2453
1bec
2403
fa56
30dc
030f
edd1
f059
0274
f48b
e8d5
17c9
faef
f473
0b42
fd56
071c
f358
f86b
168d
03ee
f5f5
2863
e668
fa53
01b9
f8b0
1c5f
0a05
fd66
fb9c
055b
0f09
de09
fe36
f8f6
1c96
03e6
128a
f6bf
2be4
e546
0464
25bb
0762
b0a3
0466
1b32
10c0
37e3
fe39
05c7
f75b
fde8
fc2b
1824
f7b3
f113
ecc7
03e2
1b09
f5cb
0649
fddd
195a
efa9
35c7
0c96
07e5
0efc
fad2
1c7d
0eb7
f0c3
09f1
ed56
0bea
d82c
fd54
047a
0b71
016d
339f
f9b1
03dd
f451
0616
ea40
19c6
fe47
183a
1099
dbca
1966
082b
ffb0
ff15
3992
04d1
0f3a
2d70
2b84
ec79
063e
0e08
fefa
f0a8
f243
18a7
0d5e
03ff
02ef
1e22
04b6
0a6a
cf30
e616
0992
1844
14ac
f86e
fec4
1923
fae2
fb37
fabb
c839
2c8c
1324
0d6c
1718
e8db
2168
05cf
e835
e31d
0393
f150
0358
1c69
ec68
ecd4
0de6
f021
0cd5
edbe
f119
1b33
0180
f96f
329e
ea69
0ef1
089a
f140
1000
0114
0323
f81e
1399
1088
eb23
fb34
eda2
08db
01b0
0b8b
fe66
2519
dc35
107d
2dfa
29e4
c5a9
01f4
171b
11d4
3641
fc5a
fefb
f7e3
0034
018c
05eb
0c9d
f200
eb11
fdb2
09ac
e929
01dd
f913
145a
e195
50dc
1245
01e9
19e5
001e
1e8c
df9f
f8d9
05aa
f15f
0a48
eabc
ff45
f606
0a77
fd36
3c71
f3bb
fa87
ed55
fa7d
f89b
0519
fc6d
0868
feef
ff75
163b
0dc9
0e2f
fcf3
4021
0354
04a6
1ab0
2147
dc3e
077a
1917
f6fd
16a3
f89c
2395
02dc
06ec
0bfe
1a67
fbef
046e
c6fa
e588
1050
fdc5
2227
f1f8
fa1c
1d2c
f9d7
fe97
fd6c
c92b
4071
0dba
0dff
367f
e4f7
28db
f984
f061
dea9
e962
ede2
0e3c
e805
e0db
f41c
1768
0e81
1b2d
e5b6
edb5
1abf
343e
faac
3639
f4cf
2ed6
09fd
01f8
ecbc
08ed
eeaf
fcbb
ef37
04ad
d145
f7fd
fc73
18da
0d8c
fbe7
e408
2681
ecd8
1da4
235f
0d9a
c88a
1955
286e
1775
2faf
004e
fd6d
0056
f32b
07c7
067d
f91d
fda9
cf21
f333
0139
e35b
ffe5
f87f
05aa
d6d2
4f24
1b14
0b15
1537
0e66
1e90
e954
f7a2
0ac6
f505
068d
e93a
f817
01b6
f62b
f7c8
2a8b
0552
eeb1
ea9f
f994
fe78
f368
f8f9
1fd4
faa3
e9fc
0928
f954
13c9
f87f
3c1d
0d66
0f34
2557
2b3d
e0e1
0164
1e3a
f653
170c
00e4
12d3
0fcd
03c6
0963
2370
0ed3
0c10
cdb8
d721
0716
05b3
16e8
f3bc
01bc
18bc
f5c6
fa7a
0929
cbc6
3895
2008
0970
2a58
fbd2
31ac
0271
e39a
f000
e95d
e2c8
177c
fae1
e6dc
eed0
11e9
f744
0be1
df81
ebf2
246d
324f
098f
3361
f71b
17c6
0c34
f360
e813
0ee7
f126
0026
ff7f
0fa8
dff3
fc24
df16
14f9
effd
0929
e988
3023
f558
07f4
1f6c
2c47
c555
04fd
2816
0bdc
3a5a
f0ff
ff71
fccc
f4f6
03ae
fa99
f1d2
ee06
e9b0
f632
045c
e29a
0774
f60b
11ff
f405
4bc7
1bff
0832
10eb
0f4f
1d9a
f217
f0b3
ff58
f4ae
f757
fc56
fb5f
0199
e7e3
f74d
3100
034c
f377
0251
f39c
fc84
1516
f032
1f37
0288
d7dd
1b87
f6f6
045d
f98e
3cd7
0c3f
080e
1f9b
2310
dff7
0f12
1a8b
f9a1
044d
0a44
0851
0a2d
0d8a
f902
276f
fb64
12f0
eb61
e291
fc76
0d96
1581
005f
f450
18dd
0fab
f8d7
fb5c
ce5e
358b
0f9e
0e6e
2b22
07b5
35d8
0bfe
f81e
df12
e48d
f3af
0457
f8ab
e9c9
eda1
08c1
f321
0041
e96a
f145
1860
35e3
fb32
3704
f048
1dda
11b6
04c5
ed81
0bc5
eaf3
eb77
f5d3
103b
df6b
0722
e5b3
1699
fee1
18bb
ea18
18e9
e93c
1b5c
317f
2350
cd6c
0067
1fd6
ff15
26f1
e338
f949
ff85
026a
0516
0091
feff
f29b
e68d
0be5
1111
dca0
0f6b
f66c
f07f
facb
3b5d
0c4e
062b
0cc9
09ae
16c1
02ba
eb02
12fe
ec8c
ee19
002e
ea52
031c
f3e5
e9a3
22ed
07e2
0118
0364
f5ac
f249
0760
ec5a
1e33
0ba2
d38f
25b8
0f84
f532
e797
29a3
03f5
f68b
09c4
22c3
f482
1012
1a50
f473
fe34
22d6
1207
255a
f963
08d4
0d18
f6bd
0ad7
e5b3
f790
f898
0336
0b7e
fe1a
ff1d
159d
0533
016a
fe64
d2ad
2fc4
10ab
033c
1d8e
fafd
1ec8
0952
0285
d4d3
fd17
f1f5
f712
06f6
eac5
f9c9
07be
eb65
f8b3
f17e
f850
0638
11e5
08d9
33b7
ed8e
0f7f
1068
0425
f7dd
fac7
fb40
e6ff
f628
1ab3
f5ec
08ed
e582
1945
fc5a
108c
f65e
0e37
e316
08a7
24fb
2315
d700
f599
0f4f
07d0
192b
f003
f1b5
0c33
0e74
0e5d
f9ab
0205
fe11
e764
13aa
044d
e169
0f0b
ea77
f54b
f5b7
3279
12a5
0a0c
0b8e
0921
1cb8
ff0a
f0e9
01e7
f35c
f959
e055
0197
ea99
f5e8
ee9a
20eb
fce8
05b5
0451
e9b7
f3e5
e3ce
ea31
3251
f0d1
e18d
0c73
0b55
09ad
0189
3929
0a3a
07f8
20f3
2a79
e646
0c23
1453
0e06
04c0
1b1c
1b09
2b95
0775
fc7f
171a
f65b
0b9b
c746
ede6
0637
0392
1ca7
de41
0404
1a74
10d0
fff6
f6f9
d3de
2eb4
0ae0
0702
2693
f4a1
2916
0216
f75c
f140
05f9
dbd1
0e5d
ef7c
ef7a
07a9
ffa9
ef1d
108e
f518
f648
1a46
18cb
1382
44e7
f532
121d
05f1
11f0
f750
fd60
e873
edc8
ff7f
0b63
ee86
fa33
e2e1
240b
ed16
02c3
f95b
23f2
de43
0dba
2936
17f3
df71
072b
0af5
08dd
2ac6
f937
fa50
0679
fb65
0e35
fb16
fbeb
0128
ec38
08d0
043c
e7f7
171b
e90c
f930
f8b8
34fb
159f
ffb6
0984
0295
1540
f539
ecba
05f7
f1c3
f191
e90b
10ea
0396
edb2
0384
2544
fb38
0f0e
e8b8
edf3
ee84
f735
f0f4
24b7
05af
ead9
1252
0f52
0783
ffd5
38cf
22bc
0ed5
1d53
2524
e033
0b5a
00e2
10ce
1420
0a44
0c3d
2179
1109
f08e
0c75
f922
0dce
d103
e848
1180
0b21
16c8
dab2
fd42
0fa1
10db
0220
01bf
d9cb
3879
05c3
042f
2680
f1d3
28c6
03e2
fa44
e268
0543
e7e9
0be8
06d5
ed9f
f835
0366
f481
f7b3
0032
f65e
15b6
1f68
0354
3713
e6a9
24ce
1758
08d3
fb87
f75a
edd8
ecd9
f309
0c29
f160
0451
ecd2
1de7
fe59
0def
f983
18c9
e857
0a45
2a98
3916
c92e
0f3f
111b
1203
26f2
0e37
e862
0d7e
0aa9
10c9
f97f
11d9
f649
e186
139e
03ad
e687
12f8
f409
f849
ed4d
2088
15cf
10b3
09f3
0635
1379
fecd
eb10
f9e3
f655
e590
cf8e
fcca
0b8a
ebfb
299d
0ffe
f3bf
0c1e
f99a
f185
eb68
fc51
0456
2a02
f92f
e125
06ca
2831
017b
1232
2778
2033
1d72
2f81
2559
ef9f
0e5e
12b4
1842
f858
0a85
2202
1812
1118
f019
2525
0151
06e7
d8b3
e753
0f35
1bc5
1235
de27
0305
043b
00ab
024b
e440
cd79
3508
0345
05bb
18e2
fbfe
290d
087c
f47a
ecbc
069d
08f9
1602
0210
f7b1
fee8
08a7
ed84
f818
f468
f06c
13ce
2058
0ae1
31f3
ecb7
1d19
1129
fe2f
160c
ff38
e4f2
efa4
ed8a
0f48
ef9f
0480
f5d6
10ee
0021
1735
f949
1695
d7d1
f841
2641
3f15
c56f
0d8e
105b
0885
267e
0ddc
f87f
0b86
0a5a
0c31
f445
1329
ef46
e7b4
138a
04d5
f030
0ac0
efba
0c04
ed03
1aac
0eeb
0ae1
0812
1e7c
19d3
002b
e87f
0579
e6fc
e5a6
eb60
fd62
f651
e0ec
1e9a
0e5d
f846
05fa
040f
f228
fad6
fc34
04bd
2810
e635
dbd0
0647
20df
fabb
04ba
2f45
151e
0cbf
1a11
2341
e8c9
193b
17e9
141b
0951
f9c6
284a
0af8
0a47
fc73
0b9b
02c2
129d
e349
fd64
0fa9
faff
0f65
e10d
f667
06f0
01e6
0011
f549
c551
2b3e
074a
12d5
19a7
fec7
2413
f4f0
ff11
e6d4
0448
0299
107e
fc95
f129
e302
09c7
ec20
048a
f4d4
f6d3
1c0d
3569
0621
2c67
f5cf
0d31
105b
0ae7
0554
0351
d48b
f2b2
ea3f
1269
f20c
fd6f
fab1
0f42
05d0
1ab4
049c
1db4
e3dc
0553
23f9
3732
d250
12c0
19fa
0e64
1655
05ef
f050
0939
1141
0fed
031e
13e0
fcb8
e2ed
0eee
f256
de07
0cf4
1644
fa00
f174
3020
13f2
009b
01f7
0f99
227f
e420
e3b3
06e8
f71a
e9ac
e0ed
0a9c
135f
e960
10dd
12cc
f4eb
041f
e275
f2cc
04b2
0bed
0769
1882
e6b0
eaa4
0f2d
1c56
ee96
0c0f
2580
0899
1858
1a50
2b4f
d631
0b24
0ec2
0e17
0a93
03e6
15fe
2575
0944
f71f
22b1
05f3
1e66
d76d
e0b0
0ffd
1340
0c00
dfee
fdaf
1368
fe80
05b0
ea05
da86
3407
192d
f894
2834
e6c4
3537
00e9
fc4c
016d
ebe6
05bb
1680
df6e
f9c6
e7b3
0dd5
f1b3
02b7
f650
f964
204b
1d82
0e09
2988
fbb7
1be4
1a9b
18db
f83e
fc5f
f68c
efaa
f0a8
f17a
f91f
092b
fc76
0b9a
1d57
1f36
0297
2580
df32
07c7
25bb
2100
cfbf
191d
2d73
1402
2a2a
0ea4
ee43
0f99
0e19
0a38
f900
0dd8
eab4
fdab
1218
0b68
d85b
1391
0355
0f2a
ef88
23ee
0f2a
0cff
0aad
0d67
2361
e866
e1e2
1393
f32b
e48e
e978
0d4c
ed9c
e370
ede4
1830
e6c6
0fe1
008f
f5ef
0cdd
ed3d
0af8
13e5
faa7
f366
00dc
1145
f845
ff4b
234f
194d
0a7e
2c72
1e42
d9dc
0b7d
0167
0c4d
ffb9
e498
0f24
1258
0128
f9fd
1247
0dd5
192a
d979
e0e8
1c68
ff77
0c59
d5d5
fb45
0ee4
16f9
0f15
e9ac
d3e6
3219
1969
0a42
3395
ede3
27a4
fe87
f3a3
ef36
ea80
f945
0edf
f1ee
f5ad
e5cd
0b9e
e9c2
fd8c
fdc7
fc55
1902
1cc2
01cb
3558
f9f7
1e83
1133
1755
0449
f8ac
ebb6
e8a2
e0dc
f9cd
f009
0e84
02ab
1c4c
2378
1d6a
01cd
1ebc
e4d5
0c0f
3144
187d
cafa
1a3c
0a31
0db2
2930
0dd6
e55a
06c3
0889
0da2
0660
101c
0677
fb19
1bb7
0ddf
cee3
f196
edb6
0da6
f6df
3a0d
1039
0894
0d08
fbf9
2393
e1bd
e892
0959
f834
e6cc
e29f
160c
ff25
ece1
e89f
1be0
e4c5
0b80
e1de
fa3f
1330
e9a9
072d
197a
0488
f164
0ca9
0252
e9a8
f804
410a
2269
0977
2b33
1a33
d971
0b1f
0b6f
09fb
faf8
fd01
127c
17e1
02b8
f6f2
1a28
09ca
0c50
d680
e9d5
1c99
10f9
1d63
ed15
fcc7
0a4b
1ce2
0912
ece2
d0ca
319b
18c6
f965
3716
cc5f
3768
02a7
fc28
e671
eb3b
0cdb
218f
e723
e215
d998
12bb
fac8
009d
fa36
fcaf
1ed6
286c
f990
3a50
fa09
31cc
17c8
167e
feef
f938
e079
f082
e209
f78f
fdbd
020a
f9d3
22e8
1353
037f
fa93
2374
e683
0f46
36ab
0e9e
cac9
20cf
1bbd
1210
2da9
ff99
f355
146d
fe42
07e3
facf
211f
f4de
f0d8
07ab
02fb
dd1c
02bd
f3c1
07b1
e9d1
3f94
0f25
1734
041d
0c46
219f
da03
e7c2
0b1a
f48a
f78e
e7f1
13e0
fa54
f09e
f7bd
1371
f2d9
079c
f4ee
f954
08b7
f338
0af8
136f
15e0
f4d2
0a74
0e36
fa7d
fc13
43f6
1d2c
0e2b
29a8
1b67
d7c5
0518
0b8a
0361
f274
06bb
0d42
1e35
0a6a
02dc
175e
1413
0f61
cb01
fb6a
1d35
101e
1f1a
f44f
f8fc
035d
1a9e
08f2
ea36
f1dd
309c
0f51
f400
3577
ce3d
234d
030a
03bc
ecf1
ff89
1565
0ee6
f7d4
e2dd
f578
0230
e7a0
0740
f926
f497
16bb
1999
feb1
2e1e
f433
2d01
1d9f
22c3
fd81
031b
017a
f65e
f259
ee61
0142
0c75
fb51
3244
033f
1287
eff0
1794
e5c0
0287
28bf
340d
d3e7
19b4
16bf
0ad4
3384
fcdc
f403
0819
03e7
0d5c
00ee
1421
fb20
f788
0193
1227
d975
fd87
f073
0b39
f75a
3b81
000b
099e
0644
067d
23d5
d8ff
ddf0
0752
f738
e17b
e5b6
18b9
0353
f8ac
17cf
0c73
f245
0756
fcb2
0536
1198
01a9
0bb5
1de4
0593
d5f8
1255
23d2
f082
059a
32ab
1d88
0fb3
2efd
1cb0
e88a
109a
1c6e
0872
fc9e
0338
1bf0
2433
0388
ee0c
26d9
092d
1218
e339
e80f
0b71
2445
0d5b
e9fc
0516
02df
0991
09d5
e8e6
f6db
2eec
110a
fb4a
2650
ded3
282c
0aa7
fd7d
eb76
fc5e
0f35
110d
d7b0
ed62
db83
fbb5
e9f7
f76d
f49c
0250
1b85
298c
fdd2
2f53
f69c
27e3
1936
17bc
0abd
ffdb
0407
049b
ec79
f039
fa34
fe7b
062a
1a4d
1913
0849
f0a6
1f0b
eab5
0486
4aad
f71e
d1e7
258a
0ee0
2255
2715
f9c5
ee47
1087
0f00
1430
f25f
1f23
f611
1f15
0b61
0fe7
de25
00af
e7ac
0d99
f6b3
393a
0325
033e
0c41
045d
197b
f139
eb10
fd6c
ee2f
e062
e82c
15eb
f43c
f9b6
26f6
2f4b
f164
006c
2075
053c
0080
072e
ef1a
2129
1b4a
d9ae
1356
20a1
f0ab
06e5
21ec
104a
0758
33c0
1495
e829
16d2
09db
07de
f825
f95c
2836
003f
069a
eb68
2853
fc51
09c2
f5a9
0384
071f
1705
1078
e9c8
09fe
f234
0a98
0cb4
f1e5
f260
3543
15c1
0e16
1e82
01a8
309d
0dfd
fc04
f897
f33a
04a5
05c3
f06c
f4d0
f06c
f6e4
e8ca
e606
f5ac
135c
1869
2654
f8aa
2731
f767
09c2
0d57
0a02
194a
fc2f
f456
0626
d7de
f5dc
f5fe
0270
0bb8
1150
0275
03bc
f100
1253
ed0c
17db
2d0b
f8b3
c5d1
150d
1553
11d9
12a5
fa10
f263
0e2d
0d4b
09fa
f6ad
0cbc
f64c
0f38
08ec
1b1b
ea98
fc5e
f4eb
09f6
eaf4
3f75
0396
0c97
168c
0ab0
1818
dec5
ea88
07c0
f501
df53
d6f7
18ad
f70c
eac5
13f2
28af
f034
fdd2
01e1
0266
0170
f0ec
01f4
22e7
14cb
dffe
0da3
20ed
f37e
0e27
1f00
18dd
ffb6
2db8
24cf
e19f
0c05
0d14
fc96
f022
01a3
2015
106b
0ca5
f239
340c
0f1a
1106
e3bc
0121
0cb3
1413
1505
ee96
0203
00d1
0f20
0503
ea65
f3fe
3427
18be
09c0
2b8e
fa73
2bb2
fec6
fa5d
f61c
f5fd
0690
194f
e1ab
e8f5
f02b
0959
e252
f0eb
f97e
ff9b
25f1
18a3
f27a
27af
fbd8
0d75
1a67
0c33
0765
fc8c
05f9
0858
eedb
ede1
e598
fcce
0f94
02b0
1a3e
0d7f
e89c
1f87
e196
0955
1788
02d1
c710
16e9
1a4c
1298
216e
edff
f575
0c70
061e
021d
f8e4
1250
fa9e
042e
f454
079d
eae6
01f1
fa61
0a88
ed68
3ffd
0681
15fa
122b
0fe7
16fe
da1c
f95c
0018
f3dc
e64e
ce5c
2c38
f1b6
e9f1
1383
0a12
f8cc
1165
f19a
eeff
fca1
f47f
fe95
2ce4
003f
0a95
014a
14b6
f6cd
0d46
32cb
28b3
09f6
2d3c
1f8f
cf5c
1251
032e
ff5a
e34f
f97d
20a1
157f
071a
e8df
2c77
1782
1242
d36c
f564
1236
1195
1f96
d5cc
fffc
05f1
0da4
f9a8
e3a1
c968
36cb
1603
f223
21be
f572
2482
015e
fdca
f40d
050a
0f1b
1c30
f14d
eecc
f8cb
fde0
e583
092f
f013
f804
16e9
2cbb
f3ec
4089
f2a3
157d
0435
08ac
0a78
f9fa
ffc1
0155
e842
e257
e081
fe64
08e0
09d4
0268
f607
e6d1
2054
f13f
0ea2
3061
15a4
a885
23b1
11fc
06f9
1fef
f28b
f8bd
1916
fcfa
ff4d
effd
fdc4
f565
071c
f90e
11bc
ef10
f4d4
07bb
13c8
f5ea
3350
2364
0d3e
266b
f91c
0c48
1f82
f396
0130
ea94
fcde
f33e
1485
e824
ff2b
079e
2a69
ef4c
fd85
1d33
054b
e708
14a6
e9f6
fe05
edc1
f9bd
1059
25a5
fd3d
f797
3265
f6d5
05eb
f61e
156a
f714
07fc
013e
d921
0c80
1613
23de
1504
f3a3
0fd8
15a1
ef88
fce8
f4d3
1000
f264
fbd5
0e7c
1756
05c7
0a4e
fcc2
eb51
03db
ebff
01bf
1962
2aeb
16df
f5dd
1434
fa0d
e856
0096
143f
fd45
eb2d
2a0a
0ad0
f85f
0aba
ff0f
f3c5
ef81
f7e8
11dd
1c2c
0800
08d5
ea59
13ac
f5ea
edb9
2222
1815
07ce
ffc4
eea6
02f0
f1cb
f9f8
ed0e
2fd4
e96d
2549
157a
1df8
eac6
e71a
1152
1ef7
ea4d
d6c5
01b9
16d1
32a1
03da
033e
fa82
eac7
fc0b
025a
ef63
e737
fa7d
0b93
ff1e
da44
00ed
1801
2b3c
f819
2eb3
2938
186e
1e27
e3ae
0ec1
1308
f695
0a25
ef9e
f518
e550
0afb
ece9
0605
fe0d
3363
f8cc
f687
0411
01fc
e4d6
0d9e
f550
0db5
f92b
153e
128f
0fd4
f908
1304
38ef
faa5
0a25
0d67
126e
f1ec
f9c2
054f
edf6
f99e
02fc
1fee
0c63
0030
f065
1b2e
fda5
1072
ecb8
01a3
148d
199a
0d01
1012
f149
16b8
025f
ec14
0388
d6c2
100c
2103
2263
1d1b
f20a
1876
0a0d
e5ec
0926
e292
fddf
0041
1691
0745
fb8e
111e
0d0c
1424
f19a
f931
0db1
0be7
ecc5
1977
ec22
271a
0559
fba9
2021
1689
fb99
fbe9
0e05
0987
ecd8
fdcc
ef44
184e
f60b
1379
f4b6
243b
f1dc
1e58
132a
f30b
ebf4
f4dc
0e92
11d3
3aff
f7bd
0bb3
0395
ea43
f6b5
0afa
f444
f199
e52d
f569
f632
ecb1
fe2a
142a
192a
f464
13cd
2c3a
0f97
16d7
eeac
0c4c
28b3
ffa7
0d27
e3a8
1062
e87a
0540
e64b
fc16
0979
46f7
f774
ec99
17ce
f903
eae6
30d0
e3a0
f607
fe8a
e6fb
0db8
285f
0788
03c8
2417
ebe1
f986
0367
0d17
0956
fe60
0ea6
e172
fd34
10e1
1848
0496
f266
fba2
16d8
f816
09a6
0023
12cd
e72c
ff27
061a
06b6
fb65
fd77
0bb3
f853
00fd
dc6b
fb8d
090b
227a
0779
13da
1472
15b7
e080
00a5
fe9d
f404
da0e
345c
0a53
0a34
0c95
fa38
0740
f5ee
fbde
0306
f591
fdcd
02d3
eb77
11d2
00ca
e44b
28ab
1998
0042
f030
f7e0
1c55
fb7d
0e35
ddb6
3397
f4e9
265d
1323
197b
fb67
fc25
1633
1b5b
f4eb
e443
f0a7
040d
26e9
0854
0a8b
edb9
fb2e
fe75
1bbe
f30f
0500
0cda
1bc9
0601
e35c
e887
0a7f
159b
ee33
2314
286b
098f
1378
e0de
097b
0cca
0fa1
0854
00cc
05be
d250
0965
fdf3
0818
154d
3c63
fc1c
f3f0
0a76
ff6d
e27e
1d28
fa42
0a6b
0808
0295
0f5c
245e
fd83
0440
23b1
fdcc
052b
0ed7
1034
0142
007b
0364
f669
fb8b
f68b
1e9e
f73b
f9f8
f8cf
2190
fa9c
131f
fedf
017c
f752
1522
0009
fb6b
0157
0fb2
067c
f4a8
0126
ce55
00dc
0731
1a7c
feab
f0a2
1163
10d6
dbec
f720
fc36
01ee
fa2d
2a8e
fbdb
e906
147a
1516
0ba8
f4da
fad1
13a1
ffb8
fe16
1539
e83e
1e89
02ea
f54b
22e8
1279
fff7
ea24
0991
1701
0efe
0dd6
dbef
2499
fe68
141f
0ea0
282b
e13c
1423
1bb3
1f00
ea55
ee7c
f62e
0e7f
30b5
01ab
0271
ec1c
ef1d
fcd3
046a
0117
fd57
f289
0d1b
09df
eaef
dd84
0ee5
1b6f
ed09
1e90
2561
047b
2319
ff50
0616
27a2
0b56
0513
fb6d
f932
ec9c
060a
edc8
0720
e907
47e8
0696
e261
089a
fe49
f667
17d7
fd84
f36d
f257
e98c
13d0
1b98
0749
f8b2
174a
fe4f
fc1f
fec6
0d2f
05dc
023c
0fb8
e9a5
0bc5
16f9
1b34
046c
0590
046c
18dc
f09f
0613
effb
07b9
edb1
094a
04b5
f244
fae8
053a
0d90
ed57
0267
dc9a
0ec3
19cb
0e15
1606
f86a
10d2
f5f9
efb9
f612
ecdf
ff4b
ee5f
1c1a
f69b
ed77
1de5
00af
04bf
f820
f646
12ff
1345
00e2
117d
f0a1
2e49
071a
f250
14a2
18bc
02a9
f1b4
f8ce
1af8
eaaf
003d
f64f
25a3
f8f4
1b88
1434
25c4
e694
0825
0193
1ba0
08a9
eee5
ff90
059e
2b3f
f3a8
0fa8
e6f0
e744
0493
fada
f9e8
f9d4
e912
0bb8
feb3
e07d
ef6d
fb12
1b31
f2c2
1c67
1eb8
0e4b
2b6c
125a
115a
01e8
000b
18b5
0290
0eb9
0bed
ff29
e167
f111
0885
4317
0094
e46b
fe80
02be
fd22
ffef
e5c3
042b
ee4b
e712
0114
0f9d
0c0a
f366
1abd
f8ca
fe34
0797
15ca
0810
05b7
1664
e814
26bd
0722
14e6
f9ab
086c
0cc7
132b
ff58
fd01
fc50
f86b
f297
f0d0
fdfd
f2b3
1459
1600
1383
f458
1050
cc26
1214
20f8
1416
1623
0402
13e0
07c9
e8ed
e5a5
f3c9
efd6
0cec
0ff3
081c
08dd
1b96
0fd6
1084
f08e
eed9
0ff4
37a0
1eac
1e0b
f7e4
30f6
0b9e
e0e8
f29a
126c
e66f
f1b0
fb48
252c
e3b4
112e
e36f
2af8
f8aa
1429
0376
3485
0771
ee70
f8af
1a9e
ffed
ef55
f13e
0512
27e0
fb8a
058d
0011
ed50
06a8
f804
f8b4
fb22
f5fd
f865
0040
d935
f1cc
f2fe
080c
f36e
258e
2701
09fd
0edc
046a
1341
0850
fbfa
023d
e633
0894
0bad
0135
f3ff
d1a5
0d3f
4de2
07dc
f08e
07fb
0958
fd92
13e0
ec19
0710
07ae
e5a2
f7a5
1758
0a01
f0f7
1bbc
f4fb
0060
05a2
12a3
172b
0cb8
20ce
edb5
10f0
0fe0
0bec
f867
fcbf
fd8e
03d8
f769
0a36
0a7f
0aa1
f4e7
fb30
003b
f05f
00bb
06e6
192c
006f
0836
e02e
0a8c
0c56
1f45
132a
1882
1a00
0c83
f5bc
dbae
0469
e456
fe0f
28b0
03c7
0678
1825
f64c
f8f3
ec41
f8a9
0577
24bb
164f
13dd
f29f
2bff
ff39
e957
043a
17bb
f0df
e5c3
e95a
39c3
f017
1e02
e234
3232
04cd
2851
00db
11f8
097f
eddb
f976
301a
0ce7
e863
f270
f5ad
1cee
03e1
0623
fb88
fb60
0ee4
01de
0dde
fc73
fe99
12bc
0053
df48
f32b
f0ee
04eb
fba8
2c51
1755
1031
1379
f96c
0929
f4ed
fa57
1450
ee33
0587
026f
ffd9
f412
ec5d
ffaf
4386
0914
ff53
0926
07d3
ea95
f617
dcca
0046
0397
d6bd
f022
409a
f4a1
dbba
3403
e58d
fd15
034c
17fe
072c
100f
247e
ef38
0d13
1ec4
1f55
055a
f846
0650
0f35
00ff
0b40
f959
03e1
ed6b
081a
fd9b
e5cb
fab5
128c
08e3
ff38
ff9c
dd72
166f
07d8
1012
1951
00fa
1462
0f8f
fbba
e274
0dae
f172
f6fd
0b58
f3cb
0e34
0c46
f5b8
03f5
f795
06f8
fdc7
34f2
22c1
223b
f40c
107a
ffab
0562
14e3
0db6
f69c
e80b
ebf6
370d
df21
195a
d46d
4510
fe42
33b9
02eb
26d8
ef22
0ad4
fc97
219d
1722
ee9d
f0e4
057a
11fd
0438
00d3
0b5e
f892
0ef4
f55d
10bb
fd7e
e436
05de
043c
da94
094a
f1c9
1588
ff3a
1af6
1ae2
0feb
1264
f022
079e
ee3e
f43e
0e93
febc
02d4
ef00
0bfb
e639
f6f2
f6ab
2fce
f4c3
fcc5
01c3
f13a
f9be
de33
dd74
056f
0604
d843
138d
1ed7
0108
0bf9
12a5
f118
056f
1ca9
239d
ffa6
11e4
20b6
f7e4
0014
1cb2
1f0c
1aba
036d
f873
1844
fa19
093b
ecd3
fed6
ec2a
168d
02ba
e2ee
0d87
232d
02e3
f88f
f65c
dee0
16e6
030b
103b
1168
00e4
1621
0f00
f7f6
e9ff
f299
f572
018e
f618
fb97
0eb9
09a9
fc44
0864
f2c2
03af
144d
2a58
2b43
23aa
f7d3
0d4d
fcbe
0b26
f9b4
0148
f041
e5f1
f048
2de2
ed6b
088c
d923
3b6a
184b
1f5c
0c5a
2123
e6d5
0f3e
12a9
fe11
0283
f92b
fa59
0d19
1bfa
0183
fd6a
08e0
fa4d
0f33
f2af
0f42
fd31
fd2a
0948
1d43
e16c
1a71
f59a
1814
032d
1a68
18e1
077b
0d46
f041
0b4f
01e0
fc63
0ce4
fe2a
f5ae
fc0e
0c13
f2f5
ea1e
089b
3842
eb24
030e
ed65
f5bb
f025
f428
f20c
01e9
06ae
f100
1055
2e21
0275
0a8c
24ee
0dfb
089a
1a36
205b
ecab
09cc
fd9a
f879
052e
f92f
1e09
1b3d
00f2
fc26
0a40
fbd6
feda
ee39
f0b4
0323
0016
055f
d717
f4e4
0ffc
09b0
084a
fef4
efa0
1a86
f771
072a
10cc
00a1
1915
12c7
f896
dbb7
fdc5
fc8a
0fc0
0b0a
f070
0847
0d81
0884
f7f8
fa88
fa4c
0a30
291a
14dc
322c
ecd2
271c
11b0
0620
1293
039a
ffaf
f075
f981
1724
f507
02ba
e972
2ecb
1bf9
1a35
0cd8
1416
f969
05df
0f04
1bd6
f5bc
f867
ffe6
09e9
1a95
174f
fd6f
fe65
0110
1066
f255
0e6a
0e20
e93b
1fab
0499
e4b1
0da1
f717
06d3
ec2c
20a1
1ae1
200b
1885
0692
0386
0d34
0218
f8a8
f8e1
f19d
eecd
fcd9
f10d
f39e
1f64
2b42
ee2d
0992
074a
eeb9
fde6
027e
03d5
17cb
0a56
d009
0dab
2ee2
075c
154a
268c
003c
06f7
1845
2d66
f589
0862
1ee8
0490
f810
1197
2349
0de6
0ae2
f6e4
0b7b
fe4e
0691
f908
fe28
08f3
041a
0b3f
df7f
f941
07a5
066c
f588
e72c
ea17
1eba
02d1
0ae4
14f0
05be
1c7e
0a3a
f72e
e424
0c72
0893
05e6
1a42
edfa
0c62
1dda
034f
f488
f325
f849
167d
1a38
1a74
2317
f636
294f
1315
088a
15e6
1242
f17e
ebc8
f39f
2aa9
eb7f
0320
f146
19be
11bb
2295
0acf
0fa7
f148
f32c
0e64
1a44
ec58
fc95
ebeb
fdc0
1a8c
0f33
000c
00be
0902
0d15
ef39
1d1e
f9a3
00bb
208d
0350
dfde
0bea
f79c
0482
f4a7
1131
147c
0824
1869
153d
092e
13e6
e598
04ff
f2b0
ea02
fd2c
01ed
eb9a
e2af
1b10
2ff1
fa03
f963
f842
07b9
ff84
04e3
006e
0378
f678
da3c
ff4c
3f26
ffb6
0bc6
2a61
0128
fa6c
100c
1c4a
f03d
130e
16f9
0461
f77f
1c07
2270
0bd7
feff
02b1
fed1
f823
0c96
eff0
0604
0f01
de78
0bbb
e68c
fba6
07a9
18e5
fe2b
fa3a
f4fa
124c
0eac
2302
152e
faa8
073a
f905
033a
e690
fb39
109c
033a
10d0
f1de
f0dd
1e5c
0424
ef7b
f70d
fb9b
1646
207e
0b6c
1b27
fbb2
253e
1724
08e9
06ee
0f54
f43a
f02c
e100
1bd4
fe1c
0702
ef4a
1db2
08bc
3411
14d9
23cd
f980
f3f7
0293
1f69
0b33
f2e2
ea56
fa0c
104d
0d37
fcd2
08ff
10a1
0c6e
00fe
1200
05a3
fbdb
142a
ea4f
d0df
14eb
13fa
0d43
ed5d
30d9
22a6
1455
1833
0611
1450
0316
fa25
fd8a
0605
f4ee
f5cf
09f3
fcd3
e43b
1bdf
2300
f7fa
02fa
02c8
f95e
f84d
0ae6
0822
0d0f
ffb2
d79a
029b
349c
fe44
1b54
1977
f8bd
0881
25b5
25c4
e28c
03eb
0f4a
0601
0375
1696
1aae
10a9
0996
ffbb
1045
077c
049e
eba4
eb92
0eb6
0722
0ee2
e5b3
fa70
2336
0def
f128
d2e7
ecae
249f
121a
fcda
34b1
fe17
1d03
0c44
f588
fa86
e72a
0b27
0d62
080c
f62e
0544
2495
1135
06cf
fcc0
f94a
2157
2e2a
1d03
1fd2
0b02
27f5
0ec3
14df
f80a
1522
095b
f77b
f9e7
fca0
ee0f
0188
f5ea
19b0
1d43
17a7
16ce
3606
f1c3
f952
1efc
1117
fe8f
0711
fea0
fc97
29a9
0c5c
0058
1144
f40a
0b92
f185
10ef
fabf
0c50
0fe4
fea7
dba4
141f
0e14
1838
e950
15d5
239a
151f
14f6
1258
195c
f924
f86b
02cd
f98a
e7cf
f63e
0b15
ee9f
dff7
0e2f
2b16
ec39
f5eb
19d2
0711
18e5
0e6f
0c1d
f563
ff03
e717
ff9b
3a81
f865
0d54
0a61
06e9
f881
1c2b
1abd
f4ca
07fd
0274
fa97
fea0
f2b3
2618
03c2
030e
05a1
10c1
0619
0692
0279
ee0b
0484
fe6a
ffff
db98
fcbd
0c44
1617
0286
dd0f
f3c9
1af0
0b09
1309
19c6
0e81
0f44
0775
fd28
f8ea
e88f
077b
ec39
1a5d
fbd3
eff3
156b
f743
f768
fbe9
fc3c
1863
3c7d
0916
2607
0613
26be
14cf
074a
1cae
0fb7
00f5
e80d
e0cf
0460
0300
05ef
fa86
2ab8
1500
4799
0ded
3511
f0c1
f005
2201
1b05
fc0e
f6e6
f9e8
032b
2560
1526
f9bd
0c93
05be
0c23
fd42
10e2
133b
2af5
095e
0fb9
d6de
f4b1
01ae
186b
efb4
338a
254f
0c47
12d1
fa83
15a6
0431
09de
04cf
ff73
e99b
e424
073d
e704
df32
0548
3070
ede2
0730
0b2c
feee
0825
095e
0706
03d4
1025
df61
09db
3726
ef17
0ddb
2bbb
1399
f86c
2244
2019
efe4
fea1
0b66
f686
f421
112a
0d70
159d
06db
f940
0b04
08c1
0d31
f0a6
0510
0c9a
0966
140d
eac2
f41b
0f27
172e
03ec
d79c
f009
1e44
1b2f
0c49
2318
f6e7
1a47
0766
f743
f88f
dc45
1883
0020
16d9
f0ca
eb38
1bf2
f2dc
ec5d
f9bd
fea2
194e
114e
097e
2829
058f
2499
1189
0e50
06a8
0fc0
0187
f4cb
e900
0cb0
0d63
05f1
eafc
25db
0cae
18bb
0dff
368c
ff29
08de
2d96
118a
fe50
fd66
0803
f930
27f4
0f93
000e
0562
0376
11c2
e850
27a2
0d69
2079
188b
07d1
cf7a
f225
ff85
1253
e176
31f7
1d35
21aa
1349
09c0
1561
03cc
fee8
0622
0afd
fcc5
e4fb
1856
f5b7
f480
f9c3
109b
f9d5
08ea
f91a
03a6
fa59
0017
10b3
0821
1013
d84c
fe61
359e
fef1
038e
3b26
18f3
0a13
223e
22c6
ec32
fb6a
05e9
f42f
e917
fbdb
1235
1abe
1730
00e9
072d
0efa
0eef
e54e
fa67
15e7
074c
1d9e
047c
f02f
0707
17cf
07c0
dcc6
fd4b
1bbc
0cbf
03ec
2357
ef24
1b32
0e19
fe14
0115
f6c8
1ace
fb48
fc33
e659
0344
1388
f4b6
fc08
f601
f552
178e
106f
10b2
27a2
0543
3e12
0f4d
0651
ee36
1e26
0f99
f906
fdd5
ff8a
fb34
faf6
f453
2cea
fe1a
19de
0090
3c0c
fc15
f6c1
1da4
2012
0117
135c
ffca
f7b2
3000
f64d
0b58
f380
f148
12f4
f23f
0e9d
fc48
15e1
fec5
113e
d74f
0c97
fc41
181e
00a4
27d7
14fd
0caa
1357
ff88
07f9
e20f
030d
0e70
0d9c
e379
db89
1c47
fe82
fc58
fa96
09b7
f1d7
fc4e
f04d
fc49
068c
fe60
0e70
0527
28a7
d7c5
0b87
3504
f50e
1252
15c0
0c7d
1169
26c9
1ad6
f998
01ab
0798
0118
f120
0e3a
17db
1293
03bf
eb50
1452
0003
196e
ea8f
f9a8
1590
20d7
0494
e36c
05f1
0f2e
0983
03ff
df67
04c4
1c17
15cb
09b4
08da
e3e5
16df
1131
fda6
12f2
ed10
20f2
0084
ea28
ebc2
ec8a
1621
faac
eafd
f60c
0096
14d6
2ea5
0831
2778
0c0b
3f3c
0f96
15a2
f86f
17e4
2227
0302
fcad
ff2c
fb3c
0123
fb06
18ac
14de
fe51
06e5
2790
f72d
0939
3e9f
de67
f59e
164f
f924
1299
2054
f89f
f3ac
15d3
015a
12af
df0e
117d
f655
28b6
f8ef
05d1
d3e9
086e
fc3a
1d23
fa77
3121
1288
1468
235b
f8af
0c09
0141
f826
05f9
0d9a
e313
f0ba
087a
f1ee
ed53
1e26
220f
f57c
f3ab
1fed
0f5d
fd54
1693
f74c
02e1
193f
c687
1136
3d60
fd5c
0aad
0124
0683
0ae6
2b7d
1fb6
0133
0316
14bd
ee6a
f766
1a4d
2607
0a02
0749
f3e1
0b04
f691
1455
f981
065f
03df
06ed
030f
ec3d
0b7f
f99a
12bb
f6da
e4ce
2756
13c8
104b
16b0
17e9
0c68
1f4d
177d
f6f9
fde7
f17b
076d
f17d
08fe
f431
f936
0a6e
e919
cea6
fe71
09db
1237
1c53
128f
1e4c
063b
22d3
ff71
f98f
1fc0
20bd
ff74
0119
ee03
fc38
f73c
02a0
004a
1da0
e9f7
294b
0d03
2263
001b
0fcf
3292
f5ec
f589
feab
07db
fd1b
18e2
fc3e
fc2d
0f0b
f5fd
07d2
de27
220b
f542
26fa
ffce
1015
dbfa
f0a1
026d
16d5
f125
30e0
0b92
0f7c
19be
0658
0fd3
e816
0cd8
0c58
034f
e8eb
e354
0c63
dd8e
01d1
25be
2124
ee19
f781
00fe
fa1d
fee3
1649
ffd8
085e
fe81
df3b
f0f0
4b88
fcc8
0814
12be
069a
0a23
1762
146c
04dd
031d
f8a2
eacb
f8c0
ea23
2dcf
028d
fcc8
feec
1172
fa4c
04d3
f5f0
0853
12f6
0915
ff37
d873
feac
060b
0cee
fb3c
e4b6
207d
1c0a
0666
1ba9
21e9
00b4
15a1
1009
f385
f608
f90d
1108
ebd9
f56d
f64c
000b
12ca
f747
f068
fdc2
fe4a
0f85
1fc4
1563
1fcb
ff7b
282f
079d
f820
06a5
1552
13fd
fb45
fc7e
f7c9
ec62
f53a
041d
0c0e
1223
2181
fa5c
2fde
010a
13bf
126c
fe21
fe28
05e0
f870
f54a
0f91
fde4
fdc1
0e89
f512
0356
f041
2076
02a9
2f2d
f7e3
0696
db87
f192
0b39
20bc
f454
2456
0d9a
0d20
1ea5
11c7
01e4
ffd4
05ac
f62c
f439
e693
cf89
08d4
e062
f4f9
4484
293f
ed05
f9b3
17ed
0617
ff20
2a25
fb25
fa37
f228
dc33
fab6
7332
fe1a
11c3
16f9
13b8
0c57
126a
15ae
0d0d
0890
fce0
e452
ec54
f6b6
20e0
f1d5
f91b
0476
07dc
f81d
011c
f89e
0a79
0920
fdc9
0211
f1fa
0312
fe60
0f7f
fac1
ebd0
024c
0f8f
0abc
16e0
10c9
155c
0ffe
09bb
f209
f870
0884
19a8
f261
1d84
f7ba
0e1e
fea9
ea22
f3d0
fc29
fb47
04fd
15fe
1735
263f
fa02
152f
fb59
fc12
2ef8
0beb
1f26
0004
e74b
0185
0302
f891
f36b
2676
f448
2e91
056e
320b
0843
e992
1f72
2dd1
effd
0781
f6e3
00de
174a
095f
fd7b
0bdd
fbf7
0211
f417
1763
fdba
3497
00cd
033b
dcdd
d7ff
f833
0bb0
0992
0d87
1a21
044b
0a72
111b
fe25
2685
ebc6
03e5
e34f
0576
0634
0cdb
da68
049e
04a3
1f05
e939
eb72
ec56
0056
f71b
1828
ea93
f7ca
ff13
e713
17c3
20b2
109b
fd8c
1d91
e433
ea20
dc33
10c2
1a55
fb16
240b
e0f9
1827
162b
2220
0289
ec6d
250d
0df0
e2bb
f1ec
0de9
1169
e78c
05e7
ebb2
2739
0ebe
fe18
f976
0621
0d10
f811
e3b8
1fea
25d9
f76c
eb93
040c
ebe2
ee9e
1cf9
0386
1dd1
e343
2c83
1915
03e4
145b
e364
e808
ee3c
f7d1
0753
ebce
0012
e8a3
eeff
0b48
e7ed
00a1
38b2
0ab0
1a28
fc32
e8f2
0759
ff50
093c
00d4
2ecf
e4cd
2c89
1151
15c7
f241
efba
0209
2f42
0183
d220
eedd
0c44
0fa5
05e1
0526
f906
f7f7
f092
0d87
f625
f392
0e4e
26f8
f71d
e4aa
f8ee
ff50
230a
0874
0c17
1f37
0cb0
0676
f165
0284
163b
ec66
06c5
f23f
0ed4
0701
0fd5
ea7f
0721
ff2e
2495
f151
ebf7
dab4
faaa
e03b
0fae
ee9d
0df0
0cf3
0db1
1b92
0849
fccc
1109
270a
de53
f747
0092
0f2d
fcbf
f321
18ac
ecb2
0011
1281
1c71
04ad
febb
ffe0
108e
f328
0ac1
f746
0df5
0099
178b
fb55
170a
fdce
06f1
fd63
fc7f
0e2b
ead4
f952
0fc6
1030
07b4
eb51
0777
f673
ecf4
0f19
ea89
2556
f5ce
0266
14fa
05db
0b1c
f293
09b4
fb6e
f23f
0759
0528
fa7f
ff5b
f4ce
181e
f6b0
fbf4
2ea7
18fd
1093
f4e1
013d
0362
e878
033b
fb08
2032
f292
18a3
fc34
1d84
f17a
03f5
09ee
0990
faff
e8e6
03f3
1422
18e1
01fa
0bf2
fbb8
fd10
f321
1e46
fd0e
ebff
fd21
105c
fbe9
ee8d
1395
08b6
0859
06b7
ff8c
1941
04b0
028f
fb78
01b5
33b2
dbdb
07ff
e6cc
103d
0e9a
02ad
f3c4
fbb5
fc5b
36d8
fead
df2a
f1be
12b7
dfcc
2196
ec44
ed15
08f4
d2b1
16f4
2c37
119c
fdf9
fb15
d95d
f372
f0ae
10ea
14c7
ff16
24f2
e597
11b6
43f0
0b02
13f9
da0f
0093
05f0
ec28
0cf0
0d3a
1a28
d737
0a9c
e31f
1b51
0724
ea3c
f9c9
074d
0b4f
0497
eaaf
07cc
0e95
ee3b
f892
fda8
00aa
df06
0e0a
f70d
1aa4
db0a
458d
1a35
11c4
08f2
d5e4
ff85
ffba
05a9
fe32
e7da
026c
e10a
ee87
fae1
e63c
ee4a
3705
0ede
1f25
f3a8
088c
2169
1239
20e4
0090
2456
ed94
3901
27fb
161b
f344
d083
ef5e
2818
13fb
d509
e8d5
0173
1462
0719
0966
e3f7
0e45
fe48
0aac
f9dc
e9ac
1848
3261
0a4c
de43
e67e
0263
23e3
0117
0d6a
1fe1
0459
094e
f242
00d0
0dff
f096
076c
022d
125e
f702
1f1a
fe09
0a6e
f5ed
2638
f4ee
e1ea
d338
014a
dd3c
0271
ea9c
f1cc
099e
e2c5
04d6
07a9
1aaf
0602
20b8
e20e
fca3
01ef
0fd3
02b1
fc26
1472
f767
066e
066e
1c7d
033d
eef3
13f9
0c66
f594
0538
f59f
f8d1
ea57
1f7e
e80f
097e
082a
105d
06b6
0119
02e5
df24
ef9b
05bf
1809
fce1
d7b8
f28e
0beb
e9a0
ff55
fc6b
1309
f298
2c8e
fcdf
0503
1043
03b4
1bb1
fa02
073b
0770
0cb1
0246
0766
ef64
1f66
f6f5
ff71
2c9a
0d05
181d
eb66
1109
10e9
fa46
11a0
d897
14c4
fdb7
1991
2347
2d39
e2cb
08b4
0d16
0c67
f936
ee3c
e9fc
1112
1d36
ffd5
00db
003c
fa9d
fe3e
0956
fdce
fa36
fd7d
1c73
054e
ea63
f58c
fc42
1da0
fda6
0db5
2051
0dd4
1025
ff49
fca8
10ec
0629
0a30
01f8
103b
0aff
2886
e0b9
17e7
ee2f
3666
f8bd
e681
dc7e
f825
0f14
005e
f325
eb7a
fafe
f1b9
139e
172b
1a21
04ca
0ffe
d9b3
f8da
f731
0bb7
00fc
f54a
11d7
df35
2455
03e2
0dde
fd71
0169
14b9
0f66
ef98
fc7e
f399
0de7
f4ed
0783
0109
0b0a
04b9
1ba1
febd
005c
0ade
ed12
fb4e
07c3
faec
09f0
e10e
fec9
f666
f10c
ff97
e45f
1053
f4a7
16d2
f54c
fce5
1fff
0430
01fd
f07e
ee41
01be
188e
fde3
f2b8
f5a6
3a1b
f32d
f7aa
155d
1bf7
12b4
ed70
fbaa
0db9
e6af
0bfe
ec08
092a
f66c
2364
1a52
28bd
ea87
ff78
00d1
0a4a
f415
dc86
fc1d
fdb6
1ba7
0427
1851
0593
e8d7
fb45
0316
ed61
fb35
edeb
18b4
0261
dec4
ff4b
fa26
1dc6
fb45
0f30
225a
11ee
0f30
0e35
fdf5
19a9
00d7
fc3d
0670
080f
180d
2087
e595
022e
0410
4afe
fbef
e60d
0140
f977
07f6
fc17
f22b
fc30
ec86
d0a9
0c4d
1605
2122
0787
1a3b
e07f
096c
fd2b
1b07
fe95
f609
1a15
e697
210d
0f48
09e8
001e
f760
19e9
0ce1
fac7
fa20
f9eb
0287
ee34
febe
f5f0
07f9
080b
0c40
0325
fdcd
1f2a
e6ac
f0b0
085a
0ac5
0255
f8a6
00dc
fdfd
f1af
f9d2
f050
fdc4
f42a
0354
07dd
04eb
197f
0474
ff36
f4ec
ee66
0f29
1c8e
1466
0266
f98a
2ae0
f6a4
ed37
0ab6
1c93
f6c8
ed65
f3fd
1c44
e6f6
1a15
cc0b
26f6
fb43
2767
1374
2de8
f25e
dc05
f766
26a1
0875
cdd5
e68e
f87c
1279
0c78
0de3
fd8f
ed4a
f7fe
f703
f5f8
fccc
049e
11eb
1119
d8f4
0d80
f5cc
ff57
0787
1aaa
1dc3
108d
003e
01b6
02be
056f
ea04
08a7
09f8
f820
0381
2315
f659
eeb5
f2e6
33d0
0700
e9e4
fe24
038d
f986
fcf2
f956
0a82
f73d
f53d
1379
1249
16f7
ff33
0dfe
effe
0770
0359
153b
f833
0bbc
13b7
f5a2
1a89
1ad3
0575
150c
ff20
04cd
0fbf
f5b5
067f
f51a
055d
f745
1d62
e814
02ff
06c1
0ce2
1203
0bad
1095
e8c9
ff54
0a2f
1153
0afd
f4b0
0715
fd36
f6ce
f768
e6ab
edc0
f69a
1301
0b84
f00e
1a5f
fa17
0776
eb22
f3a3
fe0f
2005
02e5
1789
f4ec
31b7
eec6
01ed
03ce
0e47
0776
d486
fd59
105c
fbfa
2565
de54
24ff
008d
15ee
0e9f
07af
e118
f578
f921
1238
11c8
dc7b
f888
fc84
1302
fbba
0049
0a25
fada
fe31
f5ac
0053
00ce
f5ed
2986
1530
d550
2147
f043
fc43
0b72
0d99
1826
0c8b
061a
1581
f90c
1af1
f1de
0f82
f79a
01a3
1c9c
0f24
dbf7
e83e
fb0b
3426
0201
ef01
1319
072a
1ab9
08fb
eb7f
eb86
f122
b88f
17e9
2e2f
1857
eda8
0ee7
d7b3
f5db
e3be
194d
0a06
0e2a
2c0c
e0bf
285d
33e9
0be8
0ab7
edba
29de
fbe1
f902
e24b
0e71
2e30
d783
f614
e403
fd49
0aed
18f7
0a6d
0f01
0b8e
eb29
f26f
fb51
1fe9
fbcc
f332
08bd
0cf5
f90e
f784
0466
f40b
e53d
2ad6
004a
1057
079a
e2fb
f573
f05f
ff5c
fb89
0fa0
20b6
1d00
f11e
056b
f001
0024
1e07
0e7f
0241
d4cd
f352
3ae0
efc4
2468
d3a2
32b4
eeca
40e6
3395
0b62
e8b8
f0a0
fd4a
17f6
1466
c874
e8ef
f575
1934
07c6
04fa
0b8a
f7f4
0040
f663
0333
04ed
fe7e
3568
035d
d607
016f
e5e1
ff39
1b47
06e8
0d7b
075c
061c
0681
faad
1709
ee28
119f
fef2
f890
f6a6
0434
cc62
f5a1
106d
4e77
ffc0
f7f9
1d7b
0cda
1d6c
ea63
f0f7
fa35
ea5e
bc26
21e7
2760
0d27
febe
0ebe
f194
eefc
fecf
1f9f
06ed
10b4
2010
f1ec
1c5c
2cc2
1da3
1faf
fa2f
0295
0b57
f215
01cc
0da7
1786
e98d
efc7
ee89
f6e7
06ef
060b
06d6
0df1
0ff8
e24b
f84c
1036
255d
f39b
121b
1083
050f
f577
fbdd
f7f5
f16b
f12c
0dc7
003d
0835
05e0
df74
f34a
fcf7
0a1a
0c52
1396
1665
19d0
f1ac
1001
ed8f
0cb4
180f
fd46
f48e
e7d5
ed89
256c
0650
1636
dded
2884
f446
4b18
1c69
0f1f
f8b3
f31a
00ef
0e24
2257
dda8
f662
01ba
16cf
1c22
fef1
fd42
0390
03fc
f7b1
0c9a
038e
0569
23b5
fbfe
f174
fd8a
eb24
0c43
11ed
0573
09eb
07ab
ff08
0832
f625
1111
f570
0efb
04dc
fcac
089b
1ae0
d99f
f24b
1d46
4b75
fac3
fa59
04b0
0c48
2467
030e
f452
f4c1
f643
e155
1878
12f4
15a5
0b0f
0861
f571
f4e9
ff12
1659
fb88
09aa
fb9b
e94f
244a
12d9
0fc5
10a8
fdcf
fe50
f6c9
ea3a
ffb2
0eec
2155
f7a1
f7a0
eec2
0032
0724
0d35
081c
0951
0831
f6f9
f302
0323
19e4
f81f
01bb
0f29
12ab
fcdc
eba2
0599
faac
f5ba
26ff
f855
10e1
06c8
ee73
f1ed
08b2
0223
fc6d
0cc1
1b4f
1ea8
f16d
09f3
f3f5
0179
2cfb
03d5
0d80
f098
000a
1fbe
0bb9
0526
e3ca
1c63
f698
400e
11e0
0077
f78a
0e63
ebbd
1d03
144c
d895
f26d
ff76
0c84
225f
f8cb
f5de
0431
0556
f12f
085c
04a9
ecee
2d9d
f349
e341
04b7
f531
ffa3
0598
07ee
1b14
1ed0
1143
1a1d
f7f2
fb64
ee5d
059a
0440
0a71
fb44
0e40
d8ee
f788
1b94
3be4
fb27
06cc
e166
e9d8
26ed
fd60
00c0
0014
fd74
e3e6
16fd
1d89
186f
0c55
1c46
f95a
01c4
f266
1774
fc94
fdb7
0718
f572
1858
2925
222d
1062
fc3a
fb4c
084f
03bd
f8d5
e92d
199f
0eac
fc47
f982
e67b
0477
10b2
0ee8
010f
e864
e2f5
0595
0a2c
1e16
0787
f0e2
16a5
0ec1
f7c3
07c5
fb41
0d30
09cf
2436
f64c
10ed
1147
0048
0328
f910
f1f2
fb1e
0efe
20a5
173b
000e
24a7
f551
09d8
2705
1185
038c
e3ef
ff75
1a09
ecbe
0c3b
f3bf
0b85
fc4f
2bad
11d4
148d
f9aa
0d06
078a
0d5e
0368
ef7f
e93d
00a7
1347
17fc
0bc8
f082
ff72
03ca
f90c
f3b4
070e
f8c3
39ef
f52c
e29a
1a66
ffbb
efc5
044b
f0d6
11d2
13b7
f8ac
26b7
054b
19c0
e53b
0a3b
0170
fae3
f860
15b4
e9da
fb90
208a
380b
0240
ef50
f784
f48f
21c0
0487
0252
e10e
f727
d14c
1276
41c1
0455
1d84
0fbf
011b
fa4f
f5cb
117a
fe6a
1244
fadd
f847
1701
1586
22f7
131e
eb61
fe02
fc61
038d
01ef
eb00
297a
01bd
ecbe
ef40
f3be
00b4
0158
1b61
0927
01bf
f775
fa7c
1289
2782
fd21
f086
fd8d
fdfe
ff21
041c
f6a7
1611
fbdf
158c
08bd
f77e
09ce
091c
e1c1
04bd
018a
f44b
0eb8
1b28
0f27
0242
1071
f770
0b8c
17bf
0d9b
085a
eade
def3
1f11
14d3
1865
f375
0cd0
ed66
3ef5
1e2c
067d
f3b8
0115
ed8e
1fd7
06cc
d9ba
e894
0ac7
04c0
213c
007c
08f3
093a
fef7
fe41
0c97
05fa
04bc
4132
fa83
dc45
1224
0910
f73f
fdd5
f852
1bc4
0d09
07f3
2493
fae4
2b04
e1ba
fdc1
09a0
0124
088a
fe50
f669
ed24
239d
3fd0
f57c
0251
0a95
f631
1b15
149c
fe5a
eedc
04c2
c05c
0f0c
373e
fe9c
1448
efcb
f3e4
00c8
fe95
20ef
f8c5
fc0b
1186
f5e5
1c9e
1df1
1ec5
108b
ef6a
fcbf
f845
f109
051d
f7b0
175e
f521
f3d5
f22f
e5f8
0cfc
0705
1b11
00a1
e93c
f4dc
000d
1722
1578
0c3f
ee76
10ff
0711
f7b7
0639
ec79
fec8
f772
12d2
fd63
09ce
0a3a
f9b5
e8e3
02f9
0118
09ee
0dfb
23ae
06ac
0492
10f9
f329
07e2
1862
10c9
173e
e9e6
e22c
0dcd
fc47
0ffa
04a4
1805
01df
3772
2c66
1722
01b1
f036
0971
2c59
1155
f12b
f30d
0317
0ead
184d
fcd4
f73a
0ff1
0906
f446
0886
ff09
17f3
2a54
00b2
d813
0b22
11bd
0c43
ff14
e7bd
1a97
165c
0b56
16af
fcf7
2140
e941
0a71
fec4
e8c6
06da
1039
ef18
e006
0fa5
2ca8
f7bc
fafa
0b92
030a
15e4
f3f8
0ebc
fe48
1223
d5b0
19d9
3543
ea3f
1092
f099
05e5
f5d3
0d0c
169a
017f
fa06
f1a3
f7fd
09ff
f18a
1cbd
ffd7
f285
f036
03f3
f93c
09a9
1060
14ee
fe97
f77f
f03f
f1fc
fa0f
f7d7
1974
05ed
ed94
f6cb
fb1b
2271
072b
0282
f9a6
0b0a
faba
f530
0216
e49a
0b89
0021
17d1
04bf
ea73
0835
f151
e3ff
032b
f740
ff70
120e
0be1
0b55
13f1
1922
f720
161e
2373
1361
0e72
e353
dfee
0f73
08d2
1627
ff2b
15b3
1172
4198
1310
0f94
ed81
fc93
0767
186c
0964
f034
e1d5
f263
0cbe
1002
05a7
feea
04bf
095d
f19f
0246
0c58
2fdb
2acd
0987
d5b5
fe6c
f049
11ab
090a
10a5
0ce2
003e
045a
ffeb
0487
1729
f77a
08d7
173f
ee93
faa5
fd6d
d75b
f11b
f582
3634
eb03
01f5
f142
06e9
1b25
f32f
0e47
ff3a
0b17
e3f8
12b3
27ba
f4ed
ffe0
0b74
ffae
f2b0
0037
10b6
f611
f979
0879
ea16
06f1
168b
190b
1c71
e59b
ff73
f9ca
0140
043d
fc7e
16f9
010f
0fc9
f954
022e
fb94
f387
0a47
105d
e5b8
ff0d
f997
20aa
256a
00e8
f556
05ed
fd8f
f4e1
007f
e3d9
04c0
f655
1355
f89e
f6eb
0d2d
eaa1
e6cc
06d5
01f7
fe2c
168b
1be3
fd5a
055a
23ff
f7d2
1271
08f2
0ab4
192c
f093
eb9b
03be
1788
16f3
e702
248d
0014
2979
0eb7
06b6
fe29
0204
0aa1
23a0
17ef
f50a
f22f
083e
0b8d
0ebf
0860
f98b
09c4
13f7
f0c9
1669
091c
2896
2383
f3db
d60b
06ac
0255
14f1
f413
0901
198b
0fa5
0721
0998
febc
2526
f5a2
02d5
1033
f47a
f748
fe74
db51
03c7
fe6b
223b
fe38
f577
0f01
0f4e
085b
fcbd
0bf3
ed09
0a68
b7fc
0238
4908
024b
0934
0754
036e
fb18
fb0d
16f3
fcb4
e779
0fec
e94c
fa68
15a9
1333
1914
ea55
055e
0803
0d3d
098f
0445
19f9
05f0
035c
f95c
138c
0820
f7cb
01c6
06bc
eece
043a
fa34
0e7c
1a90
ee58
f30b
0d1c
101f
f490
13e8
f6e7
201b
f244
2216
f061
0d41
0cc6
cefd
e160
008c
f949
fe17
f209
1806
028c
0857
1c48
f782
18cd
0fdd
1492
1698
f382
ffe6
0be3
1d53
16ad
e2ec
2646
f2bd
3e95
145c
0e41
0040
fabd
07fa
2d5d
0e25
e56d
ed74
eb69
1bae
06ad
13f9
e50a
fe43
fedb
ed08
fd70
07a2
2c83
2979
1846
e123
fd9c
fc77
0d0a
0b80
0eb4
11fb
0350
05d5
0872
fef4
0eb7
f7b5
109c
0cbb
ddb3
ec2b
06dc
f150
fccc
fc83
2229
f0f6
f1d2
fc69
14f0
0670
09de
17eb
00d1
0f97
b59f
0ef5
44ed
fba2
0e3b
008a
0a8d
039c
f8ae
1dd6
0466
fe2b
10e0
0134
015d
1ed8
1bdf
1dc9
f7ca
ee6c
08c6
f4ee
148c
f5c3
1263
0be7
1433
f242
05ee
0951
fabf
01c5
0af8
e6f1
146d
0528
2310
11cd
0185
e79f
1263
04fa
fa5e
0c48
ecc6
14b3
ec14
ff9c
f72d
e9ac
0881
e89c
e42c
02e0
0073
093e
1176
14d4
0c93
0b11
35f2
01b5
0bcd
2298
14cc
182f
026b
f699
001e
057b
1123
f233
1165
0903
3019
1381
1e34
faff
f5d6
247f
fd03
13ae
042c
e625
0ef3
1390
0076
043d
f6ae
07a2
0f80
e521
0c2c
ffda
3701
2b84
1576
def0
0c36
e9a8
179d
05e2
0510
1383
03ff
0f6c
0d6e
fa24
396c
fae6
06e0
1870
e785
11fa
ff55
d8bd
f80e
3fb5
2f5a
f2cd
ec62
276a
2464
fe54
18e5
ef81
fe29
14b9
b23b
057c
5371
009d
10a1
f0c3
ffbe
0add
07a7
17f3
0c89
fa8a
0a84
ee0f
07cc
25e0
1cd7
f976
e6a9
fac6
ed82
f0de
06db
f888
1eb4
04ee
0903
fa70
0713
11a8
f15f
10b4
01ad
f580
3407
f894
09d5
2913
0f44
1780
15e8
0bc1
eeb5
0cc9
fd76
0b50
e76d
16c3
054b
0c10
f600
eb33
cc7b
0574
0539
0106
09da
16bb
fa5f
0abb
2adf
f5ee
eaee
2983
1b11
2b27
fe9f
f080
1271
0405
15dc
f77e
0ede
ee19
33cd
22e3
1a63
0cba
04dc
17ea
0eb6
24ad
ef24
e901
f5ab
0652
177a
0da2
e6a2
ffc0
0610
edda
1f57
fac0
2f5a
1c1d
05fd
d86e
f2f7
f5fe
1234
f98c
0725
089b
0666
0ab3
0d78
029f
1944
fb36
054d
0c5f
e815
fc5e
fa73
d389
02d8
2433
35ad
f122
f569
0e91
2265
0665
0a80
f9d2
f7f3
0b6e
c818
06ed
3ed2
0697
09f6
ff65
0487
081e
f2b8
0dc9
14db
f9d2
0369
e4c7
f9e5
1b4b
2d98
0beb
e51c
017b
036c
ed64
0e06
f9ab
25fa
08d5
0570
ee0b
07a1
0fab
f9dc
0dc4
1023
eadf
2afe
002d
f933
1c19
0665
fc73
0b53
0332
f480
f87b
fdcf
165a
f3d2
10ca
0b88
0f32
0127
e352
e57a
0392
ff6a
fd9a
0bf9
0ac1
0af0
0080
1b97
fc21
fd2b
1560
1102
1ea0
0167
f806
0108
fbff
0b9f
f966
0ef6
0695
1803
0f87
14da
0917
0067
f807
0614
27b0
fca1
de66
0777
fc43
0d2d
027d
f209
04d5
ffc5
fa97
1801
0071
344d
162d
fff1
ce81
fb12
f79f
10a4
027e
ff17
04d0
0939
1478
291e
fcd8
0d5c
0345
fae9
0d95
e310
dd3d
0579
c4f4
f405
394b
2b07
ec3c
0434
1948
07c8
feac
20c1
09b5
f53e
09d0
d27b
0ebf
64a4
0ec2
146e
000b
0a48
0933
f162
10c0
1359
fcf2
03b2
d64c
fa43
013f
264c
0650
e3a1
08f8
fba4
f56a
0316
1f92
1595
f7b2
02c5
e315
ea07
0bb0
fa16
05d5
10f2
ef06
0f27
f3b4
0486
10fc
f69a
2a5d
0d36
fdd0
f996
1410
fa5a
16f3
dbbc
23b5
0b9a
0e0c
f982
cddb
c848
00a3
f8f5
f8e2
f8e1
0215
0a1e
f8e7
08c6
f455
02c5
375e
0db7
2381
02ea
e8ca
1173
02a5
0a36
0328
2191
00ef
3350
1404
1540
117b
e40c
0806
2343
11d3
0221
cebb
ff17
f8d5
208a
0917
f5d7
0350
038a
e610
14f4
06bc
4bb6
0b38
eeaf
e000
d7c9
fb24
e6f0
0ebf
0bae
18d9
e7d1
f4ce
0eec
0159
0fc3
ea6f
f2e8
d745
09ca
0f62
1403
dc4a
1e0c
fa5d
fbd5
eae0
e277
fa90
1a7f
ff27
0e7f
f6f7
e135
f41f
fbdf
04b6
059b
1cea
fc24
1f4b
ef0d
f4e9
e394
04cf
1538
09ed
1b43
dde4
0bbf
18b0
0ccd
fb10
de33
15c5
0588
e1d0
f3c5
015f
0e97
ee3b
198d
eb76
354a
0d4c
f994
fbd0
074d
2633
1573
eff3
1011
2105
fa0c
0293
06a5
e93e
fd5c
0d6f
1806
1e5d
d3b8
1ed9
2049
fbc2
0539
f3d9
ded8
fbae
013b
033d
ea80
0da4
ddd5
f2a9
ff71
dc25
f76f
4185
0a45
21a6
fdb1
e432
0e7b
154e
18b6
f517
3c19
e363
1c4c
114f
050f
f836
f14b
ee43
41d7
ffd4
bb78
0ae5
1893
1369
0cf4
0458
f759
fa0b
ff51
1a7f
da19
f734
078f
1c2f
012c
e288
0ed5
fbf6
013b
11c7
06b5
1104
f3b6
fcce
1af7
0232
097e
e5c6
fc27
cbd1
12ee
0ee1
0785
c19c
1ce3
0f0b
20d7
e692
ec6f
0522
0b75
fff6
134e
ee27
ee17
eb34
f343
056d
29fc
1ebb
0c57
275c
f436
000f
e963
089e
1b59
0298
1ebf
de49
0683
fcd5
220b
fc5f
df15
09eb
0044
eaff
0c95
078f
2139
eeec
1424
ed3a
1602
05e5
0d18
0443
06f0
31af
0b58
03cc
1969
352d
f36c
f907
1007
fdf6
ee94
fe5e
0e5a
f95e
d242
13fe
183d
0c63
fc0f
d774
f08b
fa31
0a29
fc75
f16f
09b7
f822
e2e8
fd40
da68
f11f
36e1
003d
0be8
f341
f44b
12f7
0e1a
07fa
ec38
3245
ed74
3b57
f5ce
13b7
f8b0
05c4
f892
36bd
f60b
d2e7
1a20
0a1f
129d
13ae
09e7
f95c
fc93
fc6a
272f
e6a7
fe43
192b
33bc
e887
f849
0d5b
0d04
0076
17b9
f27b
0aaa
f156
eb4f
14ae
0547
1559
d5fe
02df
e0ca
203e
0b00
fde6
d5c8
2728
f31a
1ea8
e268
dfbf
0174
0fa4
fce1
1950
f493
e090
fa11
e161
06eb
1292
12a7
01a2
23bc
f282
0415
f203
016a
0c46
045f
2a7c
e815
0909
22ab
fe8d
0ade
dd2a
f0db
01bf
ebef
16b5
0900
1c27
e563
0af1
e4fa
1fb8
153e
f300
0d88
0b0f
39bd
09c7
f770
1239
28e5
ffd5
075b
0698
003c
f559
0374
0cc9
06f0
d75b
2180
1fda
f9d8
0116
dec8
0a7b
0cee
197d
f788
0028
08b5
e9ee
e44c
0a75
e2c5
e554
2b10
00b0
1f1b
f21a
edba
0944
0f61
22bf
ef23
3391
f05c
205d
172a
0c9b
f057
f944
ecfb
3c9d
11a1
cd0d
fbe7
0713
019e
15f5
fdac
e522
10d4
0664
2f34
d96c
0811
061b
2f82
0ac9
ec43
0fac
00ae
07ec
0fcc
f72f
ff52
f39d
ec06
0cfd
fd44
20bd
ef8d
fadf
fb72
1cfb
0355
fc3b
e895
25b7
021f
0ae0
f10f
d9a2
eba8
0ea6
094e
13bc
058f
e83e
0671
de12
ff25
ff98
1f38
06f5
274a
d7f0
f56b
e9c4
058b
0ff6
04e1
03b5
ef62
0f21
0c9a
1545
eba7
ed14
030f
1334
e9d8
092b
e839
1f3e
f80f
162f
ecd9
1fd8
1ca1
0162
2005
0974
3354
03b0
e8bb
12df
246f
eb2d
fa3c
01cd
0130
ffc7
042a
0e8b
0183
d976
24e2
1736
eca2
00e0
f66c
09b2
116b
0a67
f523
f90a
0690
09be
debd
1f31
e585
dfc6
1df4
f4e4
0db9
f434
fc0e
1823
1621
20a8
dfe6
20e1
ee3e
23a5
1848
0341
db0c
0fb1
0cfe
2dbb
f874
e70b
f854
1620
0614
0bf9
f746
ee0f
06ed
01fb
218d
e872
0057
ff81
3004
0f9d
e8a5
1219
ed4c
039c
195f
edf5
f717
e3a6
f0c7
0f08
0454
2b3d
fcc7
05f9
f20c
1f11
2531
ff39
d9a3
1ae4
0013
1181
f819
d6e3
f695
0b0a
2641
1530
fdec
d9fa
eb38
ddf3
08a9
10c4
1f77
014b
0997
d8fa
f582
e951
f491
1aa6
ffe4
0237
e58a
18af
fe5f
16d9
fcc1
e4a1
01d8
fcf0
de7f
f8c3
fb5f
30e7
f210
0276
f427
14b1
13ef
05ac
0c7f
0df4
343a
0aac
e65c
10c6
1551
f469
0b48
f905
f488
0671
fbe1
0282
fc6a
dd3a
21ea
1684
f520
fc1a
f4c8
ee95
0bf1
0a31
f834
0380
ff4f
f7c8
e508
2e69
d671
e62b
1865
fdfd
067f
f8c3
db8b
1abc
177d
0e21
f20c
3349
dd0d
32ce
17e4
073c
e73d
f31d
cf3f
3f4c
0cd9
cc01
fb1c
0945
06b8
11bb
07d0
efc2
fb34
0aff
21eb
f36c
01ef
f85c
2d00
ff35
f328
181b
d828
e782
12b9
004e
0533
f05b
f01d
1d85
f5fb
2251
f099
0803
f003
13e1
22cb
f556
ca97
072b
2f02
1854
fa76
d7e9
132b
05e7
2de0
1f08
0015
fb58
ee78
d5df
fccf
21dc
2835
0a7d
10a0
de5f
0180
f613
057d
0f92
fd11
0f2f
fed0
29a3
0a10
15bb
f333
f3da
1300
f5a6
e09c
fae5
fb5a
21cb
f47b
fe3a
00df
0ee6
170e
0656
0336
09a2
2fcf
f3ad
e5f9
1f27
1ee2
fe6a
2e14
0800
f9c8
0170
0101
0dcd
e13a
c678
0f6a
1561
fd0a
ff9c
e96e
f56f
f676
0312
f91a
06f0
0fd2
0688
f28d
14e1
e9c3
ee4b
02a6
018d
08ad
f616
d8c8
1d59
0b75
2234
ddb7
3577
d792
2831
1c03
248c
0001
e510
cd5c
32e8
134c
c6a5
0064
fdb6
fe12
10aa
0590
f401
f881
0018
0024
f1c8
fdd1
0336
1ba7
ff9b
e734
0704
f366
f002
17ba
0be4
07bf
0249
e882
0ff0
00b8
14a1
ebc1
fca4
f726
05ed
2002
06bf
e4e2
f0d8
1330
1d3f
0009
e7cc
f37f
06ae
1ad5
1aab
0a33
0eec
029f
d843
169c
1b66
20d3
1001
0384
e791
f767
e9e4
099d
0d05
05a8
1055
f49d
15a8
2234
036a
0a99
02a1
094f
0448
e9d4
1065
0cd3
16d4
e4c7
0ec1
f613
0bc4
fad2
0d78
15a6
040f
1be5
f777
fb5b
03ca
229a
f4ae
14af
13c1
0707
0028
0b51
ea59
eb4b
d537
1dee
1338
026a
005a
d632
e8a7
f48c
06b3
f2a0
074b
fe21
0bfe
f9c9
0fea
eef2
077f
02f2
0921
ff98
e98c
e585
283b
1558
1c7f
d0e8
1a3e
f215
2444
1180
02c8
fc27
f010
0157
3118
f9b1
d7b2
ffd1
f237
0aff
0902
f8ba
f779
0fdc
f5c3
fdbe
ed27
11e4
0644
2be8
0224
ec95
20fc
f8ea
ebe2
17ae
0912
faf6
ffe1
fc69
1458
f21e
06ed
ea98
f9df
f9e1
fc09
284b
0196
ec7c
f80b
0c31
0c92
0254
e682
021b
0556
ff48
0ffa
074a
feeb
0840
d855
14f7
2979
0869
009c
1517
dfdf
e887
fa08
0f61
111f
048f
1c9b
fdd1
129b
1e18
0a27
07e5
fc56
1942
fc11
fb80
11e2
0772
0bd3
f163
05b7
0296
1633
fef6
038b
0625
098d
1630
dd2b
f3f5
0cd0
28f2
fa54
097a
168b
084c
0713
1809
06b3
e2eb
f225
1691
0693
fc48
fe71
d799
f613
fa65
04d3
0079
1225
f9e6
0f53
fd23
07c0
eff7
05a9
11d7
0314
05b0
e5b0
f3a3
4395
f6d5
1245
d26a
131f
e6bd
299c
148d
1235
d578
06aa
0ef8
247c
0532
d783
104c
f2d4
0728
fcfe
fdbe
f70a
fb91
fb7c
f6ac
f109
0106
00bc
2665
05bf
e363
243c
ecca
e9d2
1cfd
035a
053d
0f5f
01a6
14a2
fa7f
000d
efc0
fd13
0bd9
031b
0d8b
0e14
c564
0a74
1535
05de
f49f
f87b
fb67
feef
1992
e3fb
f79e
fc56
fa1d
e544
fee8
338c
31ba
f85e
237a
eaad
f141
f6aa
1016
10f2
0d38
1a62
f371
fa76
202e
17cb
15ee
f872
0359
169c
01b8
0d55
0792
07b4
eb59
0b82
08b3
004a
1271
1141
0a7c
fa1b
0996
e920
fcf8
f2b8
2412
fca4
2530
1146
083b
02e6
0e58
06c0
f5a3
e09c
1300
1133
1acb
f966
d84c
e6d0
067c
0efa
036f
0b9d
1ae0
118a
f160
051c
e7f2
f512
0a8a
0a60
ebd9
ed46
d637
15ef
1cc8
0bd7
cb72
2149
f5e5
4981
1526
2320
eb23
1597
18a8
184a
15d5
c623
fd79
fdf8
0c5e
176b
fe6f
facc
fe48
0ff3
f798
f9d8
049b
082d
1f65
0b7f
f282
1f0f
f097
f3e1
195a
014e
040e
0844
f6e7
f5ce
fc28
0bee
e9cf
0a5a
088d
f73a
0b4e
20ea
f573
fdc3
1120
1032
fae4
f9b5
dcec
fa0e
0d4a
0161
06e5
0986
0d89
f6a5
1ad4
0e21
128d
1d88
1d99
0ccb
f4c2
0616
0dfe
f9a3
0647
1113
f77f
fdd6
f97a
06ac
0d91
05bb
f4d1
0d2d
f8b2
07c5
0076
0547
f90c
0fd9
fb1c
0334
0909
fe72
0c58
ff9b
02cc
f1f4
f282
01c3
0c59
feef
f34e
0d6c
046f
1087
052d
00f6
ffcd
0496
1a03
10ab
f6f0
03a5
e809
fc4a
08a8
0460
f4e9
1979
0258
0cd6
f26a
1cee
ecec
ff3a
1470
ff5f
ff6b
f267
fb72
0587
1e66
16cc
e27f
0de5
f544
19da
07e9
fea4
e76f
0163
1285
1623
0c64
e8d1
051e
06f9
0883
18a3
f0d6
08ac
032e
02b0
f3b7
f982
0192
fd6a
1eac
0ba9
e367
2896
e5a2
e357
143c
fd2c
0519
036b
f10c
0f4a
f708
2d72
db0f
eda7
f60a
02b6
faef
0a2c
ed91
fef2
1b4a
1a93
ecd8
fd50
f326
ffbc
16fd
12d0
12e9
0fd2
fb05
cf40
1203
1d6a
238d
1427
123f
0961
f813
fe1b
0a10
001b
0c03
114f
0651
fa72
1035
1edd
0a5f
f40a
fa9f
f9c0
fc59
0648
0510
0cf7
f775
08c7
02e6
fb2c
0515
fb31
0cc9
f82c
fb5f
01d6
f320
20c0
1046
f95d
fa08
1806
fe4d
12bb
f890
10fc
00da
fecb
3129
10b8
fd3d
0743
d0f2
e867
08c0
ff7b
f6e4
0d5a
1700
0d61
fe4b
177f
e6d3
0061
23b6
0283
023f
ef46
f21e
1cf9
0293
1062
e2f5
feee
e939
1e8a
0985
f70c
e5b6
f1c3
fff1
23ef
0801
f2ce
0319
f3d7
019c
1ef4
006f
fb74
0510
0669
f7b1
f674
f1d4
09a6
3069
f497
f5d3
fe6f
fb18
f088
0779
f93f
015e
050e
f54c
195a
04d4
234e
dfff
fb15
0678
0101
f1fe
0379
0223
f823
2800
11cc
fbd3
f652
deea
fa20
0cb6
1a40
10a1
129f
070f
d8c0
049a
375e
00c7
195a
2259
1085
f5c1
1078
fbd8
f04a
0ccd
ffbf
07f0
f54b
f4fc
2187
0d19
ef89
ee70
fc1a
0366
0f82
e9b9
0c2e
11bc
01a5
0fe5
f482
f956
f4b3
1804
f5e0
f13c
f558
fbe1
174d
fe5c
0740
ec63
0bc3
ef19
1447
16ff
028d
0c49
090b
2b5f
177e
ec6b
0502
e1e5
e6f7
117d
0a18
f00f
26b7
1453
1933
0475
19b7
f6a8
0109
1397
03cd
ec0e
f146
d4df
0e52
0b83
0972
f0ab
fd15
e6fd
2161
0d49
0555
e89e
f114
1a03
4167
eec8
fd6a
0c75
f714
fa17
0fc6
019f
07ca
0317
02a4
fb74
06b6
ffa2
0287
344a
fc90
eaba
18db
146f
f83b
096f
fde7
0c59
06cf
f734
18ba
ffa4
170f
d9de
070a
0d0b
1194
fadf
08b4
fbc5
f32d
116f
14e0
e58d
f712
f3e2
ff44
0904
1347
0bce
fa0c
fe5e
e417
0877
2187
0336
1748
0d85
099f
03a1
04d7
0bf5
edd5
06b3
1f71
fbfb
0c6d
163c
18b7
13c8
ec61
f65c
0a77
f888
0835
e80b
00af
fc60
0af4
fedc
fc15
0a0b
ffe1
13fc
f440
ee5f
02ae
f527
123c
0680
09d1
e71a
1386
fd3d
01d7
1948
fb56
feb2
024f
1550
11aa
0b71
094d
e2a5
eace
0c25
0657
fa4a
170f
1a58
06a5
0a08
2377
ea55
03c9
0745
0708
0c7e
e924
e8b1
040e
09ca
15e0
f23f
000c
ec43
2254
0ef7
03fc
f49d
e30e
04f0
2d29
09ff
f218
0a15
eceb
0ee5
14c3
0104
00d6
044f
0b03
01d5
fa30
fd3a
13ac
2e28
165b
d741
2f47
0c62
019c
0862
f369
0c56
028e
f381
12cd
0172
06e4
d8e4
fedf
0c1c
008d
084c
10f1
eeb7
f692
0eaa
1a10
e9a8
ffd6
e368
04c9
18ff
0011
1b0a
fcd2
0952
feff
0def
2067
f9d0
1470
1334
0a9f
f569
008a
047a
fd7f
fec8
0606
0467
0c9f
fb15
13b8
0aad
e0e8
fd28
fcb1
040e
08f8
f86d
f60e
1528
00c3
f6f2
f2c2
06b9
000a
1782
077f
f9c4
06bf
0836
161f
08f8
0576
ecf4
03f1
fb44
0716
1c26
fc99
0385
0340
2004
1d71
ff9b
042e
e743
ed08
1b0c
f945
f8c6
2051
0eb8
1145
0961
3861
ec30
0c60
22a9
ff80
00d3
ebfa
e760
fb68
13b0
197d
fc76
073b
f5dc
2986
0911
062d
e881
0adb
1617
2bac
03c3
edd9
fd10
fd9b
fc76
1794
fbfc
fccc
06ea
0458
f6bb
fe90
08ad
1b43
385f
0941
e7cc
1f11
ff46
f491
0fe2
076e
0d6c
fd14
eb7f
03ae
f3a2
15f7
ed45
fd08
0d9d
fc2e
0065
0f7e
e3ec
fe23
04c4
0e5e
de58
ffcc
f519
07f6
1b4c
0233
166f
fa02
00a8
e692
0e42
29ba
02fa
ff19
1615
1784
f17a
010d
0806
f98f
0487
0b56
ef7b
ff28
2966
15df
0910
e59e
fdf7
fa4f
0238
ff42
f340
0ffb
0a5d
0b7b
012a
0b43
08e1
f751
109b
0ee5
ef9e
0563
f6b3
1d44
134d
0166
f7b5
0dfb
e995
f898
17d6
f7b0
0968
f101
11a4
008e
f7e6
0f97
ca6b
da6a
0dbf
056d
fdb6
03e9
28e0
0546
03ce
24ca
e6c4
0843
02cc
0aee
0b75
f92c
dc50
0357
2a0f
17b5
e383
1ad7
e3aa
1b51
0d34
126f
f393
f6d2
12a0
3cde
09b3
f8b4
073c
f5a6
fb83
2100
03fd
f0ac
0594
07da
fbc7
082e
083e
23d2
2305
f981
de8b
f732
0726
fd4a
094c
0829
0e31
00ec
f30a
0f1f
f149
1b2b
f362
ed54
0c2f
0a57
0792
0388
d9a3
ed16
1d92
1f84
f555
f909
1249
08d1
1262
0dd7
2012
048d
fee5
d904
f395
3c8d
1ef0
fd8e
2205
0305
f3bc
f99f
09be
f2e6
e973
1819
f181
f5e7
0aec
0a04
0365
f491
0429
f5bd
073c
078f
0f04
0ede
ffeb
f561
f562
0ee4
0b73
fadc
0860
10d5
fb95
0838
003b
0b5c
188a
f4b2
0692
1186
eda4
ff0b
1b6a
09bf
1dfa
d56f
2466
f457
0cc9
ff14
b146
e7a2
07e3
021a
fcda
ff14
0e1a
0952
0aba
12f2
e922
fe68
072f
0a85
fa48
fbe1
e79b
12fb
2a8b
1ca0
e283
1f86
e329
40a0
0740
1914
f345
0cd7
f1a6
522e
06ed
f726
f824
e641
0d83
16e0
1359
de77
ed5e
0456
f266
ef9f
0125
247f
247f
0641
f388
eba7
e875
f934
1ed2
f501
f8c0
ee4c
ef70
1208
f4dd
1d23
ddf3
fa9b
05a1
e40d
fe33
f76a
e949
ee40
2dfc
28f2
fcb2
ef0c
2615
2515
0dd5
22de
1742
f814
0b11
c694
fa53
49e8
134b
f10c
0518
07c6
ff20
0093
11ff
fba6
0f34
0472
fbd9
00f0
1f0f
1dc5
08e0
ee05
f787
f1fa
edb2
0826
03f3
189f
0294
027f
e4c0
0f65
1330
f202
0920
1797
fc08
166f
e867
1925
1c82
f0c6
1ad2
011c
f3b1
ffbd
1a65
0605
0aa5
e324
134b
0678
f679
ec34
c02c
ccf8
052a
09a5
ff35
0d6d
160f
0e55
01f6
1c0c
e867
fd4f
14ef
06bb
0d56
f9b2
d8c5
0bae
261a
203a
f3dc
2fca
e6ea
3c60
0d7f
0265
0cad
f529
0bfd
2ddd
2ab0
f65c
e27e
0b09
f0eb
28d2
054e
fa85
f25e
13ad
f70a
1220
f70c
3e64
2c55
f6a8
f156
eefe
f796
03c3
1530
09b0
004a
ffe2
fa3f
0f22
fd1f
08db
f8a8
058f
2201
f1b0
10c3
0e79
e615
08bc
2d2b
2311
fc9c
eec8
097f
0232
050a
10d1
0349
00ad
fd5b
d61f
f77b
391f
0c01
fc77
0007
11e0
031e
fb3f
100d
0444
0057
0ace
f520
03d5
03c9
280c
f4e8
e8fd
020f
f5a0
f4f1
fafe
f590
00b1
13a2
fdd9
ef88
f0a6
138d
ec8a
0d92
053b
029e
1d65
fb10
138c
1d1e
094a
0b53
0c3c
010a
f3f9
0f3f
0180
07ba
f040
121d
0b0d
fc8c
f903
e41c
cb42
087a
1347
fc85
13e1
092e
0ab9
0298
2044
e35e
fb2d
1dc1
0dea
0d15
036a
f8b5
ed79
0019
0622
eef3
0e57
f38e
274f
1522
0986
f5df
1446
20bc
1f6d
ffc5
03fa
00a1
fdda
ff7e
1cc6
00cf
fe65
f767
fdad
f65d
0978
f549
242a
2c64
fd65
e5c9
f565
fd12
0626
09d4
06d0
09a3
e7c6
fd4b
173b
f8fb
217c
fb00
00d5
01b6
eced
052e
ffe7
db27
064f
32ee
2b17
fc75
e8e8
0203
227c
0ec6
147d
09b8
ffc9
f350
d1b5
e2ae
4ec3
0eb3
fa6f
033e
0f33
f622
ef9e
0751
1840
08ce
047e
e8cc
f6cf
15fe
2892
f424
ed31
03c8
0405
dc91
fa50
ffc5
13a5
0ef7
f71d
eca8
fd54
19ec
ece2
1ae4
09a2
0ef8
4633
ed14
0d51
1366
0361
fd42
0002
f5bd
fd5f
0916
17c8
fdcc
ee7a
0f9c
0e34
f6f8
fb60
e2a9
d0be
02d3
1970
fcab
f195
024b
0730
f7f4
160b
e275
f10b
1e82
09c0
26e5
0487
e038
040c
14dc
0b77
efad
02b2
f397
2c4d
0b9e
1666
ef83
01f3
f445
3430
fd83
f24f
fa9f
f972
fc1c
14ad
f852
0105
017d
0431
fe49
1351
f1fc
430c
18d5
f4dd
eac6
f5e2
f5ec
f99a
132f
f491
fcc0
f230
0714
17fe
f4a5
1245
ec60
eee3
0319
eb3f
f586
0fbe
caa9
f6e9
2cc6
29cc
ea3e
fa7f
0b52
1238
07d1
2c0e
0465
f518
e369
ce3f
f90d
6255
0ced
f952
ffe7
09ab
017d
eda2
079f
09ac
02fb
00d4
ea1d
fd86
1439
21d3
01ee
e4af
00e2
f66b
f0f4
f77a
fb59
0857
faa9
042f
ef0c
0903
0f4c
f34f
ff0b
0db1
efe5
1767
ebf9
1f6b
1f0c
ef7b
2d2a
fc41
f5cb
092e
0c9b
0c53
153c
e483
1623
0c60
fd29
f3ad
c92c
d40f
055a
1421
f722
096a
0d01
0fbc
f35f
0120
cf5e
f96b
2ff0
fff2
24f0
07a5
d6b8
02f8
074a
08b5
f232
290d
e858
30ea
1a46
0d01
1933
dce8
eedf
23bb
02ba
0111
ee67
05f1
f9d4
209f
02d0
feee
0400
0873
f780
0f0a
f6ec
4410
1297
f835
ef9c
ffe8
fcae
0b4e
fea3
1d83
21a3
edb7
f4c7
f3fc
0de0
168b
ec1e
fefe
e19c
063e
04cc
1faf
f18b
0678
0eac
0edf
e83c
e72b
f7dd
139e
edbc
0ed8
1100
f73c
0639
0102
0ef1
fc36
f950
1806
fefa
fca5
fcb6
e45e
0b25
01f1
0229
20f5
ef3b
feff
102f
24c8
1630
f902
0896
09b0
e9e0
fbb2
0901
05fc
e725
0dbf
f49f
26bd
031b
fc08
fb67
14ea
10f4
08aa
f654
15b6
0fcb
064a
e7c0
0ab3
fa3c
f2fb
107d
023b
217e
edac
1a4f
134c
f5e1
0d64
f9e6
ff4d
fa7a
f4a9
0571
fabf
ef2c
e1ce
f9e1
0e4a
e8eb
075b
32d8
0dca
0a64
fe64
ecab
faff
003b
1fff
f7b7
1200
fd5d
121f
02c1
ffa4
dba7
ef2b
fc89
0a3c
0986
d1e6
f084
1a1d
0c04
0612
063d
0f78
f36b
f25c
11e4
dd23
01fe
0181
1395
fdc3
d7cf
151e
08bd
182f
f8ed
1c71
18bf
f412
013d
e220
0c47
05af
f17a
eed2
f13c
109f
fbfc
0bfb
e9db
1a10
1436
06a1
de7e
ecd0
e337
0265
e6d7
1387
0895
1837
03a3
0cb0
0ee8
0620
f77d
3080
1737
f903
0409
f503
10d2
f94b
f67a
206a
fd23
e012
eaf7
1590
077f
fd14
f3f4
044f
fab9
1c72
f86c
0552
0155
1999
f996
1306
e94c
0420
ef9c
0c53
fecb
0186
132c
08d3
07b7
006a
f41b
153d
fef7
ef70
0dbf
efa1
077d
ebf5
2135
073b
f45e
076b
f275
1222
f13e
f107
0d20
1171
ea62
0657
f17b
15e1
f4a2
0833
1f3c
1078
0f87
03d2
0f86
ff9b
f97b
f869
ee4e
ffac
1100
0d62
ee54
fafc
d5e3
0b9a
0af0
0263
ecc3
f058
0eda
1caa
1388
ffb8
0fe7
f915
f202
eb9d
13e3
dede
f7e4
0316
1433
f1ab
f64f
1b39
13bb
16cd
f8cc
0c5f
1fa3
f3f1
e696
fadd
0ae8
fd1d
ea26
f3aa
ef5a
1abd
1be4
15d4
ee06
0eb3
0f56
1e7c
e40a
e114
f42d
03c1
ebb2
f972
ff4d
0934
fccd
0b2f
fe75
0ae7
0cd9
150e
2087
e6b9
09e6
ec32
0171
f886
079f
1ec7
f940
ee08
0c6b
1254
0bb4
f3cd
fd6c
faf6
f914
08d4
f638
0a34
ee7a
0648
ee1e
075e
f12c
0424
026d
1171
1607
fa78
070b
0b57
0b9f
142c
f336
1573
fead
e88c
f40e
09d9
fc25
dd84
142f
085f
12a6
fcba
f258
1ff7
fa1a
00e9
0d24
0854
f6fe
fa1c
f337
0403
f281
e645
1248
1117
014c
f5c0
fa1d
ec5f
0313
1208
e5d9
1575
0531
175e
0c09
137e
cd0f
fb5e
fe06
0a41
fb6f
ea39
f716
02dd
14c6
0854
0ac1
f051
f3c1
fd70
0f1b
d404
0381
fbb8
13a8
fae1
f38f
09c7
03f2
1514
fd38
0702
0f6c
f10d
fc3f
e79f
178f
0c0f
0307
025d
0c4d
0e52
fba0
0c8b
f202
0f98
053a
00ce
f9da
e1d6
db64
0686
f05d
07bf
0de5
ff4d
2120
e9c0
05b7
fd8b
fd31
1d36
0459
e2b2
063e
f18a
03d6
09c5
ffd0
0937
f6d1
001b
03e9
262c
111c
fdf4
00f7
fe11
f0dd
1783
f50e
1476
e796
1f2c
d847
0773
0165
0ae6
0bf5
15ea
0cfa
f79b
fd63
fe55
0437
f2a0
fad8
f8ac
0821
f988
0a45
e8b9
0d79
d73c
3c0b
1be0
ea1c
06bb
fa57
153b
fb1c
f96f
00ca
1402
f81f
0119
ea83
1cf1
fd84
e634
15a8
02ca
0803
eaa6
0c91
f2f1
04e0
1be3
d6e2
1822
fcab
1a2f
1c6c
044c
df5b
f9fd
09af
2000
f4b8
ea4d
dcb7
229c
0ed0
111f
0670
f814
fef1
ff97
0360
d9f3
07f9
0cf8
0f33
ff71
e803
1735
02b2
128a
014d
f6e0
089a
ec1a
f813
07b7
0781
17e3
ff64
04a5
0c44
1069
22ec
1416
e348
1875
175c
1090
f935
daa7
e49d
fc38
07d5
0a83
fd4f
e9bc
111f
f5d3
0f2a
fd94
0bc2
141f
0a5c
f217
ff09
e204
fb89
0d6a
f99b
17c7
fbf1
1180
f24a
2156
01c2
ef34
0e8e
e9fa
e5c0
ff96
f60a
1cf6
f692
f704
e9d6
f446
0e19
070a
0420
148a
08cc
06ef
0b19
f5eb
fddb
07eb
096a
fc8c
f31c
fc5c
ea03
e9f2
fab5
e8fc
1337
0793
fba6
0713
077b
12b5
f96a
f5b6
f317
26d0
1162
ffd3
f1dc
31a4
f7c3
e61c
1918
102f
0101
f1f6
edfb
010b
fdce
1b93
e5ec
1f8d
e522
19b6
1834
0b62
ec0c
fb0e
f6be
1b93
0e18
f350
ded1
1b6d
0399
0495
0ab7
fe0c
f118
0b78
1704
e4a5
13d2
ef27
1277
dcb9
fadf
0723
eb2d
fe71
087b
ffeb
075e
ed85
ed4a
21df
fd63
02f6
ef09
11bf
f87f
09c6
2494
08d5
d9fe
0f1e
0fd6
0ee4
0502
cdb5
eccd
06a1
1034
0e15
f199
0b48
fccf
e5cb
04d9
fac8
12f6
1521
00ea
dcbf
0eda
d629
0812
217b
0659
1bd7
ff6e
228d
0bc7
23ac
15cb
f6df
1b1b
e0b3
ddc0
fb7f
0ac1
27c6
e86d
eb18
e8c0
09e8
0fce
00c3
10f9
1a1c
20e8
f476
fc20
0e2b
172f
f911
ff1e
fd0d
fcf7
f927
f405
ff91
de9b
e916
11a9
2560
1890
00a0
06bf
1d22
faa4
ee46
f7f9
2878
293f
02f7
faa8
1178
f2b8
e7be
ff14
feed
f7b4
ee09
f25b
062c
0c66
350b
e3fa
1649
f170
0eda
19b4
0ebc
f9b1
da0b
ccf8
0dcb
1a6a
c782
dcb2
2008
febf
0993
00b7
0463
ff5e
05c5
fed2
e50e
063a
0432
2564
f957
f506
215b
f248
0259
0001
03ec
1a9e
fec2
eb4d
23fe
07a1
0cd0
f811
fd9b
0055
f66d
229e
0793
ef25
ee3b
1410
1d0b
ff85
ea53
fa56
06c1
1899
0a70
ed88
ffb5
0916
c2f9
0bb5
1839
1663
04c9
055f
f412
0957
d336
0c93
1a91
0987
2123
032e
11f5
0b8a
171c
0b2a
06e1
0956
e80c
db4a
f4f7
1b4d
205b
d0dc
ef37
dc02
fdbf
01c8
147d
124a
1671
028d
fb6c
07c7
09f4
1a13
ffc7
079d
0cf5
0acc
f905
f5c8
ed11
de51
d685
1ae9
1632
0cf9
0919
e238
046c
eae8
f474
f851
178f
1bc1
1544
016f
0129
f922
f968
f652
0395
de6c
deb8
fd73
1499
094d
190e
d845
1bf8
fbd5
1aea
18de
01fb
f4ab
e3a0
0162
1ab9
0cde
ebcb
d935
f672
12cc
0c3e
0494
fe81
fe85
082c
ed6b
f4ae
02ea
06b1
29fc
f8d5
ef08
2742
f743
07f6
fb31
14a8
0d8e
0fa6
fa51
f9c7
0250
e774
f2ae
0f84
0672
f8c3
153d
1240
ecc5
f22c
f98f
0ca3
f9d4
f366
e95e
fb3c
e36e
eeb0
faf1
139c
0cc6
dc3a
11c3
0cba
0080
fd11
1810
e6fa
f659
f187
1fc1
0889
f8cf
1ace
103a
110e
1248
29c7
19af
05c8
10a8
e9e4
fb26
0848
fc35
f9ff
ef09
0e30
fd29
f5f8
f49e
0a9d
0351
1a46
f6ff
df9c
11ef
f2d3
0cc9
0966
f109
1d73
026b
02d6
018a
f5c0
ea5c
f565
f775
f31f
0ec2
0c67
f650
1b7b
f354
f781
0911
3bb3
06d6
214e
083e
0c52
fee4
1629
08e7
0760
f4e9
e178
0735
fe09
f40b
0e24
da40
0cb2
0de9
0543
091c
0bfc
db25
182a
2115
efdd
0d3b
ea6d
fb19
f824
09bf
f4a9
0867
0de5
ea50
06f4
edf8
eab7
0a31
e00f
0479
062b
e311
2c93
f97a
f91b
0fb5
140d
11f8
0370
06f1
fd00
f980
fb82
fca7
052f
0b0c
fc50
0fd2
0a35
de3f
0a42
0cdb
01ff
eb60
f429
e7aa
f682
f2f8
e0c0
f590
2cfd
0e23
de86
1533
0e9c
13b0
1690
1005
f63c
fc86
f6d1
1a8e
0c71
0a91
0a35
195b
eb59
1e1d
35f4
1707
fb0a
fad9
036e
f5f8
06aa
ed8b
00cd
f25c
1462
f3d2
e2dd
00fb
09af
0781
0407
f441
fd45
238c
f216
0f8a
062b
2243
18d9
0321
051a
028a
fdb5
ec65
f1e2
0389
ffae
056d
0e58
f4c1
237b
fff2
0a77
03f0
1d5b
2881
15d2
fee0
0bf0
f846
fd8a
096b
031b
fa45
efc1
fc9f
0bdd
0265
f37d
ebdd
101f
070d
0e70
0fec
104a
dba3
2331
0bef
efe8
1d52
f61e
f932
ffb9
0c74
04e8
ffde
0de5
fae0
1271
e4bf
e6b0
10c3
e4cd
1401
0369
e804
3218
0028
0ac1
03bb
0a55
11ed
056d
f6a4
ea65
05cf
f6e1
fbaa
0bc8
06d6
f370
0a59
124a
f00c
f31e
303c
0f2f
f64a
f854
ff00
fce4
eb2e
f93c
08e4
2555
1a9f
ee8d
0576
0dd2
140f
1069
fadd
06e5
fda0
008e
1cac
fc6c
111b
0284
0aaf
f022
0b88
1289
0962
0363
f50a
efea
ebf1
fbc4
fff7
f3bd
f346
055a
fc6d
bfef
f503
045a
03a7
0586
ee25
fe08
2243
05e3
fede
08b8
123c
0c56
055b
ffc7
f927
02c6
fab6
fb48
03bd
f945
050b
05fb
fafc
0411
fd97
039a
0b63
159e
0a7b
1b4b
f5ba
1f18
0020
0b7f
0177
019e
0049
f60f
032f
102b
0b1e
04f7
ec5a
1f49
f8fd
13f3
061d
f589
ec28
018d
03ef
001a
05bd
f4a5
06c7
0406
13c6
168b
fe4c
0dc4
0346
0f1a
eb2a
f290
067d
eac1
1d8e
fc31
e9b3
1b51
f8e3
0e10
ffbe
10ed
07fd
0c59
f7eb
0d4d
012c
2249
f0a9
f471
fe1c
0801
fe68
1c04
f2ad
f9ef
4311
0e69
f61e
fe64
fbc4
f221
0e08
049a
0ff8
14a8
0685
dc29
fe12
0d7f
1bfc
0f88
06bb
08d6
f303
f615
1cb7
0364
061d
fd43
00b4
f34b
1079
2024
f94a
000c
055e
f544
f878
09e3
f99a
0b13
f149
024e
f429
d105
fd4a
fecf
0d49
f675
efa5
f6f7
18c8
fed8
0a15
0c2b
ffd5
136a
0631
00ed
fcdb
0b69
fb33
f84c
2557
ffbb
04b8
0a17
0281
fe6d
f0ca
f4c3
01e6
2a16
1288
0cf4
fb74
1b1e
0301
fe8a
0eb7
0a52
f154
ecb1
fbbf
1550
fa3c
0d25
f887
0b05
057f
2634
059d
007a
f13e
f4ce
f107
0bca
0777
f352
e2bd
f33f
06ba
2321
0422
03cb
0dda
114b
f8a0
0241
f932
fc37
15cf
ece8
ed7c
0d37
ffb4
f0d0
fa5f
f873
0c61
ff26
eec8
25bd
fb62
0e39
e326
01ff
0623
007b
0da2
0b5e
f667
f979
32db
0fa2
f227
ed40
f274
f3bb
1833
0d20
1153
12c7
0f71
d34b
f002
28d5
0f5b
1b74
09b9
fd40
f136
fa06
0d4e
0425
13e6
f426
0ba9
edf8
0260
3024
0abf
e8a0
07b5
f297
e482
04fb
e9b1
1271
063d
f474
002f
dde0
f127
f3d4
1bcd
04f6
eba6
eaff
0e5f
1660
0d3e
fa2f
f28a
008e
f7bf
0b1a
0698
ff7d
fc61
f4e2
1054
06b6
f8ed
0a64
0dbb
f468
0379
0234
f86f
1a45
0987
fb92
ff7b
27da
06ad
0219
0330
0c0c
e69a
f392
dcce
0180
1305
053a
096f
fbae
00a2
2136
13ce
00c8
e804
edbe
0791
229a
f9d7
e9b1
ed5b
f8fc
fad1
0d3f
0a13
0c73
0a5c
0088
faa9
048d
07b7
fcc7
21fd
ebb4
f4a5
287f
0b46
ecc0
f19c
f7e4
084c
f0ef
ecaa
1d64
0c08
4108
db84
fee2
0b36
0739
1834
f757
048d
f5f5
4e39
195e
00e4
f04e
19ca
f90d
0fff
3732
0e37
fede
fe4a
bc18
fe1e
3561
0e5c
0df0
e3ca
f711
fb19
e8f3
1221
2499
0fa1
0cdf
fe98
017d
26cf
20c6
0308
dc0b
072f
eaaa
dbaf
ff66
1b23
1072
e259
f966
ed7f
dade
04fa
f958
220d
06f7
e50b
0fc3
f5ed
1993
0abe
f564
1a53
06a3
ff04
0607
0783
f400
fe10
e62e
2814
0d67
1456
063e
f5ed
d708
0bed
055f
fbe3
ec42
1775
ee7a
0096
0a99
fc45
0184
1090
049f
00e8
e755
e0bc
1968
2b82
1524
10b5
0c36
f27d
2b4e
26b7
f4db
0771
e340
fe46
29e6
087e
e3a4
ec6d
ef2e
0689
1d78
0e1f
fe38
1130
0331
f558
0eff
fc6b
3609
2838
ff9e
f0d6
069e
170f
0947
efed
f008
14bb
f7db
fbe3
0c5a
0228
1902
daa8
0faa
0cd4
f543
0e7e
1746
fb09
ec9d
1e8e
0635
e649
f435
05c6
08e3
0685
ffad
1783
1133
156f
c9cb
ffe0
2450
00a3
0dd0
f83f
08a8
efec
fcb5
11f0
16c1
018a
ec05
10ea
fd7c
fd5f
28d2
06e9
ef01
f8a2
f87f
e715
0a68
1438
fc8f
01c8
f75d
e534
f451
f393
03d8
18b6
0490
ee05
fed7
0418
1452
f399
f8b7
02e2
ff10
0214
056c
0aea
e46f
fb8c
f3ea
1ab2
11a5
fcd0
030a
e962
e23f
fe20
f29d
ffd7
1bfd
fcf1
0a41
0b27
235e
011a
0824
15c0
09d0
062d
e96b
e45b
04d8
1282
0883
088c
0491
0e45
0eae
0ec9
0f9e
ed1c
f28d
0c63
06db
f920
020f
dbc7
f75d
f511
07e5
0e1c
f4e8
ff23
0502
f2f5
fb63
1196
189f
3040
04a5
f015
1b51
f71b
0ba3
05da
0da6
0fbd
fd07
f0af
fee1
0871
0519
f6c0
f70f
0d2d
f9bd
0c00
1bb3
fd1f
0976
e914
09df
dae3
fca0
fd1e
1461
1c89
f09e
2629
1153
135e
e647
fcd1
0b01
ff74
09c4
0ee9
0dd0
f566
fe02
1119
f701
0c4d
0a4e
fcc9
e7d3
066e
19cc
126a
e5d1
0712
f1ae
f503
fdf8
f0c9
02c6
fd7e
f55c
fe10
fff4
f2ca
0a4f
0331
0971
ec38
fe1f
11e1
18ed
f444
ffac
f4b1
0b39
fd4b
010c
ed8d
f7d4
f543
fc9a
fb6b
fd31
f272
07a8
ea32
eaca
0823
029e
0853
1c1f
039e
1613
0938
3174
fa07
fb29
fbf0
089a
108c
f483
e96c
e90a
144b
0c64
045b
0b7f
fbd3
f6d2
07e6
0c45
f7d2
0e1c
0f2a
f6d4
0703
f9de
f57c
0a39
fe9c
f6ab
fa54
ef74
028e
0fdb
010d
0de7
0fc4
1d31
1aef
0338
f675
1ae3
19f1
ee51
f3fe
ff4e
1795
f85b
f4f8
edbf
0978
2c28
e44d
ea6e
14bd
ef5e
ffda
0616
ef75
07e6
00bb
f5b3
001f
f381
0f37
1b56
e746
0a5b
2671
1280
2657
d2b0
0113
2198
f5d6
0ca7
0677
03c1
fdf2
f196
0b28
10aa
f2bc
1898
fbb7
e0ac
11e5
0ece
16d7
f895
ff25
f5df
f7a6
0dd1
1100
f7b6
031d
0efc
fa6b
174b
f046
f72b
0c4a
0ba0
e0aa
197a
f8ac
16ce
fc3e
fd1d
f6e0
0371
f7af
fedc
1f8b
f547
2343
f8f8
238c
0408
018f
02ec
dd56
f27f
fe82
e7e7
084a
063e
f584
ee44
12c4
2d22
fa13
0c83
0126
1573
0381
f946
023b
052c
2905
0efa
f853
0e56
fb71
09ee
1493
f72f
f29c
f6db
f564
1748
f358
02ca
da50
f306
0d7e
fad3
0ae4
e871
fac7
f921
e4a1
f688
023c
2394
2afa
1157
f49e
258b
f671
0f33
fb7c
0daf
0500
fa7b
f2a6
fca9
fdaa
f13a
dc82
fd3b
132b
e7cc
fe2c
0b54
ebe3
0d7a
0211
f0a0
f6d6
f3ce
0160
1e0a
f8cf
082e
2354
1993
2038
d47c
fd98
11f8
fef8
1297
09dd
09f0
f0c1
0968
1fac
0a82
ff1c
0209
ffe8
ed0e
15f4
197e
1c56
fe8d
f8b3
f2a1
f0e6
13de
f1f3
fd1d
f9a8
1677
ef0c
ff80
fd13
0657
04ff
08fe
e9e4
031c
fbe9
15c9
0b82
0375
e8c6
0b27
f796
f442
1557
f401
0aaf
f6a2
ff08
fdc7
e1dc
fd29
f026
f6d1
fad2
f54d
14a3
253e
ef80
137b
11bf
3fb9
058f
fba8
0496
10df
0398
0100
0237
e8fc
1468
18a0
fc30
f7da
0d65
fd85
0ece
0a6a
f3ef
0721
168c
f7f0
0319
261d
dfb5
143b
f943
fbdf
0218
f569
fff5
0869
e143
0074
f15c
3912
1456
0211
f77a
1ba4
f9fd
0803
05a8
03e5
01ce
f5c7
fac6
ff20
04e5
04cf
e6a5
f960
2415
f9ab
1e1e
023c
e6b0
fe8f
1a30
fe99
f293
f2f0
050b
0ce3
fb0f
0a1c
0771
055f
123c
c5da
f55d
09cb
0724
163f
dc95
fcf6
f9bd
fa16
14b5
11cb
092d
11bd
e5d0
f8a5
195e
3367
ff8d
f48a
ff14
efc6
e322
0aad
f816
1750
0583
00b6
e72a
e9f8
ffce
f5ff
08b4
117d
f184
2b65
06fa
0b93
25dc
f65d
03c3
165a
040d
f7b3
f77c
fa39
fd37
dfe4
0665
108a
03d5
fa61
f61b
eaea
06ce
0d38
049a
2a02
04f0
ffc1
fee1
20a3
f3ef
f53d
0a78
0c75
0d19
027b
fff1
f39e
0668
0745
f97c
06eb
041d
03b4
1e03
001f
0811
0de7
162c
f163
fd84
13ac
f2b9
f91c
ff07
faa0
02b8
f201
0a8e
02ea
e236
fc39
0036
2138
0a6a
0ba7
f963
206c
0d4d
0b6f
ec97
07cd
066b
f78a
04ee
fd99
f7c8
ffe1
f4a4
ef76
1841
f966
060a
1084
f071
0966
1b2c
fe1b
fb2d
fc27
f767
0dda
fe28
1209
16fa
154e
18a0
d240
ebfb
1b59
f889
081f
f997
0339
f674
01cf
172c
046a
f25c
f82b
f7eb
e12c
0f54
2c77
04c3
f5a3
fd2c
f910
e712
05c3
e119
039f
12d2
fa86
ee6a
df72
f489
fdce
04f0
0aa4
eccb
3bbe
0c41
107b
1764
ffe7
ee6e
0d40
efb5
f196
fbea
037c
06ae
f57a
077c
0a4b
f807
09cf
f115
fb04
f91f
f1bf
093a
046e
e7d2
104b
fd17
18ea
f5ff
ecab
0c57
1313
1b19
0587
0df6
f9fa
fbce
f327
042e
e597
057d
f6f6
fef2
1d5f
fd51
1648
faee
0670
0e2e
16e6
eada
eff5
fe88
e351
0a89
f400
02cb
fe40
e75e
fdb2
0155
2896
05f6
f53a
eaa0
0a42
ffc3
0bc3
f797
057f
f1f5
f931
131b
1c69
00da
0a9c
e753
fbb7
1043
e956
fad7
1bb5
dd03
fcd6
1ad4
11e7
e8df
01c7
fa9e
1d6a
fbdc
1cfe
0f5a
f89b
0754
d6e8
f723
2f14
15f3
18de
fefb
f5f5
f3dd
ee2f
11da
0e5d
fafa
1087
ecda
eb72
2015
170d
0b9a
e4fe
0be1
002c
e189
070f
02d2
142d
0342
f680
eb5d
fa40
0863
00c8
0a6d
0bdf
f274
12ff
0080
1b6c
1e50
005d
1e53
002a
f2d8
00ca
f729
0753
12ce
e9d4
0fdf
0952
02fa
fe8a
ed5e
e4b7
0201
f58b
f5e7
02a5
0975
fdba
fa49
0e40
ec60
f976
3608
0bd2
2b99
020d
fc43
f7c2
02df
1212
0540
171d
08f5
2016
1b83
1659
16ce
ef99
fc50
1345
efab
fa03
d47b
06e3
f91c
090b
022f
028a
ff8e
0181
da9e
f730
0027
3783
0102
0653
ef50
0167
f778
02cd
0ddb
ffb9
0e05
ed52
de33
ffe8
fee0
11d3
e0d3
0102
c613
146b
0a53
fc17
f973
16de
1831
fb24
e66c
daee
f74d
0c01
fe46
2fb1
07ca
0a97
00d4
d66b
fbf8
0e12
07ec
00b8
0b2f
df03
0342
dc8e
06a7
08e2
f9ec
2e21
dece
0dc1
fe2c
2bb7
0e87
f216
0151
0e67
ee40
e8c3
1167
2244
e9d8
006b
dc66
262f
03f8
feb1
0834
0ef3
286c
0cc8
fd00
36c6
16c2
02a1
03cc
1359
fcfa
fd6e
1656
0aa0
fc39
ecf3
31ef
2db5
fc4d
ff37
d0eb
e4c6
f7b8
f7a2
1426
f3c7
ee3b
e582
e709
edd6
dd15
e64e
3970
0499
034e
fa78
cc0e
09f1
022f
14ea
f8e7
0d27
02c2
1a9f
076d
0960
eb90
e4c2
ea9f
1725
20a8
d7e4
edd9
1868
0c0a
070d
f88c
0a8a
f92e
fc44
0b05
dfcd
fd87
1403
07c2
ed7d
f088
25a7
1454
0933
0abf
012d
1388
f6d5
f3bd
ff07
0a61
1164
e745
fda5
d57b
1f57
0598
f339
e402
1dcb
0db9
0961
e6d8
f06f
0200
0b8b
f6c0
248f
fcfb
0ec4
f392
e43b
0059
022f
0bec
0fe9
1dad
eb0b
0165
f6ad
03e6
ff78
f8ba
2672
ef52
f9ef
eefe
21c9
0a57
f873
f678
0cd1
e9fc
0695
045e
2871
fdee
fb25
ead3
2894
fe3c
0543
060f
01ec
1923
fade
0d33
22b5
1614
ffc1
0533
23c7
fd5a
f3cb
0320
0073
ff5f
e6c0
2afe
18c9
f9f1
f418
d8cb
f220
edf2
00ee
fd43
0c7d
f160
11cd
f1ff
f977
e544
e391
2bf6
0396
f5e6
fa38
eac6
feeb
0e85
ff5f
e629
063d
1424
171c
eb09
070c
f293
f4a7
0463
0322
1a22
e664
10f9
12cf
0ce8
ffdb
041c
00c9
eee3
f6ed
13f7
d596
fdf1
049a
097b
e8d4
0f2f
2e1c
1b43
05d6
f94e
ee95
094d
045d
e94b
16b8
feed
0213
ddc8
042f
d2ee
227a
1fa8
f5ff
f904
17dc
0656
1278
00d8
ecb0
03c5
0cdb
05f2
1c27
faef
06ac
0089
cae9
e605
0e25
1428
fa80
1c76
d8df
faaf
e6ce
f9a2
15d9
ff09
1cf4
d947
fbb3
16a8
132d
130c
f3a2
f981
fc46
f073
0b87
ffc5
2f42
e868
df79
e8f5
0448
034c
f900
067c
048f
20fa
e525
0319
297a
0ddf
053f
fbaa
27f6
f4a7
f70d
f52f
0e64
dd7c
f30c
35c3
16ee
132e
ea88
ddb2
04ab
f5d3
067c
fe67
f383
e3c6
017a
e99e
d28b
e728
cdb3
2e11
0902
f0c8
0087
dd98
0875
1485
0e66
eec9
0b40
18e8
162f
0af8
1295
e6ab
e355
f8ca
1cfb
129c
eb0b
e90f
025e
192e
ff67
fe4d
f8d7
fcad
0292
124b
d45c
f39c
058f
1815
f405
ff0e
0aee
181a
ff9d
f519
076f
0dc6
f9d9
f865
fa8e
fe76
05e1
f7dc
0025
fb68
1974
f18d
eec9
122b
156f
203c
087e
0b0f
eba6
eca0
1777
ebc2
33ea
0968
087c
05d0
d904
e725
1089
0f1d
0688
0e9f
efdc
0249
f53c
010b
0748
fda0
fe1e
fc47
f934
0f58
1617
0937
03ba
ed71
0b8d
f0a7
12a9
f3a7
1d41
f966
0ec9
f3fc
12cd
0904
01fb
08e2
03b0
070a
f630
0275
10bb
f4af
fd6c
116e
116e
feca
f4ec
02a4
0647
05f3
dcec
54f7
1010
f270
f199
dfe0
0156
f51a
00f9
050c
ec47
e16d
0986
e90a
f45c
f6c4
bf74
2e5b
09c9
1393
fc19
f4a9
0ead
11c2
181b
d996
24f9
0134
29ba
0410
09b0
dca3
f99a
1781
40cd
f99b
dda5
fb11
0e17
129d
0a2b
04c5
fac3
f54e
fc2c
ed72
d67a
fd77
0b91
19bf
01fe
f363
fb9c
1480
0a47
f4bb
0f74
16bc
0ace
04ef
ff12
f475
1b43
f8d4
eebc
fbdf
13c4
0135
fe5e
00be
1128
0208
0dfa
094a
e2d5
e02b
fea4
f70c
1c9f
068d
03e2
e844
f366
fe65
052a
098f
0765
09c6
ed56
035e
f4b6
0e76
e14f
ee01
0be8
097d
0560
fc6d
196f
110f
0684
ee83
ff71
fa81
0441
d781
13cd
0868
0654
05dd
0129
fbf7
0a8e
00ac
00d6
fb00
f5e8
05ba
1945
e461
01bc
05c8
1465
ee5b
edf4
04e0
fd79
fe2e
f163
2ad2
03e7
f1a7
fc27
e6f4
0c47
f491
f69a
1188
12ad
f7ad
04ae
fbf9
0a8d
f60d
e4c6
181b
1703
0983
0580
e1e0
10e0
fc12
030e
e9be
1e18
ea6a
07b8
ffc2
0db9
e44a
05fc
f74e
3713
12f5
eeb4
fc2d
1416
19a4
f8c7
0e7b
f582
e4eb
fd99
f921
d970
fcfe
ea42
0fa3
0440
eb48
09c4
026f
fc52
f12f
fe1e
1c93
fdd9
eb5f
1830
fa48
0c09
ee0c
fbe2
e392
02ce
1303
e8c6
f764
0cda
1f2c
10c7
10cc
db7a
f49e
fff5
0101
218e
ff40
1348
e98d
cf01
0001
058d
1768
0452
0b4e
df7a
10ca
f5d5
0500
0644
f92a
2d28
0311
09a7
0c54
1022
1fc1
f537
f9c5
fe72
ec6f
045d
038b
17de
efa3
e277
fe6c
092e
0868
fd86
0a72
0063
19a1
f822
f0fb
1f18
044c
fea4
1cbb
1721
f321
f3c1
0410
0b70
d21c
e622
2c41
1784
0d3c
0528
dd01
04e2
f0bd
ee61
0cc0
12b2
0688
05d5
f3e0
dff5
f2ec
c6c1
1673
0af5
0865
04b1
d548
26a0
0afe
19cc
e194
285b
f2a3
1e4c
0b49
1d27
ee3d
e12d
df57
2dc7
11ef
cd6d
eb8f
095b
0bf8
fdf4
fea6
04b3
ec8b
fe89
e656
e8d2
f0c0
f875
1507
0caf
f4f1
0e18
0a57
ff75
f073
10f9
1c22
14f7
f5a4
03e7
ff4f
f84f
f430
f81b
0d43
fc55
02e8
0426
0ae0
fff1
1a99
126b
0774
f11e
f9d3
0135
de9c
0df4
0be4
1999
fe3b
f458
1c3f
01ad
fecd
13d4
1184
0549
0e6f
09ad
21e3
f876
fcbc
0757
0f71
f2ae
11cf
129c
3126
12ef
e280
0271
e9ec
18bd
01e2
07bd
ec30
fc1d
fb1d
0cb0
f18c
fadc
126e
fa15
f927
f5c1
fecf
1b8f
e7c9
1409
fc3b
2890
fa60
f047
1103
f478
ce38
0adf
15e9
08d1
ebf7
fdd5
e104
f4a0
f172
ec4c
1052
1861
f115
0f1c
feb0
0b55
f83c
f472
0473
1c6f
0084
fb95
f760
0a10
03bb
1acb
d809
0e08
09ca
016c
0457
0903
dc78
0009
1d34
3a7b
f98a
edfb
f120
fee0
1f6c
ee01
ff95
05aa
e458
fe10
d54d
e336
faf1
e826
1ed6
1685
d977
0b4a
03cd
0a4b
f56a
1d86
1071
1141
0e0a
f6b0
f767
e04a
ec99
fd0f
fa83
0174
fba7
0987
0bff
fbc0
0934
f187
09b7
edec
f0fd
f849
db07
f5db
13d0
2318
0378
e80d
05c2
0a8a
0919
e56a
1310
0aea
0033
066c
26cc
eb32
fdfc
1dd6
1532
f506
18f1
1925
1fe4
07c7
eea4
05bd
0536
0b51
fc39
001b
020a
0298
0020
fa58
ecca
f837
f916
074d
f463
d120
15b3
0b18
ec93
0eaa
faf6
288c
fae6
f350
0f15
0204
dc5c
fad0
09f6
f1c9
ee26
058b
d411
1578
ebc5
f5ea
1863
1e19
ec4e
18cb
03a5
ef8b
fb86
ecc6
142f
103e
e8a4
f448
f05b
1eb5
ec64
0377
d33b
1642
05ab
feec
0540
19c9
ccdc
1d52
1c5b
2540
0af8
f8f7
06af
f21f
19e0
ea8f
fb2f
0d70
e8a5
039e
de1e
dced
0932
e221
0b8a
0f31
cf8f
1299
0cc3
0673
0299
16cc
0b84
10e7
023e
fcf5
fb79
f0e1
e4b6
facd
04ad
f98b
f28b
ee9b
e9ab
1e30
30a7
f42d
fbef
03a7
0c77
f31d
e421
e659
025c
3449
0122
ed36
16fb
178e
0721
17a3
0918
07f3
f9d5
14c8
2396
f902
0887
19aa
11bd
d034
152e
2ac4
2a71
0432
e610
18e4
0b60
14dc
0481
fa6c
09be
fdab
f742
e660
fc77
f0c9
08e1
fc72
f3bc
e7fa
117e
10ff
02d7
0702
282c
2662
f311
0469
173e
00c1
eda9
f5f7
0148
f386
ec86
0871
dc33
0a1f
f61f
0853
1688
164b
f83a
294a
00f4
f469
f7d9
fced
136f
0e43
eb26
fe61
ec16
0ea6
00ad
fbaf
e275
1052
1aeb
1e14
033c
11d6
d2ec
2612
1a06
19c4
1044
064e
fcd1
0818
13ce
fd00
fb46
0f59
eb2f
048f
ea07
f2f4
fb73
e337
15d6
1121
eaf5
226c
09c3
12aa
fb1e
138b
05b4
1d0c
fc90
eaa4
f6e4
033c
e3e3
03b4
136c
eca4
fc86
f9b3
f435
140d
4295
fd20
049c
08ad
06b5
f7be
efc7
f5ef
0a19
2761
07f6
0218
1b9b
1b70
1a8f
0ef5
121b
10c3
f721
ffde
2209
f001
fb49
0377
03ec
e4d9
0ce7
14f5
22d2
0eef
e701
11f5
0f84
10f0
f79a
f620
0a42
f6f8
fff2
debf
f393
e8ce
0a6d
0593
ed6c
f60f
164d
1370
e89e
10fa
1bc0
1fa0
f592
0026
08e7
f616
f89e
0d93
f793
f877
ec90
144c
e1f4
e4a6
0426
f939
0c20
12b1
f48d
23d3
f32b
0990
0163
fb43
15d9
0c08
e55c
ff23
f9b2
08e9
0dcb
0829
e6ed
183d
12e7
0a17
0246
0a74
e4e7
1c30
1045
2d0e
00b7
00d6
06ee
0e3f
0bfc
0f63
f343
0c8a
f654
0095
e1d4
006b
fb0d
dd03
2d1f
0e67
e17e
1f06
0e55
0af4
02e8
06df
04f3
1537
ee46
00fb
fd76
0101
d804
e9d6
0598
080f
0433
fb72
0c25
0e52
4aa9
e41f
0a18
0314
f44f
fb5a
1672
0baf
0d86
336e
f9a0
e868
0d40
05f3
2437
0695
1600
0de1
f147
f547
1c38
0068
0011
f719
02fa
ee16
0dd7
2243
1542
f93a
f069
05b6
0375
08b1
f5a2
0b77
0f1b
eef9
060b
df97
0187
e9fa
10d7
f3cd
e55d
dfaf
093c
09b4
fdd4
05d1
0663
1ce2
f72c
fee7
1034
fce0
f39e
00ec
3103
01be
f466
0dea
e698
e00a
fe23
f5ef
09df
0c37
07f5
1d18
faaa
0f75
f7ef
ef6c
36a3
158d
f04e
f1e5
f368
04e3
1031
13a4
ed0b
f9b5
211e
16ba
00f1
12c4
d89f
18e5
f952
2698
f3b8
fefa
0bd2
0a63
13c1
1233
fb69
0135
fafb
ff73
e50b
fb4f
ed5f
ea92
2309
fb83
0338
2f76
0cb7
0199
f3d5
f732
0f9a
0def
f801
1168
ec86
fe5e
d40c
f896
065e
0993
02fd
0e03
11d4
0f50
3263
f6d6
09ef
f011
f278
f78e
0828
13b5
16ec
27fb
f55b
e1f2
fb3f
10f4
0fb0
157c
28a0
1317
fe07
0ab2
08ad
f240
154c
ed0b
12a4
e8a3
034c
3300
1439
0257
f3a5
057f
fdb5
1420
d901
0c2a
16a2
f51e
07a4
fd34
f6e3
f054
145a
fb4b
ea71
ceec
0830
17a6
0040
eb50
ec60
0fce
e96e
0308
0036
07f3
f56e
fc8f
117d
04a0
f00d
fcaf
f754
f6ea
0a23
f2b1
fca4
0d4e
fff1
1237
fba4
0e17
fc89
f659
17a4
12ac
e383
f291
ed7d
0a98
10f4
070f
f4e1
f663
1516
2068
0c68
1c9a
d156
1425
06ab
1bd2
006b
f5f8
fb49
070c
0b53
faae
fdc9
fe67
f773
ff34
ef49
f367
ffb0
ea66
1c72
0406
f4fa
37cf
1f9c
f96c
fa6d
05b8
0f82
0278
eafe
f794
fe2a
2afd
e2db
e3e8
06a4
195b
fd04
ee2b
1832
0093
6bf6
0b7f
fff9
efdc
28e5
f9df
0754
3463
131d
2371
e684
d383
f9c5
3350
1043
fcf9
0a6d
0bcd
fc2c
febd
0aef
036d
0ad7
fc6b
1541
fd80
1c72
3196
ff7d
f1cc
f773
ff61
f5da
fd18
e73b
15f1
03e8
f41a
030a
e33c
0057
01bb
189f
fad7
dd5f
0d2f
1a3b
1d7d
fd65
0bfb
170f
1e73
f3a3
0051
0d03
191b
f3bb
f440
123e
0b58
06ef
fb6e
eb4b
db52
0966
fcdb
0370
f887
06e7
1fbe
fec0
002a
ec7f
ed80
0be1
0d1e
f821
f3db
d47d
19ce
1dca
0ea9
f4ee
0839
0505
1d69
16a0
15d9
e61a
fe52
fbd6
5063
07a5
e97d
0822
f7fa
1223
1e85
fc60
04cb
00a5
fc47
eab0
ffdd
fa17
1ca0
1add
099b
036b
00b9
19f2
0c49
fec6
0182
17d9
0fdd
fec1
f8f6
f6f9
faca
ddae
ecc2
07a1
fe61
fccc
10df
07e7
f577
2125
056c
eee9
02c2
f5c1
017f
feb8
f849
2199
144f
168e
fb15
04ac
1b54
fe02
f904
1502
1fb9
eee1
0a94
0b03
e0d2
fc08
fdb3
0ff7
f7c1
10b2
0a55
fc98
fc06
e0b8
0444
00ec
0f49
e731
f670
1a12
ee1b
00bc
edbf
f3c4
0263
16b9
03be
eb86
00fe
183e
1d80
efdf
0a3b
f9be
104f
eb6d
0637
00b2
f1bd
f0af
fa8c
fc3f
0c64
e7b2
03c9
f131
dbcc
03bd
f3e1
0eaf
234f
ee12
2198
017e
21b1
0173
e836
0da3
160f
ff48
f66b
dd17
06c4
0d30
0ff2
ef5a
07c3
1b84
18f1
f44a
2784
e112
1dd9
12c5
1932
0f38
fa43
fbfd
15f2
0272
0ab8
fd16
fb48
ee41
fb30
f67c
093f
04ef
1687
1ee7
0c06
e9bd
1440
0adc
ff7a
fe7a
0be9
171c
083d
f89a
e4eb
f4af
0dae
e932
ecac
0fc4
ef96
fbb9
f44c
fb85
08d6
fb9c
0178
ee70
fbad
f61a
0c1a
fced
ec3a
264c
11c2
1304
05c4
156f
0a60
eccd
0788
2886
1411
efe3
0d26
1356
e7ab
0d6e
147b
0eea
dd46
1219
0717
0d93
fa28
ec39
01f2
0f25
0a8e
fc71
f21f
11ab
ed58
0285
16fc
f207
fe64
0d46
0428
e2d7
026d
108c
1368
eb19
09f1
f44c
0ff0
eb46
fce7
03e8
fee7
faf9
0538
faac
f4f9
db2f
02a8
e00a
e1b6
03b7
01ad
15e5
23a1
e851
0e3a
0628
0f09
ff12
007c
0dcc
1554
178e
ff1a
df55
0093
1b86
1564
eddf
1762
ffd1
f8db
fe75
18c4
ea08
1f92
0fd6
2f4c
0384
f8f2
f6ee
11e3
1617
f23c
f87d
e976
f6f9
06d4
f00a
0329
fda6
149d
1c7b
f93e
e97b
03f7
0ed2
0575
ef87
0950
0ca3
2331
04df
f9b3
016d
19ec
eee6
e7eb
1184
177d
0815
05b1
000d
06ef
11aa
02bf
f340
fff7
07a1
12cb
f8a7
0aea
176d
0d2d
1011
f422
0a39
14ed
20a3
0328
2386
15b0
fc63
0a91
0d60
f9a9
f12a
188f
0992
d6e5
1a8a
0f2a
13b1
feae
f807
fc42
1d18
135a
fd70
0817
02c7
e9a4
0a9c
0705
fcee
f7c6
152f
0dbd
e648
2ab1
00af
1301
f651
00af
ef24
1b20
f271
060f
1620
1ae2
f86c
ecc4
1922
f98e
fb6f
f420
bd6b
f1d1
fa08
e42a
12c2
16f9
f418
0ea4
0bfd
042c
f699
e613
02aa
19dc
02fb
0395
e39f
fd87
11a5
1120
d8d5
1a7a
fb19
1ff9
fa25
0586
f4ca
0db3
110e
385c
0e29
0876
f615
f595
2130
fec2
01be
e91f
e8d0
fbc6
d766
065a
fb3c
140c
1297
065d
faea
158d
0a64
1c5d
0787
036e
fe8d
1244
f614
fce3
f917
f049
e780
f8ee
1775
e629
ff0f
0bd7
0815
10f7
1ed7
fcae
fdff
fade
0113
1312
ef5f
1b30
1a54
0de9
1e09
ea2a
1465
0c43
0af2
0593
0631
0afe
0052
137b
0f2f
fa74
0124
0b41
1243
f710
087a
1138
2e66
0d1d
e381
fb80
0392
1448
ef9c
0810
f709
fa75
f5f0
067a
fe5e
e6e6
116b
0997
e5c8
135f
ec9d
1df6
f747
ecc5
f018
13ca
f3dd
00be
20a0
023c
e966
ed7f
e600
02b1
d6d0
f0b1
cc00
df43
fea9
f698
0f59
2908
ec7e
168b
0120
0db7
fe31
e66c
24e8
17cf
1048
0d87
f2fb
fc3f
0cd4
0ed6
f447
01e9
13ac
175c
f8c5
0649
e676
10dc
2479
0225
f284
1cd3
f1b2
1702
0bcd
019d
f269
f361
fc47
0486
d03d
0c58
ec01
3963
1ab9
0638
f962
1cff
0906
0e46
fe54
0b69
041a
094a
fb94
03d4
ff03
1b4f
e638
f9bf
1992
f5b2
1352
0644
0113
0b3e
32ab
0651
0716
fef6
0f99
12fa
fc52
1a5b
0790
177f
1164
e1ea
0688
2b4e
038a
02cf
eef6
0573
f9fa
0a64
1179
f971
0a01
14ed
0333
f442
375a
1423
2786
fc6e
e7b7
f320
fc3d
0a55
f3e4
145f
091f
f393
efa5
010f
052a
e5ac
196f
12f9
f3cb
3595
0831
16c9
0dfa
0468
0d23
1139
f23b
fad5
0185
0a6b
dd5b
00fe
1731
0806
e8b9
f7a7
cbcd
e99b
0185
fe70
0d1a
fed2
e7f6
05ba
fd93
00eb
ec0f
e560
3c67
154d
0f87
11d2
ec58
056a
f675
ff44
e9ab
0609
00f7
157e
0d66
07eb
f0e7
18ff
0de5
34d5
fd53
0e46
01d0
050c
fbf2
0a28
f7a0
f8fa
f8df
f302
d158
111c
eb7c
192b
2204
fe0f
f509
fecd
1c56
0e98
f07c
07c4
0e24
015d
03ec
f2ec
f690
00f5
e54d
f78c
218a
000c
fec9
1374
0654
15df
33d1
fd2d
017a
fcac
088f
100f
0697
1dfd
15ef
213d
1153
eed6
0367
2454
fc77
0115
fc43
130d
fffc
05f7
11ee
fa7e
f5ae
0502
0595
e068
2fcb
228b
27fe
f4ee
e4a0
fcad
f9c3
0d55
eba1
125f
0cf8
fbe2
f1aa
e47f
023a
ef5d
16fb
0df7
e44c
3bd1
fd88
13c7
fc23
0918
f6a2
13ca
e439
037a
2535
0026
f142
01aa
089a
01e4
e86c
0782
cb13
f1d4
fb9a
ee36
0a8e
f87d
db20
167a
06cd
fc14
ee62
ee90
0eda
13cb
34c0
0bbe
f1a4
f218
0e18
fcea
e518
f975
0f89
1295
00c1
15fe
f07a
1ffc
f446
1219
0480
08fd
fff1
0ae7
03a7
fe27
f4d5
0109
ef66
f53f
dc72
0dd7
f135
2ee8
079a
f53a
f379
119b
1b16
03ec
fe9c
ffce
fc70
027e
0a7b
1326
f9cf
0046
e103
038c
1064
f4b2
f1f6
1c72
0431
05d1
2093
0f58
f605
0af2
f8fe
0ded
ffa9
2a91
1a56
1038
fb21
e96a
f293
2e9e
0e91
12fb
070c
0b17
0473
f53e
113c
1a22
fac9
1569
f171
e6e9
2b33
22be
28e3
e495
ed41
0e15
eef9
0078
0a52
1281
f263
e5ff
de61
f1cc
0df2
f927
1092
0eaf
f8db
009f
ebe9
249c
f01f
f786
133f
0850
f465
0c74
1184
14f0
096f
fa4e
1bcb
09a2
012c
010a
be6f
e205
009e
f3da
fa7c
fb9c
e54c
06f1
fb1c
edcc
ddc3
f34a
40df
056d
40f3
125a
ef48
f503
088f
0e43
fc28
1bc0
fad8
1cd7
0c0c
0ab0
f220
030d
fb9f
3218
eaf9
00ed
f177
033c
f703
015f
f7b6
0c8a
fa59
f6e5
d670
0685
f172
48b9
14a4
ff2b
0a15
feb6
021f
1596
ff5c
277b
1592
00db
eac3
efe5
06df
1b20
ddee
f398
e47f
0cdd
f828
0d49
0677
21f3
f3c2
f4db
e067
eaee
e2d0
0a03
ea1c
1a58
0387
0eb8
103f
012c
0fe1
edeb
f9db
1b13
104b
f40f
030f
ef95
09e2
ea03
feb5
2986
e99f
fddc
278c
1e3c
30af
f076
f121
1d0b
0209
f31c
e9e0
ea0a
0bf7
07b2
ffae
1e7d
fc71
015f
f8c0
079e
0575
f649
079d
2a2d
1332
0d3a
e377
14a7
f4ad
01e2
08b9
f658
0c42
ec36
3023
10ad
ea81
fbdf
f928
fdcf
fff8
f706
075d
05d2
dc37
f1c6
f076
0ec1
e069
df04
30c0
0d30
10e0
030c
e4b4
020b
1195
18c6
f036
0c70
15cb
faf0
1504
f469
d864
00da
fb45
0d46
01c7
df01
0c92
3002
15e9
f833
0289
fa86
ed70
f79b
0c70
e176
fd17
de93
053c
0aa6
cbb2
3e93
0bdb
1cfe
00b4
1867
06af
f201
e085
dfc7
0f67
2d84
e638
f2b1
dff5
0839
fd02
ff89
f8cb
28e7
edba
054c
edc2
f2ef
dd2c
0589
eeab
125c
0047
189d
01dc
0bd7
128e
ff28
f51e
2510
110d
eb04
f750
02f0
0527
ef2c
000e
2c8c
ebfd
fbf1
2bc3
0fcc
2626
0ae3
f264
1948
efb6
0fff
fa28
f4d8
1557
0fab
f5d9
336a
f08b
00ad
f940
06ce
08a0
f495
009f
22b1
08af
0da4
eead
1c67
f638
f9c1
fa28
dcf1
ffa8
00ca
45ab
1453
f384
f058
f8ce
00ba
ecae
fdaf
0a6d
0802
dded
fc01
f4e1
09cd
e67b
0451
061b
0038
09ee
0302
ffbc
0677
2592
0b21
f29e
fd0f
1cd9
03e9
eb5e
e3b3
d97c
16ab
0667
fe86
f164
ed17
0754
3658
1d1f
faac
0046
010c
f63c
ebd7
24c6
d845
f6f0
ea77
1121
05a0
e5f5
3ea0
0e5f
1252
f052
1c44
0c51
00b0
ea78
fd88
0319
0861
ec3c
f6a4
db74
1600
0e2e
f89f
f874
246e
ea0a
1049
f59b
fb4d
f6ba
03f8
eada
0252
fbf2
144e
04c1
ef01
ef11
fa67
03ea
1123
1fd2
d4fc
f1a6
f981
fa64
f056
07c8
21d4
f77a
eebb
0933
02a1
2d5b
e2e7
fffc
0dc2
f698
0133
f419
f6cd
03bf
ecd2
fa87
1023
f825
0107
fcec
03c1
0aed
e02c
fa92
2775
0df3
16e5
0020
1bbc
f6eb
fe98
066c
fc1b
f102
ef5b
2d9b
1052
0df2
f1aa
f93d
17f0
fb31
0569
0430
05fe
e225
0135
efba
eb50
f404
db17
1e0d
0c99
086d
0522
ee2c
1dbd
17d6
076d
eb1a
0b37
1835
0752
11ba
0712
dc60
01b0
f89a
15ad
0726
ea10
f179
0bb5
1fee
0066
fe12
e41c
fd6b
f8d5
1df3
c8f1
fb9a
f45c
1b45
10ce
eeac
217d
095b
2a08
fbb0
16be
0d4d
fe7b
e3d8
f0dd
0b35
1d69
eaaa
f162
0092
27e7
f58b
f9b2
fef8
1c63
eba8
049b
f73b
f234
f465
00d2
ee7d
0de3
0683
04d5
0f9d
09d8
fa10
e9fc
0807
0f64
1f20
e27c
feac
f356
ff7a
f757
0b91
0e6b
f28b
0624
0ead
12d8
1b38
f01d
ffdc
194d
f891
fbf4
e277
f88b
090b
fb5b
ee0e
0ed9
ff33
08f8
0c3c
0760
ffa3
f388
0c94
08fa
06c5
0001
f328
10a8
03d5
fd23
f453
f634
e87b
ec3e
4274
0c7a
f882
f150
fea4
155c
0186
0346
027a
11e0
eb34
128d
e669
ffa9
f026
d642
1dab
080b
0afe
f53e
f92a
0af8
1f00
14e3
c8ac
2405
0f69
fd27
19a5
fc50
e3f7
08db
0c82
1dd0
e5b5
efec
f663
2022
1e46
084d
f813
ecde
fe80
fb0c
0c9f
d85b
088a
e5ae
0e34
197e
e405
27fa
0475
166c
ff9d
0fb8
0735
f6fd
f066
f965
fa64
359d
f2a6
f400
fca0
17f8
07eb
0872
f387
2925
f42d
1ab3
fa1c
ec0e
fcbc
f501
0a64
13c2
f73d
f366
029d
fb9b
0085
ed46
0a63
03e5
0a3a
da1c
fa06
deb5
fb6d
e911
07c3
09f3
f265
0dc6
fd71
1be7
1bc4
fc00
ff5a
06d0
ed8e
facf
f288
04c1
0d5c
f0fe
f18e
0359
0770
0cff
10af
0c6d
0b79
f9a6
0022
0659
09cf
0922
f69e
0ef8
f635
fe39
f73f
ed8d
f8c8
db45
22fd
09c6
fb8f
f69f
0502
076c
fe50
f560
fd80
2c67
02f8
fcd5
ef19
0af1
f0c7
e80e
1618
0e3d
0cb2
f93a
d93f
214c
0e9d
0fbc
c7e2
1d1f
fd38
0199
0dc5
04d3
ead6
04e6
f209
1ab9
f1e4
d92c
e49a
165c
1419
feea
fb70
e003
f3d5
006f
16b5
e61a
092f
e716
19ea
0dd4
efaf
1763
fc40
271d
f0f6
1462
14aa
054c
fa10
099d
f93b
13e8
e88e
ef12
f96a
08da
06e5
efec
ed3e
1bd9
fcfb
1447
05fb
f3fd
0136
fd9d
0a4d
0a7b
f583
0dd3
ee7c
f04b
0558
e220
1cd0
fffa
0598
d3f7
0563
f11a
fe90
f96d
0634
1503
f556
0c40
00cf
12c7
1b80
fe0d
0b32
feb2
f234
ed06
fa31
0e9c
055e
de3f
04ab
0755
0d9c
0179
1389
ff12
0f63
dc72
f6a9
18f6
2499
f6f9
0f3d
1589
fd0a
fb12
ffe2
fdbf
e6f4
e450
218d
0901
0ed9
fda3
005b
0fd1
fd07
f893
fd19
2c19
0938
0acd
faaf
f29f
ef3f
cc4d
132a
1072
0d92
f7dc
e8e4
2ce3
0b87
1c0b
cd3e
210f
07ad
f263
06a0
12e3
f1e1
feed
fa3d
1172
f406
da5e
e60a
09b5
0c82
050b
0494
e804
e43b
f82f
fc72
e6d5
fad0
d64b
0a19
077d
f855
1bff
f26a
24ba
fcfb
1ecc
0d88
1bf3
f6db
fe2d
07a0
1304
f1f9
e33a
06cc
0b64
0528
022c
fa77
0707
fc9b
1907
0092
f63d
fdf0
faa3
fea6
0723
0058
1eb9
0779
f787
0b30
f7aa
0a76
0a41
16cb
ee97
fcdd
09b7
1051
f20f
0b02
08c7
08f1
fd50
fa93
073f
0b4d
0df6
ff0c
f528
fec4
fa0e
f2c6
f859
0da9
eee2
054a
f7ac
f3d4
0c1e
1c6e
0b01
fe28
e86b
16bc
fe11
08fa
16f4
0114
2962
00b7
f987
0712
ed1d
d3c4
f025
0e78
05a4
0325
f6f7
ff01
fb1c
f215
f085
03f0
31cd
01e7
1912
06b7
1381
f01c
f2e7
ffcf
1644
f954
ef5e
fcf9
3460
fd2e
0f61
da34
0ea2
18ad
f576
f77b
0f21
ec73
104c
0cad
2a3a
fea4
f939
e804
f943
1c11
ff2e
fdf0
f934
e922
0090
f482
ff13
03cc
e16b
0a2f
0ca3
df05
19a1
ee39
fd52
0acc
0e3d
fefd
0606
fb72
0556
019e
2a4a
db6c
f4cd
ebbf
0a60
13ef
f527
f003
0dc4
0bb8
0e30
fbba
f219
0a43
117d
f1ae
f7b1
04dd
ff42
f245
e831
ff58
0705
1018
eb9e
1482
e636
e85a
e191
1cd1
fe07
1844
2c8e
f9c6
ff1d
4568
13fa
1595
e7b8
16cd
e777
f9d4
e864
fd8c
07fb
00e4
eae7
fac4
fdcf
0288
061e
032c
0f41
fb22
f5f8
044d
fa71
0e41
054b
07c6
2060
fc35
fcd5
ee29
10b3
cf08
e34d
187c
fc3c
18b5
f768
e7ad
f6ec
f6a4
ff98
ff12
16d6
067d
0ba0
f92b
f0cb
e6eb
f16c
10c6
035d
0376
f889
ecec
46f7
0963
175c
cfb4
1ffd
ee62
f0f5
1543
01bd
f6ac
0e0e
f3fd
3c4d
2927
e5a5
e8d6
fb0a
05f2
0650
f0fe
f4e3
ffb5
092e
fb5a
fa98
13ff
e94b
0d41
fe3d
e812
0531
f5ba
0b59
0636
1015
0948
101e
f772
f664
ffb1
fa6d
e60a
ee6a
0014
0f12
001f
ff1d
ebbf
12d5
0b39
fe68
f2e0
1491
f6f4
fe13
f846
d04c
fce4
1b9b
f61c
fe6d
fff8
0a7c
0eb2
04e3
127f
e39d
ebee
00b4
21fc
1fc5
193e
20e3
08ed
e905
3e2b
1cdf
2d65
f560
01f1
ff6d
0554
f330
f18c
fe4e
03da
e8dc
f64e
f334
035c
091f
060c
0200
f32f
0183
15ad
f9c3
0be0
00fa
0ad3
2365
f925
056f
04e7
0f76
defb
ee78
fb92
fedf
1d91
ff54
df7b
007b
fb0d
057f
05c8
11c3
0e2e
1aac
f604
f6f3
eaac
ed3e
f879
0701
f1b3
f0bf
f70a
42d7
1867
f519
d894
12d0
1800
f9b0
1596
1af7
e4be
17ab
0004
1d97
0efa
edd5
e7a6
0288
15ce
0001
ff02
02a4
0031
0a77
f0b7
ffd5
0b53
e585
1368
fc93
dd2e
26b1
e7ed
0104
0b20
0640
0503
09ca
f46d
f3ef
036d
159e
de9f
f5f2
0a68
f85a
204b
01b6
efc5
0aa7
1368
0da0
fc93
11e6
0013
019a
f714
e865
f6da
1411
fffd
0164
09ca
030e
1536
16e2
1539
f570
efad
ffcc
1b19
f138
1e04
207f
f1e6
f6d7
23e8
12bd
1c17
0665
ffd7
f4dc
f4a9
eeed
e9db
05b6
0cf1
f1a9
f9f7
e1e9
0667
f8ae
08a6
0904
ea64
00b2
0b2c
f88c
fec8
fcc2
0f24
18ad
f937
0c55
ec37
1456
d6d8
04ec
fac9
f3e5
09e8
fcdd
f613
f504
08ed
0476
ff92
27e9
0d50
1233
f3bb
feb7
ee68
0672
0367
fd4a
ff0e
ff05
ece8
2399
1a58
12a5
e8f9
183d
1c17
eff8
0c35
f4f2
f723
1a12
055a
192a
0837
eea7
ef0e
0f15
0813
0f86
ecf7
04d3
08ec
08ab
f13a
0b9c
0bbd
e418
1af4
1164
d714
213e
f6e0
16e2
001c
1507
0de5
19ee
f592
f7a3
fd55
0ec7
d547
ddcf
0b77
ff57
fede
06c3
fd58
0f4d
17cc
f7f0
f4c5
0ecc
e8e1
f12c
0466
ff9f
18a0
1bdd
f40f
fb5c
0e48
0241
151d
1bde
0ba8
0382
f493
fd17
1789
fcb1
1627
0b68
04fa
ec61
258a
1a9e
3283
04c8
f625
f950
ff67
f4c0
f01e
fca8
1578
ff53
04f1
e28b
07a1
fc33
04d8
031a
d88d
f006
0b04
1831
ff11
103e
fc1f
1885
f458
010e
0200
ff43
e404
06e5
2757
f73d
030b
01ae
fe9c
fb24
05a3
fdd4
0822
1b7d
11d1
1385
f7a3
1108
f3ee
f5b9
143f
0887
0b6a
f4f2
f2d7
20fc
1a63
1181
f144
081f
1986
e890
06cc
fbf9
e906
14f4
030b
0c0d
f642
007f
ed02
136f
13a2
0a62
fd01
06cc
f64c
f9ba
ee90
f94a
fcdc
e0d4
0f88
0600
e856
3027
f77a
0bd4
f6ea
0f73
0aa2
19f5
0449
0572
fbc4
0a97
cc89
e5bf
0dd2
fde3
f512
1700
0bd1
1019
0056
fd23
ee5c
0b5b
df6e
ee30
f51f
fbe8
140f
0583
059f
0198
05bb
0dba
090a
0e34
2b1e
02ec
fae0
fcaa
1837
fdcc
293e
0e95
0061
ee04
26bd
225e
2385
0061
ffb3
ff00
013f
fddb
e88e
1331
220a
e7fc
f0cc
e496
0496
fbf1
1700
f30f
e4c4
eb39
0e9c
0b8a
1865
fc94
ebdc
13b9
f31e
0d91
0cf5
005d
f722
095f
15d2
f98d
000e
0695
178c
10e2
1186
0036
05bf
2011
1275
0df2
fd57
0dcb
fab5
fd7b
f7df
0b5b
f4c2
fa3c
e368
233c
1f72
0bc6
fd15
f793
13c6
090f
08b7
09d6
e93e
1f82
010a
10ca
f751
f7d8
ea42
1860
fe50
0981
fce2
11a9
0219
f71d
edff
f6a9
0f7b
e6ea
169a
fc88
ccf5
4598
0750
f374
f75f
080d
0ad8
fb98
e00e
f362
0243
2e1a
c21b
e6ac
1912
0f48
ffb8
ff66
1672
165f
1364
10b2
fae9
f89d
066b
ecc1
f9a5
0ed3
155b
fef8
fc6b
e85d
f7ba
1d92
06e7
fff4
13ca
02ef
ef84
f3e1
00a5
0732
1922
23a6
0ae2
fde4
39e8
12a6
266e
e892
f99c
0dc3
e8ba
f316
0274
fbe9
053c
f4c7
fc02
e5ac
0c86
042e
1b23
09cc
e0d1
1513
f99a
1223
0168
134a
fc0f
1432
f56a
0d8c
070b
f130
f3a5
fd47
06d4
029b
1070
fb0d
01cd
e6fa
1117
fd86
fe0d
05e5
0df3
0078
fac6
012f
e38e
f4e8
e5a8
fd9b
0eee
fa20
db00
211f
3578
0d30
f5ab
130d
13a4
10b9
1974
0741
024b
fa65
0053
28c3
027d
f55c
f5c3
07de
065c
186c
fd19
079d
0420
fdfb
fcdf
ff05
0680
0958
189c
1005
dbdc
28cf
fa6e
15ee
074d
f3a8
0a87
f993
e68c
fed7
0381
17c4
d5d5
ee6e
007d
fd1c
0e4c
0a89
0222
05ee
0ab1
17d2
f255
0751
090d
0223
fd84
f26e
1374
fcdc
082a
f81d
eec1
07b2
00f8
f8fb
271a
0d19
ec60
05ce
06da
f124
1caa
1af1
f7d6
fbec
1c00
0e86
1c78
f1bf
e928
0475
f45b
f52f
f962
f919
1bc2
eadc
f807
ea3c
0576
1045
16b6
0b14
e9da
f5da
fdce
067a
0712
0393
ee72
0b2f
f2be
0a57
e8e8
fd9e
edcb
f5bd
0cff
05f2
faa7
e683
e66c
f52e
10ce
01d0
0279
31e4
f8c6
0291
f94e
18fd
e705
f140
0df5
ff41
057b
f60c
d1a9
2893
1ab6
19c6
ece9
192f
2035
ffcd
0eae
0567
f92e
0e6e
02e9
155e
14b6
fd1d
e940
18aa
f8b6
14f0
f9a2
fd56
f664
034e
07a2
0eda
1372
0470
19e4
0423
e195
17d7
edd3
1328
f956
1ad3
11b4
fdad
e97e
e950
febe
1af2
e720
e3ab
18b5
075a
0948
0c75
fb54
0eb4
e1e9
0144
dbe7
ff85
fa7b
05cf
0300
e5e5
1bf1
0f5d
1036
ec56
0832
0d18
060a
07e4
2bf7
1767
ebea
13f3
0cfb
f661
1705
21d9
ffac
ea79
11ac
0d67
1e15
edb5
f234
fe8c
fc8b
f3db
f5dc
fb90
16ba
f0b3
f2ec
04d9
052d
08ac
0b48
09d5
e2f3
0919
fa06
0250
0014
0cae
f675
0aee
eaeb
f552
0582
f163
f2ff
01eb
e453
ed9b
f28d
f5a1
fdc5
fb1a
05f8
04ee
0b7e
1c04
fcc6
f542
0029
1961
f80e
f876
e724
09d5
138a
f8a2
eff1
294a
261b
13e6
df4b
090f
187c
dece
0f3c
1449
f7b3
1882
1461
0e82
fa83
05ea
ea07
1f36
fc80
fe2e
ffc4
e6ae
f9d3
0350
009d
f5a9
02da
0323
14e8
021c
d8b9
1873
f40a
fc74
e736
1596
117b
0e4e
fe8c
f0d3
fa4d
1be5
eadb
df89
19b2
15fd
ff7d
0533
fe8c
1041
fd8e
fd09
ffaa
03de
fc5d
040f
0082
f367
0bcc
094c
1e9e
e9aa
00a1
1ca0
0b46
0dcd
323a
155b
f9f7
0841
0a5e
f0e3
fdbf
1bf5
066b
eb91
0c06
fed0
2545
0123
f0be
fc6e
0f91
088e
e941
f502
258c
f525
04c1
03b2
fef9
f4f1
1461
0ffc
e4c4
1acd
06d6
0c13
fc8d
fb87
e6c2
0ce7
e8f1
f818
108a
fd73
f8d9
fe76
03bf
f5d1
011c
f18c
ed31
f9ce
07d1
eaf8
0b15
1ae0
fb09
fccd
091b
0c58
f109
f849
f1ee
1276
0a2c
ff3d
f569
204c
33af
20df
e0d8
0e89
fd89
ea0e
0b26
0c46
0550
2240
fb88
1def
043c
1644
da1e
03bf
0fda
0029
0d2d
d71b
df19
01a8
f04d
09b0
056c
fb8e
0e2d
0860
e06b
1e6c
ef98
27f6
fd68
1860
ff9e
0dfa
f896
0cd5
0252
f353
e9d4
df2a
1ece
07f0
06c5
047e
f9b4
2013
ff8f
fe64
0605
ff2c
eba0
effa
ff29
f88f
0ee5
14f4
1428
f909
0398
0143
fec4
1162
1a73
0f1b
f4ad
0219
1494
e4db
0bd1
09e1
f0d6
fe1b
1d12
142c
2a25
03d6
f453
f69f
0c39
03f9
e1a8
f795
27f1
0101
fe0c
fe03
fab2
02e8
0dbc
0c97
e23a
26ae
fe0e
0aed
0a23
04e2
ebe9
0a33
efb0
ffa2
14c8
f647
f98c
03c5
ed55
f38b
ef4a
f30a
ffda
0a7f
06ed
f78b
022f
30c2
f9b3
034d
0725
2a1e
fb3a
f92d
f967
1152
1af2
10bd
0043
08eb
1492
17f4
f5b7
028a
2df9
ee4c
0017
ff6c
f6e8
2bb0
1a6e
e8da
f6ae
1e05
e3ec
2152
0698
fabd
fc4c
0161
eabf
07a9
eb7f
0e75
fa12
0638
03f8
0584
dddf
316c
0347
2750
ff86
1282
0db1
113b
0cd2
0082
ff23
13c4
dc32
e739
2e41
0138
0a1c
07d8
f9e6
12bf
fcc0
02cd
004b
ffaf
f48e
fcf2
fee9
031d
0b5c
0156
135d
f79c
fea1
0387
ef3c
18a8
040d
fc54
fed8
1086
0ce6
f438
fee0
08f4
f597
f40c
4189
12bc
27ce
06a6
f444
f018
052a
02ae
dd54
fd39
2668
0aeb
0a3c
f90d
06f2
e631
1312
0ea4
e604
3354
0c7d
12dd
1014
0d71
fded
17b7
f651
f895
1901
eda5
f62d
03fc
01c3
04c6
f033
f906
0bb2
fe54
008f
f8dc
00f0
27a6
f643
0616
065b
1623
e815
f34d
1175
1795
18d5
137e
f8f6
08ab
0ce1
1a8c
efcd
05b2
13d9
ed05
177c
1179
0805
2174
2457
f14c
f131
1cf4
f813
151f
0387
04af
fcc1
f624
ef22
f706
edb0
f7f6
f58a
f217
0acc
13c6
dd09
21bf
02d6
1ce3
f488
1bc4
fbf8
f60b
034e
f8cf
05e8
060c
dd72
f302
1d8a
0053
fa12
09e6
f9be
1c6f
0e1b
058e
fee1
01b7
f5f3
0af3
ff72
1d52
0e5b
061f
0e51
f838
0123
1336
f2bf
0d8e
f9e8
fd49
04e6
01f0
07c6
fd0c
1195
05c1
f995
eafe
1bfc
16db
279a
0382
e7a3
f486
f284
00f2
df3d
fe13
2121
0a24
f5a8
ff63
fded
ef35
0790
1065
ebfe
519e
02a1
1474
04f0
08b3
f567
0db1
ef3c
fecb
1784
f2b0
f7b7
14c0
0051
0c6c
eb82
f5e9
f654
f53b
03ef
fbf7
005d
0aa9
f138
0670
0a53
0db9
e669
fba1
ff34
0902
4575
08af
f6e8
ff2d
1d5a
13f7
f122
ef1a
0e7a
e98e
0256
ff69
faba
26cc
06ca
fcee
fb73
10fa
f60c
22c0
0182
0095
fb8d
fa31
f4c0
f864
f180
ff1a
f409
f736
026f
054a
d996
1d59
0dca
2f03
f6f2
15b3
f714
0801
fc22
0238
08cc
ef4a
e299
04aa
1beb
e5e7
e210
199a
f277
1d77
00cb
07d1
ecf0
17ad
e8d8
ff16
f674
1334
164d
0812
0224
0aba
0616
ef9e
0456
2675
22a3
fb5d
06e9
0c20
0648
fd40
0c49
08d7
f0e4
ede4
06e3
2044
2b51
00de
ee9e
0493
fbd8
fdd6
ea66
ebab
11ac
ff9a
f9fd
ede2
0c5e
f868
06a2
0afc
dd46
0b1e
02c7
1578
0a07
11d4
fbbb
0fb8
ef26
045c
1301
ff38
1682
0d7a
02ff
013e
01a8
05fa
f90c
115d
0bfe
014e
ef9c
1ecd
f2b6
11eb
0576
0aee
e4ea
057d
11a8
067e
5000
0346
0036
f69d
0909
1f92
e904
078c
156e
d878
03bc
0dcf
f5b6
192b
0be5
06f9
e73d
1572
ee31
1314
fd8b
0eb4
f7a3
0eaf
f245
f067
db08
ef93
04ec
f04e
fb88
0a48
e996
2199
f620
0a63
fa1a
0d50
1338
ef35
e0e5
0723
0a8f
3ae0
cf69
f589
d597
1170
06f1
0668
f9ef
11a4
0884
1860
ee2b
ec1e
fe36
0fe3
f93e
1e20
f5ab
0639
f392
f8ab
035a
fdce
086e
0bcf
1585
f188
ff7c
e1b7
0295
f21b
17a3
2500
e105
0547
3abf
127e
201f
ee2e
05c7
063e
ea2a
f43e
fe2d
030f
0585
fb1f
e643
28db
0614
13c7
0771
04f8
03ad
01d9
01c9
2cec
1c62
0af8
ebb8
0cd8
f8ce
02d2
0ca5
1101
fa8f
0199
668b
1604
03fd
ef3b
efac
0004
f8be
f80f
0a82
077c
f021
ff8e
ec5e
ef29
eade
f84a
3a5f
fee9
225a
f580
e90d
14a2
2037
16e7
fb6b
0282
f605
1d07
1d13
efee
f05a
e11e
eddd
172c
015b
dfeb
ec98
2138
21a8
1914
0715
fdaa
ec74
fe76
1bac
efbc
f702
eebd
13b6
e880
cb0a
2a3b
0a46
1152
f38b
13b3
17d5
ec3a
e414
fabf
11df
6684
dfcd
eb8c
e41c
1d30
0b47
f9c7
f2e2
1fa5
1c01
27ee
edc9
f903
1c2d
0fee
fdd1
27f5
f64b
0976
e89e
0544
feb4
fb57
0abb
1eab
1ad4
ecf6
f943
fa0d
023e
fb4c
05bc
3b4e
f20c
fb53
383e
1b4c
08bb
eb80
0072
048e
f252
0517
ffbe
14ef
124c
ef82
eebc
1da0
f769
0f0a
0171
0aaa
07aa
14e5
1047
2401
1fda
159e
0048
262f
fcc5
faac
ff01
0f96
f7b4
f4b8
6ac4
0620
ff31
f093
ee8c
00bb
f451
0147
0311
f65c
f4f6
1776
ec08
f38b
ee4f
fbe0
2884
0a61
1e91
f809
03af
23a9
0886
0fc9
e4ee
fade
ffed
1ca7
01e9
fafc
f68e
f9eb
0844
1a8c
ee36
d639
f877
0f2f
2779
1383
0ced
e562
edf9
f4bd
2331
d87a
fcbc
ee1f
1551
df0e
f050
1095
1114
1a50
e575
1527
1d4f
f487
ed1c
f462
03d7
5413
e4d0
ee09
f2a5
fb3c
1aed
f1bc
fd67
186b
234b
2de0
fcb6
fb1d
253c
0da2
f9d1
1e84
f396
0a84
fdde
f05d
0404
19da
0d8c
0b66
1031
eef4
fcdc
fbc2
0953
fabd
0537
1e79
fc2b
d931
5e16
fef7
1f42
e1db
fc91
fe72
04e7
04ba
fec1
01a0
04a0
f70d
f2ed
1792
f1ea
014a
fc4d
fe41
0469
f4fb
09d6
24a7
ff92
1d5e
0b63
1bf6
f6d2
f93d
1734
ffbf
fca4
0027
591b
058a
0620
f348
f5cb
0707
f0de
040f
0f9e
ee06
f480
0d05
f9e8
fc1b
ff3d
f944
19ac
19e5
040b
0549
e906
22c3
0c6d
0551
f732
f22d
fc73
1b6b
1a16
1210
ed4f
f709
fe26
26ec
07ff
edfa
e6e1
00b6
24f8
14dc
1545
da66
e54c
fa1a
0d04
e265
f460
066d
2cfc
f796
dac8
0987
0dd4
2e2e
fff5
0acf
0b7f
f548
e5ce
f64f
06e4
343b
e1dc
fd55
05a2
1520
feab
0879
12b3
108c
f457
0f3b
f9a3
ef57
0553
0663
f819
1615
037e
f9fa
08bc
0817
029d
fd64
03ea
0ba7
12f2
f335
01fa
f97d
fb43
f8ea
1511
0fe8
fae1
ed25
3e7e
0a30
1952
f1d3
f697
12e1
fb7d
0ba8
f073
0889
0721
1125
e34b
0f3f
fe2f
faf2
0901
09da
fc9c
08d4
0fe1
08ef
ffde
08f2
e440
071b
09ef
087d
1450
f58b
f97c
0030
57a5
0510
ef9a
f04e
fdc1
1cc0
f582
0921
05b8
0ab9
e3d0
fde5
f1ee
0ff0
fd25
f2b7
0566
10e1
14de
f18c
0d74
1589
15ad
1d98
e072
02aa
0442
ff22
15ea
0172
e4b5
f1de
1631
1592
d4a4
0388
f5cf
195b
21eb
0a66
06c8
f479
fa56
0d67
04b1
dc7b
0505
f711
24e2
0488
c932
0791
fe76
10b7
f4d8
06ae
0c61
f1c3
f153
0144
030b
708a
ddd5
fce2
fd29
ff6f
0ff1
fbb7
ea32
1d7b
1785
30bc
1180
e155
1566
16a4
179b
231f
fc07
f4c5
f2bc
d0a0
0d31
1589
07ad
01c5
0a90
eedc
f567
e7c3
fc17
f28f
09cb
1970
f1bc
054c
31dc
17d2
09a8
f775
ffbb
ec8e
eb6a
003c
04d4
0bd5
faa8
1071
e22f
0faf
f89e
0a41
0da3
0793
fd05
1335
08f6
103c
f312
03f0
03b6
fc40
f2aa
fc63
f528
f4f5
1272
f10c
4184
ff6f
ebf0
f611
f6d5
10e1
f184
f439
feef
07ff
0002
ffb9
fadf
0d7d
071d
eeb1
0593
0f25
19f5
fa32
e3af
1f93
10e9
11d1
dea8
05e5
e81e
073e
17b9
0ad3
f4b1
e7a4
ecc6
2902
f82c
eeb3
d741
102d
1585
1186
0f24
ef52
f0e9
05b4
f9cd
f0ec
0ea3
08e3
331d
ea5c
d8e7
0d45
03c2
13e2
f6ee
131f
1ace
fc48
f123
15d8
0115
3dad
e0d8
f62b
f91b
f91c
136f
0532
f69b
1468
0ead
21aa
0c0a
eb9d
fd4e
0f71
15c5
09fd
fbca
1a72
e0a8
f461
0c0b
0048
0e90
0c75
076a
e644
075c
fb29
fd29
eced
04a2
287c
03d9
fbad
3e1a
1f6e
1eee
f87f
093b
f309
fb23
0164
fe1d
104f
fd9e
f08c
edf9
03ca
01d6
03c0
0cc6
030e
0645
ed8d
0399
10fe
07ae
1430
f8b4
1999
f334
031a
002a
ffab
ecf8
02c4
43b4
095a
0e29
03c2
1003
2538
f4d8
f55c
fef8
258f
fe33
0f19
0656
0153
0200
e4a7
0706
0688
109a
0148
f620
22d2
0fa4
1575
dcf3
0f20
fa15
fe51
1010
16d3
f14f
e9c6
f6bf
1981
ee6f
e64b
f05b
0aa2
14bc
fd69
0b81
fd14
e803
04fa
f77c
e31b
f943
e3cb
1ef1
f5a1
dcc9
25fc
f49b
083d
026b
122e
1b95
0ceb
ed62
fe42
06c0
5616
c9c6
e73d
0cf4
e889
03f9
01f4
0b2e
f952
0aba
272e
1451
f11a
0597
0f81
06b2
0fd2
fd8a
0e0d
f5e8
ee2f
0d1d
06c7
fd8e
0be0
f373
f176
0099
02e5
0d31
fd2a
1139
2c63
01fe
f450
5a9a
f0f7
2b91
fe61
f8ba
f6a1
f50b
1648
0a0d
0406
f7c0
fda9
ef9d
01ca
f333
ff9b
1735
1455
ebf7
0405
03c6
0eb7
f9c8
0e3e
1402
179d
f89c
0b36
fc6e
edf5
d6dd
0599
44ef
08f3
f7f3
f0a9
f271
0eba
f527
fb4b
fcf9
031f
fe10
0b0b
fe22
0853
fcd3
068f
0e57
1464
1d3c
f0aa
fbbc
3ed9
1c3b
2011
f5d6
1394
f7eb
ed52
17d2
fff1
f16e
fae9
ffdd
4a1e
05f8
f60b
e89b
0715
093a
f80f
04fd
01ac
f8c8
00cb
ea41
00e0
ff74
06a9
2cb6
0126
d0f9
16f7
fc21
03b1
0b9b
0d40
0d6c
06cc
f480
fcc7
f7d4
3634
c2e8
fe75
f6b4
f981
0007
fde4
00df
05b3
0ae4
1237
1462
f80b
1176
095f
f702
ff12
041f
0cdc
f5b6
fc21
0db5
11ae
0370
eedd
133f
e70e
eb5e
ee9c
1822
eb84
18d1
4793
fe6d
ee17
4ece
0b21
1af7
0371
1416
ee20
0071
fbce
febb
04bf
01f0
0612
fbe3
0a19
f617
fc29
f912
1839
e391
f7f3
fb91
1a32
f6a8
086a
ff7a
23d4
ee4e
026a
f3fa
0b39
f624
01c5
2a55
f351
05f9
f921
ee32
1550
f01b
0000
004a
0b70
fdb4
06f3
fbfd
f1e4
f8a3
164e
1011
0b23
116d
f27f
fe8e
44b0
0471
126b
e3f4
0b95
f6e3
e2b6
17da
046a
e2c8
0d70
ffa6
41db
02b4
f078
fb49
efb9
10ac
f443
0b29
092a
f521
0560
f31a
edf6
115d
df6c
1662
0294
d936
0a8b
ff7f
04e2
0ab6
1521
00f1
055c
f5f5
f97f
fe92
2281
da3b
fadf
0621
ea79
fed0
0ec7
e7c7
133d
124c
14f8
fa7a
0832
08b7
f766
0cb0
e9ce
f0a4
1822
0772
f9c8
1090
1ef7
053e
0849
0151
ea6f
ee2d
f823
1783
feef
1dae
105b
00a6
da54
44e3
0c24
2a5a
f3ec
f849
fae8
fa8e
02d3
00e5
090a
01c0
fd81
f0cc
ece3
ffa1
f32f
0cb3
07eb
e5a9
0d36
0eea
0fdc
0ee6
fe21
038a
22e5
f72f
164b
0909
05dd
f39e
eec6
2950
fcd0
09f7
0314
f401
148a
087e
ff93
0070
0092
0858
0c25
fcfc
fea6
fb61
0501
01b3
0229
086d
ef15
ec20
3e30
1464
030a
e96a
fce3
0ba9
f4f6
1c73
fca9
db62
10f8
0cb0
1b6f
0588
fc63
e868
08db
0979
0960
0687
0673
feb2
0f42
e75c
f66e
065d
ea8d
1fbb
0136
de70
1807
ed00
05fa
0597
0bf4
01de
fd82
e2b6
ef04
f8bf
420d
d78e
f12a
0b42
deee
16f4
ff7e
009e
ff41
18f9
188b
0ad3
0b85
fb34
02b1
0342
06e6
0507
1641
2bcc
e3a2
24f7
0bb3
0101
10f6
ff0d
feca
f7bf
fbf4
10fd
f5c8
17b4
16cd
0666
e6f9
3a99
ef9d
2cf8
fc2d
e734
fa72
f21e
0776
021c
fef8
0969
035e
eb49
dbc0
fa9e
ed85
ff06
06ef
f157
0a72
09f6
0533
f96a
f807
01f2
1070
f256
12c3
f539
fc48
e098
01da
2f63
fafa
f4d9
fb39
ee74
0ee9
06ff
f835
fd55
1050
fe56
0893
f21f
03b7
0252
0ca2
1848
f4ff
196a
004f
ec4e
4931
11f5
0fdb
f783
093f
fd3a
f886
10a2
ec78
e5b9
0c2b
eea0
1751
ff57
0052
f7ba
1840
fc69
155c
f676
f8a2
07bb
03ff
de83
f7cd
0274
ea1f
2369
098c
e121
0d5d
fe63
010a
fd94
0636
0b5e
05d1
e7c6
fc59
fbb4
4f1b
c2ef
e68d
0c82
ed77
fd3d
0afd
0851
0f40
18b8
02a3
04ec
fddc
ed21
fc20
feaf
fa37
1d6c
2b71
1012
0060
1806
09f8
087f
18c3
0e19
1447
f340
0637
0d3c
f882
1364
01a8
1038
e001
3a27
079e
35c2
08f1
e67b
031d
f7cf
0a20
eca8
f9a9
1817
1310
0085
eb1f
f151
f7dc
fc67
0298
ed92
f489
211f
18a3
ec0d
0344
e9e5
141b
eed8
0d19
0ebc
f9f8
eec8
120f
299c
fb79
f09c
0a6d
09d1
16d9
079b
f4e0
feb2
1be8
0212
1088
0108
209e
0c1d
07ce
0800
064c
0811
fcab
f4e1
1ca5
1149
1365
ffac
f016
0c74
e448
05cd
f5fe
dcb7
147c
0120
17a5
db0f
06a3
fc03
0f4f
08f9
01eb
0252
f9d5
f462
0a32
e320
e5e8
fcf8
e837
2276
0af3
de28
1e81
02e9
06c4
ff9f
09ad
10ca
0118
e9fe
0bf6
fb54
32d0
cb7c
eda0
fc78
f826
e97d
0ac8
18f3
0e11
1488
09d2
fc29
fb39
f47a
0081
f91f
fe92
1411
17a4
001e
ec4c
0696
1363
ff40
1979
1412
19ea
f4e0
0174
191d
ea1c
1bb5
fc56
1a22
d96c
2a83
1a54
25b9
f7b4
eb9e
0ce4
fbdf
0520
e9d0
0cb3
2956
ff8f
0b5f
dc24
f2dd
f36b
1302
ffbe
e089
f13c
1bdd
1366
0a3d
f6eb
dfe0
1ac7
ee71
1171
15a2
fa5c
ffb6
0caf
1969
f3f7
e256
080e
107c
20f3
0827
f9e9
00dd
242d
0070
17f8
fdd3
1bf5
0b45
14e2
f83a
0e8c
0511
f1cd
e3d5
144c
0c2b
14c4
0996
e9dc
1201
e1eb
0a5b
144f
dce7
1191
08d7
0133
e1fa
fa3c
038a
1177
037f
0181
0152
04fa
f887
ffef
f0c3
e22e
048f
e098
16fc
12d5
d4f5
2ed0
1652
fab9
fce7
0e8a
0aca
fd42
f00c
0124
0837
4d9f
c4d6
e6c4
0eae
0340
0103
f4f0
12da
143e
1988
0844
06c9
feb8
0f56
0595
0908
11ea
1fba
168c
0035
ef10
0522
1977
f9b2
102a
09e1
0c32
f345
fb27
0b58
f2dd
148c
1abf
0f2f
ec7e
5147
114e
2765
ecce
f3af
0f93
ed9e
fce6
f16d
f77f
0cb3
0488
fb5b
e04b
f735
feed
06c0
0097
ded5
02dc
12de
1e50
fbb6
0a5c
00cc
1c46
f8a9
0d96
1b33
f105
0a2f
0d8f
2355
f56d
032f
069b
065c
082e
0456
f890
fbc6
1e50
082a
09ce
0b78
02bc
02d4
0687
f27c
0398
13f7
f941
e8e1
247f
17b6
155a
078a
0856
1ec9
ff5a
1e69
104c
edae
f704
f44b
204d
fd91
edd0
0bd7
0fc8
0e4d
173c
07db
04a8
fcad
02fa
e819
e0f3
03f0
0628
2071
0de3
cb01
2210
0e7e
fe65
076e
f801
0789
f029
e512
11c3
07c8
58f1
ccfd
ed1a
f44d
f6d3
1117
0266
fd93
ffc5
0d06
2abb
f899
05f1
1b74
0d2e
2b38
1365
1ccc
067d
05fb
d10d
0b6a
1204
fa03
ff73
f9a2
fa8d
e4a6
fba7
fc62
01a2
19ee
239b
ee95
ecd0
2385
0045
24dc
e0c8
fda6
f7aa
eb3e
fbd9
f9d9
03fb
1d35
f513
f163
f63c
f9ae
fc09
1938
0f24
e890
099f
10b4
0a32
0668
f519
f71d
02a0
ef36
1073
f404
00aa
dd80
f3d7
31f3
0d44
f9d1
f5e8
e31b
0d74
0cae
059a
f441
1c89
069b
0815
fbf1
f827
f5a2
ee4b
2944
f846
26cb
f176
e114
44c5
20f7
2042
064e
0e33
0f2e
f6f0
214e
fa92
f130
f262
f413
2196
13d8
decb
f124
1b2d
ff8b
0dbb
f22b
f540
0386
169c
f3d3
feac
15f9
1509
2eb4
04d9
cba3
08da
f7b6
2bf4
ffcd
15f7
071c
ff91
e583
f740
fd68
2f08
d638
ebc0
1203
f307
19da
1d3f
f797
15dc
e85d
103f
e8a6
074f
fe73
0957
1a04
f129
0d60
0bf2
fe39
f469
10bf
094a
00c9
05f5
07b6
12c1
eac4
03fa
07fb
f722
18f5
1acc
f271
edf7
23d9
f815
22ae
eba7
fab1
04ac
f6b3
f54d
eda7
01a4
25ac
f367
f82b
09da
ffec
0879
009d
0fa6
ebbd
0103
01a7
13e1
fcfb
fde8
e825
04a5
f324
010d
f883
feed
f1c1
1131
09dc
f2fb
f8f6
f99f
f920
129e
0d42
0590
0aa1
1ed6
068b
037b
02b5
1365
f896
009f
f797
ff3b
1c45
fa39
eb41
19de
22ab
1edd
f540
092f
1a26
e185
18c5
0a35
e9c2
1ab7
1381
055e
e81d
f40f
e753
1d23
00c7
f98a
fdf6
e1e0
fb05
11d9
ed12
f67d
0675
0621
2084
0bf3
c9f3
20a9
09ef
054d
fb34
07b7
0c5a
f56f
f033
070d
fc4a
347f
dc3a
d63d
19b4
0bad
0ee8
15ce
f1fd
0435
0733
0d99
fa69
fb51
0165
07e9
1726
0945
052b
070b
0b92
eb31
005f
0329
05b4
00aa
1859
0579
f90a
fc0a
017c
0095
fc5c
2fc1
eff0
ed6a
11c2
f0a2
2d27
0d29
0928
093a
0c39
f5fb
e96e
f364
16f0
fd4c
fa5d
0b5a
ff71
ed7e
0247
15a3
f107
1701
e81c
12eb
f813
f353
f100
0673
f79b
085b
0b68
fb8c
0225
0505
fd5c
fa6a
1031
eaeb
ea1c
1190
0bb2
f445
022e
1240
0371
f982
076f
0532
ffda
05e2
05cc
028b
1479
f2ba
f5fb
1f39
2c9a
1de4
f389
1023
fae5
fbd0
0e67
0422
fbd8
25fe
0669
021f
e8c2
075a
f1ac
03b1
fbd2
fcaf
0deb
eb4e
f4f8
0c0a
db12
efe4
fe81
fc3d
17e4
149e
f1a9
1bbc
fa04
0efa
0eb1
0a94
f94c
f936
e0ad
1331
0493
109e
d1fd
ecc7
0f31
f014
15a1
0c19
f66b
1938
fe12
fed3
0032
fc57
ef24
04c6
1d5f
0207
07db
0126
fecf
e47b
f839
0ec0
fd90
04a7
009c
eac9
f447
f46e
fe21
f700
137c
2c9d
e7d0
fa7e
377e
0166
43a1
f4a6
0a2b
ed0f
fc0a
051d
f27a
05d6
0c64
0819
e884
029f
10e2
ff73
0a3d
1c97
f8bc
2950
ed16
156e
0da7
f6f2
f13f
0ea1
f0c9
0c10
1047
0429
1330
f807
07cd
0565
f528
e8a2
f19f
07ef
0ba7
0455
f39f
1870
00e6
043b
00ae
03a1
f387
fc32
0e58
fc6d
32f8
03d0
eb55
2287
20c5
1487
08be
04f8
1124
eeca
0518
f58c
f7a9
1b0d
00fb
fb80
ed66
1809
ea56
2305
f87a
03de
f0b1
fb2f
091f
11dc
df85
0300
f561
17a6
184e
fe51
e851
1da2
fc9b
1de9
f473
fe84
0863
eebd
e916
1137
f68a
1cfb
c41a
f217
1b18
f45a
1447
0242
01c9
152c
2284
0013
07b5
fec9
07aa
109e
2d41
12ca
04f7
f944
0eeb
e8c1
ef48
1e40
fbca
fddd
eadd
e66b
f7de
01bf
fc7c
067e
101b
1ea4
f197
f16a
4d63
0264
2acf
e89a
0764
e5f5
ecfe
fb45
f594
0e75
1409
f3cd
f2f6
f543
10bb
eb48
12db
13cc
f540
432a
eb4d
14bb
181c
027e
f10f
07e7
eff5
0169
0dac
00a1
f2e7
fdc6
354e
0906
fe73
e7c9
fa5e
0cc2
04b1
006f
ff76
15d8
fc63
f2e7
ff87
02f4
eddd
efe7
2a4f
0b42
371e
0c36
e711
22c4
191a
10a2
058a
ffb3
048e
fd86
2495
01cf
02f8
250c
118e
1107
e101
0f35
fac6
0bba
f523
0809
f169
f2c0
0275
fea1
e68a
0e0c
f132
07c6
1bb6
f9b7
ebe6
08c7
fdee
0682
fed7
0ae1
06bc
dfdc
f700
0ef6
05e4
2ef9
d9ef
e944
1013
f99e
0231
04c1
f31e
1bcd
2124
1616
faf0
fae3
0135
0e06
112a
1385
0e0b
f79f
01db
e327
0083
19b5
fcfe
f63c
ec1e
f905
f7ae
ee23
0532
014c
09e0
1582
e46a
eac0
4f1b
0c2c
2aa8
ec39
052d
f1a4
e799
0514
ebd5
1627
1675
fed6
ebba
0066
0458
fcd9
0692
1ad6
f5e5
675b
fb73
14df
2297
f3e8
fbdf
07c8
f3ab
fdb1
0201
f95e
fb80
f308
2bda
01db
0118
0068
f3bf
03cd
0674
002e
f1bb
fa04
f905
f3a9
ff49
f69c
ed15
fd8f
0bc5
058f
4605
ffeb
f358
22c5
17ba
145c
f111
fcc3
fc5c
fda2
21b3
fa14
0388
15e7
e40a
0d5f
f663
12cf
eafb
1177
004e
112b
f9c6
f20e
05a7
fb93
de44
fbdd
04bf
13cf
1e43
fd9c
dcc4
0f95
011a
0c88
01ef
0ea0
03d1
eed7
07f2
1c9e
087b
1bab
dcf9
fe29
1183
df47
f514
1537
e868
0d07
28c7
0a18
f103
11f0
fd27
0873
10b7
22fe
1254
0c53
fb93
fabe
0146
11e4
1029
15a8
fa3e
fbfd
fb4e
ec14
fb8b
0fda
10d0
0d32
e4b2
ebaa
3905
0a7f
2a65
eb33
fdf5
fcec
ebc6
ffac
0552
f7b8
ffd7
f9f4
f0d8
051d
0ce9
fa1c
fca8
1418
e35e
12a1
ea3d
147a
0c65
f969
046a
0bb7
f884
09fe
099e
0762
0884
0433
25d5
04af
03d5
f8fc
f140
01d4
0da2
0765
ee9e
068b
f8a9
fb8e
0231
ecf4
e628
0626
21e4
01e3
4d9f
fc70
f7b9
237e
1c84
1dbd
f65f
10f9
f63f
f923
2b68
0c85
053a
03bd
f131
1d1f
ea63
ff6c
e427
1912
fc87
0632
fdab
fb0c
fd03
00eb
c467
12be
0528
220f
11a8
ff0e
e47b
f8e7
055f
f87e
0918
fe04
1393
f6be
e347
fb2a
f851
3e80
cece
f7bb
e2c1
09e5
f8e2
1393
09a3
0c2e
0f40
0b06
f200
f331
f2dd
15e2
061a
25fd
fd81
fc3b
1561
d7f7
f9de
0e81
fd9d
1552
f793
f3fc
0551
f3df
0561
eb79
05bf
410d
df52
0a61
3c1d
1a04
182f
f084
fa66
0ec5
f36e
040e
f956
119d
f62e
fcbc
e724
1c25
0787
06a0
f860
0f2f
158c
0f24
0f48
2948
0bad
f5d6
f48b
16d6
f7cd
fc99
f636
021e
0dd2
dc86
52ae
1a1a
f290
f232
ce7e
d992
f3b8
fbbe
17a2
d70c
e489
f369
edb3
f60a
ee7c
ef7c
33cd
ffc2
1ace
04bb
e795
1429
1707
1c51
f2ee
0b68
e762
08d4
0826
022b
f41a
d799
f2e8
3fd4
0a27
d645
f40f
2190
222c
012a
00be
f9c5
f5a2
01b9
0c78
e4b7
f242
088f
2475
fdc0
dcd3
0bd5
1aa8
11ab
fd3d
0c92
17b3
f389
e63a
f301
fe85
3d5b
e6b3
ec31
da60
0b96
0723
0749
fa2c
1fe3
1823
2208
f2fa
fd84
1397
0846
052e
2f73
f42e
0616
fdba
de63
fb25
20ac
0bd5
077b
20fc
fa47
010a
0508
0519
ed70
0111
32ac
f0d6
f9e9
1ed0
2275
fcec
e7e3
ee77
0ecc
fc7e
0519
fbd4
0a99
f9a3
04a5
fb48
0935
ff28
071b
ffea
0817
1b42
fe46
1280
355a
16dc
0fae
0a67
2751
f954
f48d
f56b
f59e
f022
df4a
4fce
0bd5
003b
f004
ddbe
ffca
f20b
06b0
12b2
e5ec
e48e
1c1a
f882
0060
f5eb
fc8c
2783
0984
07f1
0123
0b29
1bb1
09f9
0a7a
f121
f594
099b
2299
db4c
13f3
f44f
0633
160e
2551
f8a1
ef16
0822
0f41
2392
05f0
fea5
f404
ee6b
fd75
1ee5
e8e3
e4b5
f83b
1b32
f1d8
0171
1705
1f54
fb58
fa2b
fc72
207c
fa6f
e0b5
fa1e
f2ee
49b1
e7c5
ea7d
ecc7
0a65
0cf8
fafb
f192
16fd
1056
23ed
f834
ed2f
0f06
0e31
09c6
335b
f05b
0d79
0747
e5f5
fbfe
1bcc
0bab
fda6
0d58
f965
0136
f3bf
0789
e86d
07fd
3bcb
f243
f0ea
38d9
0306
fdd6
e4ac
ef3d
086a
eddf
feee
f01b
29dc
fa5c
f6f8
f30d
fa77
0395
f871
0925
0c76
141d
02bf
0d12
329b
1bb4
12bf
f964
2a1e
ed4e
f434
09cc
fc57
f4be
e3ec
4d75
0ac3
0ff1
f87d
f3f6
0037
fb22
0c29
0b17
e414
e11c
05df
f50d
010c
ec8f
f478
1531
0ce0
0772
0867
e695
09bd
1a31
1654
f41c
013c
ebaf
187a
06de
0f18
ed65
ec08
0694
1d69
11b9
d1dd
f29c
0089
1dcd
0084
096f
d402
fad8
0192
1cc0
de25
f01c
09c4
2347
05f5
e3fd
0de3
18fe
15ef
f28a
fa74
15b1
fb7f
e773
fdba
f21a
3bf9
f781
f1c4
0b81
14bb
f70a
0140
fc61
1e23
f969
0e1d
0ba0
eac4
041a
0835
1148
3126
05bc
0c2c
1257
f20d
f763
02bd
033c
f75f
0444
fb7e
0df6
fa98
fd50
fadb
ffdf
199b
00bb
02ef
17e8
1917
08a6
0692
f2a2
0d16
f1bd
f883
ec95
2741
fac0
1350
dfd9
f2e4
067f
ff64
1140
044c
0c79
f68e
0c76
17ab
00c7
f94c
f33c
0ab3
f938
0419
02cc
f9bc
feb2
ebf4
4c5e
13ab
f6b4
f646
e4ba
0460
0077
0603
ffb9
fae3
e81a
1e71
f4c7
13ff
f7ce
f235
fd3b
0b87
20cb
efed
fbaa
0bbe
1c8c
21e5
da2d
0b0b
e76b
00a1
17cf
0ca6
dd78
ee7f
1ad3
3144
ea65
ef5b
f44a
0e9a
193f
002e
0087
f374
f24b
ffed
0773
dfbf
fa24
ee64
1698
f955
e87c
1750
1094
feec
fb34
fe22
0dd9
e56b
e238
049b
f019
40d3
fb53
f9ab
07ba
fe51
01e9
f019
e6c8
263c
1389
1dd8
199b
e4b0
139a
0586
31d4
3dfd
003d
fbc2
04d7
da9e
04e1
16d3
0f0a
f65b
1a42
f62a
fc88
edbe
0041
ec8a
0a27
1d53
ed6a
06a8
0615
128d
ff7b
f0d3
ff66
0381
e048
e871
ee5a
2f09
f97f
1553
e4d3
fa7f
0417
0737
0db8
0fd2
131f
027f
fbc6
1466
fdc5
f00a
0247
0574
f727
fb9a
fae8
ecb6
147e
e239
3ff4
1178
ef05
ffa4
e638
00de
0445
0960
ff5c
fa3b
face
02d9
f4f7
14d6
002b
f607
0557
0557
1198
007a
da99
2085
225f
1778
ea65
1c6b
eeea
1709
0bd3
fec5
fab6
0ec4
f90e
265d
ec67
eba1
f452
19a4
129f
0304
0757
f2d5
f1b8
031b
fab8
f1eb
007c
0270
1edd
f269
ee12
1419
0673
0cde
fb3f
f1ba
2379
f66f
eae2
11ff
f05c
3234
ea4b
f07c
020d
fb51
020a
e427
eea0
1ac6
351c
2472
1743
dfad
1c4d
10cf
249d
1fe4
f516
09c9
dba6
e5cd
fab3
071e
182a
ebd4
0bf0
f984
0b16
f859
0656
fd5c
07fc
322b
fd2b
0a19
2b99
1bbf
f435
f2ea
0b20
08b6
e707
f107
0987
2fb4
fca2
f7e2
f08a
eae7
091f
fbf6
2083
09d8
144b
f9fe
f908
1f8d
0ddf
0034
1c84
14c1
fa82
f81e
07da
04f9
df03
f4c6
39dd
1586
0696
028d
fd68
086b
f811
ffb4
faff
128f
0492
1b46
0333
0442
faff
ed88
0393
0752
139a
fe6c
e3dd
2154
1a9f
1a66
dd59
2033
fbc0
215a
1a87
1d1e
f3dd
f170
fe01
3a2f
f722
ced6
ef9a
0c61
0c2b
0a87
1121
f29e
e8b1
01cf
e836
ecf3
f020
f9ca
26be
ed41
e457
17c1
01a6
069c
12ba
0057
1791
f13a
e1fe
ff34
f7b8
36c4
d1b6
f4a1
01fb
f4d2
0943
f6ad
01ee
0712
12fa
14cd
1128
e334
0e5a
2052
03f3
2ad4
fa8c
1ac5
0155
e58b
113b
073f
ff13
f9d6
0b8e
f9c8
ffe4
f88b
0140
f298
1b00
3452
02f9
0160
208f
0291
0571
fc3e
ee17
fb3e
e300
0273
0894
03b3
035e
1036
e4f6
f698
02c3
0311
149e
0bac
fe7e
f430
064b
0e6d
fbc3
fc83
1c68
163c
f7a8
0b39
fb9b
e015
d5ec
fa59
225d
0fc1
08c1
f7e4
e6b0
f978
f741
0a03
f630
1198
f818
16dd
f8b9
1066
fd6e
fcca
11f6
0743
20c6
ea45
e37b
397b
122e
287d
f15e
15a5
0208
0568
0055
f898
df58
ff19
02c9
487f
0f88
e80e
e63a
061d
05ed
01b0
f9be
f78b
05e4
0810
ee6a
ffdd
faa2
fdd2
1a6e
0a47
e7bf
1638
f672
e330
156f
fd1b
0659
f8b1
e19c
f940
f51f
109c
ccc9
02e2
edf5
02fd
26a1
f3b3
fe03
02d3
0a7d
200c
10ac
f565
21a9
10a3
fa68
1226
fb4a
fece
0458
ee19
0b01
1f87
078c
eacb
1b18
f4c6
ee37
f201
0c61
ea23
1790
3857
024e
fc3a
3c0a
0b58
118f
ebe1
060e
fc96
f24a
ffd2
00a8
0b8e
f652
05f5
f2ca
f72f
ff5e
fcbf
0770
1f46
f6c4
fb5b
0789
10aa
0269
121e
12c0
1278
f7bb
0b00
e7d8
f713
d48e
f212
1aaa
0246
1b46
fa2b
eb2c
f554
ffd9
117b
f1ed
08c7
fb9b
10d1
f21b
0b29
eca4
18a0
1b7d
02bb
0f3d
e6d4
e4f3
3864
0c3a
23ed
de80
1312
fdb8
12be
1038
1560
e084
fbff
f5e0
41e8
0875
eb34
f729
094f
012f
0d26
f97d
feac
0ee8
0c6c
0632
f887
0ac3
f734
229f
0f2b
d7ef
1c72
fccc
fc79
09a4
fc9f
0b91
fac9
e71c
02bc
f7b2
2aa3
d5be
f9b7
fbe1
00d0
0689
01ce
e6e1
0623
2d61
203e
f99f
fc56
21f7
14bf
11d7
01bc
e73b
0740
f7b9
ee59
09fa
2885
16af
f4db
22b6
ff39
fd47
f9b9
1631
f442
173c
31df
036e
ea7b
3388
1974
1423
f408
f745
0751
f93d
f5bc
ffe4
0969
ef15
f5e0
f256
ed46
0583
f3a1
15b7
11c4
f41a
fed4
06ae
1757
1570
f706
11c3
1f14
f853
0b01
f2fc
0da7
df5b
ead6
2ce2
015e
2113
fd38
db6b
f988
10d4
1488
fe7c
06f0
09c5
2066
f0c7
0ad4
f852
fccf
1be0
03de
fef0
f7c1
e843
3a29
0e49
1352
e29d
1a66
06a9
2240
0e1c
214c
e5f5
fb81
0fe1
2ff6
0a60
e144
f099
100a
01fb
0e18
fe12
fc9a
05fc
1669
e904
ffc4
059b
e9b0
1f3b
fafb
e8e0
1042
f52b
f72d
0d51
f5eb
0275
febd
e5a5
e484
f44b
30ab
db41
0272
0afc
f1f2
0fdc
0bdb
0660
0591
1020
09fc
081c
fea4
01e8
087a
0c31
08cf
1085
1768
20b2
f924
2314
1971
07dc
140e
2064
0ad3
0192
0703
0752
e793
1853
27c0
04c2
f8cd
0c16
00de
1789
0155
f10a
028b
f429
fc69
f2d6
06d8
0b1a
07d3
eff6
dbe8
fcc5
e7ae
ff6a
0ddf
f0e7
feb2
14eb
142f
f2a5
fc57
fcd7
15c0
ee12
09fb
fc84
fb32
dee5
fcc3
1147
0f3f
fc6c
fe51
f036
fac6
0c0d
0231
f12f
1954
eb03
0661
ec3d
1859
f663
09ce
22b1
f430
15d3
fb7c
e48f
3a44
0cfe
1d4c
f5f5
ffec
faf8
023d
fa37
f48b
e247
093a
1016
25dc
0a2a
0154
f988
15af
f1dd
197c
f6ce
fc94
0932
fe4d
e8f5
0370
0227
e2c6
18fc
0785
e60f
19bc
065d
e703
fee8
e9a5
0e5a
0618
e4aa
f2b7
edd7
5087
cce0
de38
06cd
e973
0303
0a07
0158
f958
309a
1a2b
1980
005c
10d7
0dfa
1310
1c26
1a66
1648
093c
d52d
0c20
27de
0d09
0cc0
f981
1dad
f921
0a45
08dc
0156
1642
2f42
050c
f0b9
33dc
f75f
1e53
f5f1
ebd7
ffba
f609
0208
fa4a
16e6
f76f
0ee8
e6b0
f942
fafc
e7ff
fe06
1858
e9af
124d
fa2b
1fa5
f52f
e592
0fcb
0648
ef39
074e
043a
095c
e8e5
fbac
3e01
09a4
fd24
0060
db00
f868
093d
08ae
0441
ed2e
01d1
f0f6
f9f0
16af
016b
fe0e
33d1
03a4
240e
f64e
e834
3d96
0b35
1709
0749
fa77
f534
0bcf
0d8a
f326
e12c
f853
f25d
3be5
118b
045f
dd5f
11b7
01c7
059e
fd04
f6f4
0aa0
0855
f342
0ed4
f87c
0d23
2188
fe65
f393
fda2
f835
e589
01c4
01bb
13be
00d7
e87b
0f61
f831
2ced
d584
e851
f53e
06bd
0617
0c85
0db6
fcd5
1deb
11e1
096d
f2e4
03a0
0788
148f
1bc0
06c5
fd78
024b
d290
faa1
229a
0e4f
05e9
2aeb
1ec4
f5b7
00c6
0f58
f095
231d
2754
179b
f946
2d6d
1810
1650
f17c
08b0
0bc3
fd1c
f968
dd15
1e1c
155e
f83d
0a9d
df5e
0358
f340
0e8a
0ffa
f8dc
f3bf
0dd2
17d9
06b6
fa01
f29e
1543
ec83
0be0
fdc0
03b2
f8e9
fd06
1bdb
07be
0648
0b71
f5b9
0866
1419
02d1
f545
0d65
176b
14c9
f80f
125f
fad0
fb36
1762
0526
095e
ff53
d99f
2830
11a9
1e0a
069d
f8b9
feb2
f9fb
0c9c
1807
eba1
fed4
02bf
1e54
0a19
0055
05b9
10b7
f42d
0ddb
fd93
044f
0698
ffbb
ef41
041d
0341
ff1a
1b59
0996
ee9b
1d0a
146f
e96a
019a
f1bb
0e8c
f226
dbfc
0486
f77c
5944
d091
f0b2
0271
0413
fd32
f5ab
0a4c
fc22
345f
1e5e
0d7a
f3d0
26eb
16a1
24d3
3b98
0c5f
f2c5
fdd5
e2a8
090c
304c
fe27
fbb9
034b
01a1
ef79
f793
05e9
f301
1231
38e4
00f4
09cc
28e6
0e15
fd8f
e41b
07a3
fd89
ecb7
ee28
01e6
2563
fc0c
f8b2
fd08
d361
11d6
f919
107a
0cf3
f084
2206
0466
2749
0c7f
ef40
0b3f
2195
f51a
0c65
fdeb
fd47
f446
f998
19d8
1578
1999
0287
eaab
e638
1587
0e2f
faed
16da
096e
0975
02d2
0e9f
ec97
f191
1a42
03e7
260c
f8b8
da48
31f2
17bd
286f
0b5f
15cc
0447
2176
1e48
fce7
ffbf
fb58
f2ef
33c2
1262
ef08
fb04
03e9
fbdd
26c3
fdca
f7e3
0f95
0faf
e1e5
09fc
fc4e
136b
1d65
0016
ec5b
0598
0967
fcb6
0c67
eb69
ff0a
f600
f305
1ff9
fc8d
37d6
e26f
faf9
f8bd
f740
2319
0585
f326
f136
2954
274a
ef3a
0447
205d
1557
3b5d
1976
06a4
1319
f16c
d443
0c69
20bf
10b7
00eb
0f32
08f9
ee85
0274
03ae
e901
24a1
1eed
f912
146f
f2d0
0477
ee8b
e722
07c5
ed99
f4c5
ebb4
f861
0938
099e
f2b1
fc8b
cab4
053e
10b6
116d
0f4d
f21c
0705
124e
1466
0b9d
0c59
0a09
146f
f9a6
05e1
e02e
093f
d247
f530
260a
1867
0edb
0128
d90c
ee7b
0ff8
05f5
fc45
1df9
fb79
1afb
fe95
0b9f
f37b
eb21
2f13
f7ed
fc2c
fa5d
cdf9
2f64
fd5d
204d
0845
0cfa
017d
0920
0f47
f7ec
ff04
fef7
f7a6
2aa5
1b8a
f284
f24d
0860
f300
1407
f4a3
efcc
0294
193b
ec0d
0e22
1321
0b2e
22e0
f5e7
eef3
fdb6
f27a
19d5
0474
f56e
fea6
f541
e0cf
032e
fcd9
161f
e68e
ebef
12dd
f953
150f
2079
f202
0232
0269
15ad
e043
0b75
13b7
0f9c
1d18
fbfc
00e0
12bb
07a7
ebe2
1024
0e86
1030
0104
29ff
23c0
f1ab
1326
0cb0
e3e0
1855
36b3
f93b
fc6b
0932
10ae
0724
eec1
0092
f8a5
f730
f395
e55a
1be5
17f5
0721
0738
ee2e
0150
141c
0f67
0f31
e42f
0813
0667
110e
0ba1
0e6d
09bf
1949
fc7c
026b
ee8a
f2ef
f6e1
fc3c
0388
00e1
0460
fcb2
f104
f9e9
0e40
0c4b
0de2
28ef
0363
171f
020a
1ffb
fc0a
fd1b
1c05
fe43
f7c7
f748
dbcb
1713
1752
1f37
f61f
1421
0a66
f3d0
0f7e
2207
f72b
1407
1881
18af
f67e
fbf2
f826
16ec
f992
0d54
fb53
f303
00e8
108a
ebf7
0f44
f836
004a
0c7d
faa7
eb14
0ca4
ff1f
00a7
fba5
f02e
0d20
0344
ec9f
0c4e
f223
3451
e6bd
e438
1076
1811
2288
221e
fb73
013e
09da
1269
f516
f930
10a7
0ba7
18d0
11a4
f7d1
fa9e
14e3
d891
00a6
26b3
1dee
fff5
1c06
0937
02c1
10ab
0337
ed66
fdc8
2df9
fecb
f73a
2a34
f6d4
1b93
f1d6
0497
faeb
fb29
f985
e8da
1617
1c8a
02fc
0213
fcf5
07f5
f208
184e
1d0c
efbf
216a
ff2f
22e8
09e5
0c2e
f556
0ad1
f1cc
07b6
fa60
0790
007d
ee76
1f95
018f
15c7
ee74
ce94
05b6
10fc
04ae
00ee
f152
07eb
02a9
0207
14cb
f404
fdab
1bec
07de
0566
fb0e
f54d
1bc4
1da2
1fac
f6cd
0b38
056a
0ccf
14eb
13f5
0dc9
07c9
1080
173d
1500
10d9
e349
feb5
019e
0dc2
0c76
db29
f780
13bd
e46c
1594
f60f
1354
0a2e
03ea
f466
00b5
fb93
fb03
0eea
eba3
fd73
f850
eca8
2372
ee46
17cc
df2d
f8dc
1669
f2ab
233b
090f
ed65
10bf
024e
1800
fe7a
f7a6
14e6
05d3
25c8
0ea8
0128
086a
fb61
be2a
fc01
1c32
140c
0527
1133
fae3
f500
03cb
09fa
f44b
2001
195e
f31b
1443
3832
0a2f
16fc
f417
0b09
f363
fad9
0550
01a7
1ca3
1264
05d7
e5f4
ea49
0551
0806
0d9b
1c31
f596
3418
f5b1
15a0
16e3
ef78
0ec4
08ab
fcc9
0dfc
0540
06ba
0ba8
f943
11c1
0127
0abd
ed4a
d9e7
eef4
1882
0dd2
f4b3
0cc2
09a0
1c82
f385
ff7b
f6be
fbd9
24de
f88c
1f8e
06b4
f453
22ef
17b6
21cb
0eae
13ed
12ee
06dd
15e3
0c9f
01ea
ff21
03e7
09ac
0b14
1634
e67d
2031
f58e
0ef3
f19f
e7c5
f777
0e74
dc06
170f
f6ba
1bf8
19f9
0556
fc2b
045e
ff68
0d67
0f22
eea2
fb82
f57e
ee31
0b16
ea85
2eb9
cd57
0174
1994
fce3
1434
09a0
f223
fbe5
20cd
1090
0715
f86b
1a70
107d
1bd2
2260
0201
f489
0caf
dc88
034d
3397
019d
fd10
f8b7
ef0f
017d
07c6
04c5
ec48
08b2
2199
f922
fff6
6b4c
f8c1
ff50
f8ee
f007
f4ca
f2d0
0a38
f903
1b5b
116a
03c6
f146
f4da
fc1f
ebaa
16fe
1f30
f531
55aa
f840
1ea9
0ffd
04b6
0a0c
0914
fb30
032d
ff6b
04ce
0173
117e
38c9
0b57
fadf
f45f
de83
eed1
0625
0873
f5c7
083b
ee53
0423
fd23
0a76
f0b1
056a
4655
0824
2c40
06a4
ea25
206c
0ae2
1d6f
1d4e
0a71
f2d5
f7a5
276e
10f7
ffe5
00cf
105b
2039
0f43
01fb
f577
080c
f3d1
068f
fa6f
f95e
f2ff
f69d
e9da
11eb
ed42
1d5f
27a9
034e
e37a
ff9c
0474
fada
fe28
f85a
05a0
fe85
fd06
ff7b
f431
19ac
d6ae
fae4
184a
ee4e
1127
1063
e2df
f836
165d
1290
fa9d
f900
faf1
0a30
0706
0f6f
0ac9
1938
17ee
e3c7
0cc0
12ca
fb9b
0bd8
fa0c
0a32
1183
ff27
1245
dd07
0399
1a77
0b35
eaf7
5220
02df
2866
00c1
f118
f867
f5b3
0496
eb0e
05f4
1ce0
13e8
f357
d4af
f6d6
fc1f
0eb8
136a
e43e
3e7a
053a
1be4
0877
03e7
f4f6
0c95
e5af
03ef
0aa3
00a8
0810
07d6
22a4
062e
f421
fe86
edda
f069
f656
f22a
ff3f
f288
e38f
0964
fd80
0921
ebec
0c61
0db0
0d22
279e
0332
f417
0ede
f551
1818
0729
ebc3
0243
eb55
04d6
0b2a
ef98
16da
fa35
088f
fa73
154f
f95e
073a
fb07
fef1
fd0c
fa78
ef4e
f207
e37d
fa61
eceb
0282
161c
008c
d7c0
0358
01a9
1b70
0fae
fece
fa11
f5ec
fa20
2153
f4c4
3028
e4b8
07d0
19f8
eb82
fe58
13d6
d613
fdd1
0711
0c9e
e3d5
1860
fc41
05c8
1430
0d7a
0499
13be
0059
f8de
04a0
20fc
1ba0
1010
fd96
ff3b
079a
f96b
077b
ee70
04a3
2d52
f9a0
edff
280b
0d33
1665
f54a
f78b
fff6
f28a
fa5c
e2a0
0f8b
0706
08c3
f37e
df0c
1106
0723
0afd
1a4a
d9c7
f946
fce4
1f55
0c8c
07dc
0659
0738
f6f3
0eb0
07ce
03b8
0ea4
00c4
28f1
044a
097d
01c2
e682
f799
069f
01bd
f014
0f86
f128
125a
fa2c
06bf
e7af
0794
4094
fc4b
3849
ff9b
ebbb
0ee0
f329
1b35
0082
0ec8
f67b
f540
0d07
073e
0402
0098
08b5
1aa7
f6bc
0c99
ed92
0e4b
fa01
0634
fa72
fa8d
f419
fc57
d166
0ad8
f310
08f7
027e
05c9
e59f
07cb
fcbd
09bc
048f
f75a
0b38
04dd
f38c
f2de
f88b
1c12
db71
ee7e
db59
06b0
f6f6
1838
f56a
0646
ffec
19cf
ee94
eef2
08ce
0b39
f036
28c3
fd91
0250
fe52
e0c0
0a10
0059
fcd4
1a03
f8e7
faae
0120
0a95
17c5
05fe
0812
2483
e8dd
11c9
19e8
16d9
1f41
f23d
f818
f409
f375
fbf9
0c31
14a9
ecbd
f2c9
dbb5
123f
fdfc
0e25
f7f0
1a22
0872
f4ae
fd3b
24d8
00ff
fe4e
fda6
0eeb
020b
00b0
f65c
03ce
0ceb
e78c
3e0f
1af0
ea1e
f230
d6a7
f594
f6ca
fdc3
148c
eb7b
d948
f063
e99a
053d
f3f7
fbe1
367f
fa95
1e7c
0157
e47d
2055
0bef
23a7
f9b5
0a73
eb7f
fdd5
0eda
f0d7
eb30
d4f0
ecea
28ad
00ee
de46
ef1e
2b10
0a2a
0959
faec
0780
fdcd
f506
0e18
014f
e4d4
12b2
1186
f0f8
d563
0a92
0ad3
22ad
f399
1235
1fa3
fd93
e7fc
d9e1
06bb
31a6
dc3d
ed18
e08f
11a4
fff6
1925
ef0e
1b56
0670
1288
f8ce
f2ad
0414
fb39
f3f0
2e8c
fbef
13ac
f538
f16c
0d66
fd61
f9cf
2b20
2bbb
f790
fd7a
0e4d
1b02
fcb1
fe4e
3232
f55c
003f
fada
1b6a
1759
f092
ef8d
0ad7
f7cb
0ef3
03d7
0264
0423
0a49
e8f0
1138
e3cf
08c1
fcd5
106d
074a
f8af
2907
2c64
015d
11f8
0685
1ac7
fdb1
ef59
f607
de58
065b
eb43
451e
12d1
edaa
faa5
e87e
07dc
ede8
fc8e
1008
e221
d482
29ff
f152
0766
f66e
1698
2030
0b58
1967
0595
0a9e
0bc9
fe54
17b0
f7a3
f9aa
0c11
f690
e4d1
060c
ee5e
0119
0b1f
0842
fc17
fadf
07ab
1b17
1346
07d0
07e4
e61d
ec54
f21c
1423
f0e2
e72f
fc4d
01d3
fc94
f99b
0f6a
0ff2
12df
f96a
06f4
17e2
e8a3
e895
e6ef
f289
30d7
f505
fca1
e47f
0585
f93c
06d5
eb5a
1144
fd1e
1c4c
f674
ec0c
0c47
ff24
f4a9
207f
f7fc
0d71
04ff
e9d7
075c
06e2
07ec
1c3d
23f1
f5a9
0037
0a42
16a7
fc08
0855
4999
f6bc
f524
fc46
1705
1dff
e58a
efb5
fd4d
ef06
002f
09b2
02cb
f06d
fe81
e7fb
edb8
ee58
055c
fee2
0bf3
155a
e82b
12cb
3181
f2d7
1a8d
04bf
1a56
090f
e199
f1ce
e323
0719
eeb5
35ba
094d
f7cf
f64a
e092
03c1
ebab
0ed7
0e79
ef94
d902
24ed
f93d
ffe3
fa59
08de
2734
0a04
0d4b
ff20
e667
04c7
06fb
1392
f735
0abe
f49b
fe2a
01d7
2053
e957
f1f2
03e0
211a
174c
fece
e426
03c7
11c5
0067
01e0
e0b5
ff39
0039
19ba
f358
ef58
0539
0a30
03a8
eab8
fee9
066f
1c3e
0293
0573
0edb
ee68
f7ed
e095
ff5d
177e
f68d
0028
0407
0f53
fbd9
09ba
fa38
2469
f1d5
14a7
0ce2
fb57
efb1
fb8c
f09c
22eb
fb0b
0606
124d
fd01
1056
f289
0782
074f
26d6
fbf1
0b94
06f3
032c
f61a
0867
1f13
0f15
fd11
13e6
3148
1dd6
f145
f233
008e
f2c0
fe74
fea9
f9c8
f87d
095f
e4f4
e79b
f747
04c9
086e
1803
0855
e677
0e06
1a1c
0168
0f2f
e7de
0cac
0774
fbed
f415
de5b
fb0b
e94f
4694
00d1
f58d
ef68
f3f2
14f3
f9ce
0c63
09be
1632
def1
1fc3
f7aa
1f0f
0262
f522
18bf
0a04
065d
f129
0396
1106
0757
265b
db5b
0993
fbe6
f23f
116e
1620
dff3
fd27
0cae
2575
de47
0378
f6f7
27f9
0f6e
fe66
0282
f4f9
f260
fcc4
1329
f509
f1c8
f98d
0e24
f9b4
e382
0ec3
0e3c
0b2a
fd63
045f
064d
f0b8
eff0
ebc4
fc37
2516
f21c
017a
0fa6
fb14
0535
11d1
ec05
29aa
ecaa
0adf
0e5c
e1ac
fcfb
05b8
05e1
36b2
eed7
f0cf
0fac
eef8
1b6b
ff56
0357
1515
04d4
f2d9
fc7a
046d
00d8
f32c
ff85
2694
ee79
092b
29f4
1a6b
1234
f2ac
f4d6
fe8c
deae
02da
f09f
13cf
fa02
03cf
e26e
ea0e
fac4
0167
1065
1d03
009c
fe01
0955
28dd
fa60
0774
fa1f
046b
fad4
f65b
f86f
dac9
2548
e719
2135
0652
ee98
ff4e
fc14
fcea
f8cb
ffd3
f89b
f83c
f80f
06f1
f82e
1d62
fde8
07e1
2103
0594
17a5
ee3d
f13b
0e62
0a7a
1b08
f191
0f0f
f538
0685
08c3
f442
e460
0bf5
efd0
1e0d
fd7c
eeca
eead
13cc
08a4
0378
09de
fbef
f620
00bf
03d4
f20e
f404
f390
1e5c
0e8a
e918
154a
05e3
0194
001a
0c86
1731
f675
e81b
06f0
f62e
320f
e7f6
0760
07c2
0931
fdf8
0462
f6e6
0ebc
0b6b
073a
148e
de44
0331
074c
fd63
286f
f649
0981
ef3a
e98f
07fb
fc8c
10d5
1330
10ca
e739
0a6f
0b98
068e
fdb3
0741
3cb6
0ab1
1bf2
2eb5
24e7
12a2
f0cc
027a
eee8
f13c
fc08
09fe
09ea
0353
fc3a
eb54
eefc
f8f5
0b04
1bcb
1345
0327
e91b
0a0e
1e6a
f8d2
1f08
062d
161a
02bc
f5f3
ef2b
ff59
f483
f705
1c55
10e9
047e
f898
01ee
0204
f7a9
f525
fb0b
182b
09a5
2318
f939
0846
f247
eb28
1865
0875
1189
f55b
ea73
29df
f5a4
2ccc
d545
124d
ffd1
fb3c
101f
0cc4
f0ca
f1f3
f543
32c7
f350
db2c
edc5
fc69
0c64
0876
1163
f67e
ea53
fb97
f68d
fdbc
f3e6
fab9
1c02
fbd0
f5aa
06b3
f820
f679
1949
f60b
1260
03f8
e565
0329
fd95
1b2f
d173
0360
0368
040f
1b6e
1148
f379
05b0
ecd6
1047
0faf
e603
eda3
0b8a
fddc
1341
efba
131d
013d
f3e0
17da
f462
09b3
0b23
2b68
ecf7
fa8f
00b0
fe0b
fece
181f
38f5
0483
162c
1f1f
fbd5
25fc
00cc
f3a2
f6f9
efa4
0622
fcc7
0295
fc65
08f4
e286
f00e
f8a6
1aa1
21eb
1af1
01e9
eb1a
1904
1caf
027a
1e55
fcd1
1b7f
fe22
fef7
ed56
e46f
c513
0027
15db
1522
0bac
f4ef
0477
efaa
fdcb
0629
f763
1193
f608
2b31
fdf6
1a99
f419
021b
fb26
ff6f
1c76
e267
f34d
1229
1491
27ec
ede6
1048
0131
03af
f9bf
f762
e001
059c
f59a
2a0c
0511
f8b2
d973
0ce4
11c3
03e0
050a
006a
fc57
0269
f8ab
fc3b
f56e
ee2c
1c21
1279
e4d4
1e3e
0252
e353
0ef7
0622
febc
f943
e227
e2e9
fb14
f719
c7c5
0ef6
0510
ffa4
041a
0926
f46d
06ce
dbda
fb18
0acd
e222
e7b5
1426
e389
0f8d
fd7b
10c6
f187
f96f
1be2
0277
026d
fe52
12f9
f38d
eb4b
049b
0cca
041c
18e3
3d4c
08f4
fc03
5663
29a5
1ff7
02bb
0e16
0a43
ec24
0930
f4e7
efca
fe69
2c46
f149
ec80
e9a5
073e
0718
28d1
f211
d942
1fb3
1609
f967
1973
018d
1ebd
00b8
0574
f432
f302
eb12
050c
fa54
0c09
069c
fd18
ff02
fcdf
07a9
0a54
f7d6
20ce
f982
2981
f5e3
0638
f19b
167d
1dd2
f5f5
1755
e08f
f934
1125
06c6
2011
ee7b
09e7
135d
eb16
06eb
003f
d5ec
0731
0628
1755
feb5
059b
07a4
1105
07a1
fc06
0102
13b3
06f2
fed0
0387
e9ea
0681
f121
1249
20d0
e19b
2aa0
0077
f94b
19af
f56c
fb0c
f820
ef66
f357
0341
0b3b
cc65
08f1
0464
f0d7
e3a6
0ac2
d849
110c
02e5
fdf3
f970
f0c0
e3e7
0b6c
f8d9
f345
ec84
0828
ec8c
fd27
14f7
03f9
05d5
0d5d
0fc4
f50b
f477
0890
13aa
fa7b
18b9
3f81
050f
eec8
48b6
2a2b
1f59
01d3
f7af
1046
e953
fdce
030c
f0f9
f55e
174d
eb9e
d3cb
f5cb
0792
049c
1827
f455
f9b5
0f8e
209d
1363
05ef
058f
0b4b
0414
1137
f9a2
0a9a
ea34
fd94
12ff
0c56
14b1
fdea
f3bd
0d2a
0a09
1016
0760
1d3d
0b74
2da4
f4d9
0515
efd7
1261
125a
f043
0c94
f14a
fb53
1fe3
fea5
1575
eea8
ff43
1b79
033b
10d8
08b6
e740
06aa
0c44
0ed7
eeb1
fa23
f942
112a
014b
09df
fb22
10ce
0fcd
09f3
ec92
0173
fd9d
f895
0a8c
04e5
e069
296f
f9e4
eee0
1448
f778
fb7b
f44c
e599
f29c
f00c
2335
df6f
0a47
08fd
ec6a
fcf2
0927
e824
0426
0f1e
0a0c
1b85
f145
0454
0beb
fb61
185a
01b0
0750
f4ee
f951
0826
203f
1323
1d4d
13e7
094a
eed6
0860
1066
f269
191a
161f
00d6
fd93
267e
f7ed
0c6d
0666
0294
f5b9
ebf6
052f
f723
0afe
0392
16a4
ecf8
dd42
f482
00bc
091a
236d
f7cc
f492
1a2f
1cf6
f63e
0128
1009
0daa
069e
0ed1
e3e4
04cd
eb96
04dc
0de1
1075
0252
fc79
ec4d
f4b7
0426
125a
fb82
1054
ee34
2a65
f2fb
035f
f76b
12a8
2d13
eec9
27ca
f917
daf4
2c18
0d9c
1b28
f851
0ee3
0c6f
fc8f
fa45
eb6a
e66a
1311
0898
16ef
1810
f26b
f6dd
0963
f4b6
1f81
f91a
0401
1535
0318
fb33
fb49
0250
f2bc
217f
0579
e96c
208e
f9f3
ea3f
04ca
fee5
168b
03d3
e5bf
f5b7
fc20
449b
d6b3
e960
05a8
feb3
fb8d
0da6
efde
067d
18ac
0621
2003
f066
fc58
036e
fd68
10f4
0ef2
0408
fad8
eda4
05ea
13b0
1857
1718
0dca
0c6e
f8d5
1537
0a55
01a0
19ae
2edd
022c
f0e7
47fd
0dca
1e68
f2ec
f959
05ca
f1e1
0903
fc7e
0fb3
05cb
20b2
f145
ec5c
f873
0148
0f36
1b2f
eb11
0655
1578
12ea
f6b9
fdf2
08c5
0e64
0588
03bb
f5c5
00d2
f0de
0847
4319
085c
fc31
046a
f893
f6f9
053a
1028
040a
0727
05d3
1845
f53a
1692
fa2f
116b
1edf
042b
2662
f753
e8fb
2e70
068a
17b8
fdd9
04b0
ffe2
1081
0704
f524
e327
060d
0044
2306
0acf
f8a7
e96f
0bfc
04aa
19f7
fdc7
0a48
07d0
fe44
002b
fe7e
fbc1
fe02
2112
05df
e3d7
0d91
0039
f3ae
ee12
00ad
18eb
1523
f1a3
086a
f846
272d
d2a6
e84f
09f3
1df2
fdc9
0d58
0733
09e0
fdb9
148f
1463
ee72
fc42
0d28
eb7d
11ca
0b13
fdbe
e80b
d954
f7f0
1a28
1dae
164f
2d9d
0af6
f1a5
15e0
1c4b
01eb
1e1a
1726
0cb3
f87e
54af
06f3
24a0
ee61
1329
fca1
072c
fe02
f331
0ec2
0d5f
f61e
1051
de3a
e80b
0b60
1817
1151
eea0
dced
22f8
1795
0d81
09f5
ef2c
229a
0630
0686
02c5
0152
f414
07ba
334a
072b
0306
102b
f551
03b7
04d2
f894
0469
19b1
0c15
2c06
fe74
0b5f
072c
0a8f
07d6
0abe
0f2f
f078
ea07
2ae5
f6ac
0858
feb4
fd49
0257
1ba0
15df
22f2
e76b
00a9
f383
283b
08b5
f914
0593
e6de
0bc0
0f97
0842
0cd4
f4d8
e9f5
f5db
fa32
0f62
eb40
18ee
0ffa
dc2e
1c1d
1170
eb34
041b
fb05
0b05
f4bb
e8aa
075c
f7d2
4499
c8e0
e3cb
0a96
136c
0475
f99e
022a
003d
0abf
00fd
1635
f403
0824
13ec
06c2
352d
0c3f
ee81
eef7
d7b4
0776
26f6
1afd
fd0a
e683
f6ae
f45d
00bc
0f55
0e06
177a
36b3
0685
10e9
7019
0ac4
126c
e813
0abd
e8e1
e98b
f7e1
0dc2
12fd
fb8b
0493
eea1
d955
f915
faa4
1579
177b
e841
0f8e
ff19
0f6b
0f3f
e8d1
f309
1265
0ece
0d36
ffc6
fd0c
f3e3
f5d6
38bf
0f9f
127c
f823
dc5c
edc8
1106
09ee
0676
15cc
1393
0437
fef9
0046
fd67
064e
14a3
010e
2ddf
ebc0
e91a
2bd6
0ad6
29b7
00a7
0f94
0bac
17e2
32e5
0aa8
f8d4
f8ae
f217
32cb
1423
e626
f2fa
f9bc
01e0
1719
ffe2
03ad
0cb8
ff6a
f681
0a26
0398
13f2
22ca
056a
da7d
026a
0f9b
fa57
0796
e342
0626
ea81
e985
0715
ffbf
1d8b
c4c2
f3ec
f4cf
f73c
0745
0b98
f6ba
f170
ed53
0876
fd65
fdb0
ff07
1ce8
050a
0c5a
0d77
f5ae
f052
d652
0e5a
0fc5
090a
0e21
134c
08b3
f7fb
1d98
0d86
066e
23f5
2a42
ff15
075d
1a9d
03dc
155f
f6e8
0391
f693
e68e
ffc2
0075
fbd6
04e6
029d
e0a2
d9c5
f023
fb2d
12e5
1eeb
ee16
ff03
13af
109b
0d06
05e6
faf6
0aa8
0834
1047
efda
fb21
fff4
ff50
155f
1863
f21d
ffb9
dfe4
fb07
0ac4
08cb
03de
3276
ffcd
1cb3
fd34
0d4e
f1fd
0645
12c7
ed4a
0f75
eea3
e651
29a2
037e
2bc9
0041
1dfc
1da2
15d8
1ea0
10e7
fbd5
f344
fc58
1bdf
00b2
06f4
f36e
2205
f773
0fa6
f4e4
0866
06cf
001b
eb5a
06e1
1044
2035
21ce
112b
d969
f8ef
f6ae
02b3
07bf
ff80
0c00
f288
f463
ea47
fa9d
1567
db30
f597
0772
f95e
0009
19a9
e2cd
fc99
e515
f1ed
f534
fe8a
fdbc
0be8
0b01
f6d9
0137
e54b
fd95
eec5
2132
0e3b
040b
0d4c
0ea8
0dfc
0263
1a53
1ad6
fbfa
1699
310f
f434
064c
259a
f9ef
2e7c
e862
fbed
f795
e1fc
0348
014a
0663
1a06
0d7a
ed5b
fa6b
ed8d
10fb
1995
2256
e846
052f
ffed
0e64
0c98
fe8e
e6f1
0941
0132
0387
ee8f
e8b9
021b
0224
1c59
0e38
f798
f85e
f96f
f148
0440
fedf
0859
18df
fc27
0d8b
02b5
1b95
f4b4
0d7c
0a66
f6d1
1ab6
eb10
e6e2
1e15
1e99
2926
ed9b
2683
1cfa
f8af
1a50
1dec
0805
f676
0390
1bbe
0131
f738
e6cf
14fa
fd2c
0a01
fec8
f925
0603
fe8d
ecb3
0ff8
ee32
12d7
16ed
0b04
d41a
f8f6
fdf5
f935
f2da
fe71
1308
fe99
efbe
03ab
fd9b
30f5
dc50
e949
11cf
0a8c
11f7
1eaf
f7d4
fbea
e325
f5d9
ff8a
f53f
0a44
0b93
07b0
0ea6
00de
ed9f
08b1
c93d
065d
1c81
1d51
01d5
184e
0053
fe4e
11f4
1957
062b
056c
2787
f7c3
0a50
1c29
01eb
2d2f
04c5
0b35
00cd
e418
02ae
0354
0809
16fe
0546
f3ee
f710
fd00
f8de
2514
1d13
e4c9
1186
0679
2404
017f
fba0
e875
0fa1
0969
0e71
fa6b
f4ea
02fb
02d0
1851
00e0
0907
f6c5
f339
1096
066c
ff9e
131f
0709
ff30
1b72
0669
18f7
f8b5
0d3d
11cc
04b6
ff83
fdd1
f368
1157
184a
2077
f3d0
18eb
12c1
10ba
0e58
1465
0a15
ecac
ee55
21b2
fecc
14b4
e9a6
fd40
0a18
01e7
1715
f29f
f2a8
0267
efda
0866
ed10
0fe2
1063
1545
e5ab
1243
093f
0983
ffba
dd90
0003
fd8f
efa3
1048
f6e5
4578
d8ce
f39e
1ccb
f61d
0465
16c8
f191
16b9
e93a
0106
fabe
f635
1227
1607
0cc1
0a01
05e5
fceb
f96b
aa4c
02ec
08ab
1337
0d6e
f66a
f4bb
fd6e
132c
1e3b
014d
1ad2
32a0
fc83
10d1
4b21
f715
23e3
f88d
f8d1
f5a2
e534
14cc
1527
0c27
126e
15e8
e392
0653
0610
fb38
0f30
1bc5
ed45
3240
fa16
1cba
0819
e888
0058
0d6a
0174
0d49
12bc
0291
f434
f34b
0191
07a5
f488
efdd
e5be
fb86
0737
fc8b
0f9f
fe9c
ff34
13e4
0a35
ff68
f864
090b
15f6
0c21
3d44
0378
ef99
2a39
f745
27f0
fb6f
08e9
2309
f968
ff27
18df
099a
ea28
ff9b
0d27
f9c8
0ad5
e685
1b95
0600
0233
fff5
eeb4
f35d
0919
e0bd
1336
ee51
239b
10b0
1b52
f031
0c74
01dc
08c0
0fa2
ec7b
fa79
f999
e952
0db4
f461
199a
dbe3
fc12
1b09
0023
08b5
0d65
e743
0d82
0939
0576
fb12
f48b
01a3
0081
fc20
1ffb
00c7
fb40
f29e
d830
0902
1c14
044f
145f
edb8
de44
fe47
0a52
0dfa
fdd2
1a97
1772
efac
0bb6
2135
06ac
072f
133c
fd22
efe8
e344
04d0
0633
12ba
fec4
0a59
ec85
eab2
05ee
f853
13fd
2298
f39f
3a16
004c
15b5
126b
0520
ff75
0d12
0cbb
062c
f779
fff4
0204
0132
21e6
1bf2
00dc
f687
f3da
f814
019c
fefa
fe14
1801
fdcb
1e12
fc92
fd8b
f0d7
0daa
20dc
06ea
1ead
049d
ed3c
0971
0135
243b
04db
062e
065a
eb4c
14ca
11de
050e
0e28
12b2
0e91
f9cc
ff80
fd24
03d2
f771
01ee
f0e7
f186
0282
f2b0
ea79
11d9
fa5a
14ee
0f59
173d
e8cd
fef0
0496
029f
0315
f2f1
0fb3
016f
ff44
0e60
f192
2964
da55
f23e
2098
ea9f
1556
0f5d
db40
0db6
ffbf
0289
f6ef
ff76
f1fb
0121
f1fe
143c
05d3
f64d
0960
bfcb
0b72
1c22
05e8
0d05
e5d4
e597
0bea
0265
11a4
009d
0527
43d2
fb21
f404
36b9
f883
25ca
f6a4
0114
edce
ee65
008c
0a6b
11b2
0bfe
12f9
de25
d610
f88a
0a70
18a0
1680
e45f
5e41
fc6b
0fab
0906
ff0f
fd1e
09d1
f57c
06ea
0170
f737
ff9b
fcc6
263a
094e
f572
06d3
ebda
f46c
faf4
f44f
fbe8
f48d
ef5d
10ee
fddd
f6b3
f676
131e
06ec
09e4
4500
0760
02d6
2373
f9a1
1d72
0685
f0a2
2513
f10c
0918
17d2
0040
0df5
f19c
1637
f93a
0993
f0fe
fe9e
fa47
fda4
005f
f85b
f259
f83d
e469
f7a2
f900
2667
fde1
feab
d0ca
0dbb
0ce7
154e
0e65
f927
0054
fe4b
0535
2b0a
f515
0926
e5d6
fb83
1a95
f138
f53c
1f73
bec1
0faa
f3c3
0067
e7ed
123a
f603
f813
0fd3
0649
0a83
f697
0054
fa09
0d75
1217
0fea
192a
0e01
e500
0858
001c
0bb0
f9dd
09a2
1fae
0135
f7eb
0b66
0723
1826
01bf
0271
024a
e9e1
0571
fcc3
09ed
f579
11bb
f253
eda0
fd29
fe75
0d4a
1f69
e5e3
02fe
02dd
1506
0317
02e3
0045
11f5
01a9
0a29
059c
ebc4
0ff0
f1a6
292c
1165
ff76
fdf2
e884
085d
0268
faf2
f305
0efb
f074
1587
0780
fbf8
eabd
1248
2ae8
013e
37c6
0a0a
e4ab
047b
faaa
18e0
f07c
22ac
0221
00f9
1155
10f2
069b
12a7
01db
13f5
ed58
08c5
ed92
0963
fa5e
05f2
fd45
fbb9
f059
f8e6
d322
eb32
fb4f
2898
f766
1a80
db93
0397
07f2
04f1
f9a1
0a18
0fbc
f8d5
e9a3
067f
0265
1d48
dad4
f97d
de18
0197
0bed
105c
fc87
1491
0bef
0106
f78b
f62b
ff1d
00ba
0065
342b
f764
f4ee
f1b0
de76
ff47
f62c
f474
03db
143a
efba
0391
0084
0fe4
0135
03f4
257e
e693
099f
1420
04fa
28fd
f33c
ebbb
fe68
ee42
0213
f5b8
2ba1
faeb
0c87
e8d5
1284
06f0
0c51
0f5d
1e7c
179a
01e4
fbba
3c1d
fa4d
0763
024e
068b
fbcb
06a7
03c4
0205
175d
ed70
1c03
1f5d
e3db
f0f0
e592
df96
fbba
fd4d
0e2a
f958
e367
0700
f332
0587
fb1d
efab
3ac0
09c5
23e5
0e58
e48a
2522
ff42
1b42
056f
059a
083b
0dc2
01d1
e394
face
ef54
f9c8
358f
fe3b
ee58
04b7
222b
089b
07e5
130b
fdec
f727
01d1
0a9c
f205
d88b
ffd8
1291
f7e6
de4a
1fb6
1d7b
1d4e
efa8
0897
1e7b
014d
f20c
f698
f5ca
1bdc
eae8
f609
f077
0616
0b03
0e46
e98f
1ff1
212e
fc3f
ed07
0bed
018d
f9f2
06ba
1a2f
fdc6
0f1c
e903
f1f9
1297
f800
ee72
12c0
3d4d
ea8d
0af9
0d6d
170c
fb31
f41f
45c7
f842
ee62
0a1a
13c8
24f0
07d1
e54d
0fe8
f946
1bfd
f56d
1c15
fb91
0e5b
ee2e
0a3d
e995
08db
f684
1afc
1914
01e2
1cec
3878
07a3
1e54
04dc
1d7e
075e
f2ac
0738
f1a0
0589
0236
0f19
0802
e7ed
f32e
eb3c
0079
f667
03dc
1428
032b
dfb0
37a4
0541
fcef
ffa8
0b07
16d0
10dd
1bb4
0a60
1272
0abe
e7a9
0dca
0546
e2c8
1803
03df
db4f
02dd
e699
163d
1141
1a1a
e937
0f2d
1f0a
1a05
1eae
febb
0bef
fb24
ddeb
f591
f4aa
e168
dbe2
f635
0383
f870
f21f
14fc
32a0
1548
e6d6
fd5e
1af3
003f
f333
ffe6
f478
2213
f100
ecb1
e79e
1167
137e
04a2
ee1b
109d
2af7
08ee
fe3a
ff6a
13cd
04f2
fbc1
27f0
f8e5
0830
f696
e3ba
14ec
067b
fce1
f984
3c9e
ea85
0a94
0788
1242
079e
f53a
3121
0194
f80a
2afc
07fa
27ac
0176
dd08
f21e
fe7f
12a6
f6da
1d27
e529
0c91
f38e
f383
f0ae
f949
ffc6
1395
1f34
f735
0aef
39ed
f5ed
2ec5
050e
2f91
0163
f41c
1056
eea6
ffa6
062d
27f1
0146
f448
f0bb
e6a3
f771
ea8c
08c9
17eb
f1ad
e6c5
2508
139b
f99d
fe52
03f0
293b
16ad
02bc
0374
ec01
0d7c
f044
03a4
f79c
f9eb
1263
0b21
e618
27ae
ea07
f93c
076e
29a0
02bd
f3e5
1475
f8e4
21a7
fa2e
1171
f099
e503
fe34
fadb
ddb9
e5f8
fdc6
1472
0a9c
ebdd
f48a
0254
180a
f6e5
fe70
1633
1460
0091
f134
f930
0e62
fb25
0128
02e8
0b47
1a22
13cd
f849
1aa3
f964
f8e2
060e
02d6
fe5e
0caa
fd46
21c3
f611
061c
03d8
e5cf
0c87
eb8a
1031
fe60
2c40
e185
13f0
0781
0bcb
0133
04c8
28a2
f968
fc98
0ed7
25b9
2fda
0e94
e035
fc8d
fdd5
0db0
f1a9
161c
e4e7
0e92
dfa4
f845
018c
0e48
0a22
0e43
0582
fd15
fede
1655
ff54
0b9d
f69b
107f
0b33
fc23
fff9
fb20
ee17
f989
3b67
0361
f6d6
f1c8
f56f
094e
f24b
075b
11eb
054a
ea48
243a
ff5e
0e6d
fe70
fd9b
2c79
1ec3
2855
f65d
101d
240b
f67b
182a
ddd2
067c
086c
fcc6
102a
12a5
ed68
eb3a
001f
259d
ec2a
fbf8
fb60
180d
1e98
005a
085d
0a07
ec6a
0029
0a65
f0fa
ec83
0a95
0cb1
ff7e
e873
189e
f8c0
122a
f207
0251
0de4
f34e
efcf
f5df
f817
06d1
fbfe
0008
fd78
eb8e
1271
193d
f743
21d6
0eda
f0e8
0ea4
e8ab
fef2
1f63
0f44
2723
ff91
fec1
0879
e3bc
13f5
f8e2
02e5
0d24
2b6d
e17b
0467
fbe4
046e
f0cd
011f
306d
f1ac
03d9
1837
1180
15e3
0d82
df08
fc18
f1ec
1355
ee6a
315d
ecc1
073b
e819
eb32
f71f
063d
0c1e
11ef
0d82
026d
0286
371d
e381
0c04
ffc7
0f84
0423
02f4
fcdd
eb35
185b
092f
1a84
06f4
e645
fcea
f581
f470
f165
fd54
0dd6
07ca
eb34
1939
05f1
17b7
0c30
06bd
28e6
0a53
1e72
0338
ea8d
0c8c
ec90
13bf
f619
07e1
eea2
fab2
02ac
feba
fe50
fee4
f551
185c
fa1b
f920
f9b5
1251
20da
fd2d
1042
fe1a
f2d8
fcdc
ec11
023d
f00f
fc60
1331
00f5
e758
264a
081b
1c52
f7fc
0f4c
1ac4
0472
e8ad
0d51
f350
0e39
f2ed
118f
0d30
fc89
106e
0700
f2ea
feb5
34dd
fa1d
1213
eec7
ff8d
0645
faeb
2efb
fb63
0d28
eca2
dd22
03be
fe6c
1552
febb
14fe
df2c
14cd
0955
04d6
033c
034b
47e7
038f
0e84
2c8b
10e8
1b5a
0fb0
f8d3
fa62
ff1f
fe15
057c
13c4
e84a
0296
fb9e
f1f3
fda6
0445
152d
1093
001f
ef27
fcfa
4bdf
fb24
0bb6
13a5
0b16
0bf3
fbdb
fffb
0e65
ef9a
0bf3
08ae
1624
f67a
fd33
ff8a
0231
efae
dc15
1530
25b9
ffcb
2a67
01ef
fdf5
f819
e0a8
308c
0694
010c
fb2d
f5b7
1fa7
ef49
2172
e93f
1f33
0e00
f60f
0266
1ee4
fbce
f380
02cb
373e
d62b
ef52
fe57
f735
167e
f60f
1c17
0da5
e372
fce2
d988
f854
ea93
03cf
1c76
ee3f
f4f7
09b4
02e7
20d6
0c62
026c
150e
049a
f1f8
0445
f04b
01d1
f4ed
fe3b
1688
e9ff
1c29
0ca3
f3c0
0708
18ec
f053
03b8
ebfb
f95b
081b
0488
3ec6
f349
184a
f2cc
e23f
1a14
ec8e
0c4d
fa6d
22e5
eeba
09ac
09a3
04bb
0943
14c4
338b
07a7
0788
3337
0808
1309
13b7
ecd6
01a3
f2ee
1774
fcd7
093d
f65c
2307
fc2f
e812
ffe8
0485
2423
14c3
0a5b
f12f
0d29
256b
f8b0
20c7
1bc7
310d
0682
ffb2
f90e
efb7
cea7
0d66
f6fd
0492
fbe7
ffaf
fd7d
fc6f
f4e9
fa0a
05e1
0f55
f4b7
31ba
024f
0c51
f9b6
0005
2b69
05b0
2393
e3d5
038d
1424
f75f
239b
fbb0
193e
16f8
ff89
ec35
11a5
ed44
f6d5
025a
3ca0
e8ec
fc6d
0106
ff90
0cc1
f2bf
104a
153a
f13a
f9c8
ec9a
0c6f
efba
fc08
07d3
0759
e40e
1204
0ab4
0991
ffab
0e24
0f74
11d4
f4cb
f218
f871
df3c
f084
1119
15f1
0040
1a1f
2065
fcbc
fe0f
09c1
ef12
0527
f667
f9bf
0fac
e5b5
1a72
0239
1285
e527
f8e8
12a6
0a25
0850
e756
2b88
f94c
0170
0471
0e2a
eed9
1029
3572
0731
f1b2
4d37
1dd1
13c4
18fe
f718
f051
03c1
1b10
eb50
0c69
f83a
3047
0859
0799
ee23
f5ea
048c
09f0
ed00
dfce
1bbd
2a2d
fafb
2664
17c0
2624
0153
00d4
fec0
09a5
eca6
0f53
f107
f79a
eedb
08e3
f552
0b60
f042
f7b8
087e
097c
e687
2253
044f
ff0e
0935
0dc6
2c27
0f93
250e
e9b4
05b4
11fd
e3ae
140a
f279
0644
1bc6
ff6f
03bb
14bb
d597
098b
0c8a
2b5a
e189
05d8
1d7a
f5f5
195c
f7c8
1aaf
0d16
f624
f799
e9ad
ee07
f798
e8a8
04d2
136d
d688
184f
0b9b
0787
0c08
fdfd
0c4a
165c
fc74
f91f
f66a
e627
ed4c
0318
15ff
07c9
f036
1bba
e951
0405
28f6
f373
f7d4
ff61
020a
feee
05ef
f9b6
eee0
14d6
eefd
0611
0a22
0b7b
06e8
0289
4473
fff5
f6be
16a9
1bd4
fca6
0f48
2c4d
0b13
e444
1430
23b6
1744
1773
edf3
180c
000e
0c81
e61d
0be4
ffe2
2143
03a8
cd09
ff49
0a2f
113b
0bbf
fb96
e549
1b87
2bdf
ff95
11fb
242a
2c85
06f2
0e75
06e4
1718
f39f
12e4
f2d8
048e
fb8c
0867
efc3
0d0f
fffb
0907
0988
25f2
fd47
3f97
05ee
0a89
015b
0bfa
210e
0709
fbba
fab1
01fb
19d2
eaf7
076b
ebb9
0c16
22c6
0e15
fa3f
1d21
e7e5
20de
1c83
07ec
d9e2
fb24
14db
017d
0e54
0414
0e35
13bc
ffcb
0562
d65c
f963
fbc5
f223
fe65
1076
ee4e
3143
0618
0818
fb39
068a
13c6
0e99
eb3f
f94d
f1e6
0a6a
e99c
f5f9
1912
0cce
0698
19f0
f173
f3b9
18c2
fa7f
f715
05e8
fbf7
04ea
039a
16e7
03c4
0112
fc12
fd3c
085f
13d7
1a66
0a75
37cc
1456
fe20
0e97
0f98
f5d8
04a3
1b41
07ed
ee6a
0fd6
04c3
2490
18a3
f0e1
163f
ff06
1a19
f267
0d55
0465
1ba5
fdf5
de2d
f8d4
f5d3
0f84
2472
0c13
0489
0bec
18b9
fd15
0f3c
1d08
26ec
0af5
0346
0191
fc8d
e924
0c1f
f5eb
0386
fad7
0364
f81e
0552
fb9b
ffa9
00a4
269e
f2bd
39bf
f8ee
0cf1
050e
0646
3b6c
05d6
275e
0767
f168
1328
f2c5
0fc2
eef2
059a
282e
0bc3
e9fd
0725
ef50
0bf8
1302
202b
e3a6
fa19
0e68
00cf
1294
166e
0ed3
0ad7
01ec
ff2b
ec29
eb35
fe09
f21f
1433
0a2b
fc64
22e8
0a39
fde2
0287
ef1c
0f22
0b9d
da15
ffb9
ef5d
13a3
ead1
e5d5
fbb0
0c36
fc56
0e90
eda0
0193
2ad4
f845
06aa
03e5
fe0b
072e
0ff4
2cce
fbc2
09ce
ecc1
ea18
087b
182c
13f9
0283
2d09
0b8d
0bbf
0366
0cb1
161c
07f8
2621
f78d
e6dd
117b
1a19
14f6
1093
e6ad
0066
f553
0ef1
feb6
2a58
fa66
16af
f821
ddf3
07d7
fbf0
19f8
233c
01f4
eb8a
04eb
2d99
0600
ff5f
1744
18f6
1533
0d35
f998
07ea
e938
f7a5
407e
1351
006c
ff5e
d69d
feab
0c8a
0a6a
0a6a
0fd1
0ee6
22b3
f914
180f
fd8a
f73a
401a
02f8
0ef5
f84d
e809
3b58
f392
1aa8
0132
106c
094d
11fc
0461
f5dc
f769
0d19
f857
4864
0d88
f3df
ed1b
0627
0f83
1483
0fc5
0c18
0627
0843
f518
0629
f66d
0240
1d78
f4fe
f5d1
edce
151f
04ea
f48b
fb39
131e
0e77
f600
0e11
ed87
1a32
eb6e
eda4
03fa
1af5
f15b
12c8
03be
fa8e
20e7
fb7d
ff5d
fe05
fd15
09eb
1279
30af
0022
fa02
d43f
dd09
fea1
1103
10de
fa36
2d0d
1024
0006
019f
0e7b
fc8f
1549
1962
0e97
eab2
2288
05f8
190e
05ff
fd82
033a
00a4
0632
ef39
1a4b
04c7
f349
ffe9
e99a
f8d0
fe75
1497
1925
f7dd
f12a
08c2
2c4b
051c
fb84
fdae
224c
1294
054c
077c
136b
f7ee
0913
1465
0744
01a8
051e
ecfb
0d62
099c
048b
052a
1cbd
0c6f
1fbf
f8fe
139e
0316
fd80
1ff2
0c19
147b
f829
ed6e
2095
efd5
0e6b
04d6
0682
11af
11c0
040c
1f8c
f5b4
1ae3
015e
29b7
e7ab
f6ee
0a9a
fd16
05c2
ff27
1b9e
110b
fb0b
ffdd
e67c
f1e7
fb2c
f5e0
0609
0464
e759
111d
2845
fbc5
03cc
f41d
11bf
002d
e6ea
1660
f1cb
30f4
e1f5
f386
1320
161c
03c6
13fd
12ad
f586
23d6
f019
0652
04db
11b3
0882
2328
4a96
1104
f77b
e15a
e602
0b5d
2a9c
1664
f5f5
06ea
01aa
10b8
ff86
05af
f8e0
1350
3676
0863
0344
31c7
19e5
04eb
003e
fc78
f975
f759
f859
f334
1282
f2d9
034c
f51a
e7d2
fde4
0a57
11fc
1873
f553
0e08
0255
348c
0e55
fc99
fc58
2ba2
0eb8
04eb
08c2
0402
fe02
fa52
00c9
0a11
ff57
09b5
d7eb
ed9a
fcd9
0433
094e
23aa
025d
14ed
0cb9
1309
ef11
fc4d
0935
06cb
187c
f1fb
f20d
3466
f18f
1ef0
0ca3
12b7
1336
2ee9
1fd9
14d4
f162
0e5e
f80c
36d7
05c3
f5fd
fd08
eeb3
0583
0e62
1675
0682
ffb3
07ef
d265
f32f
f96a
21f9
104d
035e
ea78
07f9
1847
0ae8
fbe0
f4ca
0d89
0529
f5bb
1d6e
f500
08f1
e786
09f9
0c6f
085e
1ca5
1945
ff29
e88f
0cd8
e312
f7b1
0a26
f5ac
0564
1d9c
0cd1
1145
0b5f
fa3a
e8bb
147a
fa0c
0c40
00ca
23de
101b
1068
08e5
0bf9
ecb1
04d6
16f8
0e25
f6c7
08a7
19fd
0fdf
1592
ee2d
03ab
0223
0585
db3f
0533
0c81
0887
f4f3
dfd0
f5b5
106f
0e56
1152
ea34
eea5
1509
2dba
06c9
1d87
ea80
28f3
0491
0554
f8ae
f034
0199
0d9a
ef6e
0626
e925
1128
f3de
0617
f7db
f1b3
1320
3fe0
fe1c
319a
055e
202d
015d
fa96
193f
0320
fe6a
f5bd
f06c
1d2c
e9c7
15b5
085a
063c
1a02
0561
09ff
1909
f338
18ef
1772
23bc
dcee
225a
0325
0c39
1061
02cd
0fba
06bf
f088
0bc0
cefc
017d
fe65
0873
0795
0bc2
e192
06b3
0591
2c59
fbd9
fa81
1ef4
09d0
039e
0156
f8a6
109d
0127
fb64
1519
03aa
1c93
1d0c
f940
ee59
0183
daa4
e9d6
03a5
f132
fdad
2b15
fcca
fde8
f3e2
06bf
ec3b
16f6
0eaf
02e3
0332
3307
03e2
1027
0ceb
0a19
f538
16f7
302b
f6a6
052e
1a51
0fe9
2952
0ffd
e965
063e
fed7
08bc
e40d
1663
0dc7
113b
f9df
f4a1
f5c0
100e
1a85
0ccd
e6d6
0a85
13e6
261d
0619
15e7
ece9
1cb4
06c4
fef4
fabd
e910
f4c5
1bf7
f207
017a
f0f0
0b65
f632
018b
ffaf
fb81
1896
1e43
0453
27db
0ab7
1916
08ff
0a25
1522
097f
0091
f621
f751
1c7c
ff3e
17ed
f639
1bb5
268d
ee3e
0bf7
267c
0010
2162
22d8
272a
d50c
1352
fd25
fd5a
0e39
01fd
0a60
0445
f46d
0913
d0ee
177e
ee93
04a4
0180
fdcb
e87c
0512
10d7
29f3
e9e7
09f0
1f80
198d
fdcf
0fb7
fc69
0f71
f9ac
ffb9
1da8
0c53
2c6d
2a15
fcb3
ebfc
0eff
e1f8
f9c8
0425
0000
fb3d
10b9
266f
03e4
03a3
06e4
e338
059d
1182
1367
f196
3eee
f9fd
14cc
04d9
0d1d
fb62
f43b
296a
ed7a
01ba
0552
0967
2065
2400
fe63
02e7
09d3
1703
e7e4
0632
fe49
ffe1
05c6
fe05
f7d7
f684
12e9
07ac
e4a7
1694
f7a9
2a77
f4c1
119e
fad5
161e
0efc
098c
0d05
f8de
f112
0aa1
fbc6
012b
fffa
0a5b
ea56
07e5
f952
f8f7
13c0
23ed
fb40
2344
133d
2147
05ba
fe3d
1c15
191d
00d6
05c9
0685
08ea
fa4b
14b2
f4d5
1690
189f
0eed
0221
2ddd
0206
11be
194a
2880
e162
17d6
034c
f318
1921
f7ea
2586
0022
de13
0832
d483
0b34
f1c5
0737
fd63
0bd0
eafe
148e
1232
24e5
fa8b
f7b2
0757
08cf
f1bf
0ca2
0585
15da
f0d1
f416
2124
0594
0b93
1da0
f415
0061
14ca
f6bc
ffff
0dd3
0990
0a00
114a
2ff3
078d
039f
faca
dce8
058f
0bbe
0f53
029d
257b
f18c
1351
08d6
1613
f916
fb1f
2711
f7cc
0008
2f7f
059e
2e63
15b3
e92c
fe5e
f2a9
2461
f883
1cc3
f97e
0f10
f4bf
066f
fc65
0715
112c
1abb
eff4
2496
f890
2d57
ff28
ff86
0f96
219b
040f
05ae
151b
092d
fd22
00d3
f1b4
091e
f160
0640
e75a
eb94
f808
f837
1165
2793
f92f
2540
1321
1cb3
02c2
07d6
22d4
07d1
3cd3
19c6
f900
0e90
e5b2
0fde
037a
05f5
1c9b
0683
fabf
1f7b
f7e7
12a5
1fae
1948
d6a6
12e4
f375
0de3
0778
0301
161a
f262
dd9e
08d7
c365
08de
e675
1ffc
1468
0380
f8b6
0b57
0c8a
13c7
f671
ec71
110b
02b7
fb22
09d7
f187
1665
e36b
00b4
2a71
f872
1706
0bbd
e47b
0891
3205
0144
0539
0e32
247a
0a9b
116f
452c
00b8
0f71
f2d4
d4c1
ed6f
1f22
0ef5
f9df
fb35
e70b
0e48
11c9
0be5
0bf6
fccc
1ca6
f32c
fecb
3773
135f
1f2a
07bd
eb08
ea0c
ebb0
0cb6
f999
39f5
e3d6
f634
f185
f23b
fe32
f0ea
1d0a
10ee
f48c
21dd
fc5a
314f
0e32
0c10
2043
1883
0da2
042d
12ec
11e1
f3ff
f32f
3f68
0b3d
fb05
ffe7
c8fb
de1a
fd6f
016e
0b3f
0dd0
f790
2664
0d7b
006a
f378
edf2
435b
15af
2fc9
0dba
f0c2
2422
e36d
1878
fe37
f9f4
078e
051b
1eed
132d
fe7b
fc7e
14a0
397b
ef1c
fdaa
ec38
f0fc
02d6
0c3d
1bcc
efbf
e017
f41d
c82b
20b1
eb12
2360
1c7c
e740
0612
ebdc
095d
0e2f
0684
f6b6
0ba0
04c9
f3c5
1ddf
f435
1541
e5f4
fa37
0a02
f6f6
1d8c
1636
e711
0456
4161
0d5e
fe98
0ab9
120c
107e
fea4
44ed
fd9e
04dc
f8fa
cf18
fad4
0f84
1e39
f1e4
0b20
f1e0
fe30
ffbe
0a6f
071e
0414
2616
f19a
f5f4
357d
0ff8
0f4b
0a00
f35a
fa52
eab2
12a8
f063
2ff5
fe2d
0719
e4d4
e150
fd9e
0e77
1460
206a
f75f
443e
00cf
250e
0b56
0c97
1de3
1014
fb3a
0718
fdd6
0400
f7d6
ed2c
175b
077d
f568
0730
cdf7
ec36
f847
022c
0675
0419
eb4e
24e4
03e3
fce1
f97c
05eb
225c
0a97
26a6
1475
f6ee
1ddc
e3b0
158c
f7de
e56d
052d
fc37
0388
12d5
fe18
09fc
f823
2893
0658
0062
f22a
ff08
03fb
0fa6
099a
f439
e532
f8d8
dfe3
0eba
e693
20e7
0d0f
0427
e466
00e8
1b2c
1438
fa96
f161
0b69
0614
0027
2964
e812
0aa6
e880
036f
19b9
ee66
f4d7
2ad6
cb92
feac
19d8
032e
f031
2654
0f3f
021c
0685
3a1a
0345
f9c9
f389
ff63
0129
23cb
10b1
0331
1d1f
e9fe
153c
05f1
0b59
f894
f836
1d02
f73f
ec73
00b0
0877
22c5
0c18
ef7f
0e3e
f336
13c1
e679
147b
e812
0bcf
0134
e95f
fc3f
0547
1389
13cc
edd1
0407
04b7
2ce1
0060
0755
1639
21b8
0157
0592
16bb
fddc
1441
002c
1a02
06cd
03b2
0670
d445
e00b
f1ac
f311
019c
f9a4
e56d
22e8
0d79
ef2f
ec7c
0e02
4c6c
065d
16a1
0a92
ebfd
1046
ddb1
08c4
ed0e
0f92
04bb
0495
0146
1386
0d2a
fe2b
fdc9
2881
0098
0900
0590
fc83
0a66
0836
16e8
efcd
e7fa
ed64
c54a
02ec
efbc
1c0f
fc22
13e4
df65
efba
189d
2e58
e095
2158
2140
3eb3
023f
f20c
ffd1
1985
f9c3
048e
fae2
0e50
e745
294a
ea9d
03df
0885
03d4
fad4
0519
ee5d
eb77
f49b
3ca7
f146
f698
fed6
ef80
0a3e
f0fd
f4f8
0909
3da7
09a1
1629
0db8
2149
038c
f5c0
285a
f727
0467
1a13
13c6
122c
0b95
e9b2
15a1
216d
f70b
f5b9
1836
e9a6
fdbb
fc56
0ec2
f91f
13ab
0b6d
007c
0bc1
f56e
1640
4563
f91c
2e0e
017e
1b68
fd1b
0435
1452
f0e3
196e
f7ec
0b7a
1633
e14e
0a32
e714
0318
f6a8
e4c2
0e82
14d2
dcfc
2402
fcae
1dd8
0708
e131
337c
265d
0d46
10e9
e565
104f
cc58
0409
110a
0ef7
0d0c
07e8
0c5a
1d7a
fbbb
d91b
28b2
2879
dcc5
00c9
11ed
1268
2047
efb2
2462
0e0e
e773
dc83
f9a6
e1b5
e70b
f49a
05c9
0475
e4c3
2311
1eee
3235
dff0
3a31
2c59
2ef6
059d
e5d9
0578
136a
09c9
0b8e
f03d
1aa2
efee
22fa
e9c4
04b4
1919
fbcc
f3ff
0257
f4ca
f7f6
f6e8
3312
faa5
0114
f1c1
001d
0c57
f1ee
f959
1347
4abe
f1af
16c6
1afc
2618
fe7e
f436
31f6
f0b8
0520
17f3
20a0
111c
1996
ee43
14fd
1887
14aa
eef5
0fe7
fe30
060d
05ae
10fe
eef8
2aae
fb1f
0e03
075f
e3fe
1d44
3a45
fea3
2a44
fcbf
30d4
0503
e829
0e0c
efe3
ffef
f674
17e3
01e9
fb26
07dd
ecdf
19ed
f183
f374
0f79
20cc
dc86
3c87
0011
095f
0c6d
f49f
2717
2b3a
12bf
0556
0412
1cd7
caf4
fed8
0baa
fec9
2174
06ec
e59e
3450
fb03
ffda
346c
1381
d813
02e3
2158
0123
306d
f906
360d
f760
d91b
e4e4
f1aa
d4fe
f154
e552
035d
f947
f765
0b8a
28b1
1583
d983
26c4
1a5b
289e
0539
f70f
0075
28e9
0220
11f1
eafa
20f5
f742
1952
e6f6
fbf7
122a
fb53
02f2
f1e2
0efa
070c
f823
5ad4
f246
f091
fbe4
e8fd
0dd7
0717
0667
f32e
2d01
e8f9
0d0b
0f19
10d4
1646
017c
3813
f50c
0a71
1f16
29e0
10f0
fd0b
f130
16ed
1552
0843
09c4
20b6
d6a4
efe3
f463
0530
fd2c
0769
0210
0d1c
1668
de00
ee55
31d6
081a
1b0f
018c
298f
067f
f3e2
0baa
fbbb
fb39
fb5a
2b4b
febf
12a2
0037
dd7d
0a3a
041b
faba
0b19
1f12
e966
2119
f8c5
fc86
0554
f1c7
5208
2308
1105
070c
e3f6
1bc6
f260
05b2
0468
132e
1cec
1967
0cf0
22c5
0036
e255
2ba5
28b3
f731
e06b
15d0
f292
27b9
0723
285b
f3f4
e1bc
ee88
f73a
d557
f77b
fc70
10a4
12ad
fd4e
e84b
0e71
12b7
d680
18b8
177e
1fe5
02a0
e830
f7ce
faef
0535
04b6
023d
235f
face
21b3
edaf
0850
00be
f78a
02d6
feac
eebb
01a7
fe87
2f4d
fd7c
fcc3
0601
fc6b
0f52
e8d3
0466
0513
326e
eb8f
0b65
1064
0fd2
f059
fc6f
2c43
0d4f
ff82
18f8
3015
1a3a
1324
f97f
21c7
09d7
096d
eb9d
1334
ecb8
18cf
f5cd
e6ff
00fe
1b75
09fd
13fb
fd0e
e7d4
fba1
12f1
04be
11d9
f25b
1c92
0ebf
f71c
019d
ecc4
f42e
0ca8
1b95
f794
f99e
f8a8
fe9d
23bf
00c1
f32d
130c
2020
e7de
32f2
fc83
1c5c
0e61
f484
30f5
2494
263a
0154
0b93
0bf9
ef5e
1508
f3b2
027c
167a
f647
0014
101b
f6eb
fe03
2253
1007
e6e0
f0b4
1358
1f58
32f4
f868
152a
0111
e465
ec50
120c
e372
0085
fc6a
fabb
0b8b
eb9a
1d6d
092a
1987
ee36
138d
192d
16bf
0c16
f9f2
0295
0e8a
09a3
0d24
051a
ff80
103b
1ccb
ec91
019c
1a23
f92c
1641
ebf9
04e4
ff14
176a
4db8
f133
ec26
0223
e150
191a
0fab
08f8
05fa
3162
e13d
063a
f938
0c60
10a6
fa9e
271e
ee83
0685
2ee3
2314
0384
0ecd
0328
0d95
fed2
fc1f
fbdc
2d80
ed02
0ee1
f399
e7c8
00f7
1399
1baf
0252
0b0e
e6a8
0112
25c8
01f7
19c7
0e82
1f8e
feb3
f7b9
f328
ed4e
0aa9
fb3b
1fd5
fe5d
0345
0c5a
eb46
f9ba
00fd
fbc1
0ab8
140e
fe16
1d26
02dc
1928
063a
efc0
2b98
1411
087e
fd81
e5b4
22c7
eb82
0d75
0c3e
0f27
f255
14c8
0f7c
1ab0
fff0
f9ac
1a13
2675
dcec
e0b7
07ae
0be5
3ab3
0228
24f8
f870
e1fc
f83d
fb24
f1c8
04b8
0285
1085
0156
efe4
0fac
03c4
1ff8
e109
1e3a
26f6
1b4a
154d
fcfb
fdee
0524
0cf4
1664
0eb0
02b3
f9bf
2015
fca8
f3dc
284e
fafb
1142
e5b5
f377
03d2
034c
3ee3
02ab
0a40
e23f
f17a
07d9
f931
1422
0e43
2da2
fe41
0ef9
1bb4
1db0
fe0b
f0a6
35b0
05d8
f913
2be5
312f
0fb8
2cc9
fe35
1976
1007
002e
f6b6
0eb6
ee0d
0dbc
1794
e50e
fd2c
0e6a
0b73
0a72
f036
df29
02cc
4c33
f5dc
2bcc
16df
235c
0807
f2ec
ea9c
f758
eb7f
172c
07e4
0413
fd40
1e20
fb1d
0acf
f354
dd10
2168
2215
f02e
2f8b
1358
1924
154c
d860
1238
1788
fe89
0e77
f847
1f8b
e097
0f4b
f5d8
0b20
128b
fb8c
fcb0
445e
f2da
f54b
20ea
2a01
e3b4
f820
00b0
f403
2d26
f131
3b13
0a95
db45
ef45
d4f3
ea58
ff8a
044d
073c
fe97
e103
1486
0080
187a
092a
24ef
1c41
2162
fb8f
0240
fc2f
f395
06ce
1185
1c91
f743
1399
278a
f5e4
f2d9
0e5b
0359
118d
edec
f878
ff09
f96f
2074
eb97
0b9f
f428
f5e1
1292
fac5
148a
0556
318b
f97c
0537
025b
0c7d
0947
1291
34c8
0697
fd11
1ee3
1a2e
042c
1851
01a4
05a3
0e2d
0454
fabb
1495
f181
1b2d
0787
e3b1
fe17
1e2a
227c
0573
f631
eacf
1a6c
23be
fbde
3696
19c0
3117
0c88
0713
eb23
ecea
d8ca
0e60
f47a
fb95
1891
1238
f798
ffac
0ace
f18f
fcfe
2978
f625
3b0e
0772
139c
0d23
ec78
12b6
0eba
17a6
f4d7
ed4d
1681
e1f5
1341
fe56
15b7
13c7
fde2
ecef
157b
f32d
086d
2453
2bc5
e981
0303
05d6
fc34
23e1
f611
2edb
111a
d9a8
f085
e6c0
0346
00b7
e5f6
fb8c
0466
ec4a
1dc7
f342
1676
fa5d
1152
10e7
315c
f845
e344
f768
e31d
e8ef
2272
0f39
0fc2
ed59
2974
f2a1
e9c1
096d
ff08
08e2
fd88
feb5
0580
e70b
296a
e74b
efd0
e7a3
ff26
0832
1b55
064b
ecae
2b14
f102
fafd
04a7
13b4
092a
0039
304c
0067
0375
3781
1cd3
f4ad
01cb
124e
0421
0f87
f973
efab
2b41
e41e
1c51
05b9
0656
fc8b
1279
0dca
2495
f856
e776
0ff1
2bdf
ffae
27e7
0f86
288f
04d6
fd9a
dc68
10af
fa17
1021
0258
00e3
0e01
123b
e8f8
02e6
032c
f90c
03da
142f
fe6e
2b07
ffb8
0c0c
0c3c
f481
3879
1930
169c
ee5f
e7cb
24ec
e972
168e
fd81
1237
0a5a
1272
f945
17d9
dc86
fc01
178a
30f3
e765
fc64
1019
f051
1bfc
0053
2369
1425
dde7
f58d
f594
f1ba
076a
e82e
0257
135d
df68
1009
e882
194b
0478
0528
0d0c
2bcc
efe5
f2e5
f5d3
04d4
f7d2
0894
1289
1fde
ef0a
2bf9
e582
fb6a
2248
ff27
fdca
10a4
057b
ebc8
faf2
03fe
e5d5
f154
ee56
08d6
0413
09dd
1d53
fb76
3d4c
fe7a
fdbc
1411
1896
0d1d
1060
23c9
0a88
f7d4
211d
2242
f7d8
fcdd
fbe5
19fe
0709
f8d2
f212
1798
f01f
fdda
ffc6
d0e2
059a
16c4
1ce2
1eb6
fe24
e85e
0c31
1f92
1646
312c
11e3
1f98
05c6
06f6
ece8
1370
e77a
fe2f
0774
0a85
09d3
1177
eb51
0cbc
11db
fddc
030f
20dc
084f
34f6
fef7
0a25
04c6
fbbc
2c9b
ff40
f347
f1f1
e52e
27c2
e2b2
09cd
efa6
07dc
13a5
0fd2
f5b7
0dcb
f0c2
1039
388e
149a
ee62
e290
05ca
03d6
0a2c
0ff2
1065
1c46
e95a
f9eb
ee1d
04c1
0eaa
e70e
0cef
0d03
fabf
1a50
ecae
0b10
fa49
1244
12ba
2705
fefa
ee38
f449
134c
0705
043f
0b90
fd59
071d
2522
f44d
e9ec
1fb8
f572
0453
0e64
0149
f18e
04b9
1bbd
f3bd
e971
08b7
fdc7
059c
11cf
1f9a
1030
258f
040f
03ca
12cd
15e6
021e
08f3
237b
eece
081b
278b
0ae1
0a75
0907
fe93
14b3
1369
08d3
0577
2031
e1fe
0c29
eb7a
da1a
042b
1221
1b4b
2a1e
fdb4
fd8f
07bd
0688
fe96
1302
06fb
1e22
0645
f74c
f17e
fd19
e6f4
01f5
108c
0732
0cd1
0244
e5aa
f908
0e91
0bba
fe0d
2339
f4d3
297c
fd7a
fed6
0f3d
0260
3c41
072b
13bb
0637
e675
36d9
f206
08a9
f89b
00f9
1d09
0b4a
fd30
117f
f8f8
03bb
28f0
26f8
024c
d79d
f91d
fcb1
0a36
0f8d
088f
1686
fe50
f6a2
e5e0
032a
0977
e9f6
0fb7
1038
000b
0a67
eb2b
fb0c
f58b
0e44
11c9
28e3
eff8
0fc3
f6c8
1d19
f652
f3f6
031d
1b4e
ffde
2dd9
e402
f4ae
1f5e
0a03
0117
0a98
ff87
0255
f861
1f71
fe23
fc48
f880
e93e
fcb2
08af
1cf9
0b0e
3fb0
0576
106e
12b8
145b
0f33
0ba5
1dbb
0a71
fe32
19ca
2e35
0210
133b
fd34
1928
0fa5
0367
eac7
24b6
e865
079f
f6fe
e9d9
0f75
1f6f
20f1
2670
ff25
e19e
098d
1d61
fa26
07ac
f7f3
238d
114d
fea2
e3aa
0413
edfa
1588
2d33
05a3
105e
037f
fae6
0472
fd76
fe28
03eb
2685
14a4
3717
0a9b
1d8b
0490
fa48
3623
0e48
08c8
fe48
e42b
2c8e
d98e
1208
12b5
0816
11af
059d
0250
15f3
fe99
0029
1f25
1930
0358
ebd0
f620
04a1
2392
0abd
16e1
08b4
ed9b
f417
ea50
fb6c
f640
dfa5
0f7a
02ba
03bd
ff5b
f805
0167
ec4f
0f0f
0a2e
2127
f189
10f8
0086
0191
f1db
0831
ff79
1336
f27c
2df1
f391
ed49
10f3
f284
eebc
0747
030c
fe3e
0fd0
2d88
fee9
f5f2
f675
dff4
00a0
0fb9
1900
0476
466d
0133
07ff
174a
1a87
0e15
1c2f
18f3
072f
069a
2619
2054
1717
1524
0b06
0ece
0690
06e6
ecda
323c
f6f6
fd35
f974
e720
0497
1343
28ee
1642
f6e9
e42f
009b
1814
04cb
0688
ed9f
1ec8
1608
05bc
00f6
fabf
0ec7
1c5d
12ca
090e
0a20
0478
f5d5
1529
009f
fe4c
0ba4
2b6d
2437
287b
082a
0da9
0e81
f80f
1fe5
133b
0808
f719
dc18
267f
f338
0f9f
15da
0d02
14a6
0925
00e8
284a
fef6
fe99
25a5
1e7e
e7eb
e9e6
0b58
0acd
240c
0626
205a
1d81
ed0f
f684
e512
06a5
faa6
e3fc
0754
0c1d
f56a
252b
1310
fecd
e432
0a3e
1071
1c06
fe99
1b04
ffbe
2867
f37c
f26d
0b75
0514
f971
2459
01fd
f4bf
1a01
fe06
f6a2
0be9
1f0e
05cf
1b55
31b9
0c88
f1d4
ed23
de7c
f7d0
2041
0f68
0536
29d3
f759
1570
20fa
13a8
fb5e
ffd9
1ea5
1107
027d
2d14
19fe
08c7
10be
0ea0
1919
159a
fcba
eab9
0be3
ee5c
fc5b
0222
eb03
f758
172d
1836
195d
f20d
ed64
1f3e
2a79
f9af
0f96
f7d4
397e
1a6b
fdc4
006f
07a1
fe12
0654
ded1
fa43
137b
08c5
e358
0961
fc9a
fd06
1ca6
2c52
1df4
200f
0fa0
017d
0584
ec8d
10cc
15a2
15f2
fa01
e762
2f01
d6f3
0d6a
1995
1546
27c1
1c51
08c3
33df
0cbf
f494
18c7
29fa
e66d
f917
08b5
f765
15e5
00db
256a
1090
ef3d
f5d3
d605
02e4
0a5f
0470
0b0a
0386
f976
13b6
020f
0fa8
014a
02d4
160c
2125
fd27
2102
0207
1773
f3ba
0936
024d
05f7
053c
2cd6
ddc6
f159
ff46
f2c4
ef4d
0c30
ffd4
f5a2
1b5f
14bf
00be
f5a0
fcf4
ed61
0c79
1057
0b83
fffd
312c
095a
12f2
1a38
12f5
f8f8
049c
23c2
0b81
02d5
2945
1853
0efa
2337
0d94
1d4d
110a
f5bb
e728
1a12
09c8
00b1
f726
e455
fd6c
19a0
1dd8
0f1b
ec86
eed7
1a58
197d
0af4
2283
fe17
26f7
0850
05b7
ed69
f5a3
fe9b
0370
f68c
0c10
fffd
0233
f1cc
082c
03d5
fc52
0165
3fdf
1701
3294
101c
0d50
0271
ec22
1a98
07fc
fd9b
f32f
e151
26f0
dc37
1b16
1e42
1ab3
368c
0069
1782
3af5
12c9
01e8
2c1d
1c29
e64a
fff9
0e09
0a1a
176f
0319
170d
1533
e62c
0219
de31
0126
1b59
06b0
0e25
0150
edbd
01d1
f13e
1453
eef9
0d54
108e
1406
f3bb
f357
05c9
15ea
0bda
08a8
0c8b
0b2e
0898
2b56
f46b
f484
076e
eb4d
f239
0ff5
0205
0316
1d26
0ce5
fc3e
f767
ff7c
ecbd
10e8
15d1
10f2
fbad
2e59
230b
1bde
1d56
1954
f70b
0660
2e4f
f6f0
01ba
306f
1044
1de2
1f42
018a
23b7
0334
f9bf
eb18
1b12
f336
0e78
f3f1
0747
fdf0
1fff
1c54
10e9
eedc
f6ae
0962
1ac0
f8f3
0bcd
f6e8
1c61
0b1a
fc90
eee2
f78e
0430
0f9a
063b
0004
07c7
099a
e2c7
07d1
0554
0279
1681
31ef
0be6
23e4
1093
081e
13e6
056c
14e0
07a9
0d48
f7fe
e15a
1964
f75e
21f8
11e0
21a1
1903
0207
0edf
313a
18da
fce4
2bf5
204e
e275
fb7d
0dc8
1524
13df
06e7
1542
fb0a
eaa6
ffa7
d3d5
17ce
f54b
0891
0a28
f6fa
fa28
f37d
0cee
0ece
d708
1d10
19aa
2de3
03ba
0d06
fb74
1e52
0551
0c03
13a2
0ac5
1b62
2d3a
e93b
eb79
0ae8
e401
fc5b
0672
1020
0194
0d2b
198f
f989
e50e
0c68
eed2
079c
18d8
12c9
f67a
39a9
ff19
0d46
1213
0ebd
012f
e9fa
224a
f7e2
0d46
12bd
15fb
17a7
2b0a
0e52
1e3d
231a
09e7
edd4
1fe6
ff34
027d
03d9
f997
fabb
025f
0f6a
0d8b
f2fa
0b38
ffcb
2302
f263
12db
fe73
25df
10c6
f187
008a
f9cf
05d2
11f7
f8a5
fa56
0969
10c1
e94a
07aa
0121
f880
120d
2481
016d
2497
17f3
1956
0c0b
fe3c
2a76
24a5
0f7d
0c42
0555
14a5
f16d
0f2f
11ea
1af9
14d6
10f4
09f4
30db
1f0d
fde5
28eb
2646
ecf5
061c
02cc
ef5f
3040
fcd4
34ef
f5cd
cf6f
fe7b
d59d
0856
fe3f
fedd
f19a
10fb
f472
fc76
0c04
2204
dd44
1a63
11d8
2442
0732
fa0b
0c1d
0f58
fffd
1210
1a76
f2ea
fa6a
2587
f1bc
03b9
f9da
f1a3
f39c
0cf2
0fbb
fd7b
0385
25c3
0125
eb11
096a
e284
16e6
0a9a
fb44
0310
31db
1078
1114
1eda
2221
fb4e
f193
1016
0698
fa46
1270
1494
210c
1ebd
f8b4
3241
087a
1be5
f910
2ccd
04ab
1658
fc7e
02f7
fd9e
15e0
131f
1fad
f613
0893
066e
23a5
f9b7
1678
fa8f
217c
054e
fbb2
12a5
f283
1322
1075
e685
03d3
efc6
0ca2
f0d6
fa8d
fd7c
fd56
17a6
2c70
01e6
3db9
0fd1
2956
0e10
0234
21b9
21fb
3d85
1e6f
f810
febb
ced9
170d
189b
0331
2cc5
f3db
e673
3195
0461
fd4e
4060
0cda
d892
057b
0a77
1aa1
2c0d
00f2
1bc9
ffa5
d57e
f789
d4dc
1138
ed4b
0858
fffa
0cc8
f910
0e26
0d3d
2dfb
e356
0ba5
1b7d
1fba
0389
f124
04a2
053c
f622
0d4e
2a36
0160
fe08
279d
e7b9
0417
09de
ec40
eec2
0f0d
0219
ee43
05ef
2b9e
fc31
f340
0577
f721
01ef
1a56
0157
0bad
2281
0c8b
13c7
2561
1dee
f4e8
f3ea
1cb7
f19c
037e
0587
1ed8
19c0
2e76
fd85
1240
015b
108e
fb5e
4398
e847
06f4
fa1c
0047
ff5c
06e9
1172
085f
f4ef
0f7f
0cd6
2b2f
fc46
1f29
0364
206f
0601
f589
18c9
f871
2214
0235
06dc
1227
f3e2
0fbf
ea1f
ee1f
f8cc
f3ca
1987
2922
f337
28dd
1c9e
096f
0609
015f
27ac
211d
29c5
1ec4
f176
fa46
bb70
0b54
1762
fe56
2d32
ebf1
f939
37a5
09fe
020e
3fc2
0368
beb4
fd46
0ad9
0866
1f00
f9c2
3246
0221
c812
f212
c52e
1360
f1ce
fea6
0110
fd07
09b9
0ad0
1b6a
1777
de40
1a06
26f7
1f93
0aaa
0075
0826
0ed9
f67a
0449
1e36
0714
00b4
234e
e08b
fe6f
1739
fb93
f247
0ef0
0807
f70c
0834
30d8
f70a
fc8b
03aa
ef60
014e
01ad
12cb
fe09
354c
116d
171c
1b44
1bef
f961
f06e
1490
f7fe
f223
2500
1804
100e
229a
fac1
1ddd
0bb7
0b60
f40f
3a38
fba7
1322
0073
ebcc
fd0f
19e0
113f
0c5f
e8df
20dc
174b
1b1f
ee9f
2cd1
fe8e
2987
fc22
f667
1257
fbeb
0f5b
1306
0ed3
0985
f3e3
130c
ef9e
0740
f24b
f138
196f
25e1
e622
4e38
16e1
113b
114d
1065
1302
1c80
26c6
1477
06ad
0086
aef0
02bd
0fc5
e919
2c72
e800
017a
4250
faab
057f
321a
1079
d8da
0784
0498
038d
1e1d
eafc
289b
1513
c2fa
e27c
dd09
0782
f594
ffac
eebd
fe72
ea13
086d
1bf4
271c
e26d
2ecb
0d38
31f9
24da
0e8d
14f9
0e85
fd72
0916
19a7
f6c6
d4a2
300f
de67
f9f4
0db5
f469
e9c5
1a6b
0853
f494
0e58
3bcd
01b1
e286
f850
0214
14e1
2406
1180
0fd4
3635
12bb
1695
0cb7
176c
04ef
f33e
0a50
f3a3
f0d3
13df
1447
08c7
21d3
f92d
2e27
1321
0dee
ec78
1efc
e281
132b
0260
e816
005b
0b32
0ac1
0a80
e413
fe22
1224
2d28
f74f
1347
029c
2841
0303
f69e
25d2
f4b8
1e98
0b68
0e2f
04ae
fe22
1595
e4a4
ef99
f2c9
e651
170f
10bc
eae5
3658
1308
0321
0f69
1a96
531a
1ce6
381f
0f63
f9e0
0457
b4a1
f68d
038f
fe34
1aac
048f
0be5
2aaf
0c35
d394
29cb
160c
df8f
0691
0805
1463
2c57
faa0
2aa9
05ff
d8f5
e5f0
c2ad
0b50
fb17
12d4
f23a
180a
de64
f933
03b3
1ad4
e9ad
0ced
1098
0eff
1338
fd99
faf3
0bd8
e671
2130
cb32
1c53
f178
22d6
f401
e194
20df
0098
f41e
fc9b
0ac9
07c2
fed5
55d9
e9de
fdf1
f52b
e3d8
0d70
040d
fec3
0dcc
20ab
f1ed
123d
139c
0daa
3671
ff3b
2de9
e38d
0ba9
2adf
1917
048b
0d88
f07b
1734
0950
ffc4
2c8f
38fb
d1e5
058b
df9d
2326
0040
152d
0734
0970
21bf
eafc
f675
403a
0f58
02bc
16fd
0a50
017e
f768
f460
f212
1f05
f107
284c
150f
f808
f49e
cc70
f26a
fbc6
01ac
1332
0afd
e283
1374
ef5c
027e
129a
e3d3
4e33
14a2
1840
fed1
e4bc
2563
f0ee
139e
16d2
0d6d
00f3
1d05
141b
128e
fc33
b307
0284
2763
e8f2
e18f
08a2
1992
24ab
0d4c
24ef
12fb
f554
e59b
fffa
ffd6
e6c3
0ac0
1054
0a5f
053c
063a
06e2
26db
f865
0199
2106
14df
0662
ff2c
0218
38e2
fd0f
2351
d265
15c7
f98c
17ea
ed17
e2e4
2d44
0d03
f472
fc2f
226f
07b4
026f
54d4
eabb
f9da
e712
f254
0f60
1112
ffa5
2056
2017
e118
06fa
1548
071b
30c4
fc8b
39a0
d4d8
042b
36f9
16da
ff7d
0643
fde6
0d28
02a8
0f6d
29e3
2b6f
da33
fee0
e247
2287
febf
2990
065b
1215
1653
f86d
f0a6
45cf
1703
0629
19df
19f0
085a
f187
e17f
f91b
fb7f
e5ed
2d39
0728
079a
fcc4
cfe7
dd80
ef52
10e7
0768
103a
ea7d
243f
f918
f7c0
0630
fff8
3fd9
1bf5
27b8
fce9
e597
2afa
ed57
0653
1344
081e
057a
2c9b
0c74
29f6
fcae
cdd2
0859
272f
f1cb
f6dc
0353
f2fa
1d28
1b46
262f
f937
f131
e9c0
0168
f2d5
f6a6
07e6
0ae8
f3c7
0e80
f831
1994
195f
ee55
f9db
186f
18a2
0507
0c86
fe88
2db4
1171
1945
c56e
2605
ff33
21fa
ea2a
eb9b
1c62
1198
f2b4
ed13
342c
124c
f96d
37d6
e40c
ef12
e1ab
f1ef
f8da
1f35
1f4a
f282
25d9
e43b
040f
12ae
07d6
2c02
ffc9
380f
ef25
10f6
2a67
1835
f81d
1cad
0358
0a56
0300
f5d1
2d48
1dac
b8ae
df28
e9b1
0314
031b
0fd8
09d9
14cb
1c8e
eac0
ec1e
3231
18bb
1133
0fb2
23c7
0f1b
eed9
f97c
0a68
0afb
e43f
3312
0634
2139
fec6
d230
ed73
040b
15cc
13f9
2dd1
dbcd
27c2
01cf
eda4
0072
ebb5
4c68
2676
256c
1240
cfe2
2efc
f2b3
0c61
0ebe
1cae
1112
2282
1711
39fd
fc93
b21b
0e51
324f
fd61
dc4d
fe73
c6f2
3a0f
111c
354e
0171
eb54
eb6a
149c
d3e0
f3c1
05db
11f8
0975
13d7
d9c8
09cc
0696
e051
0dc2
1b7e
06dd
0a80
e651
fdd0
1612
1654
2871
e3cf
2276
fc26
1fa4
fd1a
f4cc
1474
03ea
0106
0115
10e6
0a78
fbb0
3332
f61f
ea3e
e92f
fa9b
f582
046b
1ef7
fbdd
30eb
ec7d
1202
164c
0b4a
129a
0eec
296f
f63a
fbde
3896
1709
0b1b
23b1
031b
1ae4
f2fc
f7f7
234e
25b3
cc2b
00f3
e785
fc96
0a47
1541
0968
0b60
095f
ee8f
eb01
2593
0d79
0f1c
09f6
1800
118e
f2cf
ed52
0fc8
ffc7
ff45
2e12
fed2
0dac
fd75
ec51
16c5
fce5
1649
16a5
2c7b
da38
371f
0551
085c
1394
ea6b
2b1c
25fb
31e8
fc88
f7bf
1b2a
e84a
0efe
f330
27d3
0f4c
0d19
134a
26ef
03e0
d4bc
17cf
222f
f827
e3db
0862
0a58
368d
177e
1a5d
1135
f398
f654
0eaf
e5a9
092a
16e0
0690
f9e1
0875
ee98
ffff
18e7
f067
19bd
1756
14e6
037a
dfe9
0056
fd6a
21cb
371d
fc77
0e05
0480
3085
fdf5
fb82
22f4
f319
0d02
f6f1
0667
0a16
1017
4384
f107
fbf1
00c1
032a
0443
1e05
091f
0bdc
3c06
f325
078f
0ff2
0dc1
15d2
007b
2a31
dd1d
09e7
36ad
1c8c
0994
1e05
06ec
1654
033a
0aa4
10ae
3297
e10f
02d6
f7a9
05ce
05b3
1983
1d81
0829
0acd
e6e7
ea71
3a1e
f587
1d13
0955
245b
f892
f2bd
ec46
e62c
222b
0455
14d6
03ae
fbec
1835
04ba
0675
fb89
047b
1291
2ae6
e18e
2af0
1305
1996
0b77
f80a
2465
19fb
1a0d
f75a
dfa9
fec0
ec13
12d3
fe88
25ea
fc0b
19b2
0adb
2704
f837
dc1a
19c3
0fcb
e18f
eb68
ebc9
ee46
3dd6
0530
3315
2862
e639
f650
f91c
f8f5
07bc
fc79
0974
0942
f70d
0826
04c0
1286
edd7
1860
29d7
1471
0a89
f3cd
fb71
0bca
0e61
2e93
fd07
0f68
fbda
1e94
0292
ecca
3464
0b2e
0be4
f68e
05dd
15ac
089f
3a90
f4cf
03c5
e077
0211
033f
15d7
1cf4
0bf6
37d1
f542
13da
198d
0b75
1e31
ffc6
386e
e82e
16e4
3b3a
29d4
0bb4
189f
fe6b
1704
135d
05bf
2ade
265c
d3c0
e615
f81b
fbae
0cd1
0ed9
1b70
0d21
0764
e875
e9d3
3b53
0ea4
19e7
1a81
2702
ffd4
f71c
f606
0491
fa0b
f299
2f31
0dfb
fe52
0aa7
e81e
01f0
f593
f4af
23e2
2ee0
ec82
31a1
0fa5
0835
064c
d740
2f7b
1494
0a31
f767
f8fa
2459
f1e8
191d
eb28
317f
0c74
1cb2
f7de
40c5
f301
cf62
2170
2956
edfd
d149
fe97
f2c6
2ab4
0050
438a
2a1a
defa
ee45
ec80
f484
090a
f420
1ca5
078b
f7dd
fc2c
0bc4
194e
feb8
1327
2882
1e69
026b
f8f1
eedf
f5fc
0ba4
1ff3
07b3
fe89
fb45
2b8f
064a
f961
2367
1407
0250
edd7
029e
0966
fff0
3156
f4ff
feee
de30
0056
1537
f318
0677
005d
4742
f8ab
0aa2
0fcf
0e7d
1b49
0a80
3107
f6f9
09ce
28eb
0818
0c29
142b
01eb
116a
1be9
1294
0d07
1148
df95
fd74
ec07
e8b6
06a6
1a2b
2508
0ee3
f9b7
df99
118b
275f
0426
2f23
07c2
34e7
03cc
037b
ee7c
e8ec
ebce
0d02
02b4
f9ae
0c8e
0ecd
00f5
0c22
03de
0690
0d99
3b2c
d2a8
456e
0510
1543
0de9
e5b1
2b55
1f43
2aaa
e989
0c6b
1266
dc78
1af4
fe13
2b6a
12e7
0f54
eefc
2ec8
ec66
e09f
3092
2ba0
e88c
eaef
006e
0bd7
2ba4
eecc
36b7
1d46
da65
f124
ebb5
054e
fd80
e606
1618
0ab3
e939
0610
152b
19eb
f916
1479
15e7
13ec
03de
f3f3
fdb7
f98c
fa79
3131
02e1
078a
ffb6
2d7c
02a5
e33f
15e1
0232
0c33
f569
0384
0a25
05c3
305f
ee9d
fcff
e7a8
ffdb
071c
1551
0b8f
fd23
28f6
e096
fe2c
0b79
0f3c
26ff
0919
3321
f583
175b
41aa
12fc
0782
ff58
1cdc
09a3
0904
f1d6
1aeb
3055
d929
ff39
e8d0
f16a
0594
11a9
08ee
17f7
01db
e0aa
fe8d
2f62
046a
1be3
14dc
1e9e
01d9
fa5d
e086
0d41
07ad
0a28
0b8f
0daf
1f08
0e6f
e8cc
0c09
f7e9
1089
1906
2eda
edec
30c5
0b95
ec62
0f62
efba
344d
1d13
2101
f39f
fb40
1b69
eb9a
11de
0cd5
2ced
0f16
1e74
ef03
1a77
e31d
dc4f
16af
25a8
f90c
f510
084a
fc8f
2613
09dd
3302
3340
e42e
042c
f9f0
f88f
0142
ef52
2411
0e77
ee8f
00a9
f740
2450
0048
17af
25f4
29cf
09a6
eeb6
f730
06ed
0a51
189e
0a52
151c
ef5d
2c23
f406
eab2
2cc5
fb71
f743
ff3c
0031
0196
070d
1f95
f678
058b
e282
0f6b
01d6
1657
0833
0e3e
4290
0f3a
079e
1fd7
2415
175a
091b
2bde
0735
f36f
279e
1bfb
045d
2330
06ff
2697
1667
fe45
f789
163f
e5ca
fc2f
ed63
e8be
fab0
1f6b
0cec
12e4
0672
e098
09e4
2821
09e5
1e9a
0e19
2b75
fa8f
ff5a
eec5
0c14
f335
01d8
0b78
09e3
0697
1469
f4dc
1e24
0337
00e4
1e34
39b1
e9bf
3c49
12b3
0925
1a8d
f2e2
3316
2964
19fb
017b
005c
188f
f19b
0758
0286
130d
1844
2922
ec38
2be5
ec75
f390
31fc
2b23
dd6d
f4d8
081a
0ceb
2f05
03ec
2e9c
221a
e5ae
005e
0150
fe13
075c
fb68
10db
0f75
0e73
1994
e2c4
1467
0919
1059
14b4
1e51
fa9e
f1ba
eddc
1570
0333
1ce7
09fb
132f
2309
2993
f709
d886
33a5
002c
0934
fe74
0ab9
077b
1671
2581
fd70
ea67
10e6
0be1
fb07
10da
174d
1837
244a
03ca
0aa2
20aa
08ea
0ab1
11a1
20d0
ef13
0400
2319
0ae5
0614
19a1
0a54
0f00
0cdf
0034
1ae0
3f1a
e1fd
fa7a
e440
f8ed
0f96
0992
12db
0eac
ff30
f722
f131
18fb
083d
f812
0871
14c2
0459
fdc8
dfef
fe4c
ee10
fb1c
131d
03c1
0749
036a
e80c
0f3e
071e
1620
0d20
3774
e126
1829
02a8
016c
14c4
e6ea
3c9e
14b0
391f
09f9
fbe2
2992
ebce
1682
ff49
1662
1880
1773
feb3
0255
fe86
f04c
2a1b
11a3
03d8
dcbf
f4c3
ff70
23cf
1259
1592
14c6
0d15
055e
f07c
08c5
014b
f57f
12b2
f75e
0aea
fedf
ea3c
2189
fbd8
0e45
2325
27ff
fde0
012a
f501
10c0
063c
fe57
fc4c
21a4
f779
3b78
f99e
dc61
39c4
f31a
070c
0689
0df8
fdd8
0ba6
3620
0053
045d
f804
03fc
f4e3
03cf
1a4d
175e
3b03
158a
07d4
1f93
17b4
1452
fa4a
251a
f5a6
f897
2e04
201c
fdc3
1562
0117
28c0
1e50
03c9
f6e9
46bd
de11
0a85
f1a3
029c
fca5
1c3c
1af1
1c85
0178
f782
f77c
2a4c
08e2
11bd
fc21
2ab7
0957
00fb
eda2
0605
ed3d
09c9
2218
01a6
0f2a
0ba5
f78a
0fd5
00b2
0791
16c9
38f4
fdb0
2814
05f7
1b2b
0ca3
ecbb
36ad
1fa0
1fc3
fadd
ecd7
1e2b
d968
1520
0cb2
1a88
20fe
11dd
0978
234f
019d
e5b7
213f
12d4
fb6d
eec4
f4e8
f893
3e1d
08e2
31e7
14da
f199
0391
faa0
fba1
f244
f719
10b4
0870
0ef0
fb84
f311
1084
fa40
13b5
26b4
170c
fab9
0686
f8aa
0261
07ee
04b7
feed
1c34
e66d
351a
f5e7
df60
3d6a
077b
f60f
0284
18ad
fcc9
1606
40fd
f7ee
f954
f117
ede7
09ee
0934
0c1a
1837
2239
1a6f
0b03
2303
0f4c
0aa1
0513
17a8
fd31
0191
2beb
15eb
100e
0eff
0f88
188f
0ab4
045f
0e66
3893
d543
fa08
feae
f9db
f822
083b
1414
181d
fafa
f4b1
ff1c
24aa
10ab
0754
07c8
17f7
10f0
f441
f6e0
f724
fecf
02d5
1666
0d52
0109
ffdc
ffda
1b3d
0307
0aa3
17ef
2a14
f9a0
26e4
036d
0406
0f32
f149
2cf5
200e
2417
00fd
ecaa
04c9
f131
1377
1dd6
1f94
1d46
165e
162e
355b
fddd
ddca
2671
1d2e
dd5d
e092
0371
05e7
29fc
ff76
3365
15e6
f013
f6d4
0183
0bff
fbb6
ee14
0ad0
06af
f4ab
0ff4
0ac4
1c92
f465
1483
224c
2bfa
083e
1856
159d
29fc
1097
0607
045b
2277
eed3
1a93
02ae
e943
3851
0185
fd38
0b88
2801
0ab8
365e
4e2f
ff0f
048a
f80d
e766
fefc
2bc1
0ae9
0c11
2112
0279
0f59
218a
0d0e
12da
0127
146c
fb16
03dd
226a
12a2
0993
18f9
09cf
0eb2
1dff
023a
0dcc
2303
d3dd
0286
ebc1
01c0
f703
1a86
1510
0c46
eda0
f67c
0085
2443
15ba
03b6
1c97
434c
10df
f3f3
e76d
0ca4
07eb
ee5f
055c
fffe
0fc0
05de
ec39
0cbc
03da
0a61
1671
2d5c
0db5
23af
105c
001b
0887
e749
330b
22ff
1761
f9c1
00c3
1c52
f000
1897
24dc
1f88
3578
1fcd
18ea
3865
04a3
ccf2
16a6
4008
e225
ebcc
1728
f90c
2cad
0ea6
359d
13f5
ea1a
fdb4
ed4e
0497
f30f
190a
0835
f879
02f9
fedc
0ec4
1863
06ef
0298
1e47
2a4b
0a9e
0dd7
0d83
24c0
0405
1e7e
06d6
0fc8
e716
3fbc
ebac
e0fb
1fc6
fd5b
f7e1
0adc
fc6a
fcf3
1a99
2cd0
fc3c
f2da
efcb
f6da
06b5
128b
0491
0440
10bd
048f
08c9
1e45
08e7
17bf
0243
1103
fe60
f358
11d2
1563
1760
1140
0bab
1c8c
1736
037c
0cdc
1953
ef8b
0089
f277
fb91
fbe9
19fc
1cba
11f7
f3e5
eaef
1387
1c27
1862
0b69
f72a
2ded
0827
0b8f
f14a
fea5
150e
fe26
0700
0f9c
f782
090a
f933
0797
0b24
05ff
fed3
3a4c
f8a5
3702
079f
08e9
0bb3
f321
3339
2479
0e17
f9c3
ed95
0dc6
eb93
1402
1bd6
3219
3063
1085
15ff
244a
0895
ee29
27f2
0803
d5e6
d046
18fc
ff5a
2822
1149
234f
2778
e8a6
f5b5
dbce
0633
0ac3
0350
1370
f629
0a6e
f224
f31f
1817
0708
0508
100b
0952
f21e
00f5
0f08
0f0a
0e21
0d24
024f
117f
098a
2f9e
ee5c
f8e3
15e2
f5c6
f6e8
f9bf
00da
0a0d
21f9
2140
f4c0
f0d5
e7de
ec3b
0634
1c81
0ce6
ff05
306f
fb4f
0da6
14e7
0a19
28f7
1443
1c70
e77c
03bc
0925
1d89
12dc
039c
2294
1edf
f8a9
f1a6
075d
3a6d
ea55
06a2
f016
1248
013b
11ba
1a54
2449
fc0a
fbe4
fb3c
277c
0bcd
0636
0564
0bba
168d
fd2c
f6b5
fb0c
10bb
0e50
09bf
1370
0ab6
f760
fc16
020b
0fb3
11fc
032a
2db1
f982
33f9
0aae
0755
12b1
f965
3352
09e2
1e35
ff42
f54f
1a20
03f9
145c
0bce
3af4
242e
0c5f
0e3a
1833
1eb7
f51e
2244
18e9
efb9
da99
ee76
14b3
164e
1a60
114c
10c3
f46c
0e92
df72
04bb
fa4b
1945
0732
eec5
fe6d
f4dd
1d30
20b1
e949
1241
284d
1bad
f388
11e9
098d
116e
11d0
184b
0297
1cf8
0ca3
3e80
e3f0
f25e
1fb7
eba9
04c8
fdc4
050a
024a
1bf3
3478
ede8
ef91
ef37
04b6
05fc
157a
190d
f971
2b38
f5ee
026c
02fb
0848
2bc2
f577
130e
d346
fd9f
ec96
1978
0ba2
0b68
2193
17ee
09ee
fc56
086e
339d
f7eb
f2ab
0062
facc
077d
0662
0cfe
178c
fd8e
0e59
f57d
203e
0d50
f87b
ef17
10f1
1a83
07d8
0a84
0233
16ce
1030
12f1
09d8
292d
ffcd
ea8f
098f
0ee2
0312
f408
35d3
0013
2c50
1bc5
1270
122a
0712
3bd7
23ae
30e9
f90f
fbd8
04ec
fb76
1368
ff45
3573
2b38
0679
0865
174c
1d66
f31f
3807
21b0
ece0
d4bd
fc1c
f327
2efa
168c
3a21
242f
ca6b
029c
de37
0c7b
0fd4
0748
fa46
fa8e
fd8c
fecf
0456
2358
fbc9
053b
17f8
106b
fdb9
ecef
0a16
1925
1634
1bec
0120
f23a
0814
2223
e426
faed
2c62
01de
067f
08b8
0bcb
0cef
15c8
3157
ef26
e4b6
e8c9
e843
f6ac
10b1
18a4
f8d2
22bc
f069
0d4e
1270
0cd7
2a33
0937
177c
d4d9
042c
134a
0c14
12f8
f717
1596
1426
0a9d
f478
20e9
4633
e879
f08a
ebfc
09ae
0c01
16ad
1757
15a0
0816
1969
e4ef
0d16
1697
fb35
05b9
1727
152c
f9f0
041b
1160
06c3
f78b
0c83
16b6
1443
0477
d999
f187
076d
19b4
009b
27ed
0087
252c
0808
0e5b
0cd6
f98c
359c
1c4f
43d6
1125
e79a
1911
f048
1a45
0b3b
2275
25a2
0ac4
ee48
201f
1a77
e1aa
23ec
1919
f5e6
d27d
f4dc
145c
25a3
1e51
23e5
228d
e038
0271
dbc7
277c
f600
3140
01da
e63c
ff6f
f336
1a97
3592
ec01
0610
2a98
3450
1bad
ff97
0ac9
16b9
11d2
0e48
212d
0a9d
121f
2529
e891
0534
36b6
f4eb
06fd
1096
097d
ed21
0bf9
69b2
ea18
fa22
e27f
f995
f4a4
209f
16d2
01c5
21c0
f511
1afc
1523
1a48
24b2
fc79
0cd4
e50f
fd9f
0a9e
2e03
fcba
09a2
0c06
0674
1af3
f948
0c86
6218
e904
f4da
11c3
f52b
09b9
0d20
225f
ffeb
f7ce
0b63
f1e1
24ce
1891
0dd4
147b
2cf7
1296
f2e6
1595
00ba
24fa
f7f6
2a6d
150e
18a4
fce6
f32c
e0b1
f57a
09e5
0668
350a
e5a5
2bdb
19d0
041b
187c
fa0a
48ed
3f05
4ca4
1a45
f240
fd4c
c92c
f7df
ff9f
1a5b
2ae4
0969
0a98
412f
27b4
ec48
4085
17e9
df52
d17d
ffa6
ed97
2cae
1dde
4444
1fe2
be93
eea7
d82c
2243
fbe7
14db
f9d8
ec7f
1b74
ff0b
06c4
297a
eaca
14bf
1e2d
2316
18e0
06e8
0ca5
1039
10e6
1492
0d73
02b0
0585
28bf
e936
ee51
381f
fc2f
fd24
1301
ff66
047b
05d2
5831
f584
f61f
f7d2
0155
ffba
0a0c
0d24
f8f9
1fb0
0d01
1014
0752
1ab8
1784
fee0
05c4
e723
eacb
2bd4
1bd6
0db6
10e8
fb99
0ad6
13ad
0e7e
1167
5469
e9a7
0c2d
f5f3
ee6c
0628
260e
184c
10f5
f95c
2654
f2ca
207b
03de
0ef2
ffbb
1379
0a52
efe8
0e0f
fb76
0f69
0c49
27c9
0d6e
067f
0564
faf3
fa3b
f407
05fb
0dac
2790
e43d
2666
0e68
0a23
1135
05eb
4572
2c71
4eef
13cb
fdb5
05b9
dc1c
0964
0457
0089
321c
f12b
0bd4
24ab
09dd
f6c0
267e
15e3
f52f
ea6d
f44f
0cbd
33cd
05a3
237c
2bc6
d377
ec19
e9b6
1b23
e972
2878
e717
fb2e
f263
f919
fa36
1ed1
e906
0898
1078
1ab2
1a88
11b4
0ee3
1249
0013
142f
0fed
fe14
f431
2958
ccb0
f63b
2d2a
02b8
f3ab
1b06
1c2e
08e6
149e
516e
f733
c8f7
efb8
06f7
fc8f
2e28
24ec
0d2f
316f
fb77
185a
0137
12b2
3aac
05d9
1bfc
cca4
fe7f
2b75
255e
03d0
090b
1637
0832
0dbd
fd57
24cb
64ba
c428
f890
ed05
fd39
1433
1e61
128f
15fd
fb96
0b3c
d85c
2b0c
1588
0669
100a
070b
0b09
084c
09f4
0729
116e
f47e
2b90
20d1
2a55
fb28
e4c1
d3e8
0db4
09f5
fed0
1d19
fae0
1dad
0f97
e752
0f68
0be0
5a42
2cf0
4c35
0f81
dc5a
0f97
ebeb
fd9c
03af
289a
1414
1b36
1d32
336a
2c25
bf1d
1ff6
1d29
f39c
dfb6
e287
08a6
2f84
138f
435c
20b2
dc4d
f5d9
db4b
1e12
0643
1b9e
fae1
0cfd
f94f
f65b
