// 640x128 weights, scale=199.6272, width=16
02ba
f2e1
0149
fd4f
fe04
ea51
fd5e
ffc5
f544
01ff
fe1d
f466
f935
013e
0624
fa79
f930
02ce
042a
fe9c
fef4
025a
00b6
02c3
0310
fe08
0192
0325
0189
ff62
fd78
05e7
029c
ff23
fe0a
03d5
ff55
fc4b
0224
ff65
08ae
fa1a
08d2
f743
02f3
fdbf
fc12
fa38
fd93
f9a2
ea46
0128
f7e0
0083
06e6
01f7
f205
0970
0550
fe65
f9e7
0126
07b6
fc6d
fc9e
fd37
04fa
ed9b
fe80
f482
f973
0045
fcd4
00ce
ff50
fad1
ffc8
0e12
000b
fb07
fea4
f7e7
feab
ffb1
04f4
f71f
040e
f4e2
f9e2
fcec
f8ce
ff51
02b1
f7f5
0323
fcf4
f6be
00b7
0802
ff43
00d0
fc5e
f2cd
05c7
04de
fab9
fa6a
0781
f6a7
fe3a
04fd
faf0
f109
0011
fbb8
0943
f745
f03d
09c6
ffdc
068c
fdfa
fc48
fab0
04d7
fbca
fb7d
fa15
038e
f4e5
0063
fb76
fc1c
ee61
ff3e
ff0c
f3ba
0009
0087
f2fc
fb98
00e8
07c8
fbdf
fba1
0064
001e
fe06
00bd
024c
fe64
014f
ff61
fc7a
024e
02e6
01e7
01e8
ffaa
041f
02a5
fd98
fe31
01b4
013d
fbd8
0206
fe25
0753
f86c
086b
f5f5
0305
fcab
fbe2
fae9
fc6a
f9b6
e943
00dd
f276
ff41
062f
04b0
f35c
09bf
05fb
ff78
fd55
01fc
05ea
fb8d
feca
fd63
028c
eb2c
fdeb
f3f6
f957
00d8
fe86
ff1b
ff0d
fe1f
fff7
0b0a
fe43
fa68
fdfc
f91d
ffb2
000d
03bc
fa0f
fe7a
f5a1
fa2c
fd92
f8c2
0115
013e
f95e
035d
fbac
f857
fe07
0249
fe39
0268
f9c7
f46c
03ed
0336
f92f
f9a4
0933
f6c7
fc5c
0569
fa8e
eee4
01ba
fc5c
0840
f6a8
f038
0a65
ff84
05ba
fd57
fb43
fb96
03c3
fac6
fa93
fcce
024b
f6ca
ffff
0100
fae9
f0f2
fe13
fe26
f584
0015
020f
ea9d
fda5
001f
080d
fc77
fbd5
0232
fc91
fc97
00b0
02a5
fcb9
fe7d
fe08
fbfd
015b
058d
022e
0198
fd79
041c
0073
fd8d
fef1
02a2
02a0
fd85
0312
f9e9
07df
f98e
07da
f635
0345
fc75
fe80
f982
fc2f
f982
eca9
042c
ed03
fd6b
08a0
0475
f727
07f8
0649
fdf4
fd77
0040
03b7
fc49
003b
fc69
0062
ee56
fbaa
f679
fb10
0070
fea4
0130
fe51
ff2d
fdf0
0a8f
fe5f
fba6
ff61
fb52
feaf
fe3f
0553
f96d
00be
f75c
fb37
fcd6
f825
ff3d
012c
fc10
012f
fc00
f952
ff7e
00af
fceb
0017
fa54
f4bb
0336
01b0
fad0
fa71
0766
f90e
fc3e
05f3
fc89
ef85
0143
fdfa
06b4
f5d4
efe9
0a13
ff33
05b2
fe69
facc
fc45
03cc
fa95
fa06
fc9c
0137
f60c
017c
fefe
f9f8
f00b
fae4
fd7a
f54c
00fd
0269
eaff
fca6
ffd6
0826
fcd9
fe13
0180
fe34
fd96
0148
02da
fced
0158
fd07
fc07
0397
0596
0498
0251
fcfc
0301
0038
fc75
fc56
02fe
0253
ff8d
02ad
fdf9
0701
f95e
0950
f475
03cd
fcf4
ff72
f9b0
fafc
fa5c
ee81
0398
edd9
fc25
0910
04de
f865
086e
0523
fdd7
fd97
022f
04be
fe2f
00bc
fc90
ffd4
ec25
fcc3
f63c
fa24
009a
fbed
021e
ff81
fe3c
fe8f
09bc
fc21
fc78
ff18
fa26
fea7
fec7
05f4
f7ab
fe1d
f61f
fbfb
fd3a
f908
01d9
ffbc
f8d2
02c1
fadb
f928
ff05
00bc
fde3
fe4d
fb93
f162
02d3
0243
f8d4
f799
0895
fafd
fc71
0525
fc10
f10d
0206
fd12
0570
f7d3
f094
08e2
ff2f
05a5
fe16
fa11
fdbd
0421
fa86
f8bb
fc3d
02ec
f6a2
00c8
fe29
f97d
f0c9
fd2e
ff0c
f54d
0062
0212
ed05
fc09
00be
0a39
fb02
fd1a
0119
0158
fd60
0187
0440
ff43
0159
0083
fda4
02bd
0337
02f4
034c
fcd1
04b6
026a
f9ff
fdb2
0231
0191
fbb5
0118
fb86
0755
fa1f
079b
f5a0
0149
fdb0
fc74
f963
fbcf
f7b8
f1de
0119
f116
fef5
085a
04c6
f6c2
0746
044c
fed7
fd27
febf
03dc
fe4f
ff7d
fccc
01fa
f17d
fefc
f89a
fa9e
0068
fc64
0136
fec0
fd7a
ff09
0ae0
fd2a
fc53
fefc
faa3
ff13
fef1
0420
f879
fe86
f431
fb8e
fccf
f92e
0119
ff2a
f905
02e6
fc12
f85b
00b3
0341
fb98
ff06
fc0f
f20b
03be
017e
f869
f998
0929
f92c
fdd4
05f1
fd35
f0a0
ff26
fb83
061d
f715
ef4b
0a32
fefa
0693
0045
fa4e
fdd7
03b5
f8f9
facb
fbc0
00a6
f67f
ff0f
facc
fcb1
ec57
fe0b
ff4e
f4dd
00d0
ffd7
f0e6
ff06
0043
0a77
fc1e
fb51
fe97
febc
fccd
0059
028b
fe09
0001
017b
fdcc
02bb
050c
01af
027d
fdf2
02b8
0349
fbc1
fe6b
0315
0160
fc3d
0092
ff3c
06d5
f7ff
08fb
f70f
02e7
fd11
fc1d
fb34
fcee
f785
ef38
ff48
f26b
0070
0a02
0454
f4e9
083b
04a7
fdd9
fbdd
fe7c
0318
fcf3
fdeb
fc5c
02aa
e981
fd35
f682
fa4a
00cf
fcb5
008d
006c
fba2
ff48
09cf
fede
fbaa
0009
fc78
ff42
fdf8
07c1
f9d6
ff68
f545
fc83
fd7c
fa4a
fec3
fd66
facb
0384
f975
fa3a
fd14
0156
fdac
fe59
fb5d
f2b9
02bc
02d8
f911
fa3f
07f7
fa6e
fb3c
068e
fbd2
f08c
fd62
fcde
0669
f84d
f126
0a81
005d
0460
00a0
fa57
fb63
02af
fa64
fb2e
fb8d
019d
f8ab
fbc6
fea9
ffc3
efb3
fdf6
fdca
f701
fe71
0299
f10b
00e7
ffda
06e7
fd0f
fc5f
ff90
ff4b
fbf2
fe35
0311
fd5c
fdca
003b
fbc8
054c
0556
0338
01d5
fda3
ffd9
0237
fd36
ffde
03d3
01ca
fda0
025f
f5a9
06cc
f807
0b4b
f3ad
fed1
fd40
fc67
fdd2
fa56
f947
f190
01a1
f19a
fd67
09be
0581
f78f
04cb
03c3
0089
fb9f
fdba
0267
fa7c
fe6d
fb3d
01f6
f0f4
fc9e
f81a
fa62
fe19
fd65
fde1
00ef
fe24
fc19
0849
fcfa
fdb2
022a
fe25
fe93
fc20
098a
fb60
fe34
fa48
fdba
ffff
fc1d
0140
fcd0
fabe
02e3
fa0d
fc6f
fc7d
00f7
faf4
fed8
fb2a
f4fc
01a1
024d
fc11
f745
08bc
fd53
fae1
04a0
fdb4
f40a
fef7
012f
04f8
fa12
f0df
06d4
fe34
038b
fee1
fc01
f98c
013e
fca8
fc55
fc3d
0410
f88d
fe2e
fab6
ff10
ecf4
fd64
fbb1
f738
012d
040c
edaf
ffd5
0033
05e1
fbf6
ff40
00ab
fd9b
fc9d
0056
0317
fc7b
0000
ff43
fa93
0683
05b0
06d8
00d5
0069
00f2
ff08
feed
0180
0386
00ff
0028
025a
f455
055e
f8ac
0c08
f1ab
ffdf
fd4a
fc41
fbf2
f720
f99d
edc8
040d
f025
fcf2
0a48
0748
f73c
05b8
0245
ff2c
f9f3
fc56
0088
fcc4
0124
fcc7
0095
ecc7
fd9c
f6fa
f8ee
feb5
ffe3
faca
021c
fdfb
fbff
0694
f83d
fcf9
0297
fe23
fd26
fce4
0892
f7ed
f999
fa30
00b3
0062
fb97
02ca
fe69
f990
02f1
faa4
fd66
fe08
fe01
f93b
fec2
f992
f410
0159
0161
f94b
f458
0706
fa0a
fb0d
045b
febd
f32d
ff6e
ffac
0465
fac0
eee7
0627
fcd0
03c3
fe13
fadc
fbc6
00f3
feea
fb17
fe7a
03dd
fa73
fd31
fc78
fe38
edc4
009a
fca0
f833
ffe8
0475
ed66
ffc5
0073
06df
fd18
ff8e
ff17
fcdd
fd06
ff18
0212
fbf8
fe6f
01d2
fb00
0502
086b
05ba
0112
fe92
0127
002f
ffcd
02c0
03a1
0054
0132
025c
f048
04b8
f90c
0b62
f32b
0068
fd20
fc47
fe7a
f87d
f90c
f343
0428
ebfc
fbea
0adb
0670
f809
0443
046c
018b
fa38
f8e5
0327
fb21
fff1
fe2a
ff8f
eaa5
ff31
f8ba
fa89
011d
ff95
fd5c
020b
feed
fc4e
05a6
fa5b
fdc5
033a
ff60
fcd8
fcf5
0767
fa1d
fc56
fb70
0065
fdc0
fb85
02a8
fe30
fbdb
02e4
fe1a
fb88
fd82
fd05
fae4
0060
fa29
f57b
01ba
0074
fb5f
f77f
07fe
fc4e
fae7
03bd
feda
f10d
fbb2
ff94
0612
f927
f0db
0509
fedb
0519
fb93
fa0a
fae5
0073
fde5
fc60
fe8b
0220
fa4a
fe07
f6a3
fea8
ebcb
fd7f
fbef
f622
ffc5
0228
f1f9
fd95
ffdd
0469
fc3c
ff05
fd9b
fc91
fd0f
ffd8
0321
fd48
00b4
fe61
fd85
0702
08d4
0521
fff0
fddd
0373
fda0
fe57
0187
0471
0100
0194
0070
f955
0482
fa02
0adb
f369
ffb8
fc90
fd2d
fe93
f882
f9fd
f00b
056c
ed72
fcde
0a2f
0629
f690
043d
03fc
fd07
f9bb
fab7
038c
f9f9
00f9
fe3a
ff21
e957
fea5
f872
f940
ff99
0048
fe99
021c
ff03
fe20
06fc
fbb6
fe4f
0253
fd4a
fd6b
fd08
0876
fb26
fc6b
f9ab
ff0e
fbfd
fa6e
01ee
00d9
f99e
000b
fdb3
fd5b
fe0c
ff9c
fa48
0014
f902
f57d
0310
0091
f9a4
f727
0489
f99b
fb04
03dd
fdb8
f126
fcec
fea7
04da
f848
f0e9
06f9
febc
03bc
fd3e
fa46
fb2d
01d2
feef
fab9
fd1a
03bb
f899
0104
fbea
fc16
f284
ffde
fd2d
f70e
ff70
0412
ed5b
fd73
0297
04af
fbc9
fdd6
fe22
fe07
fd78
ff28
0202
fb44
fe79
fe7d
fd9b
0448
0ab9
01e8
00b3
ffb9
0277
01bb
004f
0041
0226
011b
fedc
ffee
f489
0547
f9f3
0ba6
f407
ff85
fc11
fd01
ffd4
f929
fab9
f5a6
0376
ec06
ff74
092a
05b8
f487
04e6
0560
fe0e
fdb2
fc05
041e
fde2
0393
fd27
ff50
ed2a
ffcd
f95d
fb41
00c1
fd8a
fdb7
005b
fc9d
fc26
0989
fd19
ffbc
0366
fda7
0061
fdf2
051f
f91c
002c
f9fe
fdc0
ff79
f9e7
ffb8
ff6a
f6c1
01b0
f9b1
fba9
fd29
fef6
fa4d
fef8
fb1b
f541
0287
0208
fbd0
f5d0
0569
f93b
fa94
0205
fdb0
ef14
fdff
fd2f
05b6
f5df
f3f0
093d
ff44
0477
fa27
fae0
fd4c
0044
004a
fb2c
0025
03d9
f6d6
ffc4
f911
fc7d
f581
00d3
fc4b
f3fd
fde0
03b6
edf5
ffe3
0260
0080
fcb6
ff03
fc52
ff67
fd36
fe91
04f1
fd28
ff55
feae
fe88
06a5
08b8
01ea
054f
ff73
03be
ff5b
fee0
ffa3
0445
017d
00ca
fed2
f699
037b
f6b3
0bc8
f14a
ff42
fd91
fd56
ffad
f92b
fafe
f557
0394
ee23
fbcc
09fc
0554
f4ba
03e5
01f8
fcb2
fd01
fbfa
01fb
fa03
0255
fdee
ff5c
ebf2
0044
f5c3
fa0f
ffb2
f9ac
fd56
0104
fddc
fc65
0645
fbf1
0080
038f
fcd3
0078
fe8e
0a67
fa46
fe09
f82d
fd60
0065
fb3b
ff23
fee6
f9e0
01fa
f933
faa8
fd35
0048
fcd4
ffea
faf7
f4dc
02d3
02e2
fda4
f43d
05dd
fce6
fbba
02c4
fe61
ef8c
fdb9
fd58
041f
f6da
f499
0731
011f
0316
fdfe
f987
fb0c
0069
0209
fb7f
fd69
04ee
f736
fe53
fa1e
fd82
f173
ffe7
fafa
f3a1
fec6
02ec
ede0
fcf9
ffb7
02aa
fcbf
fe14
fbcc
fdf2
fe35
00a7
0317
fe97
005d
fe3f
fd7f
05d4
076a
01e3
044a
fd2b
049b
fed0
fd35
fe86
045a
023d
ff36
fe8f
f89d
03ea
f9f8
0c7a
f2c4
ff86
fdd3
fd38
fecf
f8b7
fa6e
f163
0329
f4e9
fd96
07a1
03bc
f5e6
0475
0270
fe21
fd4b
ff0b
04d2
f988
00ee
feb0
fefe
edc4
ff4d
f850
fa97
ff2d
fae5
ff4d
0202
fe2f
fd07
06c2
fca0
00d3
025b
fc74
ffc7
fe5f
09ba
f8ff
ffc8
fa52
fd19
feef
f995
0007
ffcf
f9fe
0283
f91c
fa9e
fe27
03f7
fc69
026a
fb3d
f3b3
029d
0460
ff02
f531
0442
fbca
faca
049e
fce4
f070
fe78
ff2c
0477
f7fd
f22b
08ae
fd7b
0437
fd0b
fa0b
fbf7
04eb
0191
fad0
fd0b
041f
fafe
fd0e
002a
0193
f33a
06e3
f896
f2af
fe96
03a5
eebb
feea
001b
0206
fc03
fcad
fb2e
fd94
fca3
fe7c
034f
fe8f
febe
ffb6
fc4c
0683
0502
0345
053c
fea0
0245
fcf5
fd0e
009e
061f
02ae
ff7d
0054
f17e
00f8
fa74
0e35
eedf
fcd8
fd9c
fb35
ff2f
f6f7
fb60
f5ba
0485
f0f2
fbc9
09db
0243
f806
027d
011d
fe61
fc8d
fd0b
0078
f5c4
01ae
ff3d
0071
efeb
ff8e
f980
f9d8
fdd3
f91f
fe67
002d
fee9
fba0
0483
fbdf
026b
0317
fd27
fee6
fc8f
0c26
f991
ff55
fca3
fd9b
007e
fba7
ff45
ffe7
fdc6
007a
f897
f9d0
fda0
fb78
f941
00dc
fa04
f77a
0012
02b7
fe2a
f506
0685
f901
f996
0489
fdea
f0dc
fb51
ffa0
0241
fa15
f04c
059f
fcda
0395
ff41
f939
f838
040b
ff14
f9d5
fe76
041a
f962
fd11
f76a
00a6
f150
02b3
fca8
f40a
ff9e
04d7
ed51
ff9e
0098
05a1
fc99
fce7
f945
00ac
fc5c
fd40
03cf
fe00
fe38
fd85
fdec
041b
0732
010a
03b1
ff1d
011b
feab
fb66
0138
075f
03b6
0093
0102
f7ea
0499
f9ce
0c2e
f29e
fd86
fe5d
fad9
005d
f88f
fa99
f38e
0382
f487
fcde
085b
0146
f3f5
01d7
0254
fff3
fd23
fe96
03e0
f727
ff78
fb57
00e1
eacd
ff3f
f85e
fb7e
fcb8
f855
009c
fd0b
ff98
fc00
0635
fee9
fec0
02cf
fe1f
fe0c
fd8e
09e6
fc16
0117
fc04
fe28
ffc0
fb6a
fe55
fd21
fd57
0171
fa9c
f9ae
fde4
fd6e
fa74
007a
fa4d
f4b6
fef7
01bc
004a
f6b5
0634
fad9
fb5a
02ad
fecf
eeae
ff67
fc26
02da
fbf0
f08b
0406
fe3f
067a
0011
fab2
f83e
045b
fca3
fbd2
fc42
041a
f828
fc6b
fc51
fe81
f084
002c
ff56
f655
00b1
0190
efe5
fdbb
004e
051a
fe01
fbc8
fbc5
ffdc
fb61
fe3a
0405
fbd9
ffaa
0031
fd83
051f
0827
0080
032c
fd68
020a
010b
fbfe
02a5
078e
03b9
ffde
ff95
f596
04bb
f953
0c2b
edad
fdfb
fe28
fb50
005c
f921
fbf9
f6f7
0330
f300
fd6e
0681
024f
f695
040b
ff1a
0030
fc0d
0109
01e0
f923
fc95
fba8
00b6
ed11
fecb
f8cc
fb2f
ff8b
f68e
ffaf
fe5c
fd50
fd06
0518
fd1f
004d
0302
fd48
fde7
fc87
0a07
fbdf
0111
fa4a
fd4b
ffab
fd58
feb6
ff37
fbc8
00cd
fc70
fa4f
fc70
fbae
fb6c
ff24
fad5
f6d2
0077
02d5
fb98
f219
0675
fd86
fb73
027c
0057
eef5
ff9c
fe7c
02e0
fa1f
f225
04ac
fe7b
04a9
fda5
fa4a
fa47
0525
fe81
fb9f
fe7d
0601
f872
fc54
f8c6
fdc0
f1d1
0140
0014
f77a
00fc
0145
ed30
fd88
018b
0606
fbdd
f94d
fc0e
012e
fb80
fb12
02f1
fd37
ffd0
007e
fe86
0332
05ab
0020
0207
fd76
0158
019b
fc94
00d5
06eb
0386
fdd8
016c
fbea
059a
fa84
0945
f138
ff80
fe95
f93c
000a
fa21
fa5d
f458
0373
f581
fc11
062a
003b
f562
0392
00f9
006c
fe2a
0059
0532
f9b7
fc87
fb6c
03c5
ef69
fff4
f839
fb49
fe2f
f6d6
01a3
fdb0
fb71
fc94
05c5
fdd4
0050
0166
fc30
0011
fdd0
087c
fc06
01fb
fbbc
fe4d
ff19
fcbb
ff68
01b5
fa88
0189
f9ff
fa09
fd29
ff9e
fc8f
fdc0
fc6a
f6a3
0160
0404
fdd4
f6d7
03f5
faf5
fa69
03ff
fe3d
ef43
fe3b
faf5
03e1
f6ee
f1fe
04da
fea8
064d
fc48
fad6
fb25
04a1
fcbd
fbf1
fb7e
042a
f7d8
0023
f9b2
fcf1
ef3c
fd21
ffb9
f326
0249
ff77
f1fc
fb92
fe3a
06f3
fc03
fa94
fd49
008c
fe0b
fdc8
02ca
fe2e
0202
fd88
fe25
03c6
0671
01e4
fe10
fd8c
0255
018d
fb1c
0080
0708
02ef
fe69
feb7
f955
06b3
f71b
0e2b
ef6e
fd5d
ffd7
f9e1
ffa2
f88c
f9ed
edba
042a
f84c
fbdf
0890
0177
f3c5
0509
021e
fe96
fef4
03ab
0748
f83e
fa52
fc30
022d
eef8
ffb0
f737
fbd7
fede
f57e
0098
fe09
fdb8
fb11
0834
fdbb
fd0b
0077
fb81
00a7
fe76
04f9
fdd9
0057
fa0b
fb50
feaf
fb1a
fedd
005c
f8c8
ff55
fc43
f935
fcb5
0314
fed6
ff18
faf5
f51c
015e
0316
fca0
f405
03e5
f8df
fa1c
052f
fe79
eede
016d
f9bb
046d
f879
f0bd
067d
fe68
087e
fe4a
f9ab
fb85
05d8
fb42
fb91
fa69
0196
f576
ffd3
f820
fdf3
ee34
ffd5
0150
f0e6
03ff
ffb3
ed1f
fac7
018c
096e
fb0f
f954
fcfc
02d1
fe8f
ff2b
02e8
fff8
ffb0
0065
0072
02bb
0473
fee1
fdc9
fcfa
0435
030f
fac8
fe25
04b4
02a0
fb34
fca8
fb45
0632
f8f7
0c6b
f145
ff3f
fed6
f8d6
fe4f
fb44
f6c3
ec04
01e3
f462
0283
076d
012c
f47f
053c
0026
fdf0
fe98
0154
060f
fc15
fb8b
fd2a
03ab
ecfa
feff
f4fb
fb06
fe83
f4df
01d8
fc13
fb7b
fe87
09d8
008e
fe66
00b7
fb44
0175
fe2c
050f
f8c5
0383
f9e2
fb49
febe
fb0f
fd21
01a9
f981
020b
f989
f953
ff3d
05ca
0346
febe
fd88
f380
02d7
05e5
fc85
f6a7
0355
f99a
fb57
0741
fc2e
ed7f
fe9f
f92b
03ea
fbbc
f0da
0452
00d4
077e
ffe4
fac9
fdbb
04bd
f87a
fc35
f7ae
02bc
f62b
0035
fc62
fc14
ef50
fd4f
007c
f327
00e8
00ce
ecf0
fa95
0273
069a
fce3
fc56
fde7
020c
ff79
fe77
0395
ff22
0055
ff7f
ffc5
0362
04da
0009
022c
fd3b
038d
0463
fb3d
001c
0706
020e
f930
fb8e
fa39
05dd
f773
0ccf
f00a
fd96
003e
f98a
fd0c
fb8f
f903
f0a9
01e4
f0da
001d
0765
fe7f
f5c5
0424
00c0
fc56
fc2c
0105
04cc
f6ae
fe01
fe59
021b
f276
ff29
f707
fc40
fecd
f5f2
0241
fd70
fc05
fdb4
0943
00a9
ff6b
0173
fa67
0059
fcc9
0498
fb1f
025b
fba4
fabd
fe46
fafb
fcc0
0291
f6f0
ff4e
f96a
f7d6
fe58
05cd
00f7
0015
fde4
f34a
015e
0340
fbec
f5c1
050f
f86d
fce6
06d8
fd7e
f026
fe36
f9db
03cc
fab7
f156
04d0
0224
0891
001d
fa39
fc11
047e
f8e7
fd3e
f7bb
07bb
fcd3
f757
09d6
ffee
000d
03d2
0539
fe35
040a
044e
fc0e
03fb
085b
0661
fee6
fca0
ffe9
0032
fd88
fb1c
0094
ff18
f719
078f
fdb2
0270
0711
02eb
ff11
02be
ff30
022a
0417
ff31
01d9
fb52
02c6
0725
0596
fb6e
fae7
00de
fd7e
0058
002a
feba
fde4
0396
01e0
0078
01dc
faa1
003e
0196
019c
fedb
047c
0125
03ca
f9a3
f925
05f4
fa36
00a8
fd1f
054f
fc1d
ffbc
febd
f9a5
f9b0
02d8
febb
01ca
ff4d
02de
04d1
0125
0234
0164
fdb5
f947
f63f
0285
fc6a
02e8
fcad
fc7e
fbe5
fff6
fac9
fee4
f768
fda7
fbf5
01a6
fb8f
fe5b
fed3
fc5b
f96f
fe08
02e5
0260
0535
fd00
07f5
fc58
fd8c
01d1
0096
0147
fc00
04ca
0200
f9ac
fab2
043a
01f6
023f
fd60
fe08
f809
fc5a
0632
fe37
030f
05aa
fc23
f991
062e
fcd2
01fd
ff8a
061b
ff06
0287
03d8
fc17
04f3
09d7
077e
fd87
fbcd
ff24
0047
fcf5
fb08
004b
ffd2
f5c1
0561
fd8d
ffff
02e7
0175
ff09
ffaf
0027
048b
01d2
0051
fe0b
fb96
0119
04f2
0974
fc08
fbc2
fe49
01e6
019a
0012
fc8b
fd0b
080e
007a
028b
fd5f
fbc9
0223
fd11
0007
fd6b
03c3
07b5
0254
fcc0
f9ba
0a39
fc6f
0175
fd8d
076d
fd34
fe41
fc78
fda7
f9f7
01d9
00b6
ff50
fed4
021e
0855
0412
0073
001d
fd89
fc07
fa9a
ffdd
fe54
04c7
fe2d
f97d
fa5e
fc81
fb02
fe52
f3af
fd9a
fa9d
ffa2
fc95
04a0
feb4
fb5a
fd61
ff08
02ff
01e3
0345
013a
0770
fcb7
fdfe
018a
0040
ff6d
fc90
01f3
0575
f427
fc70
07c2
02db
03dd
fb6d
fe44
f70d
fba7
0336
01cb
02c0
0514
fb7b
f9ce
06b0
fb11
03b2
01a6
051d
fe37
05a0
0571
f7b7
033f
082e
073c
fd61
fd04
fcfc
006e
ff55
fda8
ff53
00dc
f7eb
052f
fe86
0052
039a
029d
ffc0
ffbb
0001
0433
ff4e
0003
fff0
fc73
ff33
0691
04ae
fcfd
fc66
fece
0302
0229
fdbb
fe3e
fb63
04a2
ffd2
03f2
ff44
fb3a
014e
fdf3
ffc4
fcbe
0321
07fe
0090
fe88
f726
07ba
fae5
00a6
fcb4
03f7
fb84
ff2d
fdee
fc87
f9cd
0106
026f
fdcf
ff7d
0282
0683
0222
0177
000f
fe0b
faee
f888
0137
fd02
0347
fcd2
fb7b
f9eb
fdfe
fa1a
ff9e
f58a
fd2e
faef
00de
fd1f
030e
fdda
fc97
fee7
fd76
04e4
00ba
016b
0048
047f
fb43
ff14
0316
fef5
fcf1
fa9d
03fa
0480
f5ff
fc6a
0644
03a1
0370
fce7
fd05
fa75
fc7f
0238
00b1
01ce
065c
fd0e
f97b
0da7
fcfe
0324
0167
046e
ff28
041d
04a5
f81b
035a
06c1
0607
fef3
fedf
fc8f
ff2e
fedf
fc38
00fe
fff4
f801
021d
fe78
038f
0696
04b4
ff3b
000e
ffd5
0243
0249
0088
03bf
fccb
033a
0820
017b
fb92
fb99
0355
feb5
ff0a
fe46
fec8
fe70
02ea
0138
044f
ffe2
f8ac
007f
022c
00db
fca5
02cb
02c0
ff84
fb27
fa8b
0440
f9ab
0227
feb7
03da
fb38
fe12
fca1
fb82
f8c6
01e3
000a
fd85
007b
01e2
02b2
00d4
0281
00cb
fef6
fa17
f841
0860
fd2a
0344
fd7d
fd5e
fae1
01a7
fab1
ff26
f3e4
fe9d
f6b2
0250
fcae
fddc
fb9c
fa97
fbb7
fea9
0257
0144
01bd
fd6a
0518
fc72
fe18
0160
010a
fdca
fb74
03f3
0130
f915
fc6d
03be
0299
01ff
fb8a
fcab
f9da
fa41
0308
fe94
0313
0552
fd29
f8a7
0c7c
fe1c
00a2
038b
046f
ff6f
03e1
0541
fd1d
025b
05a7
0563
fe08
fdf9
fc21
ffae
fff4
fc26
00e0
ff79
f9dc
0185
fe5a
0304
07db
0585
fff5
00a5
fedf
019e
01be
ff4c
062b
fab7
0242
0559
0231
f998
fc4b
0262
fc97
ff92
fd16
fdd4
fe54
0211
00de
051f
013b
f9f8
ff98
03b2
00ec
fd07
03a9
038e
0049
f867
f861
042d
f945
ffec
fe5e
0490
fb7f
fff5
fd5b
f9bb
f9c2
018d
fd6f
ff39
0065
01c8
0273
ff32
036b
0118
fed5
fb19
f6e7
041f
fdd8
011a
fae6
fc94
fb9f
0249
fb34
ff25
f48b
fe42
f937
0337
fc66
fe88
f9e5
fb85
f82e
fea4
0414
0171
0233
fe0b
04ea
f994
fddf
01dc
015e
fda3
f890
026f
00d7
f784
f9f9
0468
0378
033b
fef9
fcd8
f844
fb64
03c0
fe52
02ea
0595
fc86
f983
0718
fea2
001d
01f4
037e
ffc2
0388
03ba
ff46
0325
05d8
05fb
fe45
fd92
fcca
fe8c
fe16
fc6b
ff99
0030
f853
040d
fb85
02b0
06a7
04ca
0144
021b
fd58
021e
02d3
0197
00e6
fbe3
0121
027a
0201
f9c4
fcc4
006a
0161
fe1d
fe64
fd14
fe3f
03c8
01ad
04a4
0219
fbe0
002c
038a
006e
fd6f
0325
073f
008c
fb54
f7d0
04af
f8e3
0139
ff25
0522
fbb0
ffaa
fd75
fad5
fa2e
025c
fd66
0104
029a
fff5
04b4
02b9
03b9
0186
ffa4
fba2
f820
0538
fe55
02a7
fea5
fc6f
fcf3
fe79
fc79
fe95
f5cb
fc80
f404
02c2
fd05
ff17
fd2e
faa9
f9af
fd31
0288
012e
05d1
ff27
042f
f9ea
fc26
0105
0011
fc95
fa72
0309
03ba
f9fa
fd8f
03b3
023b
00a2
ff6d
fd54
f878
fc28
0584
fe8b
03e6
0556
fe20
f71d
0894
01d4
0274
051e
0373
ff70
040c
033a
fb2f
03da
0453
0479
fe2b
fe35
fb93
fea4
fda8
fa53
0159
ffdc
f7d8
0538
faba
0379
0734
06d6
0110
04f0
fd2a
0207
020a
0283
02be
fc86
0301
0581
fed2
fa4c
fbb5
03b2
fbf2
fe60
fc7e
fde6
ff63
0143
037b
06f3
ffda
fb20
00c7
03da
00b0
ff48
0372
0442
00ac
fdb4
f500
03db
f9ab
0285
fe3e
068b
faae
ff73
fe81
fbc8
f7ca
0240
fcf4
0199
ffee
017e
0092
0073
0413
02bb
ff9e
f991
f678
0c34
fcc2
022a
fffb
fdcb
ff5d
01ad
fc62
fed3
fa1f
fe1c
f70a
040f
fbb2
fc30
fca2
fccf
fb00
fdd9
031c
0275
088d
fcd6
04e4
fcac
fb75
0315
00fc
fdfd
f755
071f
019d
fd01
f816
02fa
01ff
ff96
ffba
fec9
f5a9
fc57
0649
fe3a
047c
05c1
fd88
fb5b
069c
fd2c
01bd
052a
0225
0075
032f
057d
f9c6
05d6
05ad
0310
fd01
ffa7
fda9
fd20
fd6c
fb87
0232
ff73
f724
042c
fa11
0426
0715
075b
ffab
01ee
fda9
0077
0006
0222
042b
fc79
0464
04cb
fd7e
f958
fb21
023f
017b
fd95
fbd0
fd24
fe5c
ff97
02ea
061e
0147
f9f8
fdac
0430
0153
fdc1
017c
065d
ff0d
fae4
f566
02ef
fcd1
0397
fe16
04a2
fcde
ff5e
fbc5
faaa
fa6b
05e2
fc5a
ff52
00ea
ffdf
0381
ff22
04ab
03ed
0161
fa64
f824
0863
fe11
0079
01d1
0038
fe5b
0036
fe90
fe7b
f6dd
fddd
f7fa
0325
fba2
fc5c
fd1a
fb4d
fb9c
fc7a
0171
033f
0429
fa3f
0310
fc68
fb3b
0349
0283
fd44
f613
04bf
0280
f8f3
fc7c
0111
0183
00d0
fff3
fb86
f6ee
f9e2
06b2
fef4
033a
06b2
fc7b
fc5f
05f0
fa92
ff7e
0508
0243
00cf
0466
05ea
f8d2
03f1
05f0
030d
fd47
fe34
fdfa
fd1f
fd56
fbf6
ffa7
ff1a
f867
0468
fba0
0307
0844
06ff
019e
03f0
fdf3
003d
020a
01d0
0402
fba0
03ee
05d4
fddb
fa56
fbe9
00fe
01b8
ff48
fc15
fd97
fef1
00cb
0243
0605
01bb
fa6f
ff87
0185
0113
fc7e
ff2b
0548
ff8d
f8fb
f56d
0506
fb3f
0090
fceb
0369
fb72
0239
fce1
fa46
fa47
05ed
fd1b
fe57
01cb
0046
0224
fe5a
04c9
0253
fff5
faeb
f8c8
06ea
fdc2
011a
0138
014c
fb8e
01e3
009c
fedc
f83e
fd84
fa84
0254
fc25
0010
fb39
fcef
fa14
fc78
02b2
01ca
0462
fc07
025f
fbad
fb65
02c3
0197
fce0
f71f
05e3
02ad
f647
fdce
022e
0154
002e
fc3d
fcc5
f851
fb59
0500
ff2f
0396
0674
fe3c
fc77
036a
f903
01a4
06f2
00cd
0187
0280
05f2
facd
0251
046c
03e4
fc3e
ff40
fe0b
fc25
fdfb
fbc7
0065
fef8
f6b1
0707
fa2e
027f
05ad
076c
000f
0323
fe8a
009a
022f
018c
0451
f9ed
02f5
0471
fe89
fb23
fbdb
01df
feed
fd2f
fb47
fc81
fe2e
0030
01df
06fd
03c6
fa21
01e6
03f1
ff41
fcc7
ff8b
05f2
fd3c
f9d4
f460
0731
fa98
03cd
fe6b
03dd
fd8e
032c
fc7e
fcf3
fc5b
034f
fe06
fe7b
0056
00ef
040d
012d
056b
022e
028f
fc45
fb44
0840
ff10
008c
ff93
0026
fbda
006f
fecd
ff1f
f81d
fd59
fb51
003c
fb67
ff74
fd4b
fc77
fbab
fd7f
01b5
0027
0036
fcea
0071
fa5d
fa7b
041b
01b5
fc46
f71b
0185
020f
f506
fd72
045c
023f
023b
fea5
fa18
f59c
fba6
03b9
fe3e
02e9
04f6
faa7
fe46
034f
f9d8
000e
0400
01b0
0169
047f
045e
fc9b
0251
07ba
062b
fe2d
fdbc
fcca
fc82
fdee
fdd0
ff0a
fe1e
f71b
06d6
fc39
021a
0771
04e7
00ac
03aa
ffa2
02ac
ffe6
01ea
ffdb
fb93
ff05
0150
00d5
fb8b
fcef
0269
0452
ff6f
fc43
fd78
fe00
0172
0252
0508
00e3
fbdc
037b
03d3
ff4d
f8df
ffa1
0a4b
fde2
fc89
f66e
094e
fc60
0354
fd69
06a8
fb86
01d7
fb9f
fe16
fcdf
ffb6
ff4b
fd63
ffb1
0243
0866
025a
03f0
024c
fe0a
fd97
fa76
0200
fdbf
0599
fd8a
fd18
fcae
fcf9
fc39
00f8
f474
fbbe
f77f
00d2
fbf7
fee9
ff3e
fb78
fda0
fa56
0366
03e8
fefa
fc6e
017d
f929
fb45
01df
0034
f93c
f685
0118
0377
f3d8
fe95
079e
0430
0233
fe67
fa26
f7bc
fdbb
049d
fdfa
037c
04f3
fc76
fc3e
0181
fb62
0233
0450
00cd
fe43
02aa
0478
fb34
02af
0868
04e7
fdfb
fcd7
fbce
fcf7
fe6f
fb76
ff53
fdba
f8de
0567
faed
04da
07df
0543
00fa
02fb
fed6
00ac
ff7e
00ea
004c
fc19
0261
0317
02b2
faa6
fd84
03c1
0084
ff07
fea0
fcc4
fd95
00d6
02f1
05ef
00b6
fdd3
00f4
03e3
fee0
fa3c
ff0e
0735
fec0
fc21
f947
0694
fbfd
0233
fc34
0425
fadf
028d
fc44
fc47
fad3
fdc7
fcd8
0062
ff99
0188
073d
00dc
04ad
016f
fe21
fcdc
fa95
05c4
fe6c
0373
ff13
fd82
fe72
ff7d
fca4
ff9c
f25b
fbec
f6ed
00a3
fe88
ff27
fdd5
fc44
fc4f
fac0
023b
0338
0136
faf4
02a7
f8a2
fc58
0173
01e3
fc8f
f635
02e6
015e
f631
fe99
04ea
045c
0196
ff6e
fa18
f782
fd2d
05c6
fefe
03cd
0282
fceb
fb52
0674
fd8b
025b
0585
0149
ff5d
040e
0478
fa28
01d5
05f4
06f8
fe46
fc11
fac3
fcd1
ff5b
fcd6
ff5d
ff1d
fa9f
0462
fc09
0304
059b
0335
ffe8
0103
0103
0222
fddc
fddc
0099
fd13
01c7
0295
041c
fa8d
fdfb
0282
0146
01a6
ff08
fd6a
fca2
0093
00ad
05f3
ff2f
0077
012c
00dd
fe39
fe3d
ffc0
0893
ff04
fec0
f9ed
0963
fa34
01a0
fd62
048a
fb16
0338
fcb2
fcfd
fb31
fc42
fe4c
ffd7
fe5f
0311
06c1
02a4
03a7
ffef
fe28
ff22
fb69
0820
fd1e
04c1
fd3f
fc66
fbef
fe1a
fd10
0106
f56d
fe7c
f79a
ff0b
ff23
0110
008e
fd1e
fee1
fc57
0398
05ec
03cb
fc7f
002d
f986
fbff
031e
fd58
fd5e
f440
0204
0517
f89d
fe15
03eb
057e
01dd
ffb2
fb55
f6e7
ffa1
05cf
00bb
0398
0498
fe6a
fa96
06c8
ff2e
028e
09aa
02a0
ffaa
041d
0508
f8aa
037f
06fe
06b2
fdb9
fd97
fa73
fcf8
fcff
fc39
fe5c
fe67
f8d3
05e1
fc3c
02e9
0462
0235
00a1
02c0
ff9c
0141
ffa8
fe19
ffe6
fe00
0361
04af
014a
fb10
fe0b
01fd
0005
004a
febf
fce8
fd5b
016b
0244
0928
0072
fc67
0245
0131
fee0
fb3d
fe82
05f4
fea2
fe55
fa4a
0709
f918
0541
f8dd
057b
fb3c
02b7
fe87
fd8d
f87b
fd1a
fe2b
fe6b
ffc1
0246
0521
0229
03e6
00ae
fe6e
fde5
f9ef
0645
fff1
06d4
fe4c
fc0b
fbe2
ffa0
fd86
0168
f689
fd14
f77a
ff50
fec7
fd62
ff4f
fd27
fece
fcd4
0318
0491
03d5
fbad
0199
fad9
fc56
01c2
fdc9
fe07
f765
045f
00c6
fb78
ff24
032b
03e2
0249
01ee
fb3c
f764
ff3e
062b
0032
0301
04ae
fda4
fae1
0653
fece
0082
0549
02d8
fca9
018a
0505
faf2
0548
0778
068d
fe44
fd9a
faea
fcb1
fc5a
f9a9
ffbe
fdc7
f777
0440
fa74
04e9
063c
0406
017d
03cf
fcdb
ffd3
ff84
01a9
0202
fcd9
025a
0530
01fa
fca6
fce3
03b5
0252
fc9b
fdcb
fbce
004b
ffd8
035f
044d
0386
fcd2
004d
0411
fbfc
fc52
ff8e
0799
fe95
fd9f
fdc4
0989
f660
0300
f9a1
035e
fd5a
018f
0076
fe3d
f87d
fdcc
ffdc
fc46
01eb
ff74
042a
020c
0308
02b5
005e
fc39
f921
059d
013c
04a6
ffa7
fea8
fe32
0151
fd0f
0002
f62e
fb18
f713
00f0
fd42
fbaf
fd1f
fea0
fcae
fc61
0101
0359
048f
fb56
027a
fae7
fa74
00f8
ff70
fe57
fac3
0162
fed0
fad7
ff8e
02a2
0445
02c6
fee3
fcf0
f73a
fe84
04d6
012d
01cb
0300
fb46
fd00
0374
fcd2
0015
0528
0566
fcd2
04b0
019f
fb79
00a1
06b3
08f5
fecd
fbc8
fb17
00a6
fdd7
fcb7
ff5a
009d
fb0b
084b
fa99
02d4
03d5
01ed
fe5e
0073
02b0
0207
fe1c
ff3b
014f
fcdb
0093
0135
0171
fda1
fdee
01f8
0087
fdb9
fddc
fa93
fd55
030a
00a4
03ad
0065
ff3a
038c
0253
faf6
f9d9
013b
062c
fe22
fdab
f9be
0846
fb0f
024a
fadf
052c
fb46
02e2
fe94
ff1c
fbc6
fb8f
0294
fb80
fee0
0165
0743
0450
0172
00d5
fd95
fe29
fb60
0747
ff2c
06a3
ffba
fc30
fbd7
fd5a
fb66
0153
f3c3
fc31
f5c8
febf
fec0
ffd6
ffb3
fe21
0123
fb70
049c
05a6
fe0e
fc03
01bc
fae1
fc12
0361
fe86
fa6d
f825
00cf
0036
f8f4
fd68
02cf
0537
01b5
0250
fbe7
f7af
ff40
01fc
0119
014f
0566
fc90
fb23
07c4
fdc3
0158
05e7
028f
fbed
0112
02a6
fb2d
019b
038c
06ac
ff99
fb21
fa01
fe3c
fd1f
fb08
0090
fe9d
fa33
0652
f8f9
05cd
064b
027e
ff5c
0098
ffc5
00e1
fe77
0134
0474
fed6
01df
034a
ff6f
fbbe
ff82
053a
ff2d
fdf2
fdad
fbc7
001e
ffbe
01ca
0585
0228
fb40
0012
0522
fbf7
0198
0127
0658
fe86
fa1e
f83e
067f
f9f4
0177
fc6c
03c2
fd0d
020f
fe5c
fe47
f983
fe15
0168
fd2b
0197
fd7a
02ae
0283
02c9
01e0
0239
fba1
f706
05d1
0266
0265
006e
fec8
fe1a
fdaa
fbf3
ffd5
f60c
faf0
f948
ffaa
fbc4
f8e5
fcdc
fc78
fea5
fcf4
0017
02b3
024d
fbbd
0448
fc2a
f9a9
03c6
0206
fdbd
f55e
0085
ffa8
f7b6
fec4
018e
040b
00eb
00b2
faa1
f228
fd58
013c
00c6
03a7
0498
fc34
fc05
0454
fed0
fffb
05ad
048f
fbee
012b
01fe
fdf5
010f
051b
0452
00d7
fb1f
fc40
fe41
fcbb
f9c1
ffc3
fe59
fa45
077e
f8fa
046b
050c
01e4
ff8c
00e9
ff99
01f4
feb2
0008
00d7
fee0
011d
0094
0236
ff0c
fe19
04a3
0050
fcef
ff30
fa1f
00bc
00fd
0160
01be
0177
fe7f
0208
025c
fc96
fbd6
00e6
07d3
fd93
fdaa
fc8b
0bd1
f855
018b
fa31
050e
fe44
0189
fd22
00e2
fa82
fd98
01ed
fe45
007e
fd84
051e
0361
01df
0258
ff1b
fe0f
faff
031d
0584
02ec
0189
fe65
fd93
fdd7
fcea
001c
f35a
f8e1
f737
fe17
fb0e
fd51
ff27
fc7b
001b
fb37
0126
033a
01cf
fb30
02da
fb07
fa47
0205
01f2
f9df
fa2c
ff12
ffed
f6e2
fcb6
031e
0483
02a7
019b
fa96
f316
fd71
01ad
0048
03d4
0518
fbd8
fc8d
04ab
fd57
0039
0546
052e
fb2c
0164
026f
fa90
009d
06ff
0699
ff38
f997
fd94
fdff
fd8a
f9b2
fefe
fde6
fa5b
06ca
f7fe
021b
0480
010d
ff86
fff4
01c2
0213
fdfa
ffce
fff8
fe69
ffca
ff7c
03e7
fd65
fe98
0295
0139
fe1c
fe7a
fa05
ff60
0464
01b8
0228
ff47
fd81
04ac
0030
fb9b
fd8f
ff23
058c
fe11
fcbe
fb94
0954
fb2c
02a8
fd6f
055a
ff2b
ff6e
fc78
ffe6
fbc0
fcd4
01bb
fc1c
000a
fece
05c5
0422
02eb
0297
0083
fd81
fa16
030c
03ca
035e
015c
fe2f
fdc1
feac
fc57
fec2
f37d
f9de
f5fa
fd84
fbbd
0110
0030
ff54
ffdb
fb9a
027c
03cb
0052
fc3c
02cc
fa8f
fa3f
03fb
0077
fccc
fa4f
0014
00c6
f7b6
ff12
018b
05d0
01a9
ff75
fb18
f44a
fc18
fddb
01bc
0131
03d6
fa6d
fc7c
0376
fade
ff42
043a
058f
fbbf
032c
023b
fd4d
0020
06bc
05ee
ff73
fa67
fbd8
ff1a
fe5f
f8b8
0005
febf
fbf9
080e
f914
0495
03db
02b6
ff22
ff86
0311
0390
fed8
ff88
0345
fda5
fe6d
009d
03d8
ff30
ffd7
0164
01f7
fedc
ff04
fbac
fe8d
0317
02c3
0325
002d
fe57
03f3
ff81
f920
fac2
019f
0633
fd0a
fa87
faac
08d1
fb18
0180
fd1d
037f
fda3
01aa
fa0f
004f
fba9
fb07
03c3
fc69
fddf
ff8c
06f1
0385
0421
013c
fda9
fcd4
f761
0027
02ea
0276
ff3f
fcba
fcc3
ffb9
fbca
012f
f109
f962
f6de
fcf0
fc88
ff82
01f3
fe0f
00c0
fa3e
035e
0545
fe17
fadf
ff45
f87b
fc17
0472
01fa
f8fa
f788
ff0a
0128
f671
ff39
0498
0635
0417
0195
fa84
f5c5
fd2c
ff8c
011f
0167
ff50
faa7
f4b1
ffab
017e
fcd3
00d5
057f
060c
04c0
ff61
0392
0278
05ad
ff05
ff4c
fb09
f844
02bc
0229
f7ed
fe35
027c
ff9e
0383
0146
0504
fd0d
06ca
fd3c
00e6
0036
0279
07cd
fd3d
03ba
fe30
fe90
0616
08a2
0209
fc11
f991
ffa3
0305
fedb
ff98
f51f
0768
ff81
fc4c
0061
08ea
00ef
f81b
fe99
fc84
0b44
0308
00bd
f59c
f663
08e3
fed8
f42b
ff37
034a
f93d
00bc
fa5d
f9b8
f89b
fbde
01ef
0215
fa58
045e
0346
032d
fc9b
0170
fa8f
fb0e
f47f
0ac6
fbe9
0328
f6a6
f5d5
fb64
000a
fe0a
0051
0024
007c
ff64
fcc7
01cd
0433
0617
f9d9
023e
ff2d
0647
06b0
0088
024b
ff53
ff15
ff24
0100
fdf8
ff98
fb05
02f2
021d
02a5
f6de
0832
014c
0a17
02bb
fcb3
f8b4
019c
ff23
04d9
01c8
038a
00ac
f115
ffdb
ff4f
011c
fc24
05b3
0605
02a8
008b
018b
0422
0687
feba
ff36
fd9b
f6e5
018c
feea
fa90
ffcc
0059
fe06
02d4
00d3
0439
fba6
050f
fe43
02d4
0132
0298
0917
ffbb
02a5
fda3
fedf
064c
0882
0046
fe21
fb36
fe36
011a
0080
001b
f7d8
0523
ffa4
00d6
00b2
053d
fec8
f75b
0164
fe03
0ba1
04ec
ff9c
f741
f66e
08cc
fc79
f9fd
0078
0190
fb29
0149
fbb3
fc59
f706
0042
ff87
004e
fcc7
01a1
0450
0241
fd34
ffc0
f90e
f8b0
f569
0cda
fdbe
02b2
fa0f
f769
fb53
feb7
007c
fe7b
fd94
ffc9
fe2e
fe6b
ffe4
0254
026f
fba6
ff47
000d
037a
039a
01af
053b
0196
00b7
ff89
ffba
0251
0072
f8c7
02e6
02a9
0013
f730
07cb
ffc2
0726
fd9f
fbd8
f623
00ee
021c
06f6
02c3
05db
02d7
eeab
ffff
fcc6
02a0
0411
03ea
052e
0188
0387
fe6e
0973
066f
fc46
0013
ff00
f6e2
004a
fef3
fb84
ffa0
fefc
fc58
fff1
0181
0811
fe67
07fe
0027
049d
fef3
00a8
06ec
0118
0ab3
fe8a
015b
088b
0793
ffe7
fe29
fc41
feec
018e
fe58
0133
fb10
012d
ff81
02af
04ca
0412
feaf
f9c2
048d
003e
0b6e
02eb
ff6c
f71c
f2b0
fef3
fb4c
f97d
0107
014b
fdf5
01c7
ff02
fbbf
f306
0a9d
fe5a
ffa2
feab
ffea
02cb
fdfc
fd92
0030
febf
f5b9
f3d2
0bb5
fcd0
0028
fac3
fe50
fc9e
0452
03b5
fe80
fcbc
012f
00ac
006e
fd23
0535
fef7
fb90
fe4b
0027
019a
00f2
031a
fefb
017e
075a
febd
fca6
03dc
0059
f42e
0388
015a
005e
fed3
05bd
fede
0187
fd1c
fc9b
f7e5
ff15
0119
051a
0183
0413
01a9
f22a
02c9
fc8d
ff18
033d
05e4
072e
031e
038c
030c
03b7
064b
fc40
fde7
fe6f
f94a
0061
00ad
fd01
ffa0
00ce
feae
0028
025a
0707
fde6
0735
fded
00e5
ffec
01e1
033d
fda4
0ae1
fe63
0124
06b3
09cb
00dc
fd93
fdbe
fd53
00d1
fe2a
ffa4
faa6
0049
fff8
0166
04e7
03ca
0033
fa66
0328
fe0f
0b14
02dc
ff20
f55e
f57e
0223
fd3f
f6e5
fe3f
0373
fba2
0100
fb96
fa54
f5e3
0773
0021
fd99
fd51
038e
00c2
fe7e
fbc6
ffe9
fc58
f6e8
f673
0d34
fc40
00e6
fbdc
fcd1
fc97
01d0
0438
0050
f912
0292
fccc
ffed
ff46
051c
fed4
fb29
ff24
ff99
0245
0409
012d
00dc
febe
0352
feff
fdef
ffd9
ff01
f4cb
036d
ffdc
03d5
fe3a
06c8
feff
046f
0116
fcc3
f80e
fe3c
feb7
036f
0067
02a2
ffa1
f589
ff78
fbd7
feea
038e
04df
05d0
0487
0219
05cd
01f7
03c7
fba5
fd54
fdf6
fa09
01b2
00d3
fcf3
feaf
0050
fe63
000d
0158
0825
fecd
0969
ff7d
038a
005b
004d
04e2
fb98
0a22
fd6d
ff9d
013a
0945
ffcc
fccf
fd8a
fdb1
00e0
fdee
fe44
f984
ff17
fe88
01ac
052f
04ac
00f6
fce2
0341
fb94
0987
0348
febb
f312
f58e
020d
fee3
f765
0177
0587
fd98
03ab
f91b
f7f2
f8e9
079c
fea3
fed3
fc95
025d
035c
febf
fce1
0070
fa96
f8d6
f6f1
0942
fdec
02b5
f7c0
fbc0
fd75
01aa
03c3
0020
f6fa
026b
faca
ffff
fff5
06ba
fd75
fc55
f979
fd3d
04e9
0418
ff99
00b5
fddc
ff1a
ff27
fdbe
0193
fc61
f710
0065
ffdc
fdbb
fc60
0811
fc41
0519
0201
fe67
f8e7
ff65
ffd6
0286
0048
ffa6
ffad
f52a
fda4
fd6b
fc6e
0282
0488
082d
0383
0144
0834
036f
02f4
f85c
fe50
fe9f
f8da
005b
ff45
fd7d
fb99
ffea
ffe8
002e
fe72
07f9
ffea
0843
011c
041e
fe7d
00f8
0511
ff85
08de
fc68
ffaa
fe86
0921
fe37
fd55
fc23
fd4e
fef0
00b1
fe9a
f81a
017c
01e3
00d9
034c
06d1
0172
fc21
0238
012c
0712
03bc
fd40
f851
f746
05d7
fe05
f6ca
03cc
0438
fd36
0480
fb26
fb20
fa5b
0873
fdd7
03eb
fe6b
01d5
006c
fe49
ff53
005e
fd46
fa12
f5aa
0cc8
fe9f
02c5
f88f
fd57
fcaf
00ae
04d5
ff3b
fd21
01d8
f9ea
fe6f
ffe7
0732
0149
fa7d
fed8
ff03
0252
02af
06da
039e
fba4
005d
fe11
fe81
fe17
ff81
f5a7
026c
ffec
016c
fea7
0646
fb36
044d
002a
ff8b
f963
0200
0202
0319
0186
0015
01d0
f515
fb94
0133
fc4e
ff4e
018a
0690
026a
ffad
03a6
05d2
fde9
f5e4
0017
0272
f1bb
fe67
fe4f
fc4d
fc78
fefa
027e
feea
fbbc
0c02
02a8
0b64
025e
04e8
fdec
ffc5
05a4
01b3
08fc
fd28
01ee
0179
04ec
fdb8
fa19
febf
f8dc
fd81
ffcd
0012
fa36
ff2b
04bb
0072
01d9
042f
01db
fe10
04e7
006f
07ed
02c4
fd21
f7f7
f7ae
04c6
fae7
f517
0359
ff6c
f67f
0312
fc3c
f943
f7f2
058d
fbba
065a
fed2
003a
013b
f96b
0205
02fc
fdcc
f5ab
f42f
0ff6
fe2a
fe0b
fab2
fd07
01d7
0167
05cc
fddd
fdfe
020c
fc1b
001d
fd20
03a0
02dd
fd9e
fdc7
ffac
0040
037e
04b2
fef5
fe6a
038c
fca6
015f
01cb
01b0
f752
04bb
fcaf
0165
f652
05f9
fb2c
02af
0110
fed5
f61e
013f
0307
0344
03a1
032e
fdd3
f90a
f871
fc95
f985
fab1
02d4
06b5
048a
ff12
04cf
0553
00ec
f43e
fbd8
01c4
f966
fd76
fd82
fbcf
fc43
fccb
0164
ff12
fee0
0d0e
03c2
0bb2
008f
05b6
fd82
fc35
02f4
013a
09d8
fbaf
0228
02f1
063a
0022
fbdf
fdf0
fc74
003e
ff2d
ff4f
f6f8
fb1e
04b6
ff73
0559
06ae
01d3
fea8
0435
fb52
065e
0307
f91b
f6f1
f7e9
0502
00f2
f1f9
03c8
0117
f51d
03e3
fa81
f6fc
f782
081f
fce5
05a8
fef4
ffde
0464
f602
008e
030f
feef
f925
f562
08bc
fe63
fe9d
fca4
ffa8
003f
01ce
07c8
ff02
fb59
01c3
fdce
00b2
fdf4
05f8
05be
fc7b
fae5
fce7
0086
07bd
ffd8
fbe5
fc37
0281
fc66
fd1f
0285
0011
f5d3
feaa
ff04
01f4
fdb3
04ba
f9f0
04ec
ff31
fdc6
f9ed
0095
0428
0433
0334
ff6b
ff3e
f709
fba1
fc41
f929
0245
0236
068c
044c
00a6
0211
02df
0243
f45c
ff76
0221
f763
fe11
fd6d
fe91
ff26
fd29
feca
fd29
fe04
0c1a
035d
09f7
017e
0412
fc45
ff2b
0322
fedd
0d57
fd11
03bd
0648
0736
005a
fd88
fe8f
fb37
0120
fe67
fff3
f92b
fc9e
019b
0067
0742
0557
fb5f
ff04
03aa
0116
0397
0125
f842
f1de
f4ad
0692
fee0
f655
03ae
fe49
fe65
059e
fa69
f734
f8bc
0c7f
ff8a
0236
0152
00d1
0200
f634
0081
011d
ffbf
f849
f276
08de
ff9e
fd7a
fef1
00e7
fbf6
05ac
0817
005d
fd44
00ff
00ec
fd85
001a
046a
fffd
fcf0
ff4b
fc09
0063
049b
0092
fb9d
f97d
00a5
fc06
fed3
0272
ffc6
f3f0
049c
fd91
0246
00b6
013c
fbf8
03ac
007f
fd5c
f8d5
ff9b
fff0
0336
005d
000f
00b7
f547
fad3
f984
fc48
0a32
005b
0859
02f7
0283
029a
0456
0058
f5a2
0121
01a7
f2a3
fe83
ff75
fc1b
00a4
fe3f
fda0
fe06
fd7e
095a
02ce
0a89
01e2
03f3
fcd8
fea2
039b
fe6b
0cf1
fcc1
03f3
0647
0855
ffe3
fce3
ffe2
fb17
00c5
fd49
fff6
f888
ff4f
01d4
0167
0677
054a
fe90
ff40
0238
fed0
03f1
035b
f754
f3bc
f210
0444
fe66
f82b
017c
0004
0020
04d6
f95c
fa77
f985
0b18
ff29
0295
ff57
0250
05e5
f8bb
0007
00c5
001e
fa34
f232
08b7
fe35
fba4
fc46
0149
fc67
03e0
061a
0194
f98b
02a8
008f
fc9b
fca6
029f
0120
fbf0
ff57
fc54
0154
01ac
007a
fcf4
f886
000e
fb59
fe25
002d
fd65
f059
0375
fa8d
050d
012c
0424
fb53
03b5
0077
fbc2
f802
fe74
fffb
043e
ff1c
013a
0068
f51a
fdd1
fd10
fe1a
0988
0147
0829
0368
0382
035e
02c0
0203
f6b6
00c0
02d1
f448
fe3d
fd63
fb75
ff48
fdd7
fdcf
fcc0
feb8
0a57
06f3
0952
025d
057b
fef2
fec5
0404
fe6c
0acb
fe65
032a
043a
06bf
ffd7
fb60
023c
f877
00df
fe32
fed1
fa95
fdca
0362
0192
0526
06ed
ff9b
ffb5
02f4
01f8
0403
04ae
f88d
f43b
efa6
0522
fed9
f84c
01c4
fdb0
fd2a
04ca
fb2f
fa3d
f9be
0692
fedf
0550
fe9c
017f
02ff
f7b9
02d6
0191
0023
f9bc
f506
0ba5
fe46
ff84
fab6
fe7a
ffa9
0515
038c
00ea
fbd9
0097
ff12
fc90
fdbc
022a
ffd8
fcd4
ffb3
fd32
01d8
0356
0088
fbc6
fa36
0145
fb98
fb91
008c
fe73
f162
04ec
fd6a
0201
0141
06d3
fced
033d
fd67
fc2b
f90e
ff3b
012a
03b6
0164
0005
fd62
f4a5
f87c
fd47
0066
05dd
010d
0334
0375
01ce
01b5
0428
035a
f8d9
00c9
02b4
f050
fc9f
fd23
fbac
ff3e
fc5b
ff99
f985
fcae
0d11
07a8
0ae2
028f
05f0
fd51
fded
030c
fd75
09cd
fd7e
0436
06d1
08a5
012c
fd21
03db
fc7b
024b
0092
fe84
fa87
fe4a
036c
0262
0514
040a
ff70
ffa3
01a8
ff63
022c
029d
f90a
f507
f452
0609
fc95
f54d
0106
fe2a
fc6f
0264
f930
f7fe
f7fc
0158
fdd7
0663
fec7
01dc
05ab
f904
0075
01e5
ff9e
f7b7
f22e
0ee1
022c
00f0
f9fb
fe62
ff2b
0253
0444
feec
f7e7
0014
f9b3
fd14
0073
00c3
fdeb
fce8
fef6
fa6f
01f9
051d
ff0b
fd24
fdfc
fc76
fc41
ffa5
ff8b
fe79
f35d
05a4
fb6b
05b1
fc32
0233
ffda
03a3
fd28
f89a
f85f
018c
01a4
042c
01f2
fea7
ffc3
f52f
fe31
fd87
fcab
06c4
01ba
04f6
03fc
0061
0428
0287
03a4
fbe5
ff24
027c
f3c0
ff06
fd95
fc8c
ffc6
001a
00ea
f7d8
ff54
0ad4
06af
072a
022e
01f1
ff80
ff48
ff95
fc14
0ab6
ffe6
0647
0400
09e7
0210
fccd
034b
fd77
00bc
021d
fcef
f99c
fe32
015a
0377
0443
07df
fd28
fb65
024b
00a5
0102
061e
f98b
f922
f683
09f9
fd05
f867
00a9
fd18
fba2
0570
f9ec
f914
fa7d
0057
fef9
03ee
ff61
01a2
0372
f9cc
009a
0112
fd7e
fdde
f970
0afa
014c
0243
fa25
fcec
fdf9
ffb7
047c
00c1
f745
0139
f97c
fcb7
0139
03ff
014c
fc56
0298
fcef
0129
075b
ff72
ff10
fc7d
fcf9
fc81
fed2
fe46
0100
f654
0589
ff63
008e
fcb1
06d0
00f1
02f5
fef8
fbcc
f811
01aa
00f9
064f
0067
ffe0
ff00
f04e
f989
fcd4
fbb5
08d3
0356
03bd
0399
0039
0461
01aa
001b
ff4a
ff73
00dd
eeaf
ff91
fd85
fb9a
fdb2
008b
02b3
fedf
ff33
0bfd
036b
059a
0257
0517
ff0f
01cb
01a7
fb9c
08e3
ffd2
06f7
03f9
0ac7
0068
fced
0151
fcb5
000c
0215
fdfe
fad3
fdd5
019a
027d
0592
0865
01c4
fb02
010f
fe47
0207
0280
f85c
f8db
fb91
0539
f9db
f40d
fdd3
fefb
f79a
03f6
fb0f
f9dd
f231
ff50
ff39
032a
ff4d
0161
02fb
fb41
fe82
00a6
fc94
faa6
f313
08b5
00f8
034d
fb90
ff2f
fd00
031e
05c8
0124
f727
00d3
f7d9
fce7
00c1
0b43
0318
fe27
03d7
fd54
0281
072b
ff35
fc9e
f93e
fdb4
fd1a
fdd5
fcf3
fd31
f48c
fe90
fd9d
03fd
fde8
05f8
016c
0426
0136
fbc0
fb9c
01e9
fe4e
06c3
0017
0053
0055
f108
fd79
fe3d
fb6e
0008
006f
038a
0378
ffe6
04d1
0416
fd33
002a
ff23
ffbb
f034
fedf
fdc4
f81d
fec6
ff64
039a
fd8d
003b
0e15
0516
04af
0017
067b
fd40
ff1e
0446
fe8f
0b43
ff1e
0752
02a3
0c26
0166
fc1d
04ae
fd4b
fee1
0238
fdbf
fca0
facc
0206
01bd
07d5
05d1
ff78
fec0
0117
fc8d
050b
051c
fa71
fab9
fa59
0797
f6ef
f2c8
010c
fb57
f5eb
039b
fc2b
fb54
f2bc
fff0
fcd2
015d
00c9
ffca
04d7
f8ce
ff3b
0219
fbf0
f895
f514
0ac5
00ef
002d
fc40
00a5
fe54
0588
0792
00fe
f5de
0151
f9a9
fd36
00e0
07e1
ffcd
fdd0
00db
fd66
0003
0874
fd70
fa24
fc2f
ffbd
fc35
fccc
01e8
fbe9
f543
fbbc
fa50
016d
fcc1
0507
024e
0472
feeb
f96b
fb93
022c
0031
0624
ff7b
fc92
ffa9
f26a
0097
fb70
fc6a
0286
032e
03ce
0376
ffc5
0492
01aa
fff6
fdd1
01fa
fd5e
ebd0
01ee
ff5c
fba3
0001
0193
0686
fe59
ff0d
0e2b
03f0
069d
ff66
0102
00d7
000f
0098
fe14
0a74
fef2
0778
0112
0948
005e
fac7
017a
ffd6
fdaf
022d
fd60
fd52
fb9f
01e7
fee4
0856
0704
fe4f
fe43
fcd7
0017
05ec
03d9
f9e6
f80a
f484
0675
f69b
f2c4
0254
ff05
f854
0378
fcb0
fc59
f494
fd00
ff62
005c
fe18
fe7b
03d5
f88d
ff79
0225
fb32
fc97
f67f
0c3a
0247
01c0
fd5b
fc3e
fd0a
01d6
06aa
ffad
f6dc
fed7
faf8
fd14
016a
07e0
0076
ff17
0335
fafe
038b
07fa
faf8
fbe4
fc2f
fb51
fcae
ffe4
01ca
fa6f
ef6f
fea2
fd28
fdcb
fa45
07a6
0197
045c
0046
f8ae
f826
02dd
fd16
072c
fd41
fd7b
01e0
f347
01f1
fcba
f930
069f
023d
0280
0144
0068
02b8
0334
0008
fd5c
02cf
fb62
f1e5
fec3
fce3
f9da
fedf
ffc3
041d
fcbd
f9ac
0c50
049f
053d
0006
01a2
fdc3
ffc7
0009
fec0
0bb0
ffdf
0721
0635
086e
01db
fd18
04a4
ffe0
fdc1
ff68
fcde
fd8e
fbf6
02c9
fe4b
08b8
048c
fe74
0127
fd4a
04f9
07fd
0626
fab9
f72f
f05a
06c5
f90a
f349
0227
01cc
fd57
016b
fbfd
fd72
f4e7
fe34
0191
01d1
00d6
faed
025d
fa53
fd83
03e3
00f2
fbf3
f6f8
0c42
05e1
0141
fd7c
fe35
fef9
0314
069e
fdaf
fa32
fe30
fdee
fb29
fc90
0443
018c
fc97
02cf
ff89
013c
0704
fd2e
fc6c
febf
fee2
f7c6
ff07
0239
fd78
f069
0009
fafb
fdbd
ff5d
04c5
0100
0465
0063
f8be
f25b
fd6e
fcf8
056a
ff8b
fcf1
fffa
f3f0
ff38
fd6b
f89f
03f9
02f3
0296
02f7
fe32
074c
02c3
ff60
fd50
0230
f997
f1cd
ffc6
fe06
fab4
fddd
0072
0216
fe33
f9e7
0af8
0263
049c
fe8d
0189
fe4e
0165
0054
fe19
073b
ff65
04c2
000d
0d4b
039e
fd0b
01b2
02ae
ff45
01b3
faa9
fb87
fd5a
011d
fa19
05ea
09f7
01fd
fc0e
fd18
0117
0730
087b
f8c4
f733
f837
0aa9
fbca
f27d
0009
0043
fd7d
01da
f99e
ff6c
f7db
fd03
0227
01e7
ff01
fd91
0110
fe4d
fd0f
026b
fc69
fdc1
fb11
042a
0615
fff8
fe1a
fcc7
fcfa
ffa3
05dc
00c9
fd29
fe7c
febe
f9ca
fe5b
09c4
0625
fcc6
03d6
fd01
0279
0782
fdf7
fea4
fb59
fef1
f9c8
0051
0167
fa09
f812
fcfa
fccf
ff2d
fcd1
05ce
01a0
054a
01ef
fa0b
f4e4
ffcd
fae1
0620
fe42
fe69
fdec
f258
ff89
f86a
fb33
0245
02c7
01fe
037a
fe91
0590
02db
008d
fd37
01df
fb21
edd7
ffac
ff1c
f9c8
017d
ff3f
02cc
fbeb
f9ec
0d90
03d4
0550
00c6
026f
ffc5
ff9c
020d
ff87
0aa5
fe87
0548
0153
0e0b
01ae
fdd7
038d
ff23
fde5
009f
fc44
fbf2
fd57
068d
fe98
0690
0825
fa37
fc5b
fc06
04a7
0396
058e
f8cb
f50e
f924
07d7
f7ae
f297
0219
faa8
ffdd
01f7
f693
feb2
f632
fb87
ffbc
0372
0068
fc3c
0543
fac2
feec
0296
fdbe
f97a
f533
052c
0697
f985
fd5d
fcfb
fd4e
0512
070c
ff4b
f52c
00a9
0021
fb4f
fdbf
0afc
0365
ff54
026c
fca4
02b8
0473
fb54
fc26
ff11
fd1e
fa00
fcb1
0342
feb2
f63e
fbec
fc6a
fc13
fdcc
076d
01a8
0490
feb6
f803
f4ac
fda6
fa89
06a0
fda4
0158
fc52
f473
033e
f6ed
fd2a
034f
039c
01d1
02fd
ff64
05c0
0254
0434
fce5
0134
fceb
f58c
002b
feb9
f80b
0154
fed8
01b6
fc24
fc01
0a9f
0425
0509
0023
005f
00be
ff3d
0233
00a8
098b
fe37
0391
02db
0c42
034b
ff84
0515
00ac
ff4e
fed2
fbf3
fafc
fd40
04b1
fec2
0658
0506
fce3
fc9a
fa0d
0223
05b2
04ba
f924
f5e2
fbe8
07cc
f9b1
f3fb
0177
fc62
fde2
0382
f651
0001
f65b
fcb4
0189
03ad
fe89
fb44
06d3
fc0d
fe26
01d8
fc6d
fbbb
f50a
034c
055c
fdb3
fcfc
fca6
fbd0
04ff
05fa
002d
f25a
00ea
fd22
fba5
fc9d
04aa
0145
fd5c
036e
fbac
046c
062e
fa71
fde8
fb46
fcc3
fc21
00ac
02bf
fd13
f790
fc06
fbc0
ffa0
ff1a
0790
00ff
063c
ff59
f90c
f525
ff4c
fd0f
0737
fe9e
01ac
00b2
f927
0817
0901
048a
0a54
0af5
029f
ff12
019f
02e8
0036
092d
0263
ffad
f8ce
fcc5
0302
feb6
f923
00d5
01c5
f8fe
07fa
015e
fc08
fea8
00cf
fa13
03eb
ff6a
0672
07d5
ffba
0171
fe42
fdbd
0ba9
f5d7
0191
fc24
fbf1
fbf4
0094
fa28
feaf
01fd
ffd8
ff8e
0032
01e8
fed0
0138
f73d
fd1e
fee9
0878
01dc
072a
fc0e
f136
021a
fe03
f967
fc79
05ee
fb0b
0438
0494
f70e
f762
fec7
013f
00c0
f9d3
055f
ff9c
03f1
007a
fff9
fde6
f97f
fa37
063e
fb22
0563
fdf8
fb30
f9ba
0435
fa96
fd6e
0604
fcc7
fe38
009e
fe09
f862
fece
fcb6
006a
fe92
05de
07e6
07e4
06f1
ff7b
0378
01ab
03bd
01d4
00c6
fe9f
0bea
01cd
fe65
f5e0
0524
062e
0256
0070
febc
fc5d
fddd
0244
02fd
036d
00db
0689
f888
05c2
0533
03c2
03f6
0a10
011c
0513
0161
031d
ff5d
09e0
047b
ffe2
fa5c
f968
0089
ff50
fc23
feef
01db
fa3c
063b
034b
fda6
fd18
0018
f9c7
043f
002b
06db
0603
fe87
fec2
ff09
fb86
065b
fa21
0394
fc6d
fb47
fe31
01ac
fdcf
fe30
fdf1
01a8
fe49
ff65
0036
0296
030d
f633
fba0
009d
077c
0828
0388
022a
f0f4
04bc
fe2d
fe32
fcc6
089a
fd06
04cb
02f8
f9d5
f7bb
0149
019a
0087
f693
06f5
0655
00c5
ffab
fe54
fddf
f88a
fd95
ff9f
fa2e
02d3
fdde
f6d5
f9f0
fe5d
f8dc
fe85
ff31
fce6
fb76
ffe4
0160
feb8
fd9d
fb8e
008b
ffd1
0504
0682
026a
077a
00d8
00bb
01ce
037a
01ce
02d3
fec3
0794
0539
f85f
f866
0cc0
0431
051d
fea4
ffca
fc44
fefc
fe68
075c
033b
046d
05aa
f8cd
0221
0400
01c7
0449
08bf
002d
05c1
0183
03f9
ff04
0a08
0749
00cc
fdb7
f823
0008
0002
fd0f
fea8
ff89
fbcf
04aa
043d
ff0e
fafb
00d1
fb2e
018e
0114
06b0
0035
0048
fd66
fec7
fb90
0713
fb84
02ae
fe58
f973
ff4a
02ca
fab6
019e
fe06
01ee
0005
fcdb
00ef
0340
038e
f72d
faac
009c
0817
0632
02f5
ff82
f2a2
047c
fb4d
fe00
faa0
07c8
fe59
03ab
02f9
fc26
f348
09c2
01f5
000b
f7bf
0733
047a
00b5
fe8e
fda5
fda5
f6fa
fb5b
ff5a
fa9c
00df
fe6c
fa99
fa72
0270
f924
ff6b
fe63
fd18
fa5d
0018
0153
fe5a
f909
fbb0
0696
0004
0576
0671
041a
0495
fe9b
0348
0272
004c
005c
004c
fa72
0620
04cd
fb6e
feb9
0f75
04d9
039f
fbe6
fef8
fd69
fcf0
fefd
03da
00f0
0357
0495
f7e0
05ef
02e0
009d
02a2
0a3d
034c
0513
0189
04cd
fb8b
08a8
05c6
fe3c
fd97
fa28
fe93
000d
fd43
0074
fc73
fc9e
0443
0247
00c8
ff71
0387
fc6a
000d
ffb2
058f
ff91
fe27
feed
00cc
fbfa
037b
fcf7
01fe
fd93
fe01
fe93
0097
fb65
00a1
fe2e
008b
0054
fb56
0166
01de
0349
f9ca
faf9
ffa9
07be
07c0
03f2
fe30
f2c5
065c
f91a
fddd
fb47
058b
feed
0154
002f
fbc1
f8f1
0587
006d
fd64
f961
072c
05ae
ffba
fddb
ffb8
fe8c
f90b
fcc8
0187
fc48
01e2
ff60
f8c0
fb72
0260
f64f
fee8
f943
fe79
f537
ff5b
0235
fc80
f9ad
fb52
03a6
fe93
05b9
06c3
fc41
03c9
0070
0442
01cd
0136
0134
004a
f748
03f7
028a
f4a5
ff6e
0ea7
08a9
0221
fcfa
fdfc
fa16
fd62
ff47
0298
0173
03f9
0342
f8d9
06d6
04cc
ffa4
0685
080a
0505
06ce
0183
056f
fdc2
058e
0486
0080
fea9
fcd6
015f
017a
fd72
002b
fe91
fc87
0324
0418
ffd7
fe3f
0348
fd14
0290
ffc9
06c3
0128
fcd5
022b
fd72
fc20
02e0
fe61
ff26
fd3e
fd90
f77b
0164
fbdd
0082
ffee
fea2
004e
fbc0
0154
0222
0184
faca
fd84
fb05
078b
0181
03bb
fc9b
f459
0319
fbb9
ff92
fcca
04a4
ff2e
068d
ffeb
fa20
f47c
090e
fd4d
00e3
fac0
05b0
0573
fbfe
0029
ff0c
fbc0
f725
fae6
0632
fb60
03dd
fd24
f847
fc3e
03c8
f8a6
ff5d
fc7e
ff29
f737
0197
030c
ff2b
f6e5
fbc9
013d
fe82
04bd
04aa
045e
03b3
0055
0101
0316
ff43
ff52
fe11
f44f
0160
0262
f5d7
fb08
08f5
04bb
01bd
0051
fe25
fbf4
fd7f
ff7b
0314
ffa1
0163
0538
fa1d
0565
0760
fc96
0287
0780
0678
048a
00f0
0688
fcff
069e
01cd
ffa5
fe5d
fa57
0183
0171
feaf
fe34
00bd
fde0
03fe
023f
fe3c
fbd1
0322
fed8
0205
007d
079c
022e
004a
0091
fdf0
f9c8
ff46
feaf
0055
fd08
fa69
fe5a
02c1
fc47
ff49
fa83
035b
013c
f8bd
fd08
0556
042d
fba9
fd2a
ffc8
0433
0d42
0012
fb92
f3c8
05c6
fd86
0087
fc7e
069b
fdb8
0749
0225
fc4c
f595
03dc
ff99
0147
fa06
04da
014e
0070
022c
ff6d
fc50
f6cc
fbc2
ff9a
fc8a
06c2
fcae
f80d
fd0b
f892
f817
ff5e
01dd
fd39
f9ba
0061
03f0
fe4c
fcdf
fac3
06c3
fe28
03d5
04dd
077f
07a6
ff3b
02d8
0334
0157
fae1
00ca
f433
06e7
03fb
fdae
fa37
0df5
0595
feb2
ffed
0158
fb66
0008
0023
0257
ffac
00eb
0755
fab1
0103
092b
fae8
00d7
0594
02a6
03c9
ffe1
03cb
0308
fd40
fcb6
0029
0144
fec5
ff80
006c
fd50
ff1f
ff36
00ef
01b5
ff63
ffa2
fd1a
042e
010b
0426
ff2d
0767
0019
013d
fffe
ff88
fe77
02d2
fb81
fe29
fa63
fbfa
fd5a
00e4
f9bf
ff89
fccb
fc76
0403
f9bc
feb9
0315
07f8
fc3c
015d
f8fd
026c
03f4
0002
fb1d
f849
0366
ffa7
fd19
fdea
083d
f8e5
0433
02a4
fc4c
f445
04fa
001e
0128
f9a2
03d8
02a6
f94b
053b
0008
fe5d
f78c
fd1b
07f6
faea
0601
fe28
fb61
00da
00e8
fb36
ff87
045a
fe76
f925
01be
014c
fc2d
0020
fac9
046e
fd41
02aa
0467
078d
feef
002a
047d
0258
04fc
fed5
007d
fa5b
0940
ff5f
001c
f8bb
038f
052c
005f
0276
ffa3
f9e5
010d
008a
0075
fff3
0225
0284
fccb
fc37
062f
fb57
fd6a
078b
03cd
0432
ff24
0679
0461
003a
fbdd
fd78
ff9b
026a
fdbf
0028
fbe4
fe4b
fd71
01d1
0271
0015
ff49
fcd8
0494
ff88
039d
00cd
055c
ff27
0111
fc61
ff98
fdfb
0585
fbfa
ffd6
faff
fa02
ff15
0286
fc49
fee8
fcb9
fd21
0582
fbbc
0002
02d7
08cc
fd42
ff66
f76c
025f
04e9
fda6
fa11
f59e
0174
0083
fb3d
f9aa
0641
f587
0582
0134
fbc6
f3fc
052d
ff91
0449
fa03
035b
049b
f9b3
02f3
01a9
fff5
fa2b
f93c
0084
fa18
05cf
ffe6
fd48
fff7
0195
fca9
fe01
018a
fdfd
fd46
00e2
00f8
fb9f
01f1
f956
0353
fbae
027f
0819
0237
fd73
00d0
0434
014f
03e1
007e
ffcf
f5de
0321
fefd
02b9
fa7c
068d
062f
02da
fed6
ff66
f98a
fe67
015c
0368
01f8
0217
03d7
fee8
fca2
05ad
fc4a
06ca
07c6
0512
0556
0316
0370
03b8
026b
fbc9
0071
fc60
0126
fe0c
ffdf
fb83
ffa1
fb24
ffe4
0764
00aa
fe36
fc39
03f0
00ec
02bb
fe7c
0723
01b2
fe6f
fc58
fdec
ff31
0587
fd8a
0006
fae6
f87c
fd9b
0272
faa7
ffde
fcc0
fe3b
04b9
fc73
01a4
02f2
062b
fa3b
fe2c
f8f1
0046
0ab2
fea8
f5fc
f052
03f4
ffa4
fc80
fa64
076d
f919
06d1
00ac
fec2
f7be
0df4
ffe7
0074
f868
0604
045c
fc58
02ba
ffb1
0080
fe21
fd05
0125
f9eb
05c7
0005
fc45
fb46
ffb9
fdbb
ff43
0414
00c1
fdfa
fd64
0154
fdc0
fbdb
f9f3
05da
fd37
04a6
062e
03d7
0076
fea0
0418
00e6
01a2
ff56
fdc8
f2ec
05ed
fdd4
ff10
fd01
04f6
06de
0148
fcce
0083
fc20
feb2
0041
03f8
00f0
01a9
026b
fadb
fe4e
ff6c
fb17
0c9d
05f6
050e
0553
046b
0223
0126
0278
fb9e
fe19
fc5f
fc38
ffad
fff0
fb67
fea3
fe5d
f98f
0631
ff82
fff8
fe73
03f0
fc88
03bf
ffd1
04b9
022c
fe57
005b
fe89
00d4
0451
03bf
01fc
fd6b
f8f3
ffd4
0199
fa63
fe8d
fb64
fced
05fb
faab
04e2
05ad
059b
fb4b
fc1e
f67c
038b
0f5f
fbf1
f8c7
f03c
07b9
00eb
fda0
fa20
088a
feb8
063a
ff7b
ffb8
f7a7
0bfc
ff69
0121
fa31
0500
07e3
fc26
0191
feda
013b
fc43
fa91
ff11
f9ea
041b
fef9
ff6f
f9a0
0015
fd65
ffd6
fd56
fe2b
0057
fbab
010e
ff71
fc40
fb86
0569
011e
0560
04c6
0021
01b1
fdcd
043e
0025
0179
0131
fd85
f52e
0205
030c
fbe1
ff36
0ab3
02f5
00a9
ff05
fb7d
fb4b
fe7a
01ff
0447
0028
feff
054d
fab2
005e
010a
ff81
0dec
06dd
068a
04ce
04dd
0154
0172
037d
fdba
000d
fd02
fdd2
fe9d
001d
f9dd
003b
fd6d
f96a
0381
ff3e
fe3b
0017
0212
feab
017e
ff47
04f4
028e
ffdc
fd43
0071
fe5a
037c
fec6
0100
fd70
fcae
fd65
0283
fab4
ffc4
fc36
ff99
0406
00eb
0262
022d
0507
fc8e
ff64
fac0
00df
11fb
fe77
f885
eb6f
08a1
0109
016c
fa17
0938
fce6
059e
ff47
0320
f794
0344
ffc3
0355
fa0f
0454
0688
0111
0330
ff97
0269
fa16
fb32
ff70
fc06
0919
fe8a
fc7e
f9fd
ff07
f9b6
fe2a
fe9e
fcb5
fe19
fbf7
02cc
f982
fcab
fbdd
080a
fffb
036f
06ea
fffa
03ef
017c
0227
fdfd
0205
0002
fcc0
fa8e
0481
016b
fd6b
005c
0dd7
07d8
007f
fbb9
fc2c
f98f
fde4
0019
04a2
0405
fe4b
05c9
f74f
fbd5
0368
fe92
0b68
0a46
01a5
046a
045d
00a0
fdfb
06cb
00c0
ffbd
fb72
f5ba
001b
0097
f8d4
ff2b
fd84
fc91
04d0
fe9b
fe48
fec8
026d
fc4e
028a
01ee
041b
024f
ff57
fb46
0006
fe8c
072d
feb5
0251
fd37
fb68
ff22
01cc
fe55
fd56
fa61
0023
0313
fd93
017b
0221
068b
fae4
fa73
f9ca
ffe8
0a2b
ff3a
f858
f3aa
0819
ffbb
fe52
f919
0b44
fc2b
05c3
fe04
0049
f459
fdb3
ffaf
03dd
f97e
065c
0606
ffbe
0019
fe33
fe5f
f966
fbe7
0440
fe66
0a0c
fcc3
f7c7
faa3
fc33
f5da
ff70
fda2
fab8
f69d
fabc
04db
f9e1
fdb0
faf7
066a
000a
03bf
0965
03b6
0826
02ce
ff8d
ff2b
031d
fe82
fd29
fa54
0673
026b
ffeb
f9b9
0561
092d
0173
fe81
fce5
fb19
0099
ffdf
0519
0427
029f
04f8
f96b
fe9f
00be
fd34
0e43
097d
02a6
0488
0498
03a9
00ea
0746
022a
025d
fe3d
f8e6
fdfd
ff2b
f94d
0006
fc44
fb86
033a
fcfb
0155
ff25
0139
ff66
0165
00de
019f
01f5
fc2d
fba0
01a5
feb2
056d
fe75
0067
fdba
fba5
0161
0285
fea1
feaf
fe6a
fbc2
03cd
ff46
028f
0400
02fc
f901
fcf5
fae1
ffe5
1281
0068
fddd
f39c
0bb1
ff46
ff4d
fa2a
06ca
fd62
0570
ffb2
ffce
f77c
fb35
fc30
0510
fbea
02bc
0497
fdae
022b
017b
0015
fde4
fe70
ffcd
feba
0834
fcfb
fb6b
fb35
f939
f818
fdee
fc10
fc64
f71c
fc4c
039e
f9e2
002b
fb58
06b7
04df
0280
0935
0330
0334
ff97
014f
fee7
ffb0
ffa8
fe87
fdef
049e
01b8
f9f9
fd2e
0649
0815
00df
fa72
fecb
fb0a
ffed
0115
05f4
03b6
01ac
03f7
f777
fe43
01ec
fbf4
0e11
08c7
00f8
04b9
01df
06c0
008c
02f5
072f
ffeb
fafc
f8ef
fe0a
ff8f
f9db
fd6a
fd03
fba3
05dd
fce0
fee8
fe1c
ff45
fe6d
0359
009b
0336
0076
fb0b
fb4c
0289
feb2
0462
0030
febf
ff62
fb53
04cf
0305
fd75
fdb0
fe26
fd3b
0261
fc8a
03c8
06b1
0aa7
f8a5
fcf7
f831
0015
0abc
fee0
0174
f8a9
05e4
f90d
fd7b
f505
06b0
faac
0644
fffa
fd73
f5f9
feea
005d
02c0
fca8
04b9
053b
fead
fb73
fe59
002c
fa33
fe56
fbb4
ffb8
08a5
feff
fc6e
f9e6
fe2e
fc5d
ff6f
fe17
feb5
f582
fd7d
01e6
fdfb
fe48
fc07
07cf
04b0
03f9
08b5
ffd0
009a
fe1b
ffa1
001b
fd90
fe9e
fc45
fdb0
00ae
006c
faae
feac
0690
049e
02f0
ff71
fc7b
fc73
0110
fe80
0483
00bd
0118
06ee
f623
fd93
03f7
fc7e
0b7a
067c
00ea
0573
0377
04ee
040c
fd92
05a6
0138
fa26
f6e6
fffc
0065
f7bc
fdfb
fe5a
fdcd
04b7
febb
0456
fcf8
0108
ffd0
06c8
fe2e
00b5
025e
fd5e
fc6c
0065
01f5
018d
fcbd
ff66
fbed
fcc4
06dd
0146
fcd0
fc77
fdfd
fa44
00d9
fce6
0516
0325
0a04
fb0e
fbca
f77c
0029
0e8a
fddd
0055
f8b8
0244
fa57
fcf1
f95d
06af
f652
06a2
041c
002a
f297
ff6c
fd86
02ef
fc33
0568
0117
fb7c
fde4
fe10
007b
f770
fb18
fb73
003f
0362
ff91
ffaf
fdc8
ff40
fe5b
ff57
fe61
fd0a
f824
fdc5
01ad
fa09
fccf
fb8f
0759
00e9
034e
084d
029b
0288
fd59
0244
ff18
ff5b
0238
fcf3
f8fa
ff35
fd3a
fcb5
0028
0816
03b6
fe00
fe15
fd85
fca1
0093
fe20
0323
0040
0405
0595
fa97
ff33
0449
fdd6
0a3c
0cdc
0291
03a8
0218
04de
ff52
03d3
06e6
021a
f950
fba2
ff8e
fda9
f93f
fe5c
ff8d
feee
01fe
fcb8
031a
fcae
ffee
fe85
0146
018f
01d8
feaa
fd96
fca2
0267
01a4
01bb
fe13
fead
fd2b
fb14
050d
ffc1
fb4d
fb52
fc95
fd3c
027d
fb85
0308
04ca
09c7
fda8
f8fd
fd19
01cb
0e20
008f
fe4a
f84c
03b6
fbe2
ffc5
f877
08e8
f82e
04aa
01ba
0304
f6d9
fe56
0192
fefa
fa4d
02b5
03f2
fe59
fed0
fe5f
0164
00cb
027d
fdea
0133
070c
ff6d
fa84
fc7a
fde5
fac4
fd4f
fe61
fb72
fcde
fe5f
0157
f906
fde9
f8d9
0946
0191
05b7
06f4
fdfb
0237
fe71
01c1
fd6b
026e
02d6
fc74
f626
009f
002c
f839
fd74
0b18
02d7
001f
013a
ff03
f79c
fe87
fed7
0356
0199
00df
06a1
fa89
035f
0442
fe5a
0df0
09b3
0250
01dc
0174
0489
ff78
01e8
06fe
0427
f850
fadf
ff30
0071
fa4c
fcff
feba
fea1
04a1
f9b9
016c
fc8e
fe03
fc2e
01a2
00e2
0404
ffa3
ff17
fc19
0230
0024
04fc
fa6a
0104
feca
fe6d
041d
fff2
fbd1
fbf4
fdcd
fc89
02ce
fbb8
057f
0289
0834
fd57
f9a4
fe44
0456
0d5c
0152
fd30
f452
03ae
fdb8
0227
f899
0837
fbab
0358
038b
02e6
f786
fd5b
03d1
fe9a
fb5f
01bb
0515
001b
fe67
fe45
01ff
fbbf
fe90
ff0e
033a
03ad
01d1
f980
fbb3
fdd2
f9e6
fd00
0080
fb10
fb9f
fc58
ff43
f598
fea7
f919
094f
00cc
05a6
0577
ffbf
01cd
ff63
03fc
fc8e
0400
021d
fb65
f5dd
0205
fc9f
fa9c
00ca
0d55
0554
fe34
019b
fbad
f8bc
fdc7
f94f
008e
006d
0368
062d
facf
07af
0672
ff36
0d62
0c04
ff70
ff7f
01d3
062c
00f7
00f0
0263
0684
f8bb
fcbb
fbd0
fe6f
fa2e
fddd
fb77
fb4a
00e7
f7ee
0275
fc81
fe4f
0010
0181
fbb2
0245
0054
00f2
fe1c
017e
016b
03d5
f873
0083
fdd5
0090
0682
ff23
ff28
fa59
00b4
fb2c
04f1
fdac
04a0
0038
0564
ff41
f9cd
020d
02e9
0b52
ff8b
fd1d
f767
02a7
fc97
044a
f832
05a9
01db
ffd3
0221
041c
f8b8
fead
0187
003e
fcea
febe
018c
ffed
fff9
0114
02af
fcd8
0298
fe8a
07c2
0002
0466
fe33
fcb5
0009
fc87
fcd9
0238
f7ae
fb2a
fbc3
fb3f
f734
fc6d
faeb
05bc
ff01
024d
02bb
0467
046b
00ed
06b2
fb19
fe54
02b2
feaf
fa39
03b1
fc6d
faf1
00ea
06e6
0485
fdbe
fc70
fcf9
f432
fcc1
fce2
02d7
037a
04d9
fffb
faa2
fed7
00d4
fe9a
098b
0e47
fda5
015c
003d
05f6
011f
0393
02f6
01c0
f661
fdb6
ffb6
ff79
f90c
fda6
ffa9
fce7
0658
fa17
007b
fa7c
fc4c
ff99
02ff
019d
044f
fd80
00c3
fd7e
ff13
fc27
03a7
01d7
fdd1
00bd
fdb9
0575
00d8
fce0
f9c9
fe44
fcea
0858
fc2e
0239
0495
0738
fc8c
f8f2
fcf8
0126
0d7c
ffea
fdf0
f4c7
04bd
ff4b
01b8
fce3
07c2
01a6
01b6
fca7
0462
fa40
ff73
00f1
0356
fb50
0084
0ae6
0037
0394
fffa
fe31
fc4a
ff83
fb27
0341
ffc3
018b
fd87
fd82
0277
fabe
fe3c
f646
fa4f
fb85
fd10
fc84
fc4e
0133
f80c
02ab
ffe8
058a
05e7
00b9
013a
0109
011c
fca0
fd72
0454
fe82
fad1
00fb
0134
f700
00b6
065e
055d
fe29
fa1f
fb19
f7f9
fca1
fa2a
05b2
021a
0396
00ba
f558
02b0
0036
fca2
082e
0b7a
fba8
0173
01bc
067d
022e
0459
02ad
0336
f991
004d
ffd6
fee5
f910
fd89
00de
fcc7
03b3
fb3c
ff4f
fdaf
fe7b
ff28
01f8
033d
057b
ff37
02a1
ff7f
00cb
fb81
0665
0048
01f6
ff67
0021
00c5
0147
fd86
fa54
fea2
fcb4
076c
f91c
0303
0310
077d
fce3
fa9b
fc61
01d5
0876
fef0
fc9c
f69f
030c
fd40
00d9
faff
0477
00c9
032f
fe9b
02b9
f3b3
fcca
027d
02ce
f9e6
fffb
094b
003d
020b
0085
ff00
f5ce
f58f
fd8a
0239
0206
00ea
fc50
fb79
0220
fb76
ffbd
f399
fb5c
f92c
fbd0
fc99
fb1c
ff58
fa78
055e
fe06
05f2
0576
006f
006e
ffd6
ff8c
fdc7
022c
05f2
fd8b
faf4
0182
ff2a
fb5a
00b8
06f2
0707
ffd7
fdc1
fa51
f692
fde0
fc0e
03eb
0291
fdf5
06b5
f46f
0781
053a
0402
048c
05a8
0241
0160
041c
01e1
fbe3
080e
017e
0466
0047
fbcd
008b
fccc
fd95
00e3
0450
fe75
024f
00dc
011b
0203
008f
fc1f
00eb
ffd5
0511
08a0
0276
04e9
fb20
0801
0a95
fd38
fe53
fd72
f9a4
fee3
fcc7
fb7d
0182
00ae
fba4
037c
0322
056d
fbf7
fa92
f8d8
fd89
044e
08ae
00ff
0451
fdbd
f673
0438
f86d
f80d
0101
fce6
fe24
0354
01fe
fb9c
f7af
fbf7
0299
0365
ff28
02b9
071a
04ce
0157
0408
fdb0
f481
f985
0164
0016
030f
fd5d
fa03
f9d9
02bc
f2e2
fd4c
0019
0114
ff88
01c0
ff7a
fe01
fb91
01c2
0470
fc0d
0232
0272
028d
0500
01fc
01ca
019e
fd94
ff89
0656
00b3
0704
fd4d
fe53
01df
01ac
0816
0261
ffde
fb61
fe4b
fbc1
0908
036f
0331
fef8
0568
fa6e
0537
fffd
00c9
fd2b
0606
0185
03ba
00c0
02c8
fdda
06e4
02fb
0322
005f
fd88
03ae
fe3b
0080
ff7b
04ba
fde5
fdf4
03f6
ff8c
001f
fc4b
fc59
0413
0123
0588
0607
030f
021e
fc5b
0371
0982
028d
fdd5
fe98
fa47
00ea
006c
fb2a
0190
ff19
fcce
008e
0307
018d
fef9
fbb2
f75b
0494
0043
09ef
05ce
0176
041f
f6b0
08ed
fa94
fd63
03d3
fc76
feb5
051d
01b8
fe79
f78f
00d5
025d
fe20
fd11
038c
0c6f
02e3
001b
0050
fa09
f8ed
fe66
ff57
fb29
0248
fad4
f8a7
fafe
fe94
f9a4
fb9f
fcac
01a8
fb81
03f0
00fd
0398
f8fa
02ce
ff17
fcae
0138
008d
fde4
05c4
0468
fefe
04f8
0042
0037
0413
fc7b
06e7
0432
f7ff
0149
0962
07a5
03fa
00d5
f9bc
01bc
fcb8
0633
0652
016e
013a
095a
f694
05a5
023a
fc60
0038
068c
feee
03de
012e
02f1
fe73
06c4
0626
0302
ffc5
ffdf
0239
ff1c
006a
fef4
03f7
fe0d
fed7
03ef
0437
fdc6
fea3
fc2a
0250
000f
05a6
01c3
0553
0310
fbfb
01b2
0849
fea7
fcca
ff55
fb15
0216
ff17
fb48
ff48
fce5
fad9
00e5
00a4
0251
fede
fb09
f8b1
0282
020c
05ea
0945
01a4
01f4
f866
098a
fa55
ff9c
02d2
fd30
00ec
053d
02e3
fee1
f7e7
0400
00a7
fd4f
ff57
012f
0981
0044
013f
00be
fcb9
f45e
fdb0
ff68
fda5
0383
fb5d
fb15
fc36
fe28
f958
fbfa
fc95
02b1
fc7f
035a
ff0e
ff02
f27a
0149
013a
fd2b
0238
feff
fe58
0688
02f7
0219
0378
00b0
008b
0320
fb40
03d7
0384
fdfa
fe86
0fa6
08d8
ffcf
0069
fa83
fcfa
fc3d
04bc
030f
01f4
fe92
0836
f775
09e7
00cb
fe00
02de
07c0
03a5
0346
01d8
06db
f817
0610
0224
0191
009a
fdc5
ff87
00a6
01df
ffe0
036f
fe51
004e
02bb
0395
fdbe
ffc3
fa82
0084
00b9
07af
0029
0053
ffde
ffae
0452
0006
fe65
fc4a
fd68
fca0
ff08
fc9c
fb15
009a
fe1b
0106
024f
01e5
0211
fd89
fd4f
f709
ffca
016c
07f9
068f
06e7
05b3
f954
080e
f9ac
01b6
00f5
fba5
0280
0363
001b
fd75
fa67
0048
ff98
fcdd
fb0e
0489
082d
0214
ff72
0076
fa1a
f5ef
03ea
ff8e
fdba
00a0
fe90
f7e3
f8e9
fea4
f84b
fc4e
fba7
047c
f6e0
01b4
01ef
ff0a
f37f
ff0a
037b
fd24
0247
0017
fd38
0608
fde7
040c
0356
f9d2
fe61
04ed
f815
01f6
0377
f8aa
0266
0de6
09ed
0388
031c
f8e4
fee0
fbac
0566
03f6
ffcf
fe77
042a
f94d
0697
fe47
f97b
ffdd
0660
0246
0320
02c2
08f0
fd04
02bb
06f7
00d6
0213
fe36
016c
00b1
022e
002d
035a
fca4
ffe5
0229
05d8
0401
0160
fcae
038b
ff01
0762
00ab
ff99
01af
fc00
0328
fe28
02e3
fdc3
fe0c
fa68
0008
fc3f
fd7a
ffa9
fd0e
ff22
0256
ffb0
01dd
ffa8
fb23
f75d
ff44
fdad
09be
0817
0632
0596
f88a
0882
fdc7
ffb6
006b
fc93
0343
08e0
ff50
fb43
fab7
0190
fcd2
fd91
fd1d
0194
0a41
fca3
0068
016c
fb1b
f6d8
fb53
ff71
fe16
0241
fba1
f84d
fb07
ff24
f94c
fb9f
f8ab
003e
f520
0284
01ab
ff81
f259
0043
fe59
fbce
01c2
fe31
ffb6
0833
ff9f
fbd1
023a
fc0f
fce7
02e9
fad8
fdb1
006b
f6fd
009a
0e9e
055f
05c4
064f
fbfb
fda0
fe5d
067f
03a5
00fd
fbf4
04d9
fd61
06fe
01cf
fcee
016f
0524
03cb
019f
031a
0a59
fd2c
050f
0240
01bf
0174
f8ed
00f3
ff70
00eb
fe55
0329
fb11
025d
0207
0626
037a
002b
fcc5
05ff
ff8f
08e9
02e6
01bf
008c
fcda
0250
fc2a
ffdd
fcc2
fe16
fc37
01c3
fcc2
fd22
fea5
f8df
0106
03ed
ffab
ff4a
0091
fdd6
fac7
0081
01c9
064a
0d57
05a4
06a9
fadc
06dc
fd20
ffea
0254
fd90
043d
0a6c
fdf5
facc
ffd0
0286
faca
019c
fda6
00ee
0800
fc6a
048e
02f4
fcd7
f6ee
00f3
fb81
003f
011e
fd8e
fcbf
fee1
fb31
f5ca
fabc
fcdc
fff0
f513
0073
011e
ffd7
fa76
fa77
ff65
fcd6
ff95
fef6
0263
08ef
ffa9
ff39
02de
fad3
fd22
02d2
fe88
0144
02bb
f522
03e2
1074
0677
01b6
0464
fe46
ffb8
fe9e
0602
024f
01fb
fd4d
0542
025f
042b
04da
fd27
fe2f
0606
0339
02c0
02af
0526
ff3a
fc1b
00ea
00e6
ffe8
fd34
fcec
0153
012e
fe00
02c8
022a
00a0
00c7
0437
fd88
ff81
fd5d
0441
0084
0959
ff85
0077
fcd2
ff08
011a
fea8
fd1f
f9f3
fc10
fae6
fefb
feb1
f99f
fefe
fb20
0030
0392
03f5
fa6e
fe89
033a
faba
0387
fe1d
079e
045d
03ea
0721
fddd
0646
ff3d
fd71
01e5
fdfb
fadc
09b0
fe22
fbd5
fabb
ffca
fccc
0075
fcd3
0231
0bee
f808
03ab
00f5
fbfc
f8c1
04c9
0197
fa52
01ea
fcd0
f967
017b
fc83
fb5a
fa0c
016a
00e6
f6be
01ba
0248
ff63
f9fc
fc0a
028b
fc60
fee0
0102
0391
0510
fef3
ffa7
01d3
0215
fd57
05a7
fbd7
0683
0003
f3f3
fe8c
08f4
062d
0021
05ca
fcf7
ffc6
ff45
038f
0426
0117
0210
04f2
ffbb
00bc
fcca
fe20
016a
0204
016b
0164
002f
0b24
ffc0
fd0f
ff10
0073
04fd
fc61
fe52
ff52
0090
fce7
0054
fddf
ff60
0034
08f7
0101
020e
fed3
051a
ffd9
02c5
fefc
012e
ffd6
fe71
05ac
0357
fbf6
fa79
fd11
fc94
ff13
fb9b
fa84
00c3
fae5
fb61
049b
04c3
0391
ffb1
fed9
fc76
034d
fc0d
06af
0400
ff5a
059c
f93e
03d3
fd53
f9b3
0251
fd09
fb11
082b
0183
faf9
f8c8
02cd
fa5c
0320
0085
009a
0872
f469
019d
01d9
fc1d
f475
fa72
0080
fe2e
fbaf
012c
ff90
03e0
fd71
fe74
faee
fd7d
ff80
fa61
01d4
ff9d
fdcb
f93d
fb61
fed5
fd25
03ad
02a9
027c
0265
fbac
ff2d
010d
0243
ff7c
05e5
f7f3
ff0b
fec3
f9d1
00db
099a
0602
0246
0014
faff
0059
fbf6
06e2
0565
0260
01ad
05bc
02c1
03d5
fdf9
ff1e
056b
0582
031e
0386
0489
0598
02aa
01d4
f88b
04a6
00b8
0013
fc6f
fd11
fe05
0091
fe3a
f962
0146
fd38
0a81
0219
0121
0096
0366
fd2f
0586
0213
ff6f
01c3
fe8a
08a8
04c1
ffc2
fa4e
fe8d
fbd7
f943
f94a
fca8
0231
fce8
fe0d
0619
0776
04d9
fd7b
f9a0
fb97
01b6
fe47
01d5
02dd
0066
035b
f5ae
048f
fcc9
ff50
0044
f7d1
0241
0ad9
ffab
fb48
fd2d
08c0
fa35
fe3f
017f
fc51
0bad
f2d7
03dc
018d
fe4c
fa6c
fea1
03f3
fed8
fca0
02f5
fe93
ff29
ffed
ff08
f922
fcb9
ffd9
fdbd
0019
fed3
0012
f612
fd7c
fd1c
fdb4
0038
00c9
0076
0356
faa0
030a
fdb4
fe60
0279
004d
f11a
ff2c
008b
f283
0359
05f8
0610
02c3
fd88
fb78
fcf9
fb6f
0835
04b0
02db
00ee
066d
f871
04d0
fbd6
feba
0d17
feda
052d
0302
0516
0510
0266
fbdb
f73a
04f2
0416
f7b0
fda7
fe01
fda7
02c1
fe19
f773
fe32
ff99
0b08
06b5
03e3
038c
063b
fd61
03fa
0455
004c
0893
fd20
1038
062e
feff
fbd6
fec9
fdea
f996
fab7
fca3
0564
fccd
fbbe
082d
072c
09e5
fae5
f573
faa5
04c6
01ff
02df
0192
fd34
00d6
f3af
012b
fc7e
ffa5
feb1
f4ff
05b7
08bd
ff6b
fdea
f8e1
09fb
fab2
038b
03e7
ff14
099d
f3a9
03ce
02a0
0208
f5ee
f18b
fdcd
fee8
fac0
ffd9
0245
fdcf
0102
008c
fc5e
fa32
01e6
0326
fef8
fc0a
0087
f520
0053
fe51
018b
fed9
fb12
fd2a
02ff
fc79
0424
fed0
f8cd
0505
030b
f3ab
01a5
fe64
f997
044b
080e
0222
ffd2
ffcf
f902
fec5
fabe
08ca
0398
01d5
fb8d
05e2
fa2c
047a
0211
00ea
0701
007b
0791
02d5
04ba
027b
0095
054e
f96d
05bd
025f
f7e4
feb7
fe4f
fd6c
02c1
ff31
fb4b
fb89
0084
0645
05cd
0056
0098
fdfd
0126
0459
0402
0167
03a0
fef4
0809
049a
037b
fdb9
ff15
fe80
fba9
fc60
fdc5
035f
f9fb
020d
0777
06d2
0324
ff31
f91f
fc40
029d
0211
fea6
065d
fe4d
00e0
f619
0563
fe86
ff70
ffcb
f7a2
fff5
07a1
fe98
00c1
fbd1
0178
ff79
07ac
0232
0072
0b51
008a
043a
00a6
fd2e
f9fa
fd2a
0103
ffdf
05c8
fe3e
fbd6
f9a5
fbfa
fb31
fee9
fe01
ffee
fb79
ffd7
00df
050d
f692
01b5
05fb
fe2b
ff82
006c
01fc
0704
fcff
0178
ff26
fa2e
ff2a
00cd
f868
0231
0103
f949
06d1
0c8b
0683
0083
024a
f908
fd73
fcbe
0347
0309
0034
f9d0
02db
fa13
fe43
ff84
00ab
0708
0539
04a8
011b
0376
050c
fe84
02e0
fea0
0715
01c8
f253
0140
fec4
fb24
01f8
ff2f
fb2b
0166
fdc9
0562
0435
009a
0174
021b
0253
04c4
0660
0085
020e
fd6c
0c06
0664
0650
010e
ff7f
fd74
fc1e
fe5e
ff9b
02e0
fc75
00b1
0a52
0179
040e
0094
fa69
f729
0091
fdae
0090
0659
ff25
02fe
fe22
098d
f924
fa9d
fe99
f921
fd1b
0698
fb63
fdaa
f9fd
f8ed
fd13
0737
0016
fff4
0cb2
fd2c
04eb
022f
fbe6
f6db
fe7d
0125
027c
0aed
fb1f
f8d6
fbb9
fd36
f98d
fef7
f756
00c4
f592
fcd1
02f2
0482
fb76
019c
04d0
fe8b
0160
02f5
fb21
076b
013e
fc90
0051
fcd4
020d
ffbd
ff1b
01c7
0628
f55d
0003
0a13
0892
0041
0459
f972
fe32
fe83
05e1
022e
00d2
fab8
057f
f5e4
0556
0313
03c6
0e20
feff
0509
0122
01d0
0613
0454
02af
fc63
06f3
06ee
efb8
fef2
fdeb
fcd3
0417
fdfd
fcb3
f8a6
fff8
0924
0781
fddd
037a
0048
030d
0001
04c0
ff3b
061a
fff0
0f0a
0842
03d5
fe97
0003
02be
001f
fd94
ff5c
0533
ff2b
f973
0bb7
0552
0833
fee4
f5eb
fa88
0612
02ad
0162
09b9
01a7
0277
f788
0359
f8f2
fc80
00f0
f44b
00dc
05af
00d3
fd01
fd0a
fdb4
fac7
0a0a
03fd
ff54
05d3
fb4c
0601
02c0
fe7a
f7d0
fdd2
0328
01e8
0748
fc44
fdec
fb96
fc1d
fb43
ff73
fc3d
011d
fa35
fe2d
0062
0173
f984
0246
01fc
fd93
0065
0360
01d2
061b
0135
feb2
005b
f81f
006c
0649
0058
0760
0101
fad2
0150
0a2e
063e
fdaf
0058
f558
fcb7
faa3
084a
04e9
ff50
fa69
06b4
f659
0734
05b6
03e9
0e81
0136
04ef
013e
054a
04f3
0207
fb8d
0093
05b0
fe37
f14b
feea
fce3
f9c1
ff77
fe50
fb3f
fc89
fe1b
0464
04fa
fdf5
0278
02da
0415
016f
02ce
fd2f
06f7
0171
0fae
071d
0765
fb68
ff55
fec7
fe61
fdad
ff3e
038a
0314
fd34
0960
096b
09e7
0147
ff1e
fb2a
0224
ffe3
0225
0625
ff11
087e
fa40
0197
f4dd
feed
fa87
f64a
fe23
055a
0220
fd19
f243
ff09
fe2a
0280
00af
00a6
03dd
fcf4
0277
0051
fe27
f3a3
fa97
04b6
034d
06cb
015a
00a8
fb30
0512
fbbf
fe56
fd9f
0147
fa1c
fdd8
00ae
0137
f6a1
030e
02dd
ff1b
028b
0288
02fe
0336
fee5
ffb2
02c2
f7db
01a3
0294
fb0d
029f
ffed
fc54
0306
08ec
0628
fbeb
0595
f76d
0010
fcb3
04af
0508
fe45
f9b5
0861
f861
092d
0360
024a
08cb
febf
030d
feba
046b
02ef
01a5
fb5f
02d6
048a
f8fa
f52f
ffdd
fe61
f92d
004f
fbd0
fc2a
feeb
fe76
06ac
027f
fe0b
0087
04e3
02b0
fdcc
03d4
ff69
053d
ff12
0f89
0282
fed5
fd01
fe22
00f1
04ab
fa6c
fe62
0177
fefa
fe70
070f
0791
0766
fe6f
f934
fed0
ff2c
011a
03e9
0d32
ff64
0804
fb5d
0007
f617
fe7c
fbfe
f6bd
fcb0
06e1
0223
fe12
f479
f957
fc2a
0183
0198
feca
0128
fa34
01ad
ff79
fdd8
f3f1
fa58
03a9
037e
fb8e
01aa
fe32
fdea
0342
fd82
fdc6
ff4a
fe09
f9cd
fe9b
0106
fb9f
f4f0
0596
02e2
ff52
ff31
0433
0195
0761
fda3
01d3
009e
fa18
04bb
0299
fc05
003b
fcf6
f898
03fe
0a15
0334
fb63
06bc
f88e
0037
fc73
01fb
02e7
000d
fae0
075e
f65c
0ae2
052e
04b6
0b9a
0783
018b
ff04
03fc
034f
01fc
0311
066b
09dd
f8a4
f1f5
ff90
fac5
fc0e
02a2
fcd1
fb1d
fe22
fc4e
083a
0365
fedc
00a0
ff69
00f3
0373
042b
0117
0778
ff55
0e5b
0439
ff32
f977
fe0a
01fa
01eb
fb6d
ff30
ff86
047a
ffb8
0a63
074a
097d
fee8
fbcd
ffb6
fc96
05c0
0445
037b
02bd
04b1
fa8e
fd93
efce
fe66
fc19
f87a
ffc3
01d6
02eb
000d
f138
f7fa
fef5
fea5
02d6
fa09
fe61
00b0
0381
0002
031c
f591
fc01
07c6
0609
0043
01c3
fb61
fc2b
030d
fa4c
fbb0
01a6
fb77
fcfb
006a
fe93
fbaa
f665
00ae
0468
ff7e
0187
01ec
0345
04cc
0206
0401
fe74
f4b3
046f
02b5
f7ca
061a
ff50
fb24
0159
067d
0635
fb6f
0121
f8ee
fb1b
fb44
0300
044d
007a
fe95
091b
fb29
0ce8
012d
0962
0d1f
fffe
04ff
fa03
03cb
02cc
02ce
0120
0191
0b24
f617
f2c5
fdb7
f9e0
f908
02f2
fbb2
fba9
fe5d
f639
06c0
05b0
fb6b
ffd5
fe69
feea
0105
04bb
0398
07f9
00bb
109c
0445
fb5e
fe2f
027d
073d
059e
f97f
fd9a
0165
0558
fe6b
0ccf
09c4
1076
fb11
f689
fdc8
00f6
09b6
05c4
09ff
0324
021c
f695
fd0c
f268
0184
fc39
f790
0439
01c0
0255
026d
f783
fbd8
00b1
013a
0416
f234
019d
029f
02d4
036e
04cb
f7ae
03f8
05a7
0c51
fcc1
03f3
ffcb
fd57
01f5
faad
f832
fe61
fd36
fd56
ff7c
f8f6
f675
f61e
fff0
044d
030d
ff11
0043
ff17
0598
0552
028a
fa6d
f7a0
0606
0467
f9f7
0293
fd43
f298
087c
09da
05a7
fd79
0004
f343
f952
f8ca
077d
0196
015c
ffc2
0c2e
f8e5
0fc1
0825
08d3
1092
0027
0020
faf9
02f5
03c0
01b5
fd08
fdfa
0b03
fabb
f547
fd98
fb45
f91b
0231
fcf3
fb2a
f8af
f893
0b0f
0560
fc82
0297
0087
fe69
fd86
0747
06c0
04cc
00d2
13c5
059d
facb
fad1
0053
0b93
fd51
f9ca
0021
fc3c
0bae
f8d2
0f12
09e7
0cd6
fcb9
f672
ffb5
0235
0b5d
050e
0385
fe69
ff63
fa94
fa70
f417
02f5
034c
f2bb
0964
03cd
026f
0186
fad3
0071
fe87
0399
0613
f267
fe9b
01fb
04aa
052c
0616
fa1d
0479
0aae
0a0c
f77d
032b
0408
ffc2
07b3
fe36
fb55
0247
fc26
fdf0
006e
f8ce
f909
f4fc
0290
ffe2
fd7e
feb4
0044
0750
03f2
05e4
05e3
fc3f
f694
0ab6
03a4
faa6
04f3
f7ac
f8a6
066b
00d8
02a1
f9f7
fcee
f278
f82e
f717
07e2
00a0
ffe5
0203
049d
f7dd
06b1
fe7a
05f8
0dde
00e5
fe15
fed9
0231
0405
ffa1
fdce
fd06
066d
f8d1
f6be
ffe7
fdeb
f8c3
0103
ff4e
fe06
fb85
fb1d
05b6
00d1
fc03
0162
01a2
03da
00a2
0449
01f2
ff46
fdb3
0a26
05f5
055b
fbad
01a7
0317
0203
fc0a
fe6b
fe71
051e
ffb4
0d15
04f3
07b9
0195
f806
fbdc
fc57
04b0
028b
053e
0147
fd90
f79b
fd4f
f637
fdb1
0219
fba7
050b
02aa
fd28
043e
f7c2
ff90
0064
0395
032d
fa19
066a
04b0
057a
019b
0088
f719
fb34
06f6
069b
ffbd
005b
01b2
fce1
053b
fbe0
feaf
f92d
0111
0040
fe08
fab4
fd9f
faea
028e
01e7
f9c2
041c
038f
0061
07ef
0319
fdad
fd79
fb1e
0641
019a
fc55
0107
fd62
f809
06a3
0441
03bc
fe9d
ff1b
f41d
fb2d
f8b3
fe3d
047a
ff57
0183
02fa
f912
0c7b
0099
009d
0638
fde7
fb65
fde7
00a5
03ea
ffa8
fd75
f8a7
085c
fafb
f7fb
01aa
fdc6
f843
003d
ff5c
fd20
f600
fd6a
0655
0583
fc3a
ffeb
01b2
0471
fe35
02bb
033f
07c2
ff06
06d0
06e0
0185
fea9
0123
0739
f9eb
fa53
ff52
fe4e
039b
fa6c
0cc3
0260
077e
fe03
f786
fe33
fd5d
057d
0448
0227
ff20
ff5b
fbd9
fe4b
f3bf
0051
00f3
f9d4
0449
054d
00f9
029c
f714
f9da
0191
030d
ffe9
f923
03ab
0089
0334
0353
0188
f777
f94c
0286
060a
0173
001a
01f6
fcc9
02c1
0024
fde9
f8e2
0055
fe70
fe41
fb14
f622
fa21
00c3
01e0
fb92
0479
02c3
00d8
0523
0195
fe35
ff96
fb5e
08c6
02ab
fa9b
00e6
fd4c
022d
059b
0635
05d8
005d
00f6
f4ca
fd9b
faf4
0562
0153
fe44
f69e
0428
f848
0048
02bb
ff59
053f
0925
0464
fc48
fe21
fe8e
fede
03b9
f798
0638
fc19
0175
ff9d
00d7
f6a2
fef4
0584
00c1
ffc3
fdcb
fa3f
f801
012c
fe35
01d7
ff02
05ef
0cdd
0357
033c
ffb2
0787
07ea
01af
ffd6
002a
f827
ff16
facc
008c
038b
fde5
01c5
01e6
fc6a
013a
0181
f944
f143
0963
0147
0bd4
ffc7
0484
071f
fb28
040f
fb2c
f69f
fcde
fdb6
fce8
ff8d
fa9d
00c3
faa2
05e9
fbaf
00f3
fc09
fc88
0208
0606
ff38
0189
fdc0
fa52
febd
0748
0090
05c9
fbb9
f5b5
fab3
0059
f892
f925
0217
feb3
01b7
ff93
01a8
fbee
042e
fbf9
086d
0105
ff55
01e1
0287
063b
021d
07e6
00d8
fc71
0065
00bd
092a
0255
0512
fe92
f9e6
0657
092a
06cd
fd64
fc05
f9c5
ff90
0606
060b
06d4
f924
054b
f85b
fb8d
fdad
fe0c
fdc1
0acd
01a6
0143
fcb5
0138
fe8f
07bd
fcf1
0616
fae4
012c
01ed
01c1
f912
fbed
05bd
00c7
fec5
02a4
f975
f5ca
fd4e
faa5
010e
0282
09ee
06b4
03a0
fe9d
001b
0180
0765
063a
fd7c
fdea
f7f2
ff4c
fbc0
fe0b
fe85
fa01
044e
fc5c
f9c1
ff4f
0474
fe3b
f0cb
07e9
fe83
099a
0416
0041
08e5
faf2
09fc
fd85
f6be
f9a4
0358
fe25
fe14
fe69
0346
fd10
013c
01fe
f7eb
f7c7
ffa9
07c6
0851
fd5f
ff10
ff36
fe3c
0293
00e6
fdb2
0a0a
fc81
f2cc
fcf9
fa1e
faf4
fde4
ffac
fd49
fc89
0069
018f
0011
0167
facc
02f6
feca
024d
03b4
fd51
066a
0215
070e
029d
fd1a
ff8d
fbd1
0292
00f9
061a
fb40
fad1
0e95
095c
0bea
0083
fb61
fd39
fec5
01a7
0cf7
0333
fcd9
0650
f5e3
013a
fced
001d
0159
04d3
fed5
ffb3
ff0a
fffa
01e6
0572
f7a2
0478
fef1
01e4
004b
0256
fdfc
ffe9
020f
fe76
fb5f
0287
ff08
fcc6
00eb
0159
0496
00c1
0650
031f
06ac
05c0
0062
0435
056f
0128
fee3
01f4
fc5e
fcc3
fa17
0137
050e
fba2
fc87
fdfe
006e
05aa
fcf1
f748
f447
0d3c
055b
077e
023c
00fd
0b47
f9b0
0556
f9b5
fa77
0025
fe6f
04e3
0186
01e4
02ac
fc7a
1197
fd94
f9c2
ff3d
fca8
04bd
02bd
ffe7
ff82
01b1
fb25
03ef
005e
fe59
0160
fd6f
fbb4
ffaa
feec
feff
fad1
0159
fe06
fc90
025e
fbca
fd00
f76e
ff32
013a
ff15
ff2f
fe92
00e6
04c0
0649
0d79
028a
f71f
01e9
0186
ff82
00b7
0716
fdc4
fc7c
0e04
02b2
0564
fff1
f82c
fc1c
fc23
043c
088d
05d5
fd89
0457
f6dd
05fb
ff4e
fd44
0122
0a9e
0223
01f4
fe8a
04f9
fd7f
091d
fab0
0483
fca2
033e
fffd
02f2
fc4f
fee0
0071
00a3
fec5
0430
fec6
fe70
00ae
fca7
00a8
0245
084e
0367
00d1
000c
03a9
0141
001e
0547
fe3a
fdd2
ff9a
fc08
fd89
009a
044d
faf2
0491
fd47
fd43
0502
00cf
fb57
f1bb
0b7d
06bb
0a38
0634
03ee
0910
f5c1
07ca
f975
f6eb
fd20
0135
01b0
fdd6
0001
01b1
fe0a
0862
ff44
f765
f99e
02ad
0494
040e
fb86
fec3
fcae
ff16
0206
fece
fc28
070b
fc9c
f347
fd58
fd27
f9ed
fe95
004b
fee1
f777
01b8
010a
007b
f860
fd1d
0233
fe3e
0034
04c9
025f
06eb
ffec
0b06
050b
f96d
ff72
0338
f7dc
0102
061f
fae3
fb99
0f23
0a50
0261
0001
fac4
fb8f
fdcc
0200
07b6
008a
fa73
010c
f8ca
059a
ffaf
fc55
02f0
07ca
0098
0052
fdc0
06a5
fd62
0218
f9a9
0329
fbb0
0220
0154
00d3
fe03
ff60
00fc
fe86
01a2
0293
fe94
fb56
ffaa
fcd0
031c
01f9
05b6
03cd
011a
015b
ffeb
fff6
fc84
060d
fdda
fd93
fadb
fa2a
fc81
00db
017e
ff4a
0338
fe03
f985
044a
0390
fbeb
f1c1
08f9
02f7
08d7
00b6
0057
0872
f8e2
04af
fc25
f991
0140
035b
0468
033d
fe71
fe2a
fbd8
0c3e
fdb5
fd03
f9f1
fc4a
0445
fe9d
fc77
01e1
fab1
ff13
feb4
0025
ff0d
0a70
fccc
f6f8
ff81
ff3d
fd0e
fc89
ff3d
fffd
f898
fea5
fe3c
021a
f7e9
fd80
feb3
fc0b
030c
03fc
0788
07e1
0180
07f5
0442
f6a0
fce5
024b
fc53
fd6b
03dc
f88e
fd21
0b29
084c
00b5
0518
fa26
fae0
ffa2
038d
06fb
ff10
f9ae
01b5
f8fa
072e
02fa
0079
05a4
07c4
0061
ffe1
ff66
0845
03be
febf
f787
0512
fd7d
ff42
fea5
ffe8
004c
fb89
01c4
fe7d
04f5
fff9
ff95
f8a5
031b
00a7
0413
fef6
0a6f
02b1
0249
016e
0288
fff4
fee2
02d6
fd94
00d4
f8ee
f9cc
ff37
00ba
037a
fbb2
07e4
026e
fbf4
feaf
019f
f962
f135
0c3b
051e
07aa
04a6
fdbf
08b1
f541
0441
fd32
f843
0080
02bc
0275
01ac
fc95
ff48
fb33
0bdc
ff5a
fcbb
fa7e
f8a6
018f
fd48
ff85
0466
fe70
fc8f
fd51
002f
0086
0ba3
fc9c
f8d4
0187
f79e
fcc8
f9a1
04d3
fe4f
f8c8
fff1
fc8e
feea
fcdc
f69e
01e3
feee
fdbb
01e5
07c7
0638
017b
0aa7
01b0
f7f0
fc93
0320
fa18
ffed
0260
fd0f
ffec
0a6b
06ce
fc65
0262
fdfc
fa4f
ff68
0583
0679
025c
fa84
0227
004c
f9fe
0355
f868
f91e
0863
ff9c
04ab
fa49
04d0
0062
f8aa
f740
fef0
f9ef
fe5f
fe59
01ac
0379
f717
03d0
07b9
016f
02ec
fb3f
f24f
01e6
0169
0082
02c4
0bc8
fee7
039a
fe9f
ff6d
fc04
fa05
076c
0038
fb24
f666
feda
fd18
fd7b
ff87
f610
0802
000b
f933
f813
06ff
0c92
f604
0aa6
f89e
053e
03a5
f8e0
0c28
fa77
068a
ffef
f109
0180
096a
f695
0374
fa35
00e9
ff08
0974
004e
fe06
fa66
008c
085b
fc9e
ff6c
010a
fb91
01a6
04bf
ffe7
fe8a
0cb4
fb6a
f635
02c0
f45a
fe69
ffab
0586
fe7f
f88b
fd7a
ff1f
0a17
02e2
f8ad
081f
fb18
03fa
058b
fdf2
0504
fe02
071e
0468
00fb
fa9d
0314
fa76
0012
041c
fa18
fe8c
0f51
0600
023d
0694
fb2f
fb90
0337
fdbe
08b6
011c
fa02
0048
00eb
f7af
fc2e
fde8
fa21
09b3
ffa0
feba
f984
074b
01c7
f68e
f5c8
fd56
f9b4
01e4
fb69
ff34
ff9e
f790
fbaa
0459
00c8
ff95
0076
faaf
0798
013c
fee5
00ef
063a
fcb8
043e
ff6b
fdb1
fce0
fb9b
038d
00d6
f9fc
f618
0029
fb82
0115
fe86
f856
077a
0035
0084
fb33
04f7
06c8
f785
0b75
f723
04ee
02f7
f72b
08a3
fa0f
00fa
ff23
f2cd
fda0
067a
f686
02e6
fb81
ffc4
fd4f
0c62
ffd8
fdb0
fd44
fb5e
079e
f9bc
fee2
01a7
fedd
00b4
ffc2
003c
006c
0a12
0093
fd66
06e7
f7a4
00d3
face
00f8
fcea
fa34
fd75
fe3a
03dc
0566
fa62
01c0
f7d2
010d
0811
ff3a
0179
fd20
05dd
0136
febc
004b
0100
f2b3
f84f
0083
faf2
022e
0bed
04cd
00b5
0250
fd6f
fb5b
010a
0022
0971
0278
fe0d
0065
02a1
fb7f
fa5f
fced
fedb
07dc
ffc3
0199
fc35
06f9
ff11
fc45
ed3f
fe89
f7ba
029f
fe4e
fce2
ff76
fa9e
ff15
0176
0571
0028
036c
fac3
0451
00c7
00e9
0161
078a
00fb
ff38
05f5
fd34
011f
fda6
067a
0080
ff75
f58f
fa14
fa5d
00f7
003c
fa47
0251
01fe
006a
02df
0446
feb8
f6aa
0a97
f832
ff28
ffe4
f976
0542
f4d3
02d8
fde3
f554
019a
ff90
ffab
05fc
fc06
0167
ff21
0aed
02ab
fbc7
fed2
fc82
0749
f796
0114
ff9a
ff0f
0393
0035
024f
000c
05e0
0311
fe25
0284
f6f1
0332
fbd7
0068
fd5b
fd76
f9c6
0182
06f5
0294
fda0
013f
fcc0
0156
0569
fd28
05a0
f970
0742
0082
fff0
ffca
fc6b
f022
fe00
0372
f549
037e
06a6
0711
03c0
01fc
faef
fce7
0154
0038
0a0e
0210
fc2d
0319
0211
fcdf
f9a9
fe79
0ded
041e
026e
02b7
0037
09d6
00e2
f943
ed31
fffd
fb6d
00f5
fc87
fe9c
0151
fed1
ffd3
fdb6
ffbe
fd83
030c
f9ee
03ce
036d
027b
ff63
055f
0497
0194
03f3
fd75
04f3
fa6a
03ec
ffdb
ffe8
f997
fb3b
fcfd
ffe7
000c
fd46
03ae
061d
017c
037a
048a
fb79
f62d
0cf6
fd7e
fff9
0a6b
f6f5
035f
f1e0
0167
00a6
fdb5
fb1f
fef3
04e6
062c
f85d
0648
0410
1313
ffc6
02fb
ffff
ff6b
0b2f
f74b
01f1
0120
0074
0528
006c
f5d3
0060
0265
ffe6
fe09
ff8c
f67f
03f4
fe1d
fe50
0133
fe5b
fc3f
ff94
058c
fe38
00a6
0328
fe34
fcce
ffe5
fc26
03bc
f9e5
0637
fdc0
fcff
02fb
fd4a
f35c
013d
0453
f178
0294
12a8
02a5
0152
fea1
fba0
fa92
fd3f
ff8b
07c8
0188
f8b3
0403
ff19
fda9
f9c4
0217
071c
090d
053d
ffab
ffde
0813
fff3
000b
e97e
0394
fb9c
01e5
fda5
fd4e
fcb1
0049
fc75
fac5
fe88
fe91
03dc
fdec
0250
03ee
ff28
0009
0565
029f
047f
0538
008f
06f9
01d0
0686
02ff
fe87
fba9
f7f3
fbf8
02b4
ff59
f96c
06ed
073c
ff6f
0093
0536
fa4c
f826
0b81
006a
ff45
0972
f9b6
048a
f2b6
0683
019f
fd48
fa30
ff70
0421
05c1
f9e6
0773
0297
09be
fec7
0139
00e9
fd62
0a40
ff37
0416
03b7
0289
03d2
ffa7
fbdb
027a
0358
018d
f929
007d
f7ab
fd28
fc0d
fd40
fa3d
fb9f
fb93
0080
0599
fd48
00b6
0687
ff28
fba7
024f
fc79
037d
004d
07c9
ff6a
f68f
0494
000d
f41a
fead
008f
f67c
0599
17a5
0892
01ae
fb37
fe17
fad3
fd42
003e
096a
0277
f5f6
0231
0382
f62d
f93c
ff9c
fea3
0c05
0375
ff36
fc24
085d
ff4d
042c
f007
0619
fd3b
01a3
fbaf
fd3f
fbf2
f98c
fbed
0006
03d2
fb21
fe51
fdc9
01cb
038e
ffc3
0333
0aa2
0541
0303
011a
fec3
0457
fe29
090e
0455
fff2
fd36
fd00
fff1
04d2
0068
f903
090c
08b6
fc80
01a5
041c
022f
f361
08fe
fcef
ff1a
0534
fc1e
08ca
f970
067f
fdb0
f563
fd55
0325
02bf
0237
f75d
0527
06cc
0258
fee5
01d8
ffaf
fdea
0e74
fd29
016c
021d
fd45
08e3
07c0
fbf6
0564
0b9d
fa17
f45b
00ab
f4bf
f873
fd64
fb94
fba1
f3a4
fd84
01af
0af1
020e
fe64
0786
ff19
ffd9
0599
fadb
0592
0020
0303
fec5
ff46
013e
ffc7
fbda
fdb2
0523
f14a
037c
1323
0a66
076c
feb3
fd9c
fce4
fefc
01d1
07f0
045d
fab1
012b
fe3f
f96b
f9fc
0045
0298
0876
022d
fe86
fe03
0a61
0285
feed
ed85
03c3
fa80
0045
fd60
fe6d
f807
fa4b
fca4
0049
03db
ff2b
0160
fe61
ffb4
0658
002f
0487
0687
02fa
fef5
00f0
fe66
0447
fe1a
09e5
ff56
ff46
fcf5
ff9a
fd30
05ba
fd53
fc0c
0558
0dc1
fe56
fdc9
065a
fc9d
f516
0664
fd06
0041
0915
feec
09c3
f773
05e3
fd38
f6bf
fd88
0204
04e1
029e
fa58
089a
02b0
0045
fe3b
0046
0158
fb62
07a9
02d7
0310
01f7
fe9a
0567
0568
ff24
05e3
0d6c
f9fe
f691
002c
f781
fdd2
fa84
f9b3
fe2e
f33b
facb
0098
04e6
054b
fec4
0851
ffc1
0073
080a
ffc6
06ec
ff2f
03c5
fd64
fb70
006e
0108
0011
fc24
03af
f630
03a3
1128
09aa
ffe9
fb81
fdcc
ff06
fd39
041f
0aa9
00e2
f8bc
0517
f7f7
ff64
fdfa
ff1d
01bd
031c
ffff
016c
fbe6
0a9d
0047
f46c
f5ce
046b
f42f
faef
fc0b
fd7f
f98c
f754
fe7d
0076
fea7
ff94
fdb0
feb6
fe92
0463
042d
05d1
069d
0365
fb9e
072b
00a3
0a58
0184
07a8
fc46
ff1e
fdd6
fa2f
fdae
03c1
ff7a
fd9a
febe
0a0c
ff4f
0713
0325
0370
f912
06ee
0128
009b
ffbe
f4da
08f4
fd7f
fec3
f792
f550
fa98
00cc
fee8
03aa
fb7e
019a
f785
00db
ffb2
fbe6
0294
fe7d
0215
00c2
fe45
004a
00c9
fe16
feeb
0077
0641
04cb
fe18
fc3f
fea7
008d
034a
fe5c
00a8
fc7e
f80e
fbd7
013a
057d
ffe4
ffee
0687
01fe
01a9
072c
fc7d
0230
fc82
06cc
019a
fa16
024d
fda3
fda1
f893
0385
f744
0181
0d26
07fc
0030
0470
f7b9
0113
0042
0544
080e
00aa
f9db
06e1
fe4d
fe5f
fb34
fd63
fd48
ff28
0117
ff74
fcd1
06f2
01f0
f4dc
f971
021c
f649
0026
f9c2
fd35
f479
f7b2
fda9
033d
09c8
fd43
0456
f7b0
ff40
04a8
057f
00e0
0555
05f6
007c
023f
fd96
0c2d
fbe2
05c5
fd7d
fafd
ff0f
0835
fc1c
00fe
fbd6
fbd3
0084
0c50
fcfc
0495
03d9
042f
fac8
0281
fca1
0630
07cd
f49c
0ad0
0305
0771
fbb3
f423
fd78
00b3
fa93
00b8
facc
02d0
fb47
f79f
fafe
fca8
ff8f
fd06
0661
f859
0056
009c
ff3e
03c2
05b1
fdc8
0557
fab3
fe0d
f924
01aa
0057
04cf
fed8
ffbe
fe51
f68d
fb49
0070
062f
0296
0192
08d8
ff3e
ffce
0658
f858
02da
fbf8
04a4
fedd
fb7a
041f
00d5
005a
f420
052e
eac5
0308
1241
02fc
0425
ff0b
f843
0057
0337
0978
07a3
ffd2
f843
04e0
fade
00dc
fd4b
004e
ff98
0ae0
001e
0087
fcf9
0581
fad4
fddc
fd46
085f
f360
f8ff
0050
fee5
f50b
f95b
0161
04dc
06be
fbc9
0608
f974
00ef
ffe2
fe1e
053c
0647
058d
0094
fe0a
0049
09dc
fc9b
0421
fea5
fd4e
fd99
0b50
f964
0385
fa64
fb69
0395
05fa
fd49
0613
05c3
0631
fcbd
f9fb
ffc9
01d3
0537
f909
091b
0106
0383
f7e7
f73e
f969
06b9
feac
0058
fd7b
04e9
f90c
f68c
0176
fc92
fb27
fd9c
0355
00c1
ffe4
ffac
0179
00f6
0104
ff06
0861
01b4
fe57
f4e1
fb5a
fbc3
00d4
000f
0132
fad0
f7bc
fa2c
0487
076d
032a
ff28
0d80
fc6d
0434
0671
f547
08d3
fd68
03a5
fe90
fa2b
00ce
fbc0
f90a
fb3b
090b
f1c4
010e
093c
0417
00f5
04ea
f9af
f9ce
00ff
01d3
089b
ffb7
fa05
0169
ffea
0072
f5c7
fd31
0147
0cc5
fdb7
fe31
fcf3
06ec
fd5c
fe23
fdc6
0632
ed7e
fad9
011c
fe8e
f3aa
fada
007e
05e9
07e5
fa60
ffff
f6e9
fc17
fa8e
fccd
038a
0236
02f7
ff83
fb70
001c
04dd
fbf5
05c6
0113
fedc
fe0f
0c4d
face
029e
fc0a
f866
0213
021b
fa54
0b1d
04e3
0430
f606
fc78
ff95
03f9
0b7f
f972
078d
01d3
06aa
fc3b
f6c0
f78e
0dd2
001e
00a1
fe24
08d8
fd76
f35b
0419
fefa
fb33
f943
066b
0156
fd14
0072
00ac
0397
0641
f995
0c61
0b32
fcb6
f3b1
ffc7
fb70
ff99
fc05
fe10
f8b3
f9d5
f78a
ff82
02bf
01dd
ff55
0eb7
fe0a
0570
065a
f5e3
0b8c
01bf
fde4
fbe0
0152
ff94
f8b8
fe4b
f6bd
0794
f012
04c1
0d47
07be
0594
057a
f529
fcd4
00b0
fff7
060b
fcf2
f485
0073
fb50
05b2
fb81
fdd7
06e4
0816
fce6
ff24
fe9a
05ab
faff
f90b
fbb2
0496
f37d
fa5d
039f
0081
f973
fa51
028c
0318
0114
fc34
028c
f93a
fc38
fa14
0149
034a
fe51
03da
0011
ffc6
ff59
08b0
fe35
0904
fe7a
ff69
04dc
fef2
fa7f
0576
f8e4
fc85
ffe1
0381
fbe0
0a04
07cb
ffd0
f700
ff4e
01b2
04d7
06f2
f4d8
083a
006b
08af
fbf7
fc01
fb81
076e
07a5
049b
fb3d
0732
fc37
f8a9
0106
ff5c
fd13
fa8e
0473
009d
ffa4
ffa4
fcad
0111
0aa2
fdd3
0be6
0128
fd98
f75b
fe13
fef7
feee
fe46
ffcf
f8e6
f95a
f68d
ffda
0769
01c6
0289
0b1b
f99d
05dc
06f3
fd94
0e40
0260
ffaf
fe1f
01b1
ff9f
fade
ff3a
f456
0612
ee60
0333
09fe
0432
0590
07c3
ef20
fa63
00c0
0185
04fa
fc54
f5ba
fdb4
fc19
0254
f78a
fc4a
0164
075b
fc3c
004d
fcfb
06ae
fd52
fc2a
fb66
03ac
f25b
fdd2
ffb5
ffd8
f576
fa50
0004
0360
00c7
fd06
01ae
f8ca
fc64
fd11
04ee
030c
fe15
0172
fdad
fe0a
fe8c
04db
fd75
0bca
ff51
0096
ff8e
00e1
f820
0245
fb79
001d
fcc4
0dbb
fb3b
0bfe
082a
fe0c
f6fd
02ae
fd88
02cc
0a85
f583
0699
ff5a
06cd
fc84
f776
01ce
0518
062b
0114
f743
0878
fe79
fb8f
fc85
050d
ffbb
fba8
0d26
fd99
0215
019f
fe0e
0107
0680
fcf5
0acb
fdc4
fc85
f918
fd36
ff1f
0282
fd0d
f85c
fe08
febc
f921
fccb
065d
05c3
023d
082c
fc86
048c
07e5
f7e3
034b
009a
00cb
f9fd
fa0b
0241
fef3
01fe
f4b7
030b
eed6
074a
0c7d
0571
0505
fe0a
eef6
f832
fe4a
0438
075b
fd64
f7b3
fe5a
fb8b
01fc
f5a1
fc63
039d
ffd6
fc19
0246
fd6f
08e0
fe12
fae9
f7e6
03b4
f70f
fc32
ffb7
036a
f991
f8c2
02ec
03b6
fee8
010e
076a
f709
fe1f
ff42
0334
079b
ff35
003a
fef8
fc57
fd48
036b
f86a
071e
fe4d
0090
0281
ffe9
fb94
ffa0
f9e9
fe3a
fe58
0a94
f815
07a5
07ad
fdfe
f451
f9fa
ff0b
0488
0911
f3ca
07ed
fc80
0630
fad4
f6c6
03af
02ba
0537
0550
fc63
082c
feb4
f8bd
0194
01b9
fd1f
f96a
079b
fe76
014c
0132
fd44
04dc
0483
f4c1
0551
0174
faee
f9ec
f94e
f92e
04ae
0263
f71c
fddc
fbea
f866
ff5a
042c
0616
0501
083d
fa7e
04c3
0a72
f50e
07ba
fae6
fc0f
fbdc
0090
0278
fc57
fc2e
f6c9
059d
f07e
0675
126d
0094
0515
0568
f050
fb7f
0354
031e
02d5
fb29
01dc
0479
f6d7
0a40
0686
07c5
0e11
02fe
fd83
00ef
025c
fe7f
048f
0429
fe91
003d
ff80
04c6
fed8
fe08
f67f
ffc6
0028
f880
fef3
0396
fd84
051f
0457
fb5d
0b03
fcad
fefb
1185
00ea
00dc
00d6
0ada
0a52
ed48
f696
fd58
feae
fc84
fde9
fdcd
0307
0668
f2ee
0485
0545
0d90
f5f7
fecc
fe75
0c47
0835
0807
037f
05f7
0143
f679
fa49
fb0e
01a1
0031
fb20
00fe
0159
06f9
fa90
fabc
0097
fad1
0177
f8eb
fbc1
fe32
faf5
04e6
0350
0606
f893
f9b1
04bc
0002
fcda
fcd4
fb03
ff81
04a7
f084
fd3b
0683
fe5a
01c8
06ce
fec0
f176
f8f9
0089
fd19
0048
ff3a
ff7c
fe8a
fd04
069b
05ff
0015
f8c1
0497
077f
0bd4
09a3
fab2
f95a
f708
fe74
0879
fd7d
fc9c
fa89
ff6b
f8db
0d11
fd3f
07a3
ff61
0a5b
f859
0a58
0691
0542
02fb
0851
fdc4
01e4
018e
fe7c
feec
0603
0215
0172
ff08
04b1
fd86
fe39
fa4d
fca1
fed1
f73c
fc3c
05bc
f834
04bd
0475
fa8f
080f
fcc9
0066
0f34
0214
fe6e
005a
0538
0bfa
f3b6
f8f6
fec2
00a1
fb74
00a7
fd90
03d4
02ab
f75f
ffcf
044e
07f2
f779
fcf2
fdd3
0ed9
0801
09a0
023b
03ec
0058
f71f
00e1
fad8
059e
005a
fea5
04b4
01e9
05d5
fc0a
f917
fe8b
fb43
fa7d
f8a3
fd2c
0452
fd29
029f
00a4
0599
f760
fbe4
019d
fed9
fe62
fd02
f838
0312
01fe
f2d6
fc00
02fb
fce0
febf
04d5
0025
f27a
f64a
fa07
fc98
019e
fe4d
ff8a
ff8b
ff48
0b54
04bb
0055
f70b
070a
08cb
0962
09cf
fc0e
f924
f68f
0014
0c9e
00ec
0108
fb9a
00f0
f912
0354
0507
07b9
010b
08a1
f8a3
05a2
0316
01ed
03bf
0a48
f9f2
0399
ff54
ff70
fe99
06f2
0005
000f
fc5b
0185
ffa1
03e8
fa74
feef
00d9
fc20
038e
06d0
fba3
fff0
039b
f9f6
05f0
ff9a
0474
0420
0196
fe5c
00d6
01c8
0b57
f6c4
fd03
00d0
fd84
fe87
02fd
fb80
0263
fe05
f7d9
fe48
0078
09b3
fce9
fe6e
fa75
0813
0678
086b
049e
ff08
052a
f8d7
0178
fd5c
0737
02f0
ffbc
065d
043b
069f
ff92
f6fc
0b1d
fde6
eed4
f6c5
fe27
03e0
fda2
02a1
001f
0367
f600
fd12
fd7b
fe96
fdc4
fcfe
fa88
0220
0314
f445
fdc9
fec9
00ad
fa64
02bf
0219
f793
f77a
fcfd
041a
fd45
0225
ffc1
fc2b
ff52
0184
0629
04f8
f648
0186
02c7
0607
074a
0226
f7e4
fa00
061a
0df9
0160
035c
fb1d
0113
fa41
012b
0172
035c
0293
07df
f9f3
0857
0271
ffe5
0927
07c6
fd0b
03b1
007a
0229
fc3c
0587
0005
ffe5
ff77
0428
0090
0362
f971
fed3
fea0
fb51
fdab
06eb
febd
0225
0692
fa31
08ea
fe8b
014d
0240
00bf
fdb5
02f2
0583
06a3
f78d
f8c8
fdef
04d2
faf2
ff07
fbd6
0172
fedd
f7b1
0168
0163
0a42
fc10
fd62
fb87
0adc
02c2
087a
088b
031c
0630
f3cb
02c1
fd59
0672
03c0
fbc0
02c6
0305
0201
fe32
f83c
078b
fd0b
f42f
f8f4
fc8a
0434
f90c
0216
00ad
ffe8
fa3f
0051
fcd9
ff58
ff08
fd51
fb28
0296
0154
f08d
ff36
fd70
fe2f
f83c
0493
0208
f998
f83a
ffc1
003d
fa28
0023
ffd2
ff4d
ffa1
00e2
04ab
05be
f388
00e0
0181
0235
0432
00c7
f4ae
f988
060a
0dbe
ffe9
fd69
fb6e
00a9
f990
0316
fe92
0191
02d8
0599
fb77
0816
03b4
fc65
092c
0311
fa30
050d
0112
054c
fb5a
00e8
04fc
ffff
fde7
0525
0196
04cb
fa64
ff34
fe90
fba3
02d7
04b9
ffaa
047e
0374
fab9
0ab7
fc0b
01ea
085b
fe47
fdd4
01db
0108
062e
f82c
f6fb
fcf7
0107
fbb6
ff52
fbcc
016a
fffe
f4f8
ffe3
008d
0bd1
fd16
fd93
fe56
05cd
02da
0ba1
030e
037a
04df
f620
fecd
fde6
06f1
0974
00de
0689
06f8
ff26
fb6c
f658
065a
f622
f6ae
fb7b
fd9b
0360
f96c
031e
0000
ffaf
fa94
fcd5
005c
0017
0468
fc42
f809
03e3
0134
efc9
fcd2
fd9e
ff71
f7cd
0379
0137
fa4d
f8ff
fdbb
fbe0
f966
fe96
010b
0260
01da
0117
0016
041b
f84f
fffe
02f1
ff4b
0138
fb2e
f703
fac1
046a
0d1e
ff94
041b
fa18
000f
fcda
04b3
fec4
02ae
00a1
06b5
f7ea
0c63
0473
fd05
09fe
0148
fc9a
051f
024c
03c5
fe40
fe80
028c
009b
00ee
ff78
00ec
02f2
fed4
fd0a
ff02
fb59
0536
072d
00d8
0612
0345
fceb
068c
fe9d
0721
0527
fe17
fc9a
024b
fea9
05ef
f48e
f794
feb0
fffe
fec9
0273
fb52
024c
0134
f803
0066
ffa3
04c1
fce4
fdb7
fcdf
0a76
03a6
0a15
0b8b
0264
0210
f2b9
fe84
fee2
06df
05d5
ff8d
0287
05f8
01cd
faab
f556
0bad
fa8b
f5bf
fd02
fc3b
0156
f6d6
0683
0116
0305
f69b
f6ba
fed4
fdbf
042b
fd85
fc96
024b
fea1
f2ce
fefe
000c
ff43
fafb
04bd
02bd
f738
f827
f78f
008c
f818
ffc9
ffaa
039a
0130
0269
02fa
059e
f571
fe6f
0395
fff6
0454
fbfd
f728
fa4e
02aa
07c6
f877
ffb7
faf0
00e9
fc3c
04ab
ff9d
0291
0008
05c9
00f9
ff40
088c
f9f8
ff76
0bd0
fde4
0694
ff13
042f
009b
f6dc
011b
fe77
fc53
0378
fd2e
0441
ff23
fcbf
0038
0227
03d6
051b
fccd
fe4b
00c5
fa9d
05c6
ff87
08a6
004c
fde6
f768
0424
fb00
05ee
f853
fbb0
f9df
fc64
ff11
ffa7
fb7e
0015
fd8f
fc4e
0021
fe9d
fb67
016b
0c8a
fc74
05f2
f895
07de
043a
fe8f
05d9
f511
0056
01db
03fa
01eb
096a
f9e4
094c
0178
fdc9
f7c2
0572
fcb5
f215
f594
fe14
0719
f526
06db
0105
ffeb
f91c
fbdb
012a
fbbd
04f8
fbd2
fb23
0559
fe5d
f77d
fb91
0169
feda
f892
0262
0521
fa5f
fe8d
f9f4
021f
f966
00b8
01ce
fedf
fee7
fec3
009b
0337
029c
feb0
0058
00e1
03f5
fb0f
f7fd
f857
018e
0aaf
0148
055f
fe9b
00fc
fea0
00c2
0317
03e9
fdbd
0238
00ab
fb46
0156
fbcc
fe88
09de
fb84
0393
fcef
0601
fd0f
f7b9
fe78
fd05
fc69
0214
fa84
038c
fce5
fd4d
fd11
04be
ff73
032b
ff0a
015c
035f
fe31
0210
fefb
044d
fc32
00a4
f21f
ffbd
fd4b
0764
f86b
fcd7
fc83
fbe0
05e5
ff1d
fb58
fed2
fa7e
fda3
ff7a
ffb7
ff6e
0262
0d37
ff09
01f4
f888
05a4
0713
fc72
0348
f736
fe72
0544
000a
01cb
0984
f78d
07eb
03b2
fc4a
f841
0245
fe4c
f4fe
f850
01e2
043b
f467
04d9
fff6
0306
fa86
fc42
fe37
fbef
03fc
ff01
fc9c
05e4
fd79
f5b3
f99e
00de
fcb2
f971
03af
0793
f8a5
00a0
f986
0098
f701
0276
078c
faef
fd04
fee7
fa9d
0252
04c5
ff7d
00f5
fb4d
fdba
faa2
f85f
fb31
0578
0b79
00b3
03f9
ffaa
ff36
fe6c
ff68
016a
0049
ff5f
02e6
0043
fe7e
fd1b
fd00
05d9
0817
fec5
04ea
0319
0416
00dc
f9b6
fb30
029d
fbf2
ff74
fc49
02d4
ff1d
fe21
fb6e
023c
064a
018b
fe8e
0391
02ad
ffb5
0140
ff3e
03ca
ffe7
fe34
f792
fda7
ff38
06af
fb71
fbb8
fd12
fc6d
026f
ff99
fe45
ff6f
0070
fa62
ffe0
013b
03bf
0003
05ee
fdbb
03a9
fb01
fda6
0ad6
f8c1
0247
f528
0113
036c
049f
043c
0125
fc40
09b9
027d
fd0c
f8a3
0c3b
ffbe
f664
f7fa
fdc0
05c7
f10a
06d4
fe70
033e
ff29
fb1d
fbfb
fc58
ff98
0312
fe54
ff1b
fb3f
f7e4
fcb3
fd8d
fc40
fd6b
00a5
072f
fb51
fa1c
fe1b
0064
f4fb
0150
02cc
fb99
fed9
facb
fd15
00fd
038d
ff6d
ff15
f8f9
ff3b
00b0
f648
fc07
052f
0cd5
ff53
fd40
fe4f
ff2f
ffd0
fcfb
03c8
fec2
fca1
01f1
015a
fcd9
fba0
f7ae
10df
03d3
fdec
080d
02cf
0327
fe24
f9b5
fbb8
0105
fa8e
ff41
00ad
0177
fec0
fc10
fcab
fa86
068f
0523
ff6b
0399
05fe
fce5
056e
0050
0148
011f
fb30
f9d8
fc5e
ff45
061c
fae7
fe1a
fe71
fea0
ffee
012d
fa3a
02bc
fe10
fc08
039f
ff9e
0615
fdbe
0725
fbbd
0b88
fa7f
ff35
0869
f8e1
01e0
f119
0113
049b
041f
0005
048d
fe22
08dd
fd98
00ca
fc69
093a
fcc2
f90c
f872
02aa
09cc
f000
042f
fca7
0022
0302
fdf2
f960
fb14
07cd
ff94
fc10
fc20
fbf2
f8a5
0194
fc4d
fdef
fb61
fe01
076c
fca0
f9cb
00af
0145
fa9b
0297
ffa4
f791
0164
f9f3
fc74
0236
00a8
02f6
fed8
fabb
036f
00d7
f245
fb41
0df7
0ec4
ffab
0013
fcd4
015a
fcff
030b
012b
fe96
f6f8
03b0
fd13
ff4a
01b9
fd26
0e04
07c1
fe36
069b
00ca
0004
0019
fdc8
0157
02e2
fc36
ff0b
0035
ff13
f851
fff6
fbe1
fa75
0352
034b
fc0e
0514
0730
0053
034c
00eb
03c0
0207
fde7
fd37
0208
0155
0ddd
f9bb
fd45
fff6
019f
fa63
00f7
ff04
0152
0010
fce8
026d
02b4
02ee
ff2c
054c
fc0d
0b41
fd57
fbda
0767
fb25
fe7f
f46f
fe1f
026f
05d3
ff3d
037e
fef6
087a
01c1
01f2
f752
0157
fcbe
f788
f8e3
ffac
0453
f7c4
0aab
0085
018f
fbcb
f9d1
fdcc
ff2d
0f11
0138
fe4a
fcf7
fd01
f8f0
fe89
fd9b
faee
fc60
005f
08ff
f7c3
fc1c
0049
02ce
fbdf
ffc1
0244
fd0b
fc51
fb28
fe8d
ff5d
fa6b
0471
ff81
fe74
0359
fe0e
f709
fcdc
0a51
1149
fd43
fdd8
fd33
fdf8
fa0d
0256
022e
0143
f8d8
0089
fd9e
fada
01d6
fdf8
0b37
0ab0
fbf2
0553
fdb1
0116
feec
fca5
05e5
0394
fcf4
fc20
00eb
00a0
f8ae
fb44
fda1
fa5a
0791
0022
fb4d
052a
02f1
feea
0775
045a
054a
058a
ff55
fb2a
0112
005f
0d8f
fa2f
ffaa
00f7
012e
fc56
025f
fe3a
0122
ffe4
fbc7
0315
ff48
044d
fd5d
0865
fb80
056c
fdef
0034
050e
fcb3
03f7
f76c
ff1c
ffa5
036d
fed8
0531
00fe
044f
ff4d
fc8a
fb76
fb0f
fb27
fadc
f99b
fe46
0783
f8bc
074e
ff9f
fe4c
fc97
fa98
006a
ff90
0e4e
fb52
face
0022
fcd9
f4e9
fd52
ff13
f988
f6bb
fe2a
081b
f4d5
fda7
fdde
0165
fb97
02b7
03ee
fb8a
f7f5
ffc9
fbb0
006a
fc57
039f
00eb
018c
01fb
fe8a
f71a
fc44
0712
0e2e
fffd
fddd
fc5c
fe2c
fb77
021d
024e
022d
0108
04a9
f85f
ff6d
0316
0394
1169
0970
0000
016e
0109
01f5
03e9
ff68
07e5
0361
fc75
ff6e
01b3
024e
f46d
ffbc
fe9d
f826
04d2
0194
fb93
05b7
ffe0
0368
0271
0333
ff28
0473
fdb0
fbe4
02c8
01af
0c7b
f977
f7ae
0177
00fb
02e4
fd14
0097
016b
021b
f99d
0491
053f
02f2
feca
025d
faca
0480
0263
0006
070c
0107
0348
f5b5
f90e
fe21
06a4
fece
04cb
01dc
0658
03aa
00e1
fa65
fd4a
fc67
f1e7
fcae
fcb4
00af
fdb8
0899
006b
0077
fc7d
fb43
0054
0440
104b
fe67
fe87
ff36
fbc2
f2e7
fe0c
01cd
f7bb
f850
ffc2
0559
f1c1
fcf5
fb2e
04ae
004a
0336
0666
032f
fdcf
ff82
008c
00f5
fbed
0404
01b4
fe19
0263
fcf7
f9b0
fc13
0328
0c7b
fa66
fff5
002a
0036
fa95
0343
03a8
ffa4
0310
0557
f6f4
037a
0492
03ac
1014
0045
fead
fde4
00e2
037e
0591
f6d9
0061
05c2
faba
faa6
feb3
fdf0
f35f
fd41
fa9a
f880
08f8
fda2
ff07
08ff
038a
0602
0733
012a
feff
0760
fd89
0342
0567
05ec
08ce
f7bf
f3ad
01e3
0307
fd2f
fe25
fd8f
024c
06db
fa3b
068d
026c
0ab3
fd11
044d
fed5
08e4
02a4
fe60
018a
f8e8
019b
f8d5
f5fc
fa7e
0617
0003
fd4b
00bc
06b1
006e
fd8b
f466
fdfd
fc66
f572
fb81
fa95
fd9e
f982
078f
02f5
069e
fbca
f6a6
0137
04a8
0774
0218
008a
0184
026f
f912
fb8b
fff3
f5a1
fbb2
0186
0215
f1a1
fbbe
fd07
03c6
029d
026c
06ce
ff15
f70b
fe22
03b8
001f
f40e
06a5
004b
0122
fec9
fa9e
f6cb
fbda
05d6
083c
f96c
04ea
fa30
ff1f
fbfd
0a7e
ff08
01de
fcfb
0790
f8f4
0224
052f
0035
0a4a
ff15
fe1e
0236
0163
04ba
00f2
f381
0548
04d6
fda4
fb36
fef6
fdcf
f505
f80c
fcf1
fdfa
0dd3
fd30
02c5
010f
0498
002c
09cb
0095
fdf0
04b4
fd18
ff08
03f6
02f8
0317
f693
f9f0
fe34
02c8
0202
018c
fac6
0324
04a0
f8ae
034b
ff0a
0adf
00c1
05ab
ffe0
066a
ff29
0448
05b9
f66e
069b
fbc5
f877
fddf
0385
06f7
fd05
fd6a
0775
01cd
ff8f
f595
fa78
f94d
f9be
f7da
fbd7
fd3f
f09e
05f3
0049
0169
f9e0
fac4
0173
ffc7
ff44
ff73
fcb1
01a6
027f
f9a0
fc7d
0132
f9e6
f9bf
ff45
0593
f38f
fa46
fea7
071d
ffc3
ffef
07c2
fd0e
fbb6
fd6e
ff3c
0034
fc90
0a78
0048
024d
fea2
fa36
f8b5
fc20
09f2
0639
f943
03b7
f8e0
02a5
fd31
06d5
fd2a
012a
fc6b
0701
f5e4
0823
08c3
04ef
0ab6
0ab1
fb4f
006e
014a
009c
ffc8
f976
0739
0854
fb19
f981
0189
fe47
f3f9
fd45
00b0
0064
0c75
ff0f
ffd0
01bd
fead
fca3
05e5
0516
020e
046e
01a6
fee4
0573
0748
05e3
f373
fb2c
fd71
0295
017b
fb1f
fe13
fff7
0848
fb21
0241
0307
0c6e
fe06
0516
01bf
02c3
0562
0127
023d
fc60
0696
f8c1
f55c
f9b7
047b
feba
036b
0003
04bb
05bc
ffb3
f3bc
fbf6
fc9e
f99d
f8b4
fc93
fa93
f7cf
06a3
0018
04dc
fa17
f91b
0515
03ef
048d
013a
fa38
fffb
026c
f6bb
fa43
05c9
f8b5
fb3d
ff15
03eb
f3fa
f943
fa2b
0816
fc09
06c2
02f0
00d6
032a
016b
0587
01c5
fb28
04e8
00df
fc65
0316
fd19
fd78
fa2e
0065
0a3c
f8fc
085c
f9bc
fb30
fefb
04ad
0023
0247
fe5c
0327
fc2e
06ce
0593
031f
0a1f
09a3
fc6e
fdfe
fe91
032a
003b
f7c1
043d
0784
f75d
fc4c
0095
feeb
f46b
f7f9
f9bb
01b0
0f06
ff72
ff0e
fe4a
01d0
fa09
08d1
0012
fd1e
0336
ffc7
fcbe
059f
fccd
048f
f3c5
fc1a
ff08
03a8
0a8c
fe3e
fc90
fe75
030c
f5a2
0262
fe21
1017
fbc0
08c1
ffa5
08e5
fefd
03ad
09b6
fc49
04d4
faab
f9d2
fdd4
060c
fe4f
0ae3
fcc8
036d
0490
039a
f76b
fd47
fbb8
fbc6
f4bc
f559
ff04
f7b3
0458
01dc
045e
fc36
fbd2
fec9
05ef
06be
015e
fb1d
01c1
01f5
f692
faf2
02cd
fab3
facc
feae
ff2f
f6ab
fccf
fbf5
06f6
fbae
0316
0635
ff1a
01de
0363
ff6f
fe4f
fc4a
087a
fc99
0235
01df
fc27
f978
fe3f
0b16
0ac7
f9f4
fec0
f487
fe0d
0020
07cf
fd62
0397
fe0b
052c
f936
0a88
0496
063a
1295
07c1
f5ad
fbb6
ff1e
0092
010f
f686
015d
05aa
f565
fe5c
0144
ffb3
f7d1
f876
fd21
fc3a
0bf8
fc86
001d
01fe
fe75
fe78
09a8
ff3a
fd1a
0758
ffde
fde6
049e
0036
07fb
f14c
fb06
00f7
0b71
03b5
feb2
00fe
fac7
06f3
f3c0
0636
ffd8
0d64
fafb
0533
ff81
05c1
0431
063c
064e
f942
049a
f94f
f8bd
fcca
0ac2
00bd
062f
04ca
04ae
06b1
0503
f723
fe06
fc3f
fd92
fddc
f6ab
fd5a
fdad
0711
0565
093c
f900
ff90
0135
089a
0209
0203
00e9
00c6
042e
f9c4
fbe4
03bc
fa95
fbd5
011b
fd39
ef34
f8d5
fd3f
056d
fdfb
024a
0132
0397
fe6a
07ca
0097
fc97
f8e0
0ad7
0103
020f
03de
fcd1
f950
fe4d
027d
0654
f841
fc8a
f3ef
fac2
fc37
0995
fc46
026c
ffab
0571
fad2
06f8
03f8
00aa
1093
07cc
f86c
fb08
00cc
03df
0114
faed
ff14
05df
f808
ffec
0093
005b
f6bc
f888
fa41
fa0d
0fcd
fe88
fd83
fe57
ff62
ff20
098a
039b
fea4
064a
fbda
fb57
00c0
ff9b
06d4
f976
f817
00b3
0287
0645
fd76
fea7
faa5
09b8
f687
097e
fe3f
09b2
ff63
0658
fcbc
0382
fe62
00f3
0e48
fc4a
02fd
fad1
fa05
020c
0816
03ac
0d2a
0422
0598
01b1
0474
f88a
ff37
fae9
ff75
fa5e
f9e1
0079
fc37
0adb
0269
05c9
fc55
ff28
ffab
067c
0307
02d7
fecc
00de
0477
f6ce
fc76
ff5f
fb80
fca0
0059
fd8f
f05c
fcb9
fa46
036e
fa14
0548
035c
055c
fd26
04ab
fc85
fd8c
f973
0b57
00b0
014b
0254
fd16
f552
005a
0534
0813
fb8f
fc8c
f493
fc0c
fa52
021a
fce7
02bb
050e
051b
fa29
09a3
001e
0373
0fdf
057e
f8bf
fad7
01eb
0094
00e6
fb56
fbad
07b6
fb34
002c
014d
0088
f1f6
fa33
fbdc
fa83
0666
fe55
015a
0248
015b
025f
09de
01bf
fe12
086c
01cd
014e
008d
020e
061a
f45b
f873
0266
0b83
fb92
fbab
ff90
fb95
0714
f3c4
0acb
feea
0e23
fe8f
025c
fc4a
01f8
0039
0304
071f
fa4e
038c
f8e0
f626
fb0f
0903
05ee
03e8
0560
07f3
034b
031f
f755
fe49
fc53
fc6c
fa4b
f406
fdf4
fc90
091d
0191
05ff
fbe7
fe68
ffce
07c6
0579
001c
02c0
ffe4
0482
f96f
fce5
fd04
fe02
fe7d
ffd0
fce4
ef94
fb5a
fee8
00ee
fa5a
0353
0278
050b
02c8
0261
ff85
fc14
f868
0c5b
020d
01b1
fde5
fdbb
fc3c
fdf0
021e
0602
fa19
fb51
f52e
fdb5
fe45
0910
fe96
026c
f89e
fdd2
ff2d
f8a0
fe7a
fca1
0238
00d7
01da
ff8b
faf6
03f9
f9eb
fe41
fb2c
0566
f651
06ee
ff2a
03f1
f59b
f9bb
0590
05dc
f99f
01ba
0093
f948
0654
032b
0639
fd0e
0484
0c98
fecc
0286
fa53
0921
0571
05f6
fc38
fd3c
fcc1
01db
fc58
0043
fef8
fdf1
fa8f
0460
f698
0e0e
048c
f8c0
f8b0
05d3
fe97
0a06
042e
fc74
0432
0313
0464
ff64
f3e8
fd52
fbd4
fd2c
0022
f6c8
fae3
048a
0393
fee9
ffe2
fa20
f927
075c
fcdb
00b4
0169
ff98
03ba
05c9
fd73
0014
010d
f9dc
f6e6
ffec
fc51
007f
0029
ffff
0005
ff7f
01ab
00aa
05a3
09ad
ff2e
0119
fb82
f806
0874
f6dc
ff20
0025
06a7
fb39
00e6
faa6
fd05
10ac
f82c
0637
fc08
004f
0a8b
030b
0984
fe55
fc02
fc28
fdba
07d5
fef2
0723
f9bb
07ae
ff69
f47c
fa26
fc5c
fac0
0888
fe26
02cc
00d7
0291
f9fa
032a
0798
0332
f900
01dc
002a
055f
f7f9
fa0c
0611
0386
f948
016d
fadd
f692
058a
ffb3
0107
ffe1
0558
0679
0040
ff6a
fbd8
03de
0ac7
11bf
fb88
006b
f8a9
026d
ff67
fea1
005a
f8c8
ffc8
ff01
fa5c
06c1
05ca
fa09
f3ca
084a
fd73
0c05
08b5
fe0f
01d9
00b2
1150
fe45
f92c
f9e8
00f9
fe7f
008e
fb18
010f
fe63
0622
fe8b
f6ac
f75c
fa23
0fcf
fddd
fdc0
fd15
004b
fe70
03ee
f8eb
fe63
ff2f
f985
f1ec
fee4
f879
facb
fe67
f5ef
fe0d
fefc
027b
02ee
0645
067b
fec7
ffe8
f779
ffce
041f
f2a6
0526
02b5
0585
fdd8
04cd
fc40
feb9
064c
fc9e
080d
ef86
ff6a
0a57
0a15
08df
fec7
fe1d
fd25
fdfd
0176
07ea
07d1
00f2
037b
fcaf
f5a6
fa5e
fca7
fed6
0a6a
fdbd
0162
00c9
02d1
fa27
0496
0167
0538
f734
051c
0096
05af
f8cf
f7d5
ff4f
03cd
fb88
feda
00d2
f5ed
05eb
0016
02bd
00b9
05c4
00cc
031f
fd9b
fab1
fefe
048e
0eff
fd91
01ef
f8ca
045c
fed9
fbe2
fffb
fb95
02d7
00a2
fc03
05eb
0746
f7bc
f586
0aa1
fe29
0a57
0a18
fa1c
0926
0316
0b42
fc80
fc59
fd15
fddc
03ff
ff08
fd7f
040a
fe81
18d6
0151
f364
fa88
f9af
0af7
ff7a
fcdb
ffd2
ffff
feeb
041b
f920
ff71
ff2f
fc98
f845
0565
fd20
f9c4
fd9a
f809
ff46
fc46
0203
fed0
0584
01c4
0095
0682
f94c
00c4
04a3
f921
0221
fe1f
0ba1
fe13
fb64
fd6c
f9c1
ff1f
fcb3
08d1
fb9c
0146
10a5
07e0
fd5b
017c
fb83
fc8f
fce2
0205
0492
0459
fdc4
0342
fee1
fb15
fb85
f95a
00a0
0631
001a
03aa
000b
06af
ffef
fee4
f8c2
02ad
fc40
097c
0270
0750
fcb4
f9fa
0067
02d7
fbcd
02e9
00fd
f853
0862
0308
0286
0041
06a1
fd54
02a7
0368
fe1d
fff0
01bc
0af4
fd05
fe4a
fea2
fe8c
fe99
fb92
fd44
f8ce
fdff
0565
fb08
07a0
06ef
f555
f6e2
0d34
fcfb
09ee
0583
fb30
04ce
0163
08a7
f6b1
f884
fbb8
fc6a
02a6
fe5a
f849
ff6e
016d
0e77
0083
f430
0070
fcdb
07b5
f5bb
fae6
009e
fcf0
0044
05b9
fbb9
00ab
fc26
fdfd
f6ca
08f6
fb64
f894
ff4a
fbf8
0117
fc2d
06ed
ff1f
0b2e
02ba
fe03
0104
f486
ff31
063f
fb9c
0270
fe00
0f9a
0024
f9af
fcce
fba1
fe3f
fcc1
064c
fce8
ff51
0d8f
092c
0181
036e
fa8a
fc84
fdac
003e
02ad
02be
fcef
05f9
fd96
01f3
0215
fe18
02e5
0326
fea1
020c
015f
07d6
fbe4
fc61
fd0c
075b
fc27
038c
0285
0407
facc
fc90
fa23
0113
fd6a
fc2b
0589
fa16
082e
0c29
02cd
fef2
06d6
02d6
00cd
0405
fd9f
ff07
fe49
04fe
f944
ff8e
fee1
fb5c
fecc
fe31
0182
ffbe
fcb7
0073
fd8a
0589
01bc
f09e
f94d
0b98
02a6
07bd
fdc8
fbc2
01a0
fe73
ffcc
f751
fb69
038c
f9a4
0b42
0168
fb69
fdeb
fe98
0ed3
ff69
fc18
013e
f5a1
003a
f632
03a3
0801
0379
fc6c
fd2a
022e
054d
fdfb
fddb
fd02
08ed
fe52
fb88
fbe0
ffcd
0008
fa6c
0206
f777
017c
fe99
00fe
fbf2
f95b
fc77
034a
0541
0231
0038
0e41
fcc7
f59e
ff50
0201
fee3
f9d4
fb76
0404
ff34
019c
0977
fd77
046a
fd5c
f54c
fcf8
feae
0144
0364
01e0
08f8
fc78
fa7e
ffcf
fb97
0159
fdf6
0301
ffcc
0168
0b27
fffd
fd60
f6a5
0790
0169
002e
fd12
0064
faaa
f91d
fb33
0269
0278
fa63
0d7d
ff5e
0d85
08d3
0429
fb68
0580
083f
ffa4
01c3
fbdc
07ba
fd15
05e5
fbd7
fea9
fd4f
0092
fb8f
fea3
fea0
ff3a
fe77
0649
fdec
03c4
083f
eed2
f6b8
0c1c
03f2
0708
0c8e
ff88
0004
fbea
05cd
f764
faf1
03f8
f3a3
056c
0273
fa4a
fdca
0150
1223
fbe2
fd5d
07cf
f01f
01a0
f50a
06c2
0acf
0410
fb65
fde4
ff3e
05be
fb6e
ff77
fd84
09c7
f884
fd0e
f898
fe04
fc12
fbb2
040b
fa3e
042a
050e
fad1
f8a7
fc0a
fc19
fdea
01e6
0084
fe84
1017
fb25
f2ff
fe87
055c
01cb
fbb4
fc06
fc37
ff7f
059f
0322
f9b0
f89e
fe9a
f4b7
fccc
0741
058b
068d
fe81
06ba
fd03
f65e
03c7
fddf
fd72
00d9
000c
ff30
00f5
06c1
0133
f226
f6c5
047f
05cc
fc63
fe48
01bd
faf5
f742
fc93
0b46
f812
fbb3
04cf
f98f
087e
0dca
08ca
fd9e
0507
0432
0083
00d2
fddc
0307
0329
03ba
f8bc
fabe
ff3d
fe20
fe32
fd77
000e
fafa
fa94
0696
fcfd
0094
0877
f788
fa9d
0888
0146
04bc
03d0
f943
02d6
ffcf
0363
fcfa
f6fb
fdf3
f9ff
fe73
01e9
fd77
ff19
fa99
1034
fe1a
01bb
03fa
f599
0268
ebac
07aa
0a0e
02bb
f8ba
f9b0
fc3f
02de
f82c
0030
fcd3
0e12
fca7
0156
f88b
033e
faf1
fa53
0534
fbf5
0594
06d3
f8c0
f8ca
fbaa
fb7b
0239
0216
fd31
fd20
0d4c
fb90
fa10
00c1
01eb
0087
fbaa
fbaa
fb54
fed0
0318
00fc
fec1
0069
fdcb
f7c0
fff7
00a6
034d
0671
fe5b
01fd
ff4b
f3f9
fc4c
fa8c
fae4
0350
fe5a
fd8d
fe35
068c
fa02
f769
fa02
0303
023a
fb6a
fcf5
028e
f878
fa6b
fc5c
089e
fe84
fb81
0728
fc4a
06c2
0601
0076
00a9
03df
fe41
ff2a
fb82
fb5c
ff8c
03e7
0883
fe82
fe01
fb49
ff0a
fd61
ff63
fbd0
f61f
0369
017a
fdc8
00a3
0ac9
008d
faa1
ffef
fc2a
034e
0339
f7a0
fe5b
ffcb
0015
fe34
f44f
fef0
fbbe
fb4f
0046
fcc3
fe9f
fb48
1025
04a4
f9e3
0032
f962
015b
f919
0101
0678
0382
fba0
fc1b
ff4a
0474
0068
04c3
ffd7
0a88
fbe7
fccc
f9d7
00f4
f9da
fa58
00da
ffc3
0708
08f7
fa42
ff20
f7d0
fec9
0b27
fe6d
00db
f9a3
0799
fb29
fecc
fdca
fcd6
f8b7
f300
f802
0029
02f2
027d
043b
fee6
025e
ff30
f9c7
ff8f
fe45
0472
ff84
fd5e
038a
fe4a
f5fa
f254
f9dc
fe4f
05bc
ff18
feef
019a
03fd
fed3
fdef
f86c
07f2
fd4a
fce8
fc2c
ff81
fb92
fc16
fadc
0706
0d1e
f99a
0674
ff45
06cc
0345
0251
01a3
05ff
0546
fdba
0103
faf2
0394
0385
0af1
0013
fc2c
fc1c
fa7d
fdf0
fd8e
fdd9
f6c7
0156
02d7
ff11
0383
0aaf
f6c2
faca
0275
ffa6
ffbb
0430
f7a5
fbaf
f845
01fb
fb73
f715
ff45
f5dd
02d3
0443
fb22
fbe9
fd0d
134e
02e5
f729
fd46
f77e
0647
f91e
02c5
0380
05f5
f7f6
f71d
010a
014d
fd82
02d2
fe9f
02de
fb2e
fccc
faac
fb85
f8e6
fd42
fddd
ff32
0adb
058f
f9be
006d
f427
020b
0766
faa8
0004
f5a0
066d
fb7e
0007
ff02
f7c9
f85b
fb17
00ca
f6b3
001d
06e3
0847
042b
ffd5
fd06
fc52
010f
fe8c
054f
ff98
f9cd
0332
ff0a
f347
f5e1
f9df
0715
fd27
000b
0404
01e1
ff25
fac7
f41d
f08e
01e5
0356
f874
0375
0319
fd3d
f8b1
004c
0572
031f
fdfc
04b6
fd24
0b28
0539
0462
02b9
00c9
06a9
003e
03b2
f9f9
0241
02fa
0a04
fc6c
ff32
0300
fa1b
021c
fe12
014d
f5c7
fc23
0647
fbfd
02ae
0b5c
f7fa
faef
086e
feb9
fef7
01ec
f166
fed3
fc0c
0322
0148
f3f3
0660
f59c
0517
0593
f50a
fd33
008c
19d7
01eb
f700
feb2
fbdf
0868
ef3e
00cc
01c3
029e
00ce
f8a5
feb2
ff93
fa94
fe48
fdfd
014c
fb09
053b
ffa2
fedb
fe82
011b
fc96
028c
10c8
02de
ffc2
019d
f531
0094
0642
fdf6
0284
f37f
0301
fd7e
ffcf
ff03
fd59
f8b2
f911
0252
fe5c
fb42
0c89
04d2
00d0
0200
fb97
fd4e
022b
fe1d
0501
ff12
fa85
fe78
fc19
f4f0
f4fc
fe83
070b
00f8
ff50
0235
0231
fe27
fd30
fa30
f5c0
0464
07f8
f85c
0520
017d
fc1a
fbce
ffe4
ff6a
fa88
fed3
0451
0396
07c1
083c
059d
00d4
ffcf
0abc
0098
090e
fe4e
09d4
0707
0a43
ff2f
fbd1
05f2
f6ce
00db
02d9
fe48
fc5a
f6c4
028a
00d6
0761
067e
f530
fd7e
0959
ffa3
fd6c
0503
f550
fd5d
fb88
fe9c
fb1c
f603
fc0a
f502
04d5
0474
f406
fe58
faed
10ac
fdbf
fed9
047a
fa1f
08ff
f5d9
0432
02f0
0238
fc12
f967
0091
0252
02f1
fde7
fce2
052d
005c
0771
ffc1
fc11
fcff
f8aa
fc38
01e2
0bc5
ffc3
0425
ff71
f678
fe63
03c6
fa01
fc5f
fa81
036c
fdc0
fa67
0147
0011
feca
f7c1
04f1
fc50
00c7
0c03
06a6
00a4
027b
fad8
fd3b
01ed
0194
0554
ff64
f2cd
fdcf
f851
f69a
f9be
0230
04da
058f
fc5a
03fe
fda5
0232
faa2
f841
f871
06db
0aaa
f3c6
0263
0259
fb36
f947
00df
037d
febe
fc66
0807
0328
0c6c
0674
ff93
0648
ffc1
0889
0051
08c7
fdb9
087a
0833
05b1
0491
fc38
0711
f67a
01bb
005e
fcb8
fde3
f7f2
0142
0119
08f7
03e3
f8db
fc58
05ba
04d6
008b
01a4
f3c7
fd92
fc93
fe5a
fd07
f544
01bd
f6aa
0436
006e
f3d1
f8ea
fc56
0a33
ff51
ff0d
ff0d
faea
081b
f3c1
0344
04ab
04ff
f801
f734
039b
0738
04a1
fc4e
fb42
02e1
0047
0162
fe6b
fdb0
fa25
f7a7
f7e9
03eb
03f4
ffce
00fc
0154
f9b0
fd38
0855
f766
f3a5
fa35
fe98
ff95
fb6c
00bf
015c
faaa
fc20
00ea
fb9d
fe33
086d
071c
ff76
05c6
fa9b
fa0b
002f
fd8e
03f8
021d
fe7d
fedf
f78e
f3e5
f2d0
fdf6
0615
061d
ffe0
0505
fe7f
076d
fcc0
fd95
fbe9
04a0
04b9
f2d2
0536
03ec
fb46
fb91
00dd
0291
0306
01e5
053f
01f8
03b1
0703
03c5
03b9
022b
07c5
fc35
0716
fe92
0351
0663
0aea
0012
fd82
ffe8
020a
fd80
03c1
fb7c
f841
fe5f
08a8
ff6f
0580
092e
f6bd
f70a
ff35
02c5
fe71
069b
f62d
fecb
ff1d
042f
fa1c
f770
fba4
faa3
035e
020d
f782
fdac
fd5a
05d9
0375
f633
ff9d
fe48
06fd
fbf2
02b6
0168
02cd
fa87
fa80
f4c2
068b
0543
f954
f993
ffa1
f9f7
049d
0147
fa3e
f9cf
f7f5
fb0b
03b1
08e4
0367
ff9c
022e
f708
043a
06d6
f73c
ffed
fc29
032f
ff6b
f5f1
fb49
0270
fc86
f95f
048c
f655
028b
0d3f
0794
fc2e
046c
fa36
fc89
01af
fdce
0924
fffb
00b0
0127
f979
f53b
f107
00fa
0457
013b
fff0
009b
ff16
07b7
fe99
f563
fc36
0627
ffbe
f21a
024e
00a9
fbdc
fae4
fd16
02e4
030d
ff00
046b
0136
036e
0c07
028f
05a1
040c
066e
fc92
08cf
fe99
09b1
0006
0bf1
fd9c
fb5b
026c
016b
fc7b
0057
fac7
fc41
fd95
0578
00a7
0b6b
071a
f7a2
fb08
026d
00e2
fd05
065c
f174
04f4
fff1
fdd2
f5a7
f445
fbca
fa5a
0549
0250
f74b
fbd1
f9c4
0515
00a5
f904
00dc
fd87
094f
fcfd
feb5
0286
063f
fbac
faf6
f507
086c
ff84
fc86
fac0
012f
fe44
0603
011e
f9ae
f8c3
f976
fc39
028d
05e2
0017
0066
0621
f9d0
01d9
051d
f566
fa71
fc1f
03d1
0297
f995
fcbd
00d4
fed3
f67a
0534
f4e8
01ae
10e9
05e0
fc69
0970
f881
0108
0065
079d
0321
fc91
fb46
0457
f67f
fba2
f7cd
0386
0505
ff17
00c8
ff41
02c6
0216
fff6
f780
ffca
06b5
f843
f418
01d0
feb2
fbbe
f96c
fc3b
0000
0af0
fdf2
063c
fa2f
0281
04e5
06f9
026a
004a
05e5
ff79
0c49
fbc0
09ea
0094
07bd
fd0e
fd7c
015f
033b
fd8a
fe97
fe9c
fe2c
fa36
ff55
03f3
07ae
06fe
f7ce
004c
fe5e
fff6
00ba
053a
f213
0572
fdc0
fc1d
f2c7
f62c
fe64
f96e
03aa
037f
fb36
fcb1
f529
07e8
fef4
fb67
fdbc
ff83
ffbe
f440
fe41
0012
00a9
fb15
f9e2
fe8c
055b
fc66
ff70
fda4
01ba
0172
02bf
ff9f
fdfa
f9e4
f7c5
fcb1
038b
04bd
fc78
00a4
07dd
f836
03fd
0786
fbf9
01e6
fcb7
028f
00c1
f86c
ffa8
fc6c
fae6
f482
04ad
fd6b
fef0
090a
0305
fbdd
0bbb
f9b5
00ed
010f
0531
04f1
fd75
f981
007e
f881
fb7f
fa3b
03fc
0063
08ef
fc9a
0280
fdef
03d2
fc70
fb72
0676
08f8
f416
f243
05a0
fe84
fd9a
f963
ff38
087c
0b20
fe41
0426
fe64
03b3
0021
0213
04e8
04c8
0218
fac1
02d3
fea9
0886
ff63
06f3
017d
f800
004c
06bd
fbf2
0254
fc49
ff5c
00bc
fc60
ff67
0b73
04e9
fd24
037a
fc7c
0105
0200
0b5a
f384
0759
ff4f
fdb8
f5d7
f15d
f6ed
03ee
0054
ff45
fb85
fd60
f775
fd3b
0231
fc9c
fb46
0041
0678
faa9
fc42
ff92
004b
fd17
fbb5
f7e6
0533
075b
fdea
f969
00e6
fdda
fda2
00c0
01cd
f993
f642
fa58
0354
08c2
027b
fe7c
0bf9
f480
0770
0788
f83e
0229
ff4d
fe1f
ff7d
fd12
fc92
fc54
fbf0
fc6c
0ac3
fc23
fd3b
0770
0717
fe56
0d36
f739
fb05
03e8
030f
08a6
ff51
f9ad
fe50
fb7e
fff9
f83d
0015
03b0
0333
f9ee
0016
fde9
0939
fa3b
fa1d
fda7
05e6
f718
f36e
06f0
febc
fd83
f7cb
ff46
0726
020a
fdf6
0459
006c
034f
faa5
066b
01e3
0068
04ee
fc55
06a3
fca3
057e
03a0
07d9
000e
fd82
0588
0491
fc6d
00fe
fcd5
fe1a
f949
ff6f
012a
0f12
0606
f96e
ff8d
fee2
0004
0400
05a0
f08f
03f5
007a
0105
f50c
f9fc
fbc8
ff45
072c
0367
fbde
ff41
f97a
03e9
0382
f907
fcba
f561
03e5
f752
fc24
0181
fed8
fc86
fd7a
fb13
0b3d
0522
004a
fd07
ff20
fee5
0053
ff62
007b
f829
f5c1
f8f9
0154
0905
02b1
fe52
0925
f7ab
022e
06a1
fd0e
010b
fcf6
00a4
fca6
f926
ff3d
fd83
fe8d
fa56
0657
fec1
06d8
06a6
06a0
ff4e
0c4c
f2a6
ff7a
0482
ff95
07d9
fd31
f79c
f906
00ce
f5c0
f545
fe9e
008a
0cc2
f607
0172
fcd1
08ff
f4a6
00ba
0508
051a
f133
f51d
0a49
011c
010b
f4c1
0124
0aa7
0753
ff89
0128
ff18
009a
fb80
0119
0335
0227
040f
fbfd
ff9d
f7e3
029e
ff14
1154
0340
fcf3
060b
092e
00ea
ff14
f5af
fc4f
fb05
ff8d
fc2f
077b
0b13
ffb1
fb00
f664
0020
021f
0aaa
f0a7
03e3
06d7
065b
f879
f56a
f7e2
042f
0644
03ce
f4ad
02b1
fd2e
fc2c
08df
f55c
fb2d
fcaa
0c56
014d
f72f
fff3
fcf2
ffeb
05aa
f5a5
08c0
03c9
fbca
f82a
fd79
fe3e
fcec
0246
f812
f615
f2d7
fa36
0287
1019
061e
00b7
0630
efb8
08be
084c
f643
04c3
fdff
fac5
0097
0247
ffab
fe32
fe83
f69d
0302
f5c5
0718
0b7c
0904
0692
0413
f098
01ff
06f9
fdd3
0bea
fc62
f59f
faa6
fee6
fa4e
f6b3
fc1e
024c
0ab1
f5e8
0234
fc8d
0877
f8bf
ff70
fe97
0825
f3ec
f5a8
02ea
003e
f892
f48a
fecf
07f2
05f1
0064
002b
036e
03bf
ff5a
02b8
0569
0055
07c9
f972
fd5a
f8a8
02f5
fe36
109e
ff7e
fd88
010b
0800
fc1d
021f
f80d
fef3
ff99
02e8
fcb8
0626
0c2f
fa96
fee9
fc86
0292
fdd4
0c3b
f383
03f9
05fe
04e4
f536
f2b1
fac1
0799
0536
029d
f71c
00f7
fc3f
0019
0245
f57a
fb26
fa63
0bba
0097
fc86
0289
fed8
017a
020a
f65c
08ed
04dd
fd56
fbb8
fc7b
fb9d
fbfa
0097
f7e2
f99b
f811
fab4
ff88
0afa
0776
febd
059e
f9bc
0587
0599
fa8a
fddb
fe09
f988
fb34
fc07
0006
026e
ff7d
f631
0544
f29d
03e8
0b0b
0bde
0501
0694
f1f4
fcbd
023c
fcf6
0bef
0077
fb56
f95b
0411
f9bd
f444
fb0a
0100
0134
f91a
0191
feef
0930
f847
fe35
f5bf
03c4
faed
fbc3
089f
00a7
f7dc
f604
00f4
0834
fa43
01d1
030c
00f4
0485
04f0
01a2
069d
fe1b
05be
fce3
0453
f816
0216
fea0
1004
fe86
ff4f
0562
0506
fd27
fea4
f7c4
fae7
fc45
0900
fd38
083d
0c41
f9e1
fb90
fb3e
fcfe
0215
0eb2
eed2
0485
0496
06c6
f8d0
f816
00b9
fdb0
058d
0765
f616
021d
ff97
0193
063c
fb68
fb73
f5b1
0eb1
00bb
fd2d
0059
ff7e
031a
03de
f182
086d
0093
fa5e
f924
fe9b
f7c8
0279
ff1b
f231
fed6
f617
f738
fed3
10f8
0664
fd61
07c4
f156
058d
01b8
f7e7
06f9
f9c1
f927
fe19
fd7f
03f4
fe91
0aa9
ef01
0558
fb16
0749
0742
0466
0393
0794
f36f
fd4d
048b
fef3
0bd9
fe1c
eff2
00e0
fd42
f7c7
0018
0158
fec6
15ce
01c1
08f3
fd80
fc34
fa6f
05a8
0dc0
02a7
f662
0996
0218
082b
faa7
fe0f
043e
fdb1
106b
04df
fb07
fc72
0248
f646
0b5c
0051
0a36
0a24
fb0b
f8af
fed9
f6b1
0601
f398
014f
fd16
f578
078b
ff39
fe95
01bf
fe52
ffe8
f5f2
fe1f
ff85
fd27
06fe
f468
fb5d
fe66
0b3f
0316
02a2
0508
fe17
ffd6
016a
fd30
00d1
044d
fcf2
fe96
fccf
fcce
0011
f63e
02c7
ef1e
f1f2
073d
0203
090a
ff64
fa37
03f7
f83c
fa7f
ff91
fe39
0907
fd4d
f90a
f670
fb5d
e57a
011c
fa74
fbaa
ff70
019c
0c2c
fc69
04cd
027f
0894
f9c8
0283
0784
f77f
02b2
026e
008b
019b
fcf3
019a
fdc7
0aaa
0784
0183
f643
fa32
ffdc
0c02
0468
0217
fb72
00b3
002f
066e
0102
025a
f3dd
07fa
fe29
faad
0053
fefc
fa05
0fd2
ffc2
0789
fe7d
0179
fad3
06e8
0b27
05f1
fa23
0911
00bb
0839
f9f6
0062
04ee
fa3b
05f2
0499
fbdf
fd4a
0151
fa46
0b15
fd19
06fb
0c06
fecc
fa6d
ff02
fcc7
078a
fa30
ff4d
fe67
fba2
01ff
fbb3
01f6
003d
fd4d
faac
f848
0182
0747
fe6f
031c
f63e
fc83
032f
0bf0
069e
ff6b
0484
fcf7
060a
fdb2
04cf
fd0d
04d2
01ed
fdf6
0076
ff8e
fde5
f6f4
00f8
ec48
f378
0083
071b
040e
ff5e
fe00
0861
fa38
facc
fb13
fbeb
02d7
ffcb
f875
fa92
f9d0
eb1f
fb66
f71a
f69b
fd23
0151
08b2
fb20
007e
fbfb
013c
fec2
00f1
ffe4
f385
01f5
0ca4
0220
ff83
fbae
0693
0158
1196
0666
ffdc
efc9
f8bb
049a
0c9c
041a
0637
fda8
fc9f
fca1
0322
078e
054e
fb98
0b76
fa8b
005d
01b3
ff76
fefe
1103
fec6
02c6
fdca
ff26
fb5b
066d
0866
0436
fe14
0611
ff18
05eb
fbcf
fdf9
fd0e
fbd1
06d6
0338
fb71
f9db
ffc1
fc33
0d15
ff2f
0620
08b7
0009
fd97
fff1
fbf7
04c7
fa78
fde9
01b8
fb62
ff39
fc13
0094
0239
fd34
f882
fac8
0416
09a4
031c
feba
f569
0537
fe48
08fc
02ce
fd38
051d
f97b
0375
fea0
06bb
02bf
ffc4
0843
0235
0501
02a8
fb46
08ad
f99d
f1cf
f22c
ffa0
0493
03a8
026c
ff89
06c3
facc
fc90
00c1
fc1a
03f7
011a
fbfb
fd6a
ff4a
edb7
fcb7
f8b7
fbe5
fe18
0159
0378
fb4d
feba
0215
07d4
fbb1
0636
0118
fc0e
fed2
0733
0364
ffee
f754
070c
fa33
08a3
02b3
0260
fb4b
f78c
0577
1044
037b
02d9
fd90
0095
fa8f
074f
00cb
02bd
fe60
07c3
fb63
0067
07ad
fbf7
ff19
1316
fff9
070c
ff74
ff4e
f671
04e7
02e6
fd7f
fe4b
05fa
02de
0a37
fc2a
fc47
fee4
ff4a
070d
06ab
033d
fb71
0337
f8c5
0471
01e3
0343
fa3b
fdaa
fa2b
0228
f8f6
0574
f9d1
fc6b
0177
ffa7
ff00
fd05
fda4
ff4d
f884
fb1f
fd6e
ff13
087b
ffa2
0350
f585
fc81
fd3b
08cc
04df
ff88
019f
fb38
03b7
fd9b
053b
00aa
0213
0074
01fa
00a7
ff22
f865
0085
fe3b
ed09
f462
0048
0217
ff90
0129
fc9c
050d
f68f
fa4b
feec
f8e8
0469
ff55
f890
fbcf
fb75
eb56
0244
fa63
01f7
fb4d
0118
08a8
fdbc
fe95
0190
0743
f6eb
05bc
06be
fe11
0614
ff08
00d6
0137
fa7d
ffe1
fe11
04f0
0796
0177
fb42
f5e3
0365
125a
01eb
03cc
fdb6
0250
fead
0044
fed2
fed1
faeb
0921
fea1
fdd4
039d
f881
000d
0636
fed7
0a13
ff6e
01f8
f5e2
fb7d
fe1a
fd29
fd69
04b6
065a
0cb6
ff97
f9b9
fd6d
029c
0896
052a
0572
020c
07e6
f84b
0868
015d
ffc6
fc3a
f9b4
ffa2
fc86
fb9b
02d6
f95c
fa05
fadf
024e
f907
fb75
fdde
01a4
f9f8
f37a
fc84
fce8
09f2
0393
fc4e
fd4e
febc
fdae
0a20
00b6
fb2c
0356
fbfd
0519
059c
057d
0a83
fa52
0826
0a6c
fedc
fa48
fa36
03af
fc17
f39d
fa63
00f6
ff84
f6df
02f9
fe22
033e
f78f
fa92
ff2a
f9b1
0168
fcef
fdca
02ba
fc9a
f3d1
0407
f7f7
02be
fd9d
003e
0763
00ef
fa5e
0482
03dd
f1d3
067a
0378
fc5b
fefa
0306
fbfe
0695
007e
fdc6
fe78
040e
0322
fe83
f97c
f5a6
03b9
0cda
ff42
0bf8
faca
017b
ff39
0081
fc94
fe8b
fd04
07c4
fc1a
fb2a
0737
fab6
0139
0ea7
00a4
0525
fdd5
0449
004e
fc92
ff20
fdb7
0218
004c
03c1
07b0
fea4
f844
fccc
ff1e
102e
0420
0281
0398
05b7
f9ce
0c2c
fece
0507
0538
fa03
fd75
fef3
f4b6
0559
f802
fc0c
ff3c
fe37
0005
ff24
fe32
0118
fc0e
fca7
fa97
fbf8
02a3
0237
fcd6
f704
0075
fa01
0b25
09a2
fa98
030e
f969
051d
034e
04c1
07d1
fe8f
042c
06a9
fdd7
fac9
fdb5
02d2
fc97
f4bf
fb39
fdca
fee1
f47f
0646
0058
05c8
f6f8
f8cb
fbce
fccd
0497
fd0f
ff97
02ec
fcea
eedb
00c9
fa3d
fe18
feff
0439
049c
fc06
01ac
ff24
0345
f3a8
0655
0561
fee9
07d8
0001
fc90
049f
fe5e
fc0a
ff14
031a
03f7
fea0
f918
f847
05a1
0a24
f853
054f
fc0f
0132
fdbd
03c2
fe9b
ff23
f768
024c
fe58
fa13
075f
fcb8
fa57
09ad
ffe6
0858
fb63
041c
03b2
eefe
fb0d
fdd7
0477
fdcc
fbaf
0450
03a0
f6b4
f95d
02ba
0441
03af
025b
0125
0d67
fca2
0b81
fa4c
fbd9
0230
ffa9
0174
fc77
f8c0
074a
f89d
fb0d
fc4b
0120
f4bc
fc2c
fc50
07f1
fe36
f6e6
0478
010e
019e
018c
039f
fa93
09c4
f707
06fa
026b
f38e
046c
fb6d
ff94
fe8f
03cb
0786
018f
fd95
03ba
01c8
fc9c
fbbb
fde0
f70f
00ee
fc6f
fd41
02a7
e6f9
09a9
025d
048d
f826
f865
fc43
fb5c
fecf
fd59
fea8
0310
fe44
f22f
fe90
ff96
fe6e
fd02
06a5
0504
fc24
012c
0451
032e
f71f
0283
0068
f9ff
fad8
fe2d
012e
ff85
ffd5
0207
04bc
01aa
04e3
fbd5
f8bd
fba3
0672
0618
fa97
0258
fa53
fdec
00f4
021b
fe21
037f
fca7
fb04
0572
f833
0245
fa30
f874
10cc
00b8
082d
f89a
091e
fed4
f614
fdb2
fc48
fc3a
0577
fcf3
0281
fda0
f7c1
fbe8
0223
0b11
0347
fdca
fde5
0a45
f872
00ec
fd2e
01e3
fd3d
fdfa
f70b
f847
f0a0
07aa
fd68
02be
fd98
fb34
02e8
fc3c
ff2c
030b
fd10
ff7c
015b
fff7
0140
0384
0971
faed
0695
f403
048c
0736
f645
0440
ffc8
fe76
05c9
016e
05cd
0632
fb5b
034c
0091
f956
ffb5
faac
ff6b
f5b3
fa89
ffd7
02eb
f25d
03c8
017d
0158
0098
0078
fa38
fabd
0c00
0308
ff68
0095
fbf1
f63e
00a0
f9d5
fc2b
fb7d
00d4
0826
fe3a
0782
0208
0177
f727
0610
0784
f581
0129
fa2a
fe38
ff5d
00cf
0108
0248
fd87
fda4
fe39
f5c7
015f
09db
0d81
fb0a
049a
fdc3
fe16
feaf
ffce
0251
00db
0026
fd28
02a4
fabc
fd4e
f99a
fff1
0afb
00b2
0992
ff21
026f
0210
f945
f679
fda6
f876
056a
00e7
ff4b
015c
fbfa
fa1d
f994
0d3f
02dc
0178
0a1e
0603
f941
0796
fcdc
ffca
0246
fabd
ff89
f7b1
fa2c
0e21
faf0
fd72
fe60
fc9a
fd37
fae4
ff26
09f0
ff1e
fda4
02f7
03dc
0297
fe56
fb01
fa73
0569
fb58
fec1
0977
f2f5
0222
f736
ff41
01d7
0747
038a
fcd0
03c9
07b2
00be
f9fc
0098
fca4
fe57
f875
ff9e
ff58
0088
f550
0667
fff2
0611
fed6
fefc
f913
f85e
0770
04e1
020a
fdf0
f8f4
f73a
01b0
f620
fb12
00ed
006f
064e
fccb
0259
04bf
0052
f71c
0222
0543
f557
fffe
f9d6
fd26
fed1
0028
01eb
0038
f754
03b4
020f
ed6f
fe87
06a9
0d68
fbe9
0108
fb97
00ec
fdf1
050d
0218
0173
fe9b
fdd9
0026
f730
ff5b
fb8c
03d2
09fb
0213
06e1
fe96
033e
0199
f5d5
fb46
ffde
f86c
0300
fef9
006a
0085
fc07
fa73
f9c3
0b9c
00b0
01d9
0aa4
09f4
fd87
0b4d
f6f9
fe05
0541
fa2a
ff6e
fb6f
f8d2
0843
fd73
0007
0029
004c
02c0
f9cf
fcc6
0a5c
0161
ffb5
03f1
04c8
02a3
fdf6
03ce
fa6c
0702
f920
fc8e
05ee
f5f5
0059
fd25
fdb2
053f
0763
0183
fdfa
0247
0146
fff3
fb86
ffdf
fd5b
0008
f493
0133
fe48
044f
f570
05bd
fefb
0846
fff2
fd24
fb8f
f9be
0838
03ae
04e3
fe83
fd3d
ffda
0310
f7d1
fc64
ff38
0468
04a2
fbd1
0062
041a
fe61
fcf1
ff13
0483
f851
0019
f9f4
fe05
faca
fdef
055a
006f
01f4
01b5
0197
f391
ff9c
0706
0b2d
f779
fe79
fc54
fdf4
fd1a
0683
ffd4
016d
03a1
ff4c
0167
f9fb
012e
0398
0008
11ef
018f
07a5
fda9
01d3
ff35
ff2b
fad2
ffbb
fdbf
003b
0403
fb20
fc7c
fbde
f7cf
fa01
0946
02d7
fee6
1185
0bb4
ff9c
08a8
fbf3
fb92
0923
fd5f
02c7
fe59
f721
0832
f7ac
0001
fc47
0222
fc84
faab
0376
04da
0279
ff3e
0476
054a
0642
fcdc
0258
010e
03f6
fd2e
fb80
0024
fa3f
02ce
fb6a
fe62
000c
0a0a
0192
fec0
068b
0354
0322
fe33
ffcd
fe9b
fcfe
fa83
0173
fcde
0411
fbff
0a7c
01f0
0911
fc55
fadd
f99b
fd9e
0e75
fff7
00bc
0056
fbdd
fbea
044a
f6e8
fa7e
faf1
00b7
0594
f810
fde7
0371
fa7f
fbf8
ff97
045a
f372
fbf2
007b
fd44
fed1
f747
0580
0301
0068
028c
fe48
f057
ff88
0839
1080
f990
f889
f88f
fce8
ff5f
05fc
01f4
01ca
fcd9
fc3a
fe57
f9ad
0443
fe10
ff32
142a
fe35
06f9
fbe7
0204
fc7e
016f
0011
ff28
fff9
fd5d
03d9
fd6b
fe07
f426
fae2
fc81
0a76
012e
02fd
0aaa
0c9f
f9cb
0041
ffdb
004a
061f
ff23
0226
fc9a
f91e
07cf
f91e
0298
fe83
0252
fed1
fe47
025c
0150
fdc9
0016
08bf
0044
0615
fd43
06f0
fc1d
fd8a
fe0a
fa6b
0012
f7ab
03d1
fe2c
ffcd
fffc
08c4
08fd
01a9
082a
00ce
fdc6
f922
004e
f7c3
fc80
faaa
fef4
fb5b
08c2
f427
066d
0053
084f
fe04
fa46
fdb6
005f
09a5
fdb3
fcb6
ff46
fc04
f8fb
011c
f79f
f7b1
f8dd
001c
059e
fe87
0051
01f1
fd87
f8cb
04c9
06aa
f45e
fa10
020b
f92d
029e
fd1e
05b1
046a
004d
ff6d
fe71
f157
fe97
0b0d
1362
ff16
009c
f83b
fee0
0090
047c
fe75
02f4
fea1
0060
fbf4
faf1
ff17
fd30
0035
0ffb
0061
051f
fd8d
04d0
fdb4
ff3f
019e
fa7d
010b
00c9
03ef
fcd4
fccc
f76d
fc23
ff05
073c
0373
ff4d
0a33
07ab
f9df
ff0b
0090
01ec
0541
fa0e
0204
fdd2
fa73
0641
f9f6
fdc1
fecd
013e
ff77
fd26
0256
ffb5
00c4
fe57
0964
fefd
05aa
fd95
0118
fa5e
037d
0087
fb2b
ff02
fb1b
045f
fe91
fed5
0158
090a
02a0
ff5f
0a2b
00dc
0391
fbde
ff44
f893
fb66
fa77
fc47
fde4
021a
fcf7
0518
017b
09af
ff4e
fea7
fdaf
004a
0af5
fd63
fea6
fc88
fd58
f958
0128
f7f7
f7fd
fb24
fd3b
06c5
fe3e
0261
ffdd
fed1
0139
0383
0684
f5fd
fc3d
ff0c
fafe
0312
f9dc
04d0
060f
0421
0374
ff25
f31a
fe78
0696
12f1
fb6a
02e0
f831
024e
ff91
09e6
fd62
fef4
ff8e
0051
fc2b
f8b7
fe09
fdc9
0758
0d8e
fffa
046c
fe1c
05bc
ff43
f6e7
009c
fd9e
f9db
010c
02e2
f9ad
faec
f577
fc47
ff52
0fca
fcf9
0185
075c
090b
fe42
0405
0057
0140
053c
fa2f
fe5b
ffd0
ff06
0430
fad8
fb84
fd07
fdf1
0218
f86e
ffe1
fe0a
0155
ffa6
0408
ff2e
08f0
ff60
06b7
fd25
fe4b
ff5f
fb67
fd7a
f5f8
0745
0190
fc6d
ff2f
0a21
0241
0463
064d
025d
ff73
fda0
ffa9
f0e1
fc17
f4e5
fc1e
fab5
ffa3
fe21
05e9
ffdc
083d
0082
01b4
fcc3
04c8
0850
00f0
fcc4
fe73
fff6
fa64
0233
f7e2
f515
f705
fa6e
0657
fa4a
020a
fe9a
023c
00f6
0326
0325
f6c9
f6cd
fdad
fc09
00f4
fb5d
02a2
fefb
0407
fcd5
fc21
f11a
01d4
0873
0f8a
fb7a
0a13
f75c
0326
ff87
08de
fd7e
01bb
fa69
0183
fe03
fe01
fe18
fd14
003c
0aac
00d9
016d
016c
02ea
00f6
f75b
fff9
ff6c
f595
0422
ff98
fa93
f719
f6a2
fd06
fbd8
15d2
fed8
02f2
04f5
044c
f9f8
0918
f8dc
febb
0b65
fd7b
fff7
fe2f
0027
0067
f506
ff19
fc5d
ffc7
0824
f1f1
00f9
fd47
0280
01b0
038d
024b
0850
fc56
06eb
ffff
fc01
fdf2
0006
021d
f803
0844
0313
fa8c
fffc
0a55
05d4
04c8
026d
00f3
0282
fcf3
fe37
f204
f71f
fa71
fb32
fcff
faaf
f5b3
0363
fdb4
061a
ff92
0264
fd73
02f6
fc5b
fff5
fe20
049f
02c5
fd74
0237
f915
f4e9
f616
ffb5
0745
f92d
ff91
0183
03b8
0281
0304
048f
f3b2
fd24
fed0
ffd0
fd0b
fc89
06b7
fd7b
03e6
fa56
fb9f
f593
0177
0a0c
0b01
f93a
0677
f7f8
00ba
ff23
0af7
fd65
ffae
fb80
0066
fcb3
fdb4
000c
008c
ffcf
0de1
fddc
0176
ffc9
01c8
fd55
fc5f
06d3
063a
0014
fc5e
fcbf
f781
fb91
f855
f8d2
04de
0aab
fbb4
0025
0503
099f
f93f
060a
ff0c
fbd1
0cf5
fcac
00c0
fe90
fed6
01ad
f45e
fbaa
fb68
035d
09dc
f6fa
fe88
fecd
0168
fba6
0459
00a2
0f23
fcf9
09d7
043a
0030
01a4
009f
020f
f375
06c3
0559
fa69
fe4a
067b
02ce
0814
02fe
facd
0237
fc9f
00f5
f252
fc1a
f7c6
fdb4
fe85
fef0
f59c
0207
00b8
0c02
ff04
ff62
fd9e
043a
01d7
ffb8
fa32
ff17
004c
f6c0
0194
fbd8
f777
f806
0094
0167
fe81
007a
0202
015f
fb03
02ab
02ef
f301
fbc6
0192
fdb5
fa4a
fc58
0818
fd2a
0300
fe57
ff00
f28a
ff27
0667
0c4e
f8b1
0297
f2bc
fbb2
026b
0d7a
feb2
046c
f617
feeb
00be
022c
fe0c
fb66
02ba
0c6d
fc27
01c9
fc40
0578
faf1
f47a
06f1
014a
003f
057e
01f0
f971
fb3a
f5c6
fca2
027e
08aa
fb58
ff20
03aa
0875
f7cf
074e
f9ab
f9c4
0642
fe46
ff0a
fe84
fcb3
04f4
f263
fe41
fd97
0202
0618
f948
ff6d
ffea
fecb
f77f
027e
fe43
0f1b
fdf8
0998
ff93
03d7
00a7
023f
01c7
f30c
072d
03b5
ff21
0231
0881
00eb
055a
0740
feef
0230
fde5
0106
f651
fd14
f84c
fe57
f5af
fd93
f3bd
fd42
ff75
09bc
ffd7
02ae
fc73
07fc
fcc1
027b
0079
ffb0
013d
fcaf
fcc0
fb90
f882
fcd2
fb4b
0238
fc0d
ff2b
0349
0426
fccc
00e2
ff32
f4c3
020b
02a0
fca7
f86b
fa7c
09a7
fc3b
0466
fb20
fd0f
f042
fff2
0934
0d1d
f919
078e
f1d7
0025
ffb9
078f
fbcf
0366
f465
fc16
02d1
ff64
0008
ff52
02c9
1075
f5d3
00fa
ffd9
0291
fa7d
fa81
0934
0285
fa92
01e1
0601
fc74
fc8c
f5ea
0035
ffc1
0d3e
ff14
fdfc
0751
070a
f90d
050c
fe11
fa9c
07e7
f8d5
f9b7
fe32
fda2
055f
f320
fae6
00e7
063e
08db
f95d
0264
faef
ff81
f527
fe51
fdad
0e4a
fb4d
0b68
fc5a
fda3
00c1
0240
0452
f364
0820
069a
fec5
0651
0770
0314
079b
07bc
020c
0217
ff9b
0232
f245
026a
ef96
fbdd
f885
feab
fe7a
ffc2
0022
0808
003b
07db
fa56
058a
020b
ff3f
fc94
fcc2
ff32
f86c
024f
fadd
f85a
fa5b
fbc6
fff1
fa34
0205
0441
fe12
f4aa
05f5
049f
f593
055b
0237
fa22
fdf5
03be
0598
fb0c
056a
fd33
fb99
f474
ffeb
053b
0a31
fe2b
0664
f16e
0125
026c
0a1d
fcba
fea6
f353
fcda
002c
02a3
fcfd
fc9a
045e
0b01
f83e
0479
fee2
03a3
fbbc
fbe0
ff6d
04d2
fd5e
0130
013e
fe7a
f785
f46d
fe1a
019e
0c67
fc74
0131
04e0
0862
f920
0493
ff41
f9f2
054a
f694
f95c
fcb1
f9ee
016a
f478
fb1a
00fd
fdd6
057a
f996
00e7
fb4a
fe5a
f617
0a1f
fd30
0c68
0007
0aef
ff9f
fc47
fcf4
fdf9
0482
f696
060b
0537
fb0d
07fa
0617
0524
0977
0844
fce0
ff3d
0092
0160
f4c7
01be
f70d
f9f9
faf8
fe78
fdd2
0675
ff23
0a18
fdd5
02e2
fa05
fe11
001f
ff83
fc5a
f799
fe5a
f935
03ef
f865
fa1a
fd57
fb7d
00af
f87c
03c5
01a9
001a
f73b
042c
01fa
f8b9
0096
005b
f731
f926
0069
0553
fa33
0727
fc2c
fbdf
f33c
001d
06d6
0ce9
fc26
fed2
f72b
fd2d
fd76
040e
fcb7
001d
f6ab
fb9d
0319
00cd
fab6
fdec
09b9
07b5
f946
0201
01c9
03da
fbf2
fce3
005a
ffdb
feb0
05a3
012a
0157
f751
f9b3
02c2
00f2
0b11
fdbb
ffd9
05b8
04b1
fb61
0472
02e6
f7f6
0921
fbca
f944
fd73
fa0f
04f9
f593
f9b4
02d7
03d0
05f4
f86a
fe89
fcec
fe20
f5ca
0339
f920
1317
0325
0a50
fb04
fb85
ffc1
0393
071a
f499
06ae
0104
fcb0
017f
062c
0467
0342
04b7
037f
01c3
00e6
04c5
f2e6
03d7
f8e7
fc8b
f99c
fc27
0088
fff8
fe1e
099e
fdd8
063d
f6b7
ff30
0382
004d
fdb0
faed
f9fd
fdcf
043a
f8ba
ffc0
fa7a
f95a
fff7
f9bd
03f0
02d5
012e
f638
0682
01e5
f51f
08f6
faae
f3f2
fde2
0229
080f
f87d
0820
f8e3
fcf0
f75e
0537
05e0
0c34
fe21
0856
fa18
ff23
ff84
0aa0
fdcd
fd28
fca2
0425
fc51
fcf5
001b
0135
026c
06d6
ff7f
035c
fd89
f84f
ff0e
0131
0435
0565
fdf2
0735
04e6
0773
f5a7
fb0c
04ae
02e1
04af
0429
0319
fdfb
08ff
016e
0453
01c9
05bb
0b46
fba9
fba8
fd66
052d
0975
f050
fa3f
0027
f763
00de
03e0
fa32
02e1
fa77
f506
ff99
fc18
0ac1
fd04
fc25
f445
004f
03a3
0868
034f
feb9
0035
fac0
fd08
ffaf
fb09
020c
f863
ff01
0059
002f
fb56
fd5f
0178
0382
fe7d
fd9c
fe1b
ffb2
f906
02cf
ff92
fef8
fca4
f9ba
0098
fc52
f9f1
f610
f54f
01f1
000a
f378
019b
fe84
011c
035f
025d
0285
fd1e
fe00
0417
02f4
fb27
0450
030c
fbc5
05bd
02b9
0172
02e6
fcce
fa4f
0173
0992
054d
fce6
f7a5
fa38
fedd
00f8
01f0
fc10
018b
0069
fd4a
0300
fced
0785
fab3
0cfb
fa46
ffe2
024d
003e
fd9d
0620
ff5c
03a0
fca5
fbf5
f9f9
0355
02c1
021b
ffd3
0617
0520
08d8
f582
fa09
077a
0066
010b
05b4
ffcd
0140
017e
fc1f
feb3
01dd
0515
0e30
0113
002e
016e
07e6
0b6d
f886
f69b
004c
feda
fc05
fcda
fb13
feec
fc36
f3d9
fe78
ff31
0b8d
fe0b
fbda
f69d
07e2
0414
05d4
0355
fd13
0441
feeb
05c6
fcf8
0448
fe98
fe7d
0475
01ba
0057
0005
f7ed
0731
fda1
f636
fb91
fac9
0647
faef
001c
014a
00b0
fd1c
ff5e
0139
fd87
fdad
fe4e
f36c
03bc
fd7f
f8e0
ffb1
f91a
fd74
00fb
01b4
02e8
ffc1
f875
000b
01ac
0167
0397
0040
fd35
014f
053d
0828
01d3
f99e
ff8b
0234
0bb8
0335
ff17
f65c
f7af
feca
02c6
03e9
fe7a
00bd
fc8c
fb42
05aa
03a4
07c5
0046
06d6
fc51
fb6b
ffc5
fa10
fa85
06a0
fdeb
04bb
f98e
006d
fb64
0139
0637
03bb
ff4b
0550
07d2
0dbe
f97b
fc2c
0184
0653
fc9c
0532
fffc
fea0
04c4
f9c8
0334
0349
0346
0957
fdcb
fc7e
003e
06ac
0669
fdc2
fd2f
04eb
fc7e
fc53
ff5c
fa23
0119
f358
f218
ffb5
f81d
0d54
0349
fb2e
f653
0648
ff08
0676
0670
fb9c
055c
02ef
0607
fe99
0037
0220
f914
027c
03d2
ff70
0095
f6c6
087e
fe3b
f669
ff39
0163
07bc
fc30
fe49
ff9d
fe5a
fac6
ff54
fe13
f876
fae7
fcb5
f443
03a4
fe36
f4d5
0333
f5f5
fdec
fd59
02c8
0328
0910
ff4b
01fb
028b
fce7
04d8
01ac
fa00
01ba
fc8d
047a
0390
f5d4
fbeb
fbe2
069a
fdc3
01f4
fb12
f449
06bc
08d4
0326
0735
fd9b
02dd
fc71
ffe1
ff11
022c
f7c6
05c0
ffaf
fb18
fed4
f6ff
fb64
0800
fdaa
08ca
fa6b
003b
f680
fdc4
ffd3
fe6c
fe4e
03b7
094f
0f8e
fc4f
fb13
06ad
0708
fe19
099e
fe60
fedc
04ea
f85d
fda4
028c
032f
f801
f89f
fb32
02e4
01b0
02e1
ff43
fd5b
05ce
ff40
fae0
03be
fab5
fdce
f370
f6a1
008d
fad2
0a91
0344
ffee
f361
05f9
fc20
055f
06dd
f9dc
05e9
0075
0970
ffd2
fd58
fef9
00ff
ff58
0753
f9f5
ffe0
fbf9
0074
04b0
f989
fd8d
04f1
0564
f9ca
fb0b
fc54
f84c
fcf8
0186
fe8f
f836
03d7
f78d
f5c8
04a6
f6d8
f2b3
06ec
f3ef
0186
fac2
0125
0ae6
0a30
0092
01b6
05de
f795
06dc
0796
f97d
099e
fb75
02c2
0377
f8e3
f793
fcb8
02fa
fb2b
0558
faeb
f4ae
052c
0925
0276
0c1f
fb3d
0418
fff6
f9bd
fbac
fedf
f67e
0546
0196
fc03
ff08
f839
000a
0417
fa85
0a07
fce8
ff82
f62b
f8f1
00b2
ff0e
ff9c
0491
0bbf
0d0f
0025
fc1a
0324
06e3
0011
0980
0097
02c4
04b4
fc1b
04d7
0432
009e
fa37
f7b6
fc23
fd18
00ff
fedb
008e
faa6
ffee
0119
f7a3
fe95
fbe0
ff16
f6a4
f19e
fdbf
f83b
0b80
05ad
fcf2
f48a
0279
fd05
08eb
002f
fa36
050a
fe88
0796
0083
fbe8
01f0
f90b
02d0
0bce
fabf
fd63
f85d
00cd
f958
fcd4
fd28
0049
0637
f1b6
0107
fc92
f77f
fd1d
fe3a
ff3b
f7f7
fe0a
f552
f941
05d9
fdfb
f766
0570
f6c4
03ae
fc54
fdad
0917
0d3d
f8f5
0761
039a
f5ef
0758
0312
fa87
051b
0099
fac1
04de
fa02
fc77
0061
02ba
fad0
fff6
faa3
f3ca
0346
0635
02ae
116e
fbce
02eb
0052
f88e
ff8a
0154
ef80
06cc
0091
fca7
026a
f7ef
0020
0289
ffd6
0757
fc70
fff9
fe71
fb1f
fa2e
02e6
03e9
fd79
05c6
0a5a
ff75
fc24
010e
0646
ffe8
05d0
ffb7
ffd1
058e
fd48
033e
009a
078a
fe9c
fadc
fa3a
01b1
ff6d
0537
fe93
f828
022b
fb2a
fb3e
021f
fc5d
018f
f5ab
f85c
01cb
fc39
0329
0648
fa91
f637
018c
fe22
0931
0368
fc50
031f
fac8
06ee
feb1
fc5a
0324
fa97
04e6
0956
fc5a
fc1c
f977
04b5
fef0
f1bb
feda
ff6d
0282
f3a7
0455
fd16
f7f5
f99e
f772
012f
fe0e
ff1f
fbbd
f8bd
05c4
f97b
f3d4
feec
f884
fd75
fe78
012a
08de
0824
fec6
fb23
07a7
f619
0542
049f
00af
07ef
fe86
fd93
037e
f8e5
f8eb
0266
0737
fdda
0077
f5b8
f6fd
0252
05dc
fdbc
08ca
fc43
fe9c
00d1
f831
042a
059c
f338
07b5
fee6
fb76
0407
fbc3
fd34
028e
fd82
01b4
fb77
002b
fe2c
effe
febb
043b
0597
f975
01ce
07f6
fccf
fbec
008e
085d
f7ba
0355
03aa
05f6
06f9
01e3
ff8a
ff22
0532
fc55
ff0b
f6c5
fd48
0124
07d5
fce2
fa5e
fec5
00be
f667
fd7a
fa62
fe96
fa80
f69b
040e
fb8b
02a7
067f
0158
f9ee
021d
fb1f
0628
0069
fa80
0358
f90d
0320
fb72
fe66
0121
012b
fd22
08b1
fdca
fd7d
f588
032a
01af
f125
ff41
fd63
0235
f134
08e3
023a
fd2a
f59e
f758
fe8a
feab
fc7c
fe1d
fd40
0a14
fb36
f7f8
fcc5
fd57
f9d6
fd5d
038b
0858
00b0
fe7b
f9d2
0332
f68c
0005
017b
fc3d
0088
0235
ff20
fce9
00cb
fd85
0091
ff31
fd7a
fbc0
f6ac
f935
017c
03e3
fc1e
02b1
ff01
fbac
fe79
fb25
00d4
0448
f959
01b3
0302
fa35
0035
fed4
f9e5
0c3b
fe81
03ee
f8a2
02e9
ff0f
f34a
fd8b
04c6
0750
ff48
028e
0537
fae8
fb86
fc35
0886
fb88
02b3
0484
082b
07fb
fd73
fcb5
fd09
ff50
f9d8
fd99
f4ec
fe82
04f7
0a74
f9cf
ff20
fc99
003b
f986
0097
fa34
ffd8
fd37
f669
0450
fd5a
0c4f
03a5
ff60
ff30
051e
f9ac
01ae
fe20
f85e
041f
fdaa
fe75
fd44
fe4e
045c
fabf
ffbf
088f
fc74
f8af
fafd
0135
ff51
f39a
038e
fc6f
0365
f042
03b4
021f
ffd0
f72c
f7f1
0093
fdba
013e
0200
fc7b
08b8
ffdf
fea9
ff71
f984
fb22
fd3d
04d3
0794
ffc8
0054
fbe9
fe49
f704
029a
0674
f64d
fcb1
00a8
fbf8
fff4
fb21
023d
0121
fdcc
f73c
fa78
f50a
fd27
01ea
05f5
fc76
0511
f945
fd04
fe7a
ff0a
0084
0434
f6ea
008c
02d5
ffa9
fdc3
fdcf
016d
07a9
fdca
04b0
fd1c
0293
fb11
fb1e
fa25
076e
0374
fe79
014a
0038
02db
00c3
f470
0356
ffba
00eb
0357
0874
0717
0436
fbbd
fc37
0464
fa37
fabd
f8ac
01d8
0412
05c4
faa2
fd71
fe34
0029
f8c4
0042
fa73
02f2
ff0c
f6f8
0581
fe25
07f0
fbc7
f9b5
fcf3
00a5
0174
fa56
0677
fb2b
0347
fa39
fee9
fd11
0118
0171
f8a5
0551
100b
0161
f84b
f92c
0128
0186
ef79
ff65
fdcc
03a2
ee75
0415
044c
0493
fa0b
f5d6
f90b
fd9a
0197
05fd
fae3
0263
fc91
fbba
fbf5
f78e
f689
fdc6
fc19
0744
0369
fa7c
fb9f
036a
f766
0079
06ff
f888
00fb
0158
ff2f
ff43
f861
0168
033d
fb16
ff2d
02e8
eee1
ff50
05a3
09f7
fec5
01b5
fa7f
fd5c
ffb4
fd5f
030c
02cf
f5b1
ffa0
024a
fee0
fe38
fcc1
067a
0349
fe82
07fe
fdc5
04e5
f9b9
f086
fd9f
04c9
03d5
ffc3
03fa
03fb
006f
01d9
faf4
0216
fe48
0227
0230
0795
093a
fd4b
ff7a
fc96
0357
faea
fc5e
f7a1
030c
03d2
036b
fd40
fe82
febe
089d
f876
01c2
f8ef
00f6
fab1
f7b4
089d
0046
0938
fd06
fdc3
fbdc
05f3
ffe5
faf4
01a9
fa81
03bf
f946
fe6c
005f
0022
00e3
fa94
06e6
0b25
fc17
fd71
fc23
0135
ff7c
ede7
01da
fcff
052c
eebe
04fd
0186
0170
ff41
f725
fe4b
fcaf
fffe
ff03
fd49
0395
fed3
fbff
02ce
f961
fbe0
fd92
fbfc
0609
02fd
f9ef
fbf8
04de
f858
0366
038c
f82f
fcf7
ff60
fc74
fe0f
f563
0031
0072
ff75
fe17
0423
f65f
fcd2
0477
094a
fbc8
0205
f7e3
fc14
fe13
fc8c
0083
0174
f1e6
026f
ff82
fff2
003d
00ea
08e8
02f2
0102
03ec
fda9
00a5
fb86
fb80
0275
05d2
06fe
f9d5
06c0
0087
fe97
01e2
fae2
ffa2
f968
ffe3
0130
0ab2
0b7c
0367
fba7
fd7b
0118
fd53
0076
fdb2
00de
0103
0691
fcbe
f8b7
ff23
0500
f904
004b
0032
ff19
fc45
fa55
0686
02aa
075b
fe5c
f92f
fb14
0280
02d5
f383
04ad
fafc
0255
f7d2
fe7f
f98a
0426
0073
f95e
08e9
0849
fea5
feaa
fa40
ff7c
ff9c
f87d
04db
fe98
0157
f90d
0b9d
0104
014c
fb99
f983
fe78
0194
0359
0295
fa13
0137
ffd8
fe82
0281
f954
f71e
fa94
fab5
041f
03e8
fb27
00e5
03c6
f659
03e3
ffbd
f848
00b7
01a5
fb45
fe95
f293
fd32
00c1
01cd
fc9d
04a8
f8d3
033d
04e2
08b9
fd66
00ba
f853
fbcd
fcbc
fea7
0427
ff54
f491
ff3d
fde2
f8f0
fcd9
fc5e
0301
0a83
fbca
074a
fa6c
00ea
f8c3
f665
01c9
021f
0659
f95b
081f
0347
ff93
f9e9
04de
0511
feb9
049d
076e
0937
0827
fcab
fb9f
05dd
0746
ffbb
022d
fefe
ff34
00d8
096b
0046
0141
fe0c
08c9
fb38
0289
0121
fa9e
f7c1
fb02
0203
f9e2
0bd6
fec3
f92e
fc90
ffb7
0345
fc08
02de
f9b8
0594
f7ec
00ea
f995
0071
0046
fea4
0a8a
063e
fc04
f946
fcc4
fd8b
02f4
fb03
0189
0085
058f
f87c
053a
ff48
ff1b
fbc3
f846
fb88
047e
06d1
fcb4
f9dd
02e5
00b4
fc80
0102
f616
f9d2
f9ae
f90b
06c3
04ac
fc1b
0097
04bd
f7e7
0472
05fd
f43d
f8df
046b
f8fb
03d3
f8e3
fe8a
01f2
ff2f
fa76
0807
f579
fc73
093f
0960
006d
029a
f799
fd44
01a1
fa3a
0128
0013
fb2d
fe59
fd53
f835
fd23
fba8
01fa
0532
fd5f
08d4
f9f1
02f4
fac1
f6e2
03d9
006a
09ef
fe33
0954
0336
fcfd
fc53
026f
06aa
fd67
083c
049c
07b6
02dc
ffdc
fcf2
055b
04f5
00f2
f7cd
fcbd
02ec
00b6
071f
ffde
fd87
013b
0738
f8e2
0437
fe4c
fb35
f923
f527
03a0
fabb
0930
00ca
ff37
f86e
0434
02d4
fbed
0306
fb9d
062b
fa1a
feb6
feb2
fdf2
011e
fd38
0a67
0a28
ff13
fd4f
fa57
ffff
fee8
f8f4
fe08
0522
015d
f5d3
07ba
00e0
fd2d
fe76
fcdd
0199
ffed
02a4
f908
fd65
019d
ffdf
fada
0092
fc4d
fa96
fa34
fa95
09ae
07ea
0062
ff21
023e
fb00
0799
0817
f680
fa87
fe85
fb8f
0621
fb55
fcf4
0054
029a
fc1f
0156
f975
fd92
0146
0d11
fecb
0aee
f483
041d
ff33
013f
fd52
fd5d
f966
00b4
fb20
f94a
fd58
fa5c
0281
0678
fe37
07cc
f551
03e3
fb97
f26b
0225
0578
0298
f9bb
045a
02e9
f81b
fb27
fdef
0482
fb84
f8b2
032b
0613
05e0
fe19
0145
02c2
0367
0579
f730
fecf
0368
02ee
03df
fd44
fd08
0234
048a
fb48
02b2
fe49
fd43
fa66
f8fc
05ca
fd93
08a0
03e2
054b
fc00
0073
0167
f8e6
fdb4
f585
08a9
fd44
fece
f946
fdc8
fdc2
fb66
0367
026c
ff0f
fde0
fb91
f9c5
fc0c
f544
fd3a
fad9
fe6b
f8df
048a
01ca
0435
fe4f
fb67
fd9d
0701
00fc
fa6c
fb68
03d5
0054
febb
fcd8
fc41
f78b
faf3
f8c5
0688
ff6b
ff19
fdd3
0703
ffbc
037a
0822
f85a
fb1d
fd3f
faea
fe90
fcef
0125
fa40
02c8
f6d8
fb75
f8ea
fb74
072c
0b59
0161
09f4
f88c
008d
ff26
0111
fb04
ffb0
f2c1
0088
fafc
f66a
fba7
fb37
0142
feb8
fd9b
07b8
f9a5
04a1
0052
ed99
ff65
03f9
fae3
fa38
0256
ffb0
fa57
fa40
ff84
06f8
08ca
fe6c
0574
fec9
03db
026a
02f4
03bf
0358
039a
fa9a
fe34
feeb
0670
01e8
fc61
0136
ff9e
ff18
ffa7
0291
fc51
fc88
f9d1
fdc0
0387
009f
0447
05e7
03c3
f9f7
ffc4
0044
fb1f
0014
f6d5
04d5
03f1
f7ab
fd61
fb6f
00e9
f8f9
fd99
0870
ff95
fde0
fa7d
f81d
ffcc
fc42
ffdb
0215
fad7
f552
05a1
fed8
01eb
fa19
fefd
fed5
038b
fc96
fb24
fc53
0334
0318
028c
fe9c
feee
fd21
fde9
f890
0a1e
0343
fffe
0321
0af2
fbbe
0186
0972
f82e
00ba
0020
fdb8
0061
fe94
049f
fce4
0165
f739
fc09
fbba
fce5
05f4
0844
fd34
0e75
fa50
0206
fdfa
fc78
fbef
fd97
f7d7
0350
fa9b
f99c
fb48
0174
00c9
00d4
fba4
060b
fc47
0200
009e
f547
fb86
05ce
0247
f927
06ff
fc40
ffea
ffe2
02fb
0877
fee9
0337
071e
0543
049e
ffd8
030a
069d
ff73
0900
0017
0175
fe95
0a4a
0199
fd78
faa5
fadc
0310
fffc
fb0b
fc5a
fe0e
fe7e
fd1e
0677
0035
0a7c
02cb
fe66
ff0a
04c5
06a6
fab8
00db
f51a
03cb
ff58
f51f
f891
fef2
ff5d
f845
00f1
0737
026b
fefe
fca8
fdb4
022c
fe92
04b7
0155
fa6b
f63a
07a5
0034
07bc
fba6
fa33
fd77
08d4
fa3b
fde8
fbda
0262
039f
0357
ffc9
022c
f8d2
fece
fb43
0656
0914
fdb6
03a4
0920
fc7d
0146
0612
f84e
020f
0240
0159
fdd4
fb04
0469
fc96
f9f9
fb32
fd18
fed4
fc22
01eb
053d
f95e
0d3a
fa63
fe8b
0192
0565
0022
006d
f3a5
02a3
fd16
ff6f
fc51
022b
0046
0204
f675
0270
f966
0085
fbad
f2d1
ff46
057f
fe98
fec3
05e3
fc04
f7ca
fc87
0113
0815
fee1
fd32
04f1
030e
0500
fc52
01b9
0331
fe77
040c
fde5
0072
ffe7
0424
0656
f61a
002c
fec5
0446
ffb0
0200
feaf
fe17
fd2e
f745
01c1
0020
0bd1
0010
0114
00b3
027e
0a02
fec2
02e1
f577
0509
ff13
f7ee
fcf9
004c
00e1
f9a0
064a
04a1
024c
fe75
fc10
fec0
053f
fdeb
04f5
f99e
f8d9
f509
00d1
0152
080b
fbba
fb5f
01e2
0a32
fe9c
fea9
fe6b
02dd
00cd
017f
fe50
033a
f88c
fef6
f8c1
04d7
ffbf
00ae
00f2
0598
fd46
fea4
03cb
f987
0680
0169
fff0
fafd
fd94
0632
f954
00c0
fa5a
faf7
f9fc
0044
0309
0a14
fade
1551
f1b4
0185
0062
fb81
f91c
0049
efa4
0039
fdab
fdbf
fa0f
02de
0508
046b
f50c
058e
f956
01d5
f7d2
f74c
09c2
06e5
fe25
fcc5
0221
ffe4
fe30
fa5f
020c
0626
04fe
0092
03b1
03b4
0736
f992
00b1
0155
feaa
051b
f94f
f622
014c
01f9
0603
fe58
fec2
000b
0596
027e
0420
fcd0
fa39
0040
f9a8
fd3f
fdc7
08d8
0270
03e6
fb88
05f2
0593
034b
067c
f697
0473
ffe9
fa57
fda0
fea7
ff5f
f8c5
0452
03ed
0000
ff55
fe45
fcf7
0456
f6cc
01d4
fd81
ff52
ff04
0148
fed8
0486
fb97
fd27
fb52
0585
fbf1
fb9d
fdf4
ff91
fcda
ff84
031a
ff93
ff0f
feee
f61d
0504
fb55
faca
0471
0609
f6bb
01d9
04da
f644
04bc
0043
fca7
fe4a
fee7
0230
fdd2
00a8
fb23
fb28
f5c3
ff30
051d
088e
fdfe
0cf9
eec6
fed8
0033
01d3
fb6f
012c
f280
fa46
fe5b
ffc8
f98a
fb08
041e
06d3
f400
08b1
f88d
018c
f67d
f539
0607
039c
fe70
fb85
0649
04ab
fcb0
f7f0
04a0
08f8
029a
008a
0348
0258
057d
f6ce
00a8
0b61
0046
014e
f699
f961
fd3b
fe52
0466
008a
ff55
0285
016f
fcd0
047d
fdbd
f7b4
fd09
fd83
05e7
fb09
085a
0679
04a6
fb5a
fce0
0302
00d7
0205
f843
0739
0574
fc11
0392
fad7
0176
feda
06fb
0710
fc90
0000
0063
fa52
06f4
f701
0084
fdb8
00c2
fd89
0597
fd69
febe
fee3
0136
ff2c
ff9f
fc68
f91f
fdd2
fec2
ffa9
fe02
029c
fc99
fef6
026d
f310
0271
0495
009d
0544
045b
f6a9
055b
0210
f942
08c0
fc35
f6c5
fdc5
0206
0019
fd21
0463
f849
fd86
f714
fc7c
04a6
093f
ffd5
0b7c
f516
01b7
00bb
faf9
fade
fed7
f562
fb2d
014d
fe5c
f6ed
f5f0
ffb1
0432
f1f3
0672
f85f
fe3a
f71f
f6fa
013e
028c
ffce
ffbc
071c
052e
f979
f8ca
02f7
09be
fc30
00f2
0666
0940
0538
fcd7
fd73
0637
fdcb
02ef
fcad
fe5c
fffd
0003
057e
faf2
ff01
0659
066b
fab7
0439
fd11
fb15
fc78
f13b
03b8
f6db
0f47
05d4
015e
fb65
0036
01fc
01ac
037c
f2c8
068c
0683
fda0
fc96
fc70
046b
f63d
06ec
0a91
fcdc
fe8c
0105
f8ac
0720
f5f9
0260
f8e7
0354
fd14
000c
fd4f
034b
02d3
000f
fbe1
0619
ff34
f94f
fb8f
feaa
fab8
fef8
017b
f449
ff3e
fec1
f69e
0151
04fc
01ef
0530
0440
f7cf
0216
feca
f874
06c4
fc89
f4ae
fdae
fd89
042e
fb6a
01e4
f18f
fdc6
f837
ffb5
0674
07cb
018f
0d95
f2ad
024d
01d8
02d1
fd65
ff88
f4e5
fe4f
0145
fa4b
fb94
ff82
070d
0f1a
fd3d
fd77
fb27
0141
fd68
0174
0e2a
07a0
f22a
0902
06a3
051a
f48b
f968
fde6
fbd9
0030
f948
f68d
0690
0129
f9ab
053e
fe55
0891
0b47
f7ff
f90d
fb33
f9d8
08a3
f792
fc9f
0548
f4aa
091c
ffd7
fd5c
07dc
021c
0572
f8cf
fa62
ff7b
f8a6
0017
f345
0288
00d4
0d28
032d
079a
fe3a
fa19
0096
ff19
fd26
fd14
02ed
fadb
f6ee
fc99
f91c
01ea
02e5
01ee
f93e
f55d
030c
ffd8
07ed
fe4a
fd8a
09ae
fe58
fa2d
0065
f907
0815
fb8b
f46b
0060
f8d0
f06c
fbce
fd91
fd4f
0349
0119
0521
ff3f
05a6
0745
0093
fdaf
01e1
0240
f696
07f8
04aa
0043
fd35
0cfb
fcc7
fce6
0d13
022f
fd50
f7b6
fd76
06b2
0a3a
fab1
fdc9
fd5e
fb9d
ff23
05ad
fdbe
0846
fe68
01d0
fe0c
ff48
0091
ff8d
002f
0b26
fb70
fb6f
fb87
0110
fb98
0442
12b7
02c6
f5b7
099f
04cd
0553
f3d9
f80b
fe4d
fc96
036b
fe87
fa26
07c8
fe8d
feea
0c06
fef9
0630
14c1
0198
f8d2
fd06
fca9
0a72
f7d8
f6e1
0661
fa2b
00e6
fdb7
fb79
0617
0275
02f2
fc6b
ff0c
027d
f82c
fb75
f308
03ae
05bd
0a42
022c
0562
004c
fa35
0244
fcdf
04a8
fc3a
022b
01dd
f9e6
ffd7
ff00
fdc9
0d3a
f642
f697
f7a5
0194
067f
0560
0023
03a8
0662
fd2a
f7f4
ffe6
fc29
0491
0482
f57d
044f
00ca
f437
f87e
fab1
fed1
0227
ffcd
0561
00f9
ff9c
007e
fddf
029c
fa2a
fdd6
f8db
08dd
0ac6
04f9
fdaa
028d
020d
015d
0c88
0306
0027
f8e6
fd98
0277
0a4b
0064
fe00
03d7
fb38
fdd2
0564
02b6
0a80
05f4
0429
f6fa
ff4c
0345
008d
ff7e
0c8d
fed7
030b
fc0c
ff5f
fccf
080f
052e
0321
f3a8
0616
fb8c
04f0
fa9b
fe38
efde
fa28
05af
fbb2
fbc4
03dd
054b
fc05
066f
ff94
070c
0671
fc68
fbcf
f9bc
0195
08b4
ff4e
f6a7
05c5
f8d5
fd33
fc42
fc14
0d36
f916
0232
fc2f
003f
03be
fd72
fb6e
f600
ff75
0506
0836
031c
ff5e
018d
f861
0111
f3ab
03ba
fca7
ff59
0027
fa2d
03f8
fff3
fab2
141b
fce8
f4d8
f758
0279
03dd
066b
00e5
ff13
0c6f
fad5
fa15
0018
fc92
fd70
0689
f56b
0523
00c0
f012
f7aa
f996
fdf9
fe2a
feb1
06f2
000c
fef9
fdfe
0729
fcfc
faaf
ff1e
fb51
0537
0c18
0f56
fe6c
f566
00ab
0153
01f5
01d2
fa05
f755
f7bb
0a22
0c1e
fe0d
fc8f
02a9
fb72
fcf4
04c1
001f
035c
06cd
03cf
fb69
ff0b
fe9e
fd80
fb98
08d1
00a6
088b
fbdb
00ae
fdf3
0743
fe2b
026c
eaf9
0858
fa39
03d3
fb30
f9bf
ee26
fe6b
077a
fedb
fc57
03b4
03bc
fcba
0160
fd45
0773
ff84
f987
f7d1
fe6f
018c
0508
0258
f420
039e
f8fe
0168
fbcb
fcb0
071b
fb02
0634
012d
fda8
067f
fcb4
fab2
f639
05a3
00fb
0677
0699
0117
0659
f8cd
0546
f6c7
fe6a
f814
0765
fe7d
fe1d
fc68
ff65
ffcb
0e2a
fabb
f469
f584
03e3
03e8
0601
fe43
02f0
0b47
fef3
fbc1
fc9d
fddd
0982
046f
efee
04d2
fb2e
eb33
f9e8
f80d
0316
fd02
0053
056c
008f
01c9
f5ec
0761
fbd9
f9d8
04fe
f7a3
03c3
0967
1257
fa98
f6ed
0231
fcce
051b
fceb
03f2
f928
fb91
067b
0f3a
fec6
f669
0105
f910
fbc7
fe51
fc57
02e6
f863
01c9
fd1b
fc97
033c
f8c5
007d
0cf6
0072
0b2e
fc58
fd1b
fbdd
ff95
00e2
0072
ee96
0493
0845
0f0b
0155
fad1
f5e1
01a9
100a
08d4
fcec
011b
0049
fa15
0437
03ae
0316
fb31
f185
fbda
f585
fa51
0027
0527
f734
ff39
f701
f901
03c5
f953
016e
f40d
042d
fcee
fba3
0010
04de
ff58
f208
fb1c
fdf4
079b
0126
fdc6
0508
f96f
0245
03cd
f3e6
feea
0723
0166
071c
fab4
fd4e
fe68
06ad
004f
f0af
f46d
058a
ff2f
0318
ff3a
00fb
0030
fff6
fa9a
fe1b
f8d0
04d1
f91c
f471
0568
fba4
ec07
0490
fc2f
0754
fb0f
fb09
0bea
068f
ff42
fddd
0580
f093
03d6
086e
fb42
0d60
060b
094e
071c
fe32
fa39
fafd
ff45
fdbd
fde0
feb2
f680
04d9
0ed5
fed8
0a30
037d
fef9
021c
00ef
fca7
fa41
f90a
033a
fa83
fda0
00ae
fd39
036f
0a90
0203
07f5
fc9b
fae6
0187
facc
fb56
037b
f9ad
01b6
0446
0c09
0147
f5f5
f61e
fd68
07d1
0660
fe74
0864
040b
fa5a
0626
ffa8
0385
01c2
f420
ffa3
fa77
02e6
06d3
ffa3
f3e1
ffc1
fa98
fe4c
0304
f8a7
01ab
f787
001f
00db
00de
00b6
ffd6
f829
f05e
04de
ff38
0429
042c
ffdf
029b
f48b
ffbc
ff31
f9b3
ff1e
0033
01ec
04fa
fa62
fac9
fc3c
0809
0307
ec83
feaf
019f
fd4f
00d2
0378
009b
05ff
f911
f4ef
011f
fc81
0b56
fd3f
f913
05b9
faf3
f030
ff36
fd09
0218
fba2
00e8
0620
0010
01b9
f611
017b
f5cc
fef6
05c5
00ff
0adf
0527
1116
0369
f45a
fd11
02b9
013a
0055
fa1e
fa32
fca7
0592
089b
f489
0709
fd89
fdbd
fe58
03ec
fc7e
02e9
fc4b
0211
f717
fc9a
08eb
fe10
fd30
094a
022b
05df
fad0
facf
0033
f073
f232
02fd
fd07
fb8d
00c7
0648
002a
f96c
f9db
0465
f880
047f
faf5
03b9
0600
0385
feda
fce5
02ab
fe73
fb99
f9bd
f7bc
02aa
09c3
febd
f5ad
fb6d
fc10
f6a5
fe8b
f903
02e9
fbc7
fdbc
0a09
051a
ff06
0277
fe8f
f367
043a
00ee
03af
fe74
fd2a
053d
f8a8
fc28
029d
fde8
ff30
027d
f88c
03ec
005f
0013
f623
0796
05d6
eeda
f8cf
0007
f8b9
fa3a
0c86
05ab
026c
f73c
f201
0227
fdff
0560
fe66
f714
0378
f9ea
f771
feff
0401
0787
f98a
0527
0784
fe73
028d
f4e4
067f
fb8b
fa76
05dd
016e
0650
03a7
09d2
002d
0284
fa0a
00cf
f008
ffbe
f688
fe5d
fb91
0080
0736
f5b4
03bb
0085
fa15
fd1a
050c
fdda
041c
0410
fc35
fe0d
ffd0
01cc
02fa
ffba
0baf
00b4
f999
fa38
fe60
0487
f9c9
fb7e
03bc
fc3c
01a9
f8d3
fddd
ffc2
fb95
eadf
fe5b
ffe7
fd2e
fbe6
07ff
0854
03d3
03d2
fbfe
fce8
ff72
fe27
f9cc
ec58
fb3f
0cb3
fd83
fba2
fd5e
f9f9
0034
fe50
fe6e
04a6
fb92
0716
03b3
06dd
01e9
fa6c
f829
f9cd
0905
02e2
ffcc
fb95
ff8d
01f7
fbad
f3cc
fadd
0360
fc97
f9bf
ff02
00ef
0072
f90e
fba2
0818
fc83
f72f
0080
f73f
f718
ff6f
0a38
082e
0466
f63c
f338
ff44
009a
038d
03b6
fedf
0ae4
fea6
ff95
f36e
fe6e
ffaf
f83b
0644
ffa1
017a
fe2e
fd91
fad3
fcf8
f6bd
04e8
f99c
0606
0bb3
0837
fd9e
ffcf
03c2
0452
f7ae
fbc0
fbaa
ff40
04f4
0098
0471
f1b3
04bc
0322
f7a7
fcef
0268
fba5
08d9
fe70
fb0d
0382
fb0f
ffec
fc56
0528
0ab7
fede
02a3
fb2a
021e
02c3
fc47
f8ae
03da
f5a4
0269
0100
ff31
0338
fb94
f392
0125
059b
f910
fd90
0894
013a
f9b7
fe8f
fe09
07e0
02d3
f6ac
f495
f0ee
fbc8
0aa9
08c9
fcd8
0331
f52a
ffea
0196
fbfe
06ce
f892
0728
0094
028f
fcff
033d
faae
f785
052a
0239
fbd3
0401
009d
05c0
fa99
f5b8
f857
0110
fb29
fd3d
0128
0647
fdb4
fa98
0023
0757
05bf
efb4
fe76
fe93
fa96
071d
055e
ffbe
08cc
faa5
f7aa
f9fb
fbb6
05fb
06f5
f926
0397
f892
f94d
fbb6
f9da
ff24
fd6f
fdde
06a0
0135
0002
f58f
036d
febe
fe17
0622
f72a
0ada
03a3
01f9
fead
065d
fb47
fe57
f64a
fb4e
01b2
f620
050a
079b
0873
f6a4
037b
005d
fd3b
fc9a
033d
02f9
0592
f73f
fd1a
ffcb
fdf1
004d
fd96
09eb
01b0
fe8f
05f4
ff08
02e2
067f
f7a5
f285
0332
fd4d
01a2
005c
000d
014d
fc40
ef23
fc43
fc27
fdf2
0882
055d
0907
02e0
08c3
fc8a
fcb6
046e
f8db
fd9e
f256
0038
0580
fe58
fd97
fe25
00be
fc3e
ffe0
fc37
07d5
fc57
0214
0771
039b
fef7
0071
f634
fd19
0b7c
0596
f95a
ff80
f9c7
0215
f92e
f3e8
fc02
00b0
fadd
fdff
0447
0167
fbb8
fc33
0019
0b12
fff4
ef02
003c
fea9
f8b3
f3de
07c5
028f
0963
fc18
f580
fa30
fcca
fbc7
0112
ff81
0b62
ffaf
fa30
fb81
fbd8
0402
fe2b
01b1
fc8c
0310
ff06
fd3a
026e
fb44
fed5
02ef
f3a3
0974
06dd
fed3
fae2
0508
0278
008b
0245
fbe2
01ce
f931
03cc
043c
02ad
f1dd
ff0e
ff4d
f85a
fbcd
01e3
ff09
0721
f2b3
fd3e
fd39
fd33
00c9
fec5
0419
0599
faab
040b
f96e
0038
0105
04e0
f857
02ee
0138
fbe6
09d7
01bc
0041
fb23
f48f
ff06
fc8a
fd05
0afa
080a
07fd
fc7c
00be
ffb5
02aa
fe11
f997
fe89
f964
01ac
0846
ff51
fb76
fe1b
ff36
f636
fed6
02f8
020f
fb67
0841
0216
0439
f8c2
0288
f7b9
fd32
0381
0346
f77e
ffc3
003d
0220
fa04
f801
f28d
010c
fe4b
0011
0442
0413
fdd3
fcd9
fd53
ffae
02dc
f930
ff39
fee7
f9c6
ff56
0915
002b
069a
fbc4
f688
fc50
ffd1
0452
011d
faed
08f8
ff90
f932
fd4a
fd01
fe86
fa44
f9f7
0682
fe59
01aa
0023
0386
f9b8
004a
069f
f83b
07c9
075a
ff64
fd61
014f
0212
fcdb
ff9d
f96e
02f2
004f
02c1
0698
07b1
fb18
039d
ff68
f7b4
feb9
fd13
0274
016f
f420
ff5c
feb8
f6ff
ff23
0174
0254
0992
fb08
0270
f8a9
0084
039e
017e
05a5
060e
fbf4
fa80
081c
ff88
013c
f794
f53c
fd79
07c7
fa62
0a9f
0c98
0dd9
f8ef
06f2
0492
0366
0aca
fa01
fbeb
f505
ffe4
098a
006e
fc83
00b3
faf3
ff83
fed0
fecf
ff4d
fe28
0845
01ca
ff2d
fe26
006d
fcf6
fb57
0165
0046
f83c
0521
02d3
0355
f923
f875
f55c
fd7c
0061
014c
00af
ff66
fb9c
f753
029b
fcfa
f901
fab2
ff7b
fcc1
fc0c
fc97
0764
0143
04bf
feeb
f95b
fbfc
012e
09c7
fcd4
fb67
06e7
fd64
f77e
fdcd
f956
ff16
f699
f968
0570
ff74
0270
0373
ff3c
ffbc
fddc
09fe
f23f
02ce
0662
fba5
fba4
0350
0482
fd6a
fe3c
f8b1
0393
fb86
0466
0ae6
0471
fb20
0851
fec9
fa8b
fed7
03d6
ffd6
01d2
002c
fdb3
01b4
fc45
fc0f
00fd
001c
0831
0044
0966
fc3a
0372
070b
faa8
0099
fee8
fa10
fbaa
07ec
fe6e
faed
facf
f3e4
fe99
0713
04fa
091e
0be4
04f1
f928
063a
0421
0062
05d6
f542
fb8c
f4d9
0488
08e1
07e2
fa4d
fcf5
fab1
0097
fe37
ff40
ff5f
fc0b
044a
044c
019c
fd19
01ba
f993
faf1
044c
fd8f
fdf1
042f
fff8
059e
fad4
f7d9
f93c
fb2e
fc3e
fde4
0276
064e
fd53
fb80
fee6
fe02
f7cc
f8ee
01f9
02a5
fa28
0390
0a40
011e
0300
ff56
f9b9
fdf2
fe15
0c83
fd4e
01b7
032f
000d
f539
ff1b
fbcd
fef9
f815
fc38
0910
024b
087d
02ed
fddd
0246
0093
0b27
f936
0811
0578
fb62
0059
02b8
0420
ff43
fd10
f9fe
0748
fea9
017f
0806
0b03
f7b1
0681
fee2
0403
fee7
0114
fe61
fe84
01d3
fecd
fdb9
f487
fffa
ff37
01d1
1163
ff21
0651
fba7
07de
0138
f65e
0613
031a
f7a1
f90e
027e
fd50
f9c0
f516
f3dd
0039
16ae
fc48
09fc
05a3
030d
fb12
0837
fcb6
0291
090a
f1a2
fac9
f676
fcc1
045d
092b
fb93
fc74
f417
0670
fb04
fe8f
fc0f
fdd2
0999
0304
fd37
f819
07b0
031d
f7b9
f92e
fcb8
f97f
04d4
fb47
0631
fcbd
f997
f97c
f6fc
fa5d
ff8f
fe40
fe30
fae5
fca0
fd5f
f7a7
fc2b
f61c
fbc1
021c
fb2e
0393
0443
ff52
0582
fad3
f8bd
fa55
050d
0480
0143
0190
fe64
fcb0
fbb9
00a8
f877
fdb1
f6be
fa2a
06ed
0215
07f7
033b
0977
00a3
0070
0803
f2bb
0497
0366
ff98
fe78
0445
fe59
f9e2
004e
f940
01ac
f7ed
00f1
0923
0a7d
fb1f
02db
fedd
0610
ffbc
070d
0011
fda0
f9c1
fa20
ff5c
fe52
fd53
0176
0700
03aa
fa70
06e8
fe78
0613
05fc
ee3d
01f7
07bf
f341
fbe2
fd3f
fbf1
f805
f528
f1b6
ff92
0a15
f3fc
05f7
ffb6
0246
ffa0
0a05
007b
fbce
0958
f3bf
fa12
f6d2
fb92
0256
fcbc
fbdd
fb9b
f7d4
07ba
0097
fbd5
feb1
fc53
06cf
05d2
004d
fa62
040c
0256
fa1c
faa9
ff7e
fea8
00ad
f95f
05cd
017b
f370
fba1
fb03
fe00
007d
fd70
f950
fe1c
ff35
fc98
f8e3
f589
f82d
fa25
ffb4
f985
fd25
0511
04a4
08c5
fdd2
faef
fd02
04c9
0227
fe3f
fd21
0306
00ab
feea
ff5b
fe35
feb8
f757
f8d3
0459
fbf3
075c
ff5e
0ade
0656
ff89
0806
f3d8
062d
019c
fedc
f9e7
fecc
07ec
f8e3
015b
fa8f
002d
fd11
feea
06e8
0a2d
f833
03d0
f9f6
03dc
ffa9
0baf
fad5
fcd2
fc51
ffc9
fcac
fe91
fdb4
06e2
069f
03ec
fc00
03ba
fd67
027b
04d2
f61a
ff7b
0bf0
f634
faa0
febf
faa6
fdf9
fb8c
f5c8
057f
08bc
fb48
0705
07fe
06ab
ffc2
02aa
fb78
fc1e
10a5
f6dc
ffcd
f90d
0f0a
063d
fc5b
f91f
fbb7
02b1
057c
f9a7
fadf
ff7d
0534
fc87
0959
0740
09df
ffcc
00fc
0275
06b9
0596
fd0f
fc59
fb22
02c4
00a0
f106
f2fc
f937
fe6b
f953
0018
f94a
ff4a
fd7f
fd63
fcd2
f7ed
fd93
03b0
fb17
f87c
fbf9
066e
0631
0d0c
fa8e
f4e7
ff71
07e6
0320
fe90
ff05
031b
ff41
0185
fef8
fefa
fb47
fd85
fe66
0133
fb85
0676
05a4
068c
0389
f893
02ec
f3b2
084d
04c3
01dd
f6cd
f805
0a83
fab2
fed0
fb42
0306
fabc
ff90
017d
0a46
f4de
072e
f84a
fd6d
f7bd
0f9a
fc73
fd29
fdc7
fdff
00d0
fdb6
fbef
03d7
05a5
05d6
f9d2
ff4d
fcb9
fdc6
026b
f4a1
fead
0b7a
f666
fedd
0340
fa6d
fc4a
f84b
f41b
05c3
0356
fb81
02d4
0710
0441
0269
0624
fe2a
fa84
0c9b
f875
fe74
f70e
05fb
0610
fe2b
fb66
fc24
037f
05ea
0151
f9a8
03a8
fe0d
f97c
ffa8
0481
08b4
fa55
fd57
01d4
0248
082d
0114
014c
f344
037e
ffa7
f6ae
f9e4
fb5e
fdc4
fe91
0072
f926
ffc4
0050
fd16
01e1
ff98
fea9
03f1
f9e9
fadd
f9c9
fe63
05c4
0eb8
fd85
f773
fe51
0e93
08ea
025e
0236
0581
004c
fb2b
fec2
00b8
01c5
fd31
fd6a
fe6a
fc58
075c
02b2
02e1
ffd3
f8fb
059a
fb32
0bfa
079a
016a
fae1
f952
08d3
f561
05e5
f9f9
01c7
f7e6
0539
0235
0e41
f540
0ffe
f29d
0254
fafc
077b
f979
fe7e
f812
f9f0
00d6
fbda
fadf
0200
0592
0b82
f7ee
0178
fd81
000f
009d
f341
0a53
0873
ed0d
ff80
0aa8
0114
fed2
f34c
00ee
070b
10ee
00c1
01e5
0638
0007
f96e
05c9
012f
fb8f
0b1a
f556
f7c3
f94c
022e
0617
03b9
fbe7
fb60
ffcf
041e
fe70
fc72
fbe6
fc23
fc7e
ff5c
fd08
08d6
02e9
02f1
fc53
01b6
03c3
02fd
05ad
f5b0
0651
03fe
fa57
faa0
fd8a
fd81
fdea
0428
0062
0054
0150
ff22
fbe6
0487
f8d3
ff44
fd98
fd02
0132
ff6c
0656
04bf
fcd1
fa9d
fb28
0a41
080f
fd99
ffa2
00a1
fca3
f53e
00be
fd9c
0419
ff4f
f8ce
fd63
0195
043d
05de
0645
f6fd
015c
0410
f790
0d0e
056f
fe35
fd7d
0204
0268
f862
019e
f7ab
053e
f7bc
040f
0152
0e39
f739
094c
efe2
034a
fd97
0669
f96a
fc51
ffbe
f8cd
fdfc
00ee
fdb6
0747
0bab
0503
f5c6
feaa
fb9f
0259
ffa1
f945
0450
0e4f
f2ff
fed1
033e
ff5b
fac9
f80d
f81c
02ae
fe77
fa3e
05c4
03f0
ff23
fe25
ffa7
00c6
fe35
0783
f1c3
fa92
f83d
06b9
048e
01c3
f6d1
fd97
ffab
fecd
0152
fdb4
fbdf
fe9a
fb74
06e0
0569
0bac
048f
fe33
ff79
02c9
0490
fe4d
03f0
f42e
0613
ff13
f35f
f830
fe80
fdd0
fe9a
05a0
ff41
0090
024f
fef4
01a6
0271
f7f8
0077
f770
fb60
00f2
0743
068e
0777
fc2e
fa87
fbd7
03a2
0a10
fe98
fe8e
fe02
fee7
f832
fcde
fe3a
fa0c
021f
ff90
f712
f94c
025a
03d5
025f
00e6
fd5c
0278
ff8b
093b
02bb
fc4d
f7a0
fd6d
08b6
0236
fe44
f9eb
0122
fae8
0031
03a6
0bd8
f644
0275
fc7f
ff11
f873
0398
fa78
fd8a
f832
fa41
00e0
fd47
f91b
fde2
068d
06cc
f1fd
ffc4
f89b
00f4
fe28
fb8b
05f1
0784
edab
fd81
08d6
0551
f5d2
f67a
012f
06e2
0521
fe42
0467
0137
fcd5
0062
0035
02e4
0246
085a
f511
f92c
f946
0274
0532
0522
fa5f
0245
005d
00ff
02e2
fbd0
f885
f8bb
fbab
06f4
fbb3
0a09
07fc
0594
fd88
f769
0218
059f
04e6
f126
04f4
01cd
f9f7
f6f8
fc56
f9cf
0205
0162
089f
0010
0184
fef3
f968
08d3
f0b1
fc3b
ff41
feee
0637
fd86
00b4
06de
ff6a
fa48
f9cf
0388
0d9a
fd87
f94c
fbe1
f7c1
fa10
03a9
fab7
fdd0
fda0
fa02
fc60
05f2
0708
01c5
06c4
fa88
060f
0399
fbfe
11c1
fe9f
f7bd
fbee
00a1
0348
faee
fa01
f378
0413
fc5d
0010
026d
0d21
fcd9
08e3
fbe1
0316
ffc5
0384
009b
fd30
f687
0388
f77c
07cc
0301
0b80
0d72
016f
04bd
ffbe
fd7f
00ef
053d
fc1c
fec1
0b3e
f8dc
0966
ff35
fe74
fb46
f918
fa4b
fcb2
fdd5
02b3
0090
0470
0a6a
0052
10ea
f9ed
f8b1
1002
fe0e
0428
ffe3
0833
0a1e
ec57
ed82
fc7c
fecb
04ee
ffa2
fcb9
0c48
0254
fa27
03c8
08c4
09c6
f051
f3c2
fca8
04b5
055a
0701
f7a2
00b5
fa9e
f482
f412
0295
05b0
09f8
fa22
05fa
f624
0224
f6bf
fd7b
04cb
f482
f8da
f763
03b4
ffd9
f351
055e
016c
0bf9
fa07
ef59
0a30
fe71
f951
fcee
faa7
043b
0104
f6af
06f9
ff4f
0722
0655
08db
fdc1
f3d7
fda3
055f
fc10
011d
f35f
ff12
ff97
fc03
02b2
0833
0456
023b
070c
077e
1450
058a
f23d
f996
ff12
f7a6
0027
f71c
000d
f769
fa44
f96a
0b94
f4b7
0ea2
02a1
0642
f796
0424
06d1
08a5
00ef
062f
fefe
ff08
fb02
00c3
01f5
0074
0794
0668
017f
07de
0026
0340
f853
fb53
f824
f52b
f964
02ab
00d3
0555
0957
fdd6
0b74
fcbd
f9a9
169b
005d
fedb
01f8
0887
0d17
f861
f043
05ed
0101
fc71
03cb
fcaf
089d
ffb7
f8bc
048d
0bc4
0bbe
f45f
f57a
fc00
0363
03ee
076b
fad2
fe12
ff59
f612
002c
fbe2
0d49
0678
fedc
03f4
fa54
02a0
fd78
fc2e
0457
f1b7
f41e
edea
02c0
09da
f5a7
06cf
fde2
085e
fcd2
f439
0154
f9a3
f999
fc76
f701
08e1
01c7
f205
0267
f704
012a
039e
0664
054d
f871
f546
02a3
f991
04b3
f5a4
f9f5
fa08
f9f8
0b29
09c1
014a
fa68
0781
08c5
0be0
01f3
f5c5
f30e
fd73
fff2
060a
fea1
fbbf
fabe
fbba
f7eb
0ded
fe58
0d49
0827
03c5
f91d
ffb2
0792
059e
ff5e
0693
fcad
0532
fa87
0300
fbcc
0294
067b
0174
0058
0480
ff31
047e
fa0f
fb2b
f376
f9a9
fa34
fff7
04d3
0453
07fd
fe57
0ad7
fb95
faec
0806
ffbe
fc6a
fe93
0279
08eb
f80c
f003
0648
03b3
00f4
03c2
f853
0cfb
f9c1
f933
03bb
0a83
1029
f514
f607
fc43
027c
0618
0348
0144
fcf4
ff3f
f6bd
ff9e
fac3
070a
0a5f
fe94
0273
ff44
057f
fce4
fbd2
0db4
f886
f420
ec63
04c0
0584
f940
08ec
fe60
0ce5
f84a
f315
004c
f8db
f701
fd6c
f8ef
08c6
ffdc
eb19
02cf
f757
011f
0135
049e
0409
f858
f5f7
022e
ff28
fc69
f945
0278
fb4f
ff9d
0df6
0ada
01f7
f6a6
0475
0780
0436
02ae
f6fb
f270
f829
076b
0b28
fdd9
00da
fbe5
fc85
f8e5
09e6
fb1a
05ef
00d3
04a2
f849
0867
0a70
08d3
091d
05c9
ff27
05da
00a7
fdae
fbcc
fd75
fe13
0277
0391
0442
0154
0b11
feec
fc8e
eb0b
f9b2
f9a5
0356
0499
04db
06fb
fe44
05f2
f7be
fba8
fca4
ff23
0340
00af
0315
073d
f306
ec45
0415
08cb
f851
ff9e
fd80
06e3
fa94
f707
0615
0e9d
0a38
f1f9
ef07
00df
ffe3
04d9
0106
fbea
fb77
0145
f3bc
fd73
fac3
07b7
05e8
fd72
03f4
ffd7
ffb3
fc06
fc3f
074e
0114
f404
f46f
0353
fed1
f732
08e0
0084
0b18
f925
f24b
043b
fc7a
fe3f
0248
f7de
093d
ffbd
ed29
01d8
f979
0293
0153
0c50
042a
f350
f313
ff32
01ec
f69f
fa0b
049e
070d
011f
0abf
07a1
0a10
f631
ffa0
0bd7
05f8
04ba
f6fd
f70a
f8ce
01ba
082f
00d8
ff14
f9f6
fc95
fb39
02a5
f8f5
02a3
f068
027e
fca9
018c
05db
fedc
07cc
0316
f9f4
0c0c
fd4f
fdbf
f8ed
f9f6
0622
0073
fce1
064f
0cd7
14a9
0265
fb14
f841
00fa
0474
0a3a
fe69
0522
02f8
f6cd
0761
01d4
fd33
fa67
f52f
0145
f7de
ff44
05b0
faf3
ee63
fd19
0088
fd16
008d
fa45
00d1
f784
f6f8
f91d
02ec
0322
fb77
f95f
fc12
fabe
00fd
077b
fd5a
fda0
0360
f8b2
0141
0432
fe2f
073e
faf6
03bd
0cd3
fd8e
fada
fa2d
fd7d
f846
f0ba
f38b
0800
ff4b
f921
09ac
ffff
fe72
f8d3
f380
0225
f904
06a4
f996
f87d
0727
fc61
f0a1
07e4
fbea
04e5
0125
ff52
0c99
0254
f3cf
04cc
fc89
f179
056b
0209
ff8b
0914
053e
f883
0e58
ff82
fb3a
06d5
06df
014a
fbd8
f964
f4da
ff4d
0b35
fe98
0e0b
f8ca
ffb0
fd10
02f7
fba1
fb21
fd5e
031d
fc2f
056e
0731
0179
0478
0bc5
ffb3
0527
0060
fc68
fed6
fa3f
059c
05d8
ff91
0345
0aba
1197
05de
fa98
f86d
fbac
0d06
0564
0139
0a56
0145
fab8
01ac
0057
fc75
019d
fa78
006c
fd60
fc9b
049d
f768
e8b3
fe89
0065
fa37
0083
f83d
0726
f6b3
fac5
00df
0573
ffa7
f777
f574
fa35
fce8
018a
0563
ff8c
fb93
01a5
f59e
ff3e
029a
0406
0663
fbb7
0981
0ae2
ffa2
f9d5
f98d
01fb
f4d9
f1bc
fa31
055a
ff50
f802
0903
0154
03c5
f6d1
f1be
007c
fdb8
04e5
ff7a
fedc
06e0
fc7e
ebe9
00f7
ff14
002d
ff0e
020a
0715
0093
f3af
faaa
0478
f5ac
03b7
fca9
0cbb
0a28
04bb
fabf
0694
f7dc
f9a6
06e1
06eb
055d
fd2f
f9e2
f8d6
fdea
0b19
f80c
0a44
f960
030c
fc1d
0027
f7f3
0512
f6e2
ff0c
020e
08ce
08b2
029e
0047
0da4
00da
0551
fc08
000e
017a
f45e
fd1c
03aa
fa31
fb27
060b
0dc1
079c
fc0b
f365
02a4
0140
038f
ff3b
0664
064d
ff56
0719
ff11
0119
0024
fe32
fe54
f8d3
f7f9
0810
f628
ec1a
ff2f
00d5
f4b0
042a
f6fe
0bae
fd81
f7e0
080d
04bd
fb1f
fcfe
fa2f
fe45
fc66
02f3
0772
fc0c
f8b0
0730
f458
fc83
015f
0809
0215
f88d
03de
0ab8
0414
ffb1
fa44
fa65
f83d
f668
fd54
0180
fe9f
efe1
10bf
0184
0050
f67f
f0ba
fe5f
fab1
0365
00c6
fbc9
082d
fecb
f656
0088
0244
021b
fb9c
ffb9
0c26
feb7
faf9
fb53
0179
f99d
0041
0006
01a8
0020
0017
fd57
03a3
045b
fbb5
04ed
f874
03cb
fb1f
f844
fc46
0043
097e
f99d
08d4
fd84
00e6
fcfd
f995
f9c8
06e7
0091
009f
0575
00ea
02ae
fe60
001d
0fc9
007d
07d2
fe03
03bf
01ff
f657
feb7
02e8
f7f0
02a0
ff2d
047b
0311
fb95
f68f
020e
035b
0364
febe
0414
0115
fd2d
0047
fd01
fca2
faf7
fe63
f24c
f363
f5ac
0c89
fb67
f116
fda2
f942
01b3
fbb6
f938
07bc
fa48
0183
025f
06b6
0109
fb71
fc0d
f994
fefb
fcf3
fe44
0008
fb3a
0762
f7dc
fa20
0266
0a32
0037
02c8
fef9
0630
030c
fb8f
fc6f
0570
fae4
f1c3
fab1
01de
ff53
fd3d
0b56
ff42
04a9
fc6c
fa71
ff14
fb73
0a44
05d0
fbc7
0273
fb66
fab3
0310
fbac
fe2e
fbf7
ff48
072b
fabb
f9f7
f7da
006d
f984
fd07
0003
fc1a
030d
014c
0577
0035
046d
fc4b
0534
f874
ff8a
ff0b
f3a8
00f9
03e9
0acc
f630
0693
fea9
fcc4
f98b
fc05
ff02
0471
f6e2
fba4
0117
fe93
0653
0121
0540
0c36
fca9
0d6f
feb1
fd9d
feb5
fb79
ffcd
00be
f9ab
fe44
0c68
026b
0633
f9f7
fbe7
00e0
09b5
0112
00f0
0437
fe9c
f68d
fe5c
0040
050d
fffa
f7f2
f924
f7a6
f7da
0cdc
003d
f537
0393
fda2
fa84
0667
f756
060a
f898
fb73
0473
08ed
fd29
fffa
fc0b
f664
fa64
0262
f89e
011e
fa37
041b
f5d3
f8a2
fea8
06d9
01fc
fb78
0450
0b08
0283
fbc4
fc8a
ffda
027d
e6a2
f8a8
016d
fea0
ffdf
06cb
fb7a
080c
f9df
f5ab
01cb
f53c
0741
05df
fd29
f820
fbd3
f81d
08f3
ff47
0032
ff3d
fc97
10fb
fbe3
f6a5
f9a7
081d
f802
0467
0131
ff83
0682
f739
fd84
02f2
089a
f84c
01bf
f5e8
05d8
0361
f8bd
fcbb
00c7
0e30
f7d6
0918
fb31
046a
fb85
fb12
00ca
ff58
f4e8
00c9
fdef
0082
05a2
0349
08e2
ff1c
fdbd
0748
011f
0295
02e8
f18b
fb93
05ea
feb8
03f9
0398
fe18
03f6
fe01
ec49
fd59
fad2
fc69
05e5
0300
03b3
03e0
08a4
fa93
fec4
02f7
fe7f
00c9
fa19
febd
0759
f771
f297
fd4b
0445
f971
fdb4
f93b
0577
00a5
f948
0a59
0f8e
034d
f737
f83d
fe4e
06ee
0485
f9a8
fc40
f6bc
019c
f68a
f507
0095
07c3
0183
faa8
0497
040d
01ae
fe68
fc4b
05f6
fce8
f743
ff00
fc87
fff0
f18c
0a12
fe7a
07fd
fddf
f269
00e7
fcc7
fd06
076c
0327
060a
01d1
f95b
fe37
fddc
fee3
0047
0229
05ee
f6da
f9b7
f9ad
03a1
0098
fc5c
f978
fb70
fce9
00be
01c1
000e
00fd
03e1
0715
016e
00f8
ff4a
f990
0042
0036
08ab
f681
fc0a
fbe2
fb0b
f798
fd59
fee1
008a
f6cc
017a
fce1
ffd4
07e6
08f0
0a72
0414
ff45
0952
fb3c
0394
0379
f85d
0273
04b1
01b2
fe71
018e
f9bb
02f4
fee5
f258
f940
fdc0
fbf6
024a
041f
013a
012f
00d1
f6d5
ff1e
08bf
fd35
fbb7
01e4
fde0
0918
f8da
f2f2
fed6
0710
f980
ff31
ff7b
02b2
00d0
fed2
09ee
119b
ff94
fa0f
fa5b
0329
040a
0764
fafd
fc1c
fd63
0185
f551
f398
f478
08b9
004c
f841
02fe
0539
016c
0288
fe1a
fc27
fa12
f58e
0440
003f
fd18
ff94
0e15
feaa
0b8f
facc
f212
fef3
01c6
065d
08a6
ff45
ffcd
0181
f991
030a
0021
fcfb
011f
fd8e
0452
f645
fb58
fcea
06b7
01ac
f62d
fd75
fd53
faa3
0533
fee6
fd1a
fffc
0280
0265
0119
fcc5
fd97
fbe8
0411
0094
0d67
f6f7
04ac
fcc0
f794
f801
ff99
fc70
027e
f7c9
022a
ff04
fe4b
046a
0734
0c07
092b
01af
0424
f976
fda5
00b1
fadb
06e4
0727
0383
ff38
ffd6
fcd5
00a4
f9a6
ed8f
f8e1
0398
fe33
0219
03f4
066c
05b4
0105
fd9f
00f9
0561
fdbd
fef6
fb58
fd93
08e5
f772
f641
ffb5
0181
fa3f
fea3
021d
fe59
fc6e
ff8d
0670
0a37
02d3
f8cc
f890
fef5
f8a6
0a6b
fa08
fdfd
f904
069f
f276
f8bd
f604
05d5
0051
fb8a
07b3
ff2e
fd5d
fe64
ff76
0271
fa9c
fb23
0468
fdaa
ffea
f7fc
1147
02b5
0caa
fb18
f676
0023
0553
0a07
04f8
0192
058d
01db
f539
fe48
fc7c
fb74
fe8f
f6d6
0605
f846
fa8d
fec6
0460
fff2
fe44
01c9
fda0
f819
071b
ff4a
00d2
fbfb
02b2
06ca
03b9
fa86
fadd
f82a
061a
fef4
07e3
f85e
0862
fc38
f6c3
fe2e
fb0d
f93a
0795
fab0
0013
f949
030e
01f2
0983
0939
0773
04f4
065e
fb66
0194
064a
f933
02ff
075a
015a
fc87
02f9
0131
f90d
fd3b
f203
f8f7
04ef
007e
0b30
04c9
02b5
0142
037b
f6a1
fabd
041c
fa09
fbbb
f90b
013a
0bf1
f99a
efe1
0210
0273
0035
fd90
ff71
0057
fb7c
fbc7
09ba
113c
0041
f999
f7d0
fc5c
ff0b
09b1
fdd4
fe6f
fec8
049f
f665
f2e5
fbc7
0855
0205
f9e2
073e
05fe
042e
02fc
fd48
fd1a
f867
f916
fb98
0198
f7e2
f9fa
117d
021e
0922
f9be
f31b
01ee
02a5
091a
0160
027f
01e6
00d9
f85f
fe63
fde9
ff15
fa8b
fc9e
0640
f0fc
fd7e
01b4
0882
03cd
fe96
0545
0321
01c3
03b4
fbfc
009f
0049
00eb
0815
016e
0085
fd2a
fdc0
02de
fd51
0b21
f593
0c63
fb6a
f8d2
f950
fbff
f9d6
0140
fbbe
fdeb
fbd8
00a2
002e
0980
0cce
0541
0451
feb5
fbb6
0457
0492
edf4
01d2
0c26
f904
fced
fd53
ffc1
f96f
fe00
f0fa
f769
0550
f1e3
055f
0539
010e
08fc
04b9
f764
f8f0
0999
f891
0172
fba5
0265
0888
fa5b
edd6
0359
0208
fd79
f9d1
fd9b
011a
020c
fda2
0e13
0f1c
0218
fc4d
fbb3
0123
00d4
0903
f7ce
fe16
ffe0
06d3
f53f
f3f9
f8c0
0a4b
00af
f596
08d6
fdf9
0176
008b
fef9
fe20
f676
f685
0164
f4bb
fa8d
f6ac
0c1e
04be
0ad1
fb71
f2e2
019f
0773
0045
046b
01ce
04e7
02c4
f86f
f907
fd26
fba5
fbda
fbd6
011b
efa6
fd46
01db
0ccf
0c58
f968
02e1
fee0
fc68
05e2
fce2
f78a
fbb2
063a
ff30
04ca
fc56
f994
f5cb
04fa
00be
0d12
f852
0690
fe9a
ff09
f790
01ca
fa7f
0697
ff91
00fe
ff05
04de
0022
0c3e
04e3
0307
0351
f8e3
fd9c
05a6
0998
f145
0b48
1113
fa66
fff1
f740
fea4
f433
fd53
ef1b
f684
0b18
efac
0ba1
06fc
04af
00c6
0ba9
fb27
f4e6
0fcd
fa87
fe9c
f993
02ec
0288
f555
ee70
016a
0454
0175
fc55
fe01
0367
0892
fb8d
0640
0dd9
0708
f9af
f47b
01d0
062a
0446
0439
ffda
0150
0782
fa79
ecc4
f67d
0129
0281
f4a6
088d
fce0
00cb
fd7a
fe0c
0011
ee8d
f8ca
00f6
f26f
f7e7
f237
09d1
03f7
0289
fd87
f49e
0146
0599
fc9e
ff3b
0619
0d02
0641
fd15
fcb7
fe00
ff83
fa59
024f
fa61
f5a9
fb3a
05e3
05c9
09f0
fa92
fecf
fd44
ff30
0bf1
010d
f8b1
fad6
0c66
00c0
0b2c
f941
fccf
f779
0196
0266
0904
f54b
feb0
fda6
fe9c
f7a8
059d
f88e
018b
fd6d
fd71
fbfb
03a1
025f
0972
04de
04ea
009c
fcf1
fcc1
003f
0272
f0dc
04b0
11ef
ffc3
f825
0215
f912
f9c0
fafa
f603
00a1
05b2
f822
0793
09bd
035f
fca1
0232
02b2
f95d
0ce4
fc85
fde4
fc74
0c61
004a
fbcb
eeb2
fef8
01e5
04ba
fe90
fe8e
0107
0822
f96a
0749
0b06
095c
fd05
fdff
021d
05f3
0559
007e
015e
fc79
087a
fbe0
f1b5
f98d
ffe5
ff65
f9ce
ff56
0030
03f4
01a4
feed
0204
f6d8
069f
0147
f796
f902
f80c
0465
04a6
072e
fd4c
f3e1
fea1
02fd
0056
0099
fdfe
02ed
0102
fd85
00c8
0136
fbc4
0042
036b
fe36
fd4c
fd61
03e3
0ae0
019e
fc90
01f1
fa3d
04bd
01f5
fc5b
fbc9
f9dd
0aab
feb4
0667
fba2
fe0f
f9e3
ffea
fe80
0889
f227
0308
fbcd
fdb9
f8b6
0420
fb98
027a
f722
0214
fcec
0823
0506
0c73
08c2
04c4
fc72
fa65
fe1d
fc6e
03fd
f3cc
0340
0d4f
fb1a
ffac
0d06
fd6b
f974
f9a5
fb63
0122
0a8c
fa84
061c
06d4
ff3d
0073
070f
0529
f3ec
07f1
01d3
02e1
fc28
0498
0338
f2f6
ebe1
fda9
04cf
ffed
ffcf
fd9a
fff8
fd1c
f8e9
02d7
0a43
069f
f9eb
fc35
022c
042a
0f44
ff5c
fe46
faa2
058d
fa0f
eeca
ff56
053e
0423
f3d4
076d
0091
04c4
02b7
fe66
0a87
fc00
06b7
060b
f587
f89c
f6e9
03c6
04f9
0f89
facf
f286
039b
0b05
ff6d
07a5
0418
0548
06fe
01eb
ff78
07d6
0053
07a8
00a6
fd90
f463
fc8d
04b8
03e6
010f
f74e
fff8
03a3
05b0
05e7
ffc0
fe00
0080
0c5d
fc08
09f2
ff39
fe06
fce2
00cf
fdd8
0532
f118
0943
f5dd
fe82
fb64
fd40
f7a4
00aa
f208
febf
fc5f
05b1
077c
0af1
0b7d
04d7
f959
f89c
ff25
fc0a
0240
f875
0767
17aa
fc75
026d
04d2
ff34
fd2a
f788
f7e3
ff77
0846
fc20
031e
0a94
fc6f
fe66
07ed
fef1
f5cc
0af1
001e
0204
fdf1
075f
09cc
f8e1
edcf
01db
06c5
ff35
fdbb
0214
fab9
05df
fa67
0252
0773
0a34
fa6c
fe22
fdb6
03fb
0e10
03cf
02fa
fb62
0bfd
fc1a
f549
fca0
0266
01e5
f522
0611
00ce
05be
02e5
ff52
0071
fc04
ff65
05d6
f417
fa52
ff42
03e8
06e5
0b78
fdf2
f590
0193
0991
fa03
02d2
02ee
02c8
01ad
fb38
04ed
03b9
058b
055d
0461
f557
f543
f943
050c
00a0
fd22
fa34
01fd
0456
0a63
05c6
02a7
fb44
fb5e
0c3f
02ce
04a9
fc7c
f57e
f9b6
ff40
faba
01fe
f1ef
0e6f
f469
ff1a
fea3
09f5
f6dc
0aa8
f8ba
03aa
fb89
07f4
0493
0d34
0da8
044c
fa2f
f940
fd67
00df
0104
f210
03d9
102e
f90e
01e5
0708
0499
f7c0
fb6e
f564
fd9e
ffc0
f69a
06d1
099c
fe30
01c2
06cb
02a2
f539
06bc
f6ad
ffd2
f9c5
04b9
0502
f724
eda9
0140
04d6
fe4b
fc1b
0052
fee1
ffbb
fb26
0507
0f67
084e
0014
fc8f
ffa5
0077
0769
feca
022a
fe4b
0825
fb3b
f583
00a9
063e
054b
f82a
05b2
04a5
0160
06f8
0224
02e8
fbcc
ffcf
0043
f62c
fb2e
fd90
0d22
025a
0a29
fe45
f75b
ffe9
03ab
fb03
01b8
0213
0027
fe09
fc8c
fe94
021d
0093
076a
0262
f4dc
eebf
fd09
0547
ff32
0042
fa23
fb3a
01e3
0d88
0875
fb85
f46e
ff97
0e17
0282
0288
fa50
fc5a
f771
0234
01f2
0604
f530
03cd
f8ec
fc66
fa7e
04d3
f4fb
0650
f704
01f3
fd91
097f
01f9
0856
0faf
03c0
fa83
f6c2
ffd5
001f
fe37
ef59
fdaa
0e40
fe0c
013b
0f38
0702
f4da
0122
fadf
fbba
f958
fe97
0505
0d08
ff06
03fc
02d1
01a6
006a
0804
0046
031f
ff2d
0437
05fb
f959
ee45
06b0
076d
fcab
f32f
0617
fa5e
ff20
f529
07e8
0c00
0b07
00cf
f8fd
fc95
025f
0558
021d
0254
fa21
0585
fa24
f6f2
fc94
06b9
0515
f4a2
0870
068a
007e
0355
015e
036f
0154
fe99
012e
fb2b
fb3c
fdb6
08ee
ffa2
09cb
011a
f9f1
01e6
0335
fe1d
0624
0112
fff4
fbab
02e3
05f0
fe3f
0474
0425
fc15
f5bc
f0eb
f8ed
0454
05c9
fb7e
fec5
fb93
01b9
0fa7
02db
fbbd
fd7a
ff01
0d96
ffdc
06ef
f4ae
fc42
f8b4
02df
ff7e
00cf
f85e
1227
f728
002d
f77b
0764
fc7d
0066
eefc
fe38
fcad
fcf9
f707
fd43
07fa
04c4
0545
0118
fc47
04f6
f1fb
0787
0f7d
0295
f36e
0422
065c
0445
f7c5
f40e
04e2
047e
0c17
004a
f74f
f73c
0166
ff51
0996
0260
12fc
0526
fe0d
f92e
fa08
ffba
02df
0217
01da
fa9b
fa0c
06de
fe7b
00ca
01c9
ff84
0177
fe11
f6e6
fd01
0205
ff28
f374
02ed
fed2
06d9
0964
fdee
0527
ff87
12ab
0106
f6e9
055c
13b0
ffae
fbd5
fbc6
0327
0248
f5d9
fc3f
eaac
f3b2
068b
0c19
01cd
fb2d
fc92
f17f
03ae
ff57
015a
007d
014f
f455
e778
0187
f722
eaf3
0a19
fa0b
085d
07e0
eed2
fedd
ffdc
0c5c
f653
0c4d
fa7c
0212
00c7
fb46
000a
0028
fe21
04cb
0296
ec65
fedf
1415
fbe8
033a
f581
0182
0775
07b8
0dc9
fff5
f877
f437
ffff
01de
fce5
08d6
f12b
fccb
feaf
fc9d
f7ab
fac8
fc33
03e7
fe30
ffea
fa43
0268
ef18
0c7a
0bf3
045a
f595
ffc7
0697
08d6
f2d1
f3f0
04b1
06d5
0079
011a
f788
f716
043f
0483
ff03
fd09
0fb8
0529
09f8
f775
fb5d
036a
034b
0517
fd02
ff5b
feb7
ffb4
f8b2
0095
fc5e
f96f
ff97
fd91
f980
06a6
ff12
0056
fc7c
0214
006f
0909
04d7
f8a8
0c6e
0155
1ae4
fc21
fe53
003f
0ff3
0467
faa8
fc1a
070e
009b
f0c6
fe9f
e69c
fa89
01fd
0df8
065e
fb96
0381
f8a5
03de
fecc
fb6b
ffe7
0095
f9d6
e1af
0797
ef69
e80e
0132
f4c0
00bd
0282
f69b
ff87
0562
0d4f
f562
fdf1
fa64
0167
f745
f5a8
ffc6
0840
ff32
0442
0865
f647
fb29
1139
f7fb
07f4
ef6d
fa74
1041
09d7
17e5
f794
0087
f172
fce5
ff37
0a9d
0730
fb4f
024f
fe11
f6f9
fbee
fa3f
f6b2
fd74
fb99
fc33
faf1
feb6
f280
095e
0192
03b1
f76e
030e
0455
0279
f85f
f418
f59c
03cc
fb18
fc02
00f5
f842
04a7
09b4
075f
fb76
0d65
031a
036d
f9aa
f9eb
026b
01f7
fff2
fd06
02d4
07dc
fd8b
fdc8
fa92
0889
f68b
feb3
03ca
00c1
084b
fd9b
fc0d
fe00
0e6d
0327
0802
04dd
f658
0813
01f2
11a6
fbb4
fa71
044c
0b7a
0259
023a
ff71
054c
ff74
0648
f6e2
ee18
f92c
02d1
073b
ffe7
fe35
02bd
ffd4
02fd
009a
fd76
fc29
f88c
f7b1
e9f1
0996
f0e9
f04c
fd87
f27e
00ee
fe3b
fb98
fbb7
fd40
078c
f7c9
025d
fbdb
ff38
018f
f8ea
fb1c
10e4
04a5
017e
f967
f4aa
fdb1
08c4
f8e4
038a
f580
f94c
13bb
0774
0c46
02e0
fdde
f3f5
feb7
fde8
007e
0592
ef0e
0127
049b
f485
f6d5
f8e4
f74a
fae8
ff32
fea2
febc
fee0
f063
063c
f360
03c3
f433
082d
06c8
0409
fb25
f449
f676
0099
fa2a
01ae
ff14
f3b3
01a8
0233
fd7c
fffa
0b03
f21b
03eb
fa92
fbe6
fd59
fe0c
04c8
fa8b
f90f
02d0
008b
f781
000d
fe1d
f746
04c3
0706
001c
0118
00f1
00e5
fc17
0aa3
fd77
017f
0740
f7b8
0df6
0011
1522
fbab
f86b
fea5
151e
ffc6
0416
f848
0627
feea
feb9
fe42
f350
fe48
00ff
06af
f511
f8fd
0613
f907
0439
04e6
faf3
fba4
00a4
fc41
e4cc
068d
eb27
ed77
03f0
f2d0
00cf
feb9
fd5b
0048
0544
05d5
efc9
079d
fda9
fe0e
06c3
fa9a
0021
04e6
09cd
0346
f56f
f505
fc54
0ed9
f865
08ee
f8aa
f66c
0d00
0921
0fb9
0186
0140
f574
fbdf
fa89
0070
fe27
e89a
fd59
0598
f5f2
f7cc
f968
f765
02d5
ff46
0394
fe5e
01c6
f05a
03bd
0281
017c
f5c9
0b57
08b6
0a3b
ff06
f11e
fabc
01a0
0b4c
02ad
f803
f10e
fb3f
0512
08f5
ff6b
134b
f51b
fe9e
f424
f856
f675
fa84
0750
fe0c
fb3e
f981
0672
01b8
01bb
fcd0
f536
07b4
f9b4
fbf3
f6c3
0778
020a
fa52
0396
fea4
011a
0b8f
fbd1
13c9
005f
132e
0462
f549
f631
0b4b
02d8
099e
f6a7
0789
0091
f1e6
fae4
ebf7
00f4
023f
0981
fb62
fc04
0470
f318
075e
057d
f9ca
fd1b
0a1e
f529
e7bb
0a64
edcd
eb0b
0318
f55d
ffc2
f8f4
f15c
0a5d
02c6
06a3
f920
009a
f7d3
01db
01d2
fbdc
0dd5
0b67
038c
0a93
017f
f054
f9ce
0e2e
f6a1
03d7
f052
f738
0d60
082a
12d2
0e5d
027e
f668
0187
f75c
0120
004a
eba9
fffb
0157
f7b2
f846
fe3e
f9c1
038f
fe45
fd01
fc89
0167
fd47
02db
06d5
018b
f748
0aa1
ff23
06e0
0192
f35c
f8e8
fd1a
084e
0088
fd41
fb8b
fcdc
00d4
04d9
fa8f
0a34
f4f8
00b1
f754
ff16
fd01
fb2c
06c1
f6a0
fdfb
fe17
03fa
fcba
fb4a
0147
f7ba
f9b2
fde6
004e
fb8b
fed4
fb78
f3b4
0400
fa5a
021d
0a37
fcdc
0dc2
022e
1280
00b3
fa78
0206
0a9b
048f
0320
fb3f
060e
0000
f594
f6c8
e92e
0274
f852
0b1f
f806
fe8a
02ab
f4b0
06f7
ff77
fa8e
fecf
06fa
fbdf
ec88
0345
f01c
ed35
fce0
f566
faa4
f386
f381
0680
04ed
06fe
eb80
025b
f719
035e
fd2b
fffd
0d28
062c
fe12
062c
fb40
f2e9
00ba
0dab
f73d
fc32
f497
ff35
06cf
0274
0795
03fe
0037
fbde
0306
fe95
fce4
0857
f082
00c6
0176
f945
fe1a
fc2a
fa8e
018f
0309
fec8
fba0
00ff
fca9
fcd0
ffa5
0204
fdb0
fe7b
03b1
0733
fee3
f792
fa93
00d3
fefc
0379
fd0d
f4b0
007f
0549
033f
fe55
116e
f9d5
045e
f381
f7fe
f79c
009a
0598
fd02
00a1
f70e
fe64
fe79
faf9
0629
f7d8
0284
0967
0015
f659
0b57
ff08
f10a
fbb9
ff83
ff0f
08a5
f87d
0f86
fb31
1065
fc8e
fd74
fada
090d
0025
073a
03bf
0627
fa72
f8ab
faf4
f5a4
0201
00ca
00b7
eeb8
05a1
028e
ef67
fcca
f89d
f80b
fd32
049c
fb66
ec01
043c
f083
f4d2
fba3
fa86
fc0c
f3c7
f766
09e4
05ac
080b
f303
079e
00fd
02a2
fbb2
f88f
0847
03f0
01c2
0aab
0363
f37a
ffeb
fbf5
fabe
fbc0
f408
ffa4
0c04
04cd
0746
060e
019f
fa57
0153
fa52
0073
0614
ff10
fa08
00e8
f705
fabc
f8d3
f2dd
05cd
0009
fb55
fb71
073e
f9c5
f8f1
fd9b
0484
01d6
0455
01f6
fa72
0093
f2e0
f295
05f2
004f
023c
0299
ff44
0186
0ab4
0a13
fd86
0ac8
f961
02dd
ed29
f1bf
f8c4
02a2
0565
fbd7
fe24
fa42
0209
001a
ff3a
0626
f746
079d
0a12
fe6a
fd31
05e9
fc91
ef52
0042
fe12
f95a
0491
f2c2
0a65
00ef
0c12
029a
fdf9
f6b6
fdcc
fe8f
0a94
fd0a
001c
fc56
fbba
fac7
f3f6
01ce
fcc6
0547
ec3e
069c
0590
f820
fde8
f8bb
f661
fb33
fe37
fc78
f032
079e
f02a
fc4e
f9dc
f561
fae4
f7e2
fd59
04d6
0692
0579
f5d9
fe29
faac
033e
fc4b
f6ba
fb2e
06c6
ffac
07fe
06e4
feb4
0343
faef
f0e8
fcf5
f5f6
ff93
112a
04c0
0392
fdbb
047c
fec9
04f3
02b1
fd5b
09dc
f875
fa60
01db
f0ce
fb6e
f74e
fdea
0571
001a
03b7
fcd0
04a4
f4fc
01da
005e
0422
fb49
0054
023d
fa1b
ff0c
fd85
ffea
05bb
0dc8
fc67
fb91
fbe9
fa8a
fdd1
fb8a
000b
13c3
fe77
fa8c
efd9
fa70
f80d
0002
0af2
056e
0387
f3de
00a0
06fa
fc6e
01c7
f250
0e7f
0199
fae6
f871
0c7d
01c1
eb40
f412
fae5
f2a2
049b
f7b7
091d
0019
0bb3
05ae
fc79
f65b
02a9
fce4
0d3a
fdb1
03b4
fbf1
f51e
0738
e6d0
fafe
0051
0513
fbd0
fc58
fd26
f787
0104
fbc5
f9e1
f6f1
027b
fb00
ecec
fcd9
ecb4
efc4
053e
f734
fb03
f6ee
f182
0d04
07d7
05cf
f2aa
0757
fb89
0aed
02a4
f655
09ac
f752
fd23
03bc
0d37
f439
f891
faa2
f84c
fe53
f63c
fb4c
0e6a
0dcc
077e
079f
032e
0113
0732
fed7
0092
0136
f308
f82a
003d
f64d
f993
0056
03b8
fff0
fe92
0134
fe78
02bb
f324
fba3
fd64
0366
fe51
fef3
0520
0255
fcf1
fe21
f913
0102
f992
f9c1
fd95
ffbb
f97d
07db
050b
fe56
0f45
0015
fe86
fa29
fb15
fbce
fb70
043b
04f1
00ff
ff9d
fe13
0249
fc05
028c
fada
104e
03cd
015e
fa09
0273
fe63
f31e
f8b8
00db
f610
0099
fa3a
061b
fc0f
029a
0187
fbe4
f4fb
0228
010e
067a
f944
00e3
fe2e
fdc4
065c
eaf1
fcc7
0046
01b7
f298
fe9f
ff1e
f7b1
05d8
f6c4
fbde
fd6b
fc71
faf3
edfb
061c
f255
ed3d
fc75
f9fb
ff61
fb56
f87b
06d8
05b1
0668
f4cb
06ab
fff0
016f
0476
f619
0d34
fce7
fd0c
0589
0bde
faaf
fd6e
04ea
f7a9
0368
fb73
fb38
0ca7
03fa
035d
06d6
ff25
f7ef
0228
fa3f
00e0
0018
f30f
fe7d
fd78
f5ed
fa57
03e0
00c9
fe21
001b
fcf1
fa60
fe87
f7aa
0001
fc90
0452
02f9
f9a0
08f1
fa46
fd71
03d7
f816
f93f
ff0b
fd03
0060
fc50
f5f4
0a71
fd25
0265
14d2
fd51
0654
00c7
feb3
ff10
fc9a
07b7
0053
fe08
ffd3
002d
008a
074c
0158
fda1
0f78
060a
070b
fc1e
0688
fb53
f2bb
fad9
0487
ef31
0444
f8a8
0646
fa65
ff37
fcb6
f8f5
f4da
fdfc
01c1
0d20
fac7
0470
faac
0086
0218
fafb
0c59
00f5
ff00
026c
0854
fe1c
fc28
00e0
f767
fbab
0285
0704
fbe6
ec03
027b
ef29
f4dc
fec1
fc1e
febb
f884
f2ed
020d
0193
04e5
f69b
0bc8
ff4e
fb8d
036e
fd5a
0879
01ea
00e1
0713
f886
f869
ff1c
0315
f74e
072d
fa24
fdd7
0d10
004e
01c9
1103
f854
f416
01fd
fd09
fa7c
fcf0
f742
f73c
ffa1
f1ba
f8ef
fc20
fffc
025d
fcc3
fea9
f820
023d
f7b8
fc48
fb02
0378
0374
f701
0389
011f
024a
f925
f8cc
fdc6
fbed
ff42
053a
ff9b
fe09
028d
fb75
020b
0e7c
fd09
04a6
fc1f
f7c8
fced
008e
0959
0bb9
009e
01c4
07d8
fc89
051e
fd2e
f9d9
02bf
01ec
017f
fe0d
09bc
fe36
f520
f2b0
0192
f542
0aaa
f620
089f
fd2f
0202
fb64
f2b6
f855
fa92
009c
073d
f617
fc68
fee9
fdd5
fbad
fc0e
0c0d
fbae
030a
f54a
05cd
ff54
fefa
fc36
f855
fbf4
06b7
032e
f7b5
ef30
03fd
f0e7
fa91
0273
f4f2
fdf6
fb78
ebc1
06d8
0582
0685
fc75
0780
00be
fee1
0289
f89c
04d4
0540
fa57
07fe
015a
f7ff
fcb0
0b4a
f8ac
06b7
f48c
0151
1496
ff07
047c
17b0
fb06
f884
027e
f847
fd15
00ee
fbd1
fbe7
000a
f868
f5ec
04d4
fe87
fe2a
0065
fcde
fcf5
fd43
fcb1
fc7d
f8f2
0385
02f8
fc32
0b8c
fed9
f523
0152
f9f7
ff56
00e7
002f
0269
019a
f940
08c6
04d7
0099
06da
0776
021b
f8fe
f9af
00ec
0471
048f
03f6
f793
05fe
038f
f469
05f4
fa02
fd2f
fda9
ff3e
0826
fe09
03d9
fb1c
f5a0
fbf7
0aa7
f578
0816
ff6a
0a18
f95c
fe09
f995
f791
f462
f7dc
0251
0579
fe7c
ff00
fddd
f3d3
f864
edc3
0a1a
0016
fafb
ffa7
05cf
ffbc
fa9f
01d7
f84f
03f3
0664
0cb6
fb1a
f6cc
02f2
f3b8
fca0
03f0
fc7e
0269
f9b1
f2a3
0256
00d6
0876
fe42
02af
06c6
ffbc
0319
fd21
0ef1
0549
fab8
05f8
ff8c
f873
fe23
09d8
f929
0ab3
fa33
feea
0c37
0571
ff4a
1622
fc94
f57e
0034
f754
040e
fc2b
ff3f
f920
0461
f6b2
f94c
0072
0632
fada
0491
ff2d
fd65
0152
f6b4
f536
f64a
04e7
f4fa
f83b
05d4
0364
fa30
fc11
0755
010d
0378
ff71
08fe
fd1e
f401
0591
fcba
026f
0b5e
fd76
f67d
fdd0
fe72
0432
feba
086b
fe8e
fb65
ff06
012a
fa9a
00b9
fbba
feea
05a7
023c
fec6
fa32
0d7f
fa19
f50d
fcd5
060c
f5d7
0b74
f5fd
0cd2
fcfe
fc12
fdf7
f70b
f901
f5a3
0633
092a
faf0
000d
fc42
f39f
fe21
f5d7
08da
ff4a
fdba
f860
fefa
fa2d
f9c6
0267
f939
0388
05bc
05cf
fc15
f529
04bd
f076
f9c7
0525
f9da
fe36
fafa
e859
057a
028f
0781
0021
1212
03f0
02de
0385
0146
06c8
03ee
fe86
0509
ff46
f46b
f5bb
049c
f7c1
0ad2
fbf2
fb54
0921
026a
01cc
1c05
fb4e
fe52
0520
fcc2
ff0b
f88c
f64b
feec
0378
fc51
f9f6
0008
ff0c
f880
064c
fc9f
fd8b
fe6f
03e4
f6ab
010f
0623
f1a0
ff68
fa95
fa57
efac
f6ec
fdce
0196
13a5
fbd5
0917
f90c
fd93
0254
099b
fc8c
05d3
0687
f9c8
fce9
f827
02ee
ff00
049e
043d
fdab
fdf7
0123
fd97
fdb9
02dc
fdee
05cd
fc64
032b
fd27
0506
f89a
fb67
00b2
017b
0205
083e
f192
1155
ffe8
f91d
ffc5
f5b9
f9c9
f914
0737
fed7
fa15
ff8a
fc43
f454
f315
feef
094b
ff4c
fbe4
f23b
0058
fc6c
f698
0455
fda0
01a2
05e1
0334
f9a4
f50f
0cbf
f4d1
0406
07ae
f99d
00ef
f8bf
f475
032c
01dc
08de
0421
0f69
079c
02c7
0467
fb14
0c5f
06b9
fed4
0170
f93f
ff01
f790
0efe
f7c8
0caf
fdb8
fb95
0c56
fe0e
fed9
1cb4
f8d0
ff12
fe55
f9bc
fcb9
fee8
f8db
fba1
0406
f985
f934
017f
fef2
fd53
0401
fbdc
fb20
fe83
fcd6
0074
00bb
067c
f515
fd85
060a
f5a1
fc72
fbc4
fc8d
0829
1624
fff1
03e3
fb04
fef2
0377
048f
0670
04e9
07a3
fd25
f9de
fc22
00e8
f955
0780
fd4a
f7d0
fa5f
05df
0012
fdf6
001b
01b9
02ee
fb84
0373
03f5
083b
0329
f822
0559
0597
fb9b
0d36
f43b
0dd3
fea8
fe72
f71c
f285
f763
fc52
ff19
fd2c
fbd1
007b
01cd
f57f
f81a
fca4
091a
fb10
fbc8
fed3
ff1d
fffb
fabe
051e
f85d
fc8c
054f
1142
fc87
f0ec
05d6
f01f
fd46
063d
f9f7
0259
fd89
f02c
fefe
0b10
0ad3
02fb
146a
ff00
001b
0515
fa43
1239
0473
ff24
fd28
f965
fa8d
f864
0884
f9f5
0fbc
fb29
f935
0ce4
05cf
ff96
13dd
fbb5
f9ca
fead
fbea
0021
faa9
f478
fa85
0107
fc2d
f630
017e
fbb4
fce5
fccb
f80e
f8f3
0314
fdee
fa48
0688
03b7
f2af
fe2b
13f1
f927
f4ad
f6a3
fc95
08f5
13da
026d
fff6
faf0
fbbb
fcb8
06da
0b12
0b12
02cc
fb64
fd9e
fb19
00f5
fe0b
07d4
fd04
faa6
fec5
0819
04b6
006d
fd3b
fa09
027f
f8bb
05eb
0315
08b6
0662
f849
0198
0788
f8b1
0e12
f3c9
0ee4
001b
fa8e
ff2a
f2f3
fa19
00d5
0644
000e
fc00
01f7
006d
fdf8
fd3f
fe20
040c
f3e8
fc68
fe75
fd7c
fbcf
f545
03f1
0043
fe24
0d93
0e14
fd72
f41a
07ef
f6af
fd4f
0525
f9d8
0485
fc26
f112
fe60
05f0
0e90
066e
12bb
f6ef
03e9
06b9
fabe
1ad5
06fa
fee1
fee0
ff1f
fd51
f512
10c7
f827
1195
fd6a
0405
0cb9
03a0
01cb
1d8b
f8ad
fd57
fe27
f21b
00a2
f691
fae4
f6d3
0076
fad3
f82c
01f2
ffa3
0028
f7cc
f59d
fc85
0197
00de
fd9d
0cf9
0507
ef89
00c3
1180
fe16
fd5b
f800
ff59
0767
1235
0109
0165
ff7e
fce5
fff2
0738
04de
068d
03a6
ff37
f72d
fc3d
ff17
003a
0a75
fe82
fc8f
01b6
0440
04f5
0242
f822
05e0
fd1f
f775
ffa3
0002
09f9
045e
f2fe
0170
ff6f
fa2f
0ffb
f253
1106
0445
fd6a
fcc3
f171
fe71
0454
08bd
0280
f9ce
0098
004e
fcfc
fc57
f982
01c5
f5ac
012b
052d
fc96
fe29
f390
0543
ff0b
fff8
07d7
0b4d
f898
f694
01a0
f311
f52a
0795
f6a8
0534
fcbb
f3b3
f9d1
0a80
085d
0570
09e8
f56f
025f
068a
fca0
13ec
082c
fd27
041f
fff4
07b4
fcb9
06b0
f44e
0ca7
f986
fff0
0a50
04a2
ffbd
0d32
f314
0045
01e2
fe85
f967
f5d3
f3c0
f670
0113
f7e2
f3b3
fc54
fdd9
ff33
f78e
fa05
fad6
074b
fadf
ff7d
0423
06f6
f295
018d
0ebe
0497
f770
f3e4
fe2f
06a6
0dab
03ae
fe56
fb36
fd94
0065
05b5
0df3
0c02
0068
fd05
fbc1
f824
fded
f7e2
0a7e
fde0
f88e
f99d
0517
ff26
07cb
f891
ff00
0266
fbd2
02a8
fa51
0e7b
007a
f7f8
00cd
fac9
f3e9
0da8
f79e
0d2a
042a
faac
fdd3
f380
fc7c
0381
0450
05c6
fc22
01f1
007b
fa8d
0067
fdb8
0130
f73d
049b
05cb
ff7e
fb8f
eccb
043e
fcbf
0148
0102
0ac6
f6c0
efd6
0214
f412
f520
02b2
f257
02e4
f785
f628
f8ac
0a06
0ad2
05c5
0800
f640
02ed
fe45
f98b
1346
0469
f28e
0197
fdfb
01a8
fc57
08d5
eead
0a1c
f9b9
0072
0f4b
06b5
0381
0789
f604
ffa6
00c3
f5c5
fd54
fd8c
fb35
f8c1
0384
fac5
f834
0126
ff5a
fa39
f9d7
fc8e
f9c7
ffaa
f800
ff19
f263
05ed
fa2c
022f
0bf8
062c
f54e
faab
fd01
06c7
fd33
04e7
059e
fbd2
fdd4
0479
0465
09c7
065f
007e
0126
009f
fdf8
fb6e
fb84
0957
f9e8
fc64
0306
fd67
fe35
0509
fcd9
f86e
fdda
05b0
022d
ff48
0d12
f963
fc71
00ef
0113
fbac
0880
f07a
0d2e
04fd
0148
fdb1
f4d6
0135
fef4
07fe
03da
f6a2
0412
011e
fa1b
018a
0026
03b8
f75e
0732
0259
fe1f
fa5b
f790
05fb
ff54
fc8e
0017
0632
f714
f07a
011b
eddb
fa8a
0470
f270
0a52
fe4a
ef9e
f887
0557
0641
004f
1031
f668
040e
fb65
f9ac
1579
00f4
f24e
00fc
ff1d
075c
fa16
0fd2
ed5c
05b3
f845
fe22
0af8
fffb
04f2
119d
f788
fff5
00bd
05fd
fc92
010a
fff9
0013
f66f
fce9
03fa
089e
0655
feed
ffca
fae8
f608
024e
02a9
fe8c
fe4b
1424
02f8
0881
0414
00dd
f153
f466
fb1e
f603
fb60
f752
fcb6
07e3
0a7f
08a7
103a
f53b
ff35
1314
fa47
00ce
02c0
049e
055b
f4af
f674
0689
0300
07c5
fb34
001d
0e62
0da9
f7f0
0696
056b
10a4
f20c
0034
fc37
0373
faea
0b0a
fe42
fcd2
ffbb
fc83
00fa
fe44
04ba
0a6d
0566
024a
f3b1
00a2
fe26
0197
0a39
f8c1
fd4a
f2c4
fed1
01e0
fafa
05ce
fd91
0e66
fc76
f0b8
0ba6
0092
fafc
ff8a
f3bc
060a
fb43
f667
08ba
fb18
0aa9
04d7
087c
fe93
f3b6
0065
ff37
f69d
fc6c
f354
fc74
02e6
f2d4
0a1c
fe28
f91a
f7e2
07b4
01bb
167f
fe26
f96a
f703
02d0
0300
fdcd
fa22
f02d
f23d
f133
fb9d
0c2d
faaf
0fa0
0164
02cc
f690
f848
0568
05ae
013c
06e9
febc
fde1
f8b3
01f7
fdb0
0281
07c6
0cc7
0101
0788
08f7
075e
fb42
f540
fb21
f85c
0192
03ef
fc73
00f4
069d
05ee
0d21
f943
04c0
0ef2
0227
fb19
00a2
fd7d
0450
fdbf
f73b
041d
0512
021c
fff8
00f7
066e
02a3
fb92
0386
038f
0f67
fa17
05e9
fd8e
01f0
fa65
075e
f9a0
fbe4
04bd
fbd3
0558
f9d3
050d
0856
0760
0261
fc22
0639
0066
ff3f
07b5
fa9e
f83d
eaf7
0717
096b
00b1
0487
fc0a
09de
0005
f466
052f
f6b3
fc19
0001
f583
0455
fa25
ef9a
06a2
f630
060e
0188
0227
065f
f950
00cd
fd59
f4c4
fed8
fbf8
fc1c
fc49
f5b6
130a
fe80
037d
fa83
06c0
032e
144e
00ab
03d5
f38e
fd38
058d
0271
0498
fa76
f99e
fa97
ff47
0840
05e8
0c9f
0681
06f9
f2e6
f960
0bef
0405
fd4b
fd0e
fdc6
04b2
f5fc
f8ae
fb45
04f4
06a0
08f0
ff77
0800
0555
03bf
0212
f509
ef15
fdaa
f86a
0801
fb9f
fe8a
0234
ffb9
0a9a
ffcf
029d
0813
fe0d
fc33
fee0
ff7c
089b
00ea
f259
0368
0771
005d
02c6
fe13
10c7
f5c0
fb24
fc20
03fd
0e61
fff3
03da
fe57
037f
fa4e
059e
00d8
f785
021f
fb39
010f
fb6d
ff93
0829
00a6
fef8
0017
081a
fdcf
fb22
0e0d
f69f
f8ae
f421
0b08
0648
036f
05d6
fbdd
0de3
fc86
f5c3
0784
f878
ff3f
0168
f4f9
07f4
fa65
f45f
0228
fc6c
0361
0403
06c5
fe7b
02ad
0012
fcf2
f8c5
fb36
fb79
04dc
fcba
f42e
0dc9
05bc
08a8
f39d
045c
ff91
0a19
02d3
fff1
0143
f4dc
00fe
055c
fdb5
fff6
fa15
fe14
fe7b
071d
020b
073d
06c3
06be
f817
02ae
0b6c
04cc
fddb
fa66
ff41
f651
fbb2
fee6
fd6e
0533
fb43
0c0d
0202
0b83
089d
0671
ff88
f624
eccf
fc5c
f20a
064b
fe24
03f4
025a
045e
00cb
f954
03f1
00f9
04e7
ff26
0289
ff23
068d
0467
f3e2
fe92
0bf3
00d1
f5b0
fdb1
0a37
fa33
fdf1
0219
0873
083f
fc35
fb71
06c7
06a3
f8d6
0255
ff6f
02c8
0493
f9e6
019b
f62b
06f7
052e
ff1b
ffe9
fd7c
0143
0112
fa4a
0c46
fa60
f52f
f7bd
04c8
039c
00a8
0828
02ba
10a5
fc5f
f600
0653
fbcc
ff8a
05ed
f37b
094a
f8a7
f448
05ca
fd26
054f
02be
0e62
fbf1
fb4b
00cc
f512
fc01
fbec
fa04
012b
00dc
f21c
181f
0493
09bc
f319
04d0
039f
0d81
024a
02dd
fbc5
fd3a
fce1
059b
fc46
f77f
fc29
fb1f
fe75
0569
0011
0238
ff8b
019e
f6eb
0179
0884
027a
02ee
01bb
fdc8
f654
fd67
fff2
ff4b
fe19
0546
09b6
f7eb
1091
091a
0a85
042d
f98c
eb96
fdce
062c
04c0
fe70
fdf0
0398
0a0f
0902
f9f8
0505
0153
ff1e
ff63
fc10
f22a
ff60
ffa1
f6a3
fe2d
03fa
015d
fb4d
fd2d
067b
fdcd
fe3c
fa2a
0601
026e
f9d2
fd95
00b5
fcc0
f9f7
016c
fca9
0375
fe37
f9ea
005e
fbe6
0322
037e
fffd
0293
0147
ffec
fe0c
fa52
fe53
f25f
fb0f
fce3
029e
0266
00f5
0b7c
0511
0b05
fee0
f3aa
0530
fe64
05ca
fb66
f884
0cb1
f9c2
f5c1
fe2c
fff7
00e8
fdf6
0a85
fc4b
fab3
0029
005f
f764
f5f1
fafc
014c
020c
01a9
1ce4
fe63
0715
fb3f
030f
01f4
0c89
02ed
02a8
f9f6
fd7d
0061
0061
fc41
05b9
fc01
f9c8
ffd8
fffc
fb0a
04f6
0354
0194
f6ac
0489
05e2
0716
0224
02f9
ffb4
fde9
fbb2
031a
0501
fb59
0282
08f5
f579
06b7
093b
0951
0577
f5f0
f957
ff68
0721
0073
ff9a
fcdf
02c1
ff87
06d8
faca
0892
02b0
fae1
f986
fea7
f6a0
037e
fd1e
f978
fae5
0442
0230
f9d8
fcf4
08c1
ffd2
f93f
f7ef
0318
01da
fbba
f9e2
0287
fdcb
f66c
03be
011c
ff78
0502
fa85
febf
fb9e
053f
032f
08d5
0238
01dc
ff30
fc4a
fc6c
fe5f
f7a8
fd87
fe55
fca8
029c
0337
0a1e
070e
0a3e
0024
f209
03cf
015a
0b47
03cf
f9cf
0d0b
f929
f239
0342
ff4c
0264
fab1
0133
fe23
fb41
070f
f2a0
fe36
f9de
fbd4
fedf
04a9
ffac
0a7b
fc59
0796
f970
fb43
ff0d
0774
034b
0515
fae4
01cd
fbd9
fc9a
f625
0198
f6ec
f96c
fd7c
00af
fe3e
0c32
00e1
0488
faad
0186
094a
039b
fee0
07b6
ff45
fcb5
fb63
ff89
0965
fc7d
feae
0d44
f947
04fd
0289
06ed
04cb
fb91
f4e9
fa1c
05ad
03e0
fe91
fc70
02f3
019b
020f
fa22
0c28
fd2f
01dd
f654
fb88
f256
02bc
fa49
f94b
fa0c
fe2f
0851
ffb4
fb68
0643
00f5
fd37
ff38
0272
fb15
fc8b
013c
fde8
005f
f662
fef2
fa8b
fe85
0aa2
f9fe
fc8b
fa36
085e
0143
0b78
0023
005f
0924
01b5
fb28
fc22
f76e
020c
fb58
fd4b
fea8
009e
11ea
06db
0fce
fcee
f239
021c
fed8
1045
01e6
f5d9
0bf1
fb33
f550
01e5
007a
ff18
f682
0105
04ef
fedf
0719
f0af
06e8
03f3
f958
00de
0236
f588
0d72
012c
07d4
fbc7
fd1c
007b
f9f4
0219
02d3
fb7b
00e1
0090
037b
f4c2
fce5
fb55
faa5
faf9
fa91
fcc7
0608
058d
feed
f5e7
020c
0bac
0067
fe41
0ae4
fda2
00da
fc43
016b
02ac
f5c0
ff43
0b66
fe3e
046a
ff5f
fd56
056c
fb1a
ee19
fc15
0151
012e
054e
0502
04ee
fe0c
04b2
fb77
04d6
fa25
03ca
f0e7
f3d4
ef50
0a55
ff32
fa79
fc0c
0020
0261
02ba
0146
0b55
ffd9
0035
ff5b
05e4
01b2
fe7d
ff14
fd23
038e
f755
fccd
f73f
f8a8
03c1
fbac
f750
fb2d
08f4
fe1a
015e
ff7a
0204
084d
fa6e
fc23
02cd
f596
f6fc
005f
f9a7
faef
fc41
1122
01cc
0d99
fd69
f478
02a3
fbb3
0ef8
0446
f7ee
09b1
fdf2
f92f
02db
0014
0360
fbe8
021b
0568
f9e0
06ce
f407
0057
fc18
f634
00cd
00fa
f481
1152
02c6
08a2
ff69
ff10
0324
fc83
fd32
024a
fb6b
ff47
002d
0769
f560
ff15
0052
fc7b
0024
fdfa
f7d5
045a
02b2
014a
f945
f95c
06ec
ff74
fefd
082c
fbc2
0969
fb88
fef0
04f9
fc7e
ff20
085f
fa80
0c09
09ab
f9a2
0065
f9a7
f92d
fe4a
0b13
0277
00d0
0373
010c
fa38
0677
fffa
0c6c
feb4
faf4
f357
f899
f013
0583
fd71
fb93
fb6f
01d1
05cd
03e2
fd6f
078a
fc40
01b0
fe4c
077f
0164
fcde
fd34
03a6
fc5e
f8fa
f2aa
feae
fb4e
02f7
fcdb
f540
febc
0b66
0374
0139
01ac
0b29
0618
fcf9
fd60
0869
fb5c
f256
fd68
fa4f
fb56
0284
0c66
0319
0c86
003c
f665
0176
fb14
0a33
06ac
f8d4
0875
fa87
f69e
09f6
fcd4
023c
fd47
fe90
0571
faa8
0278
f819
020a
f8e9
009c
00a5
fcd8
fbc1
07d4
fe80
03b1
054a
019c
fcef
fc8b
fe87
07e9
fbef
fc67
fd62
06f3
f4b4
0356
fc41
fced
0290
fc47
fc2c
06ca
fba9
0032
f6bc
0075
091a
ff60
0467
f914
f84a
0538
0119
ff25
08d9
f017
f847
096b
022c
06c4
0ffb
0164
ff7d
fc92
f687
fba2
ffa1
012b
06fe
056d
0582
0348
101d
ff0a
0111
ff5e
004d
ff97
f541
f5e1
05f9
f987
f8f1
fc8e
0847
0060
ff56
fb02
08f1
01ca
f946
066c
0a24
02b5
f9fd
f2df
0bb1
0241
0014
ef29
f9dc
f733
ff53
fad7
f537
fcd2
0f30
fca6
f86d
04da
0748
0302
fc23
fd7e
085e
f8b0
f8eb
ffd9
fb1e
fd1f
f5ed
0cec
0566
06a9
01a4
ee2f
021b
ff55
ff2e
042c
fc6e
0dee
fd66
fbb1
0281
fd3a
04a2
00a7
fb14
fffa
f5de
fe3b
ffd3
fdaa
0133
fef1
f8ae
fe48
f900
0b5d
fc84
0450
0213
0579
00e7
09ec
fe6a
0737
fd15
ff68
fd9f
0722
f560
08d6
f9e0
f673
fe4e
fda5
f7c4
04ff
f625
03d9
f9a3
f5ed
0a25
04c4
0449
fe8a
f8bf
04d7
f947
fcdb
ff9a
f5df
f9d5
055a
fe69
fe6a
1547
014a
03ad
fca7
0278
fe46
01e8
02bd
0a73
067d
01d2
05d3
038b
fdb2
0544
fdd9
04f8
fe85
fd9e
f3a7
050b
fd43
f770
0136
0630
f97b
0380
01b7
fee1
ff65
fdd5
0284
09ef
fdf7
f95a
fa5f
02ed
fa0a
017e
ef4d
fd3a
ff29
014a
f8d7
f8ff
f95c
06e3
fe67
fe43
0213
0b95
03e5
033b
fb7d
03b7
fbe3
0be9
04c3
fe43
fba9
0433
11df
fe4b
051f
fd2c
f005
fd77
021f
0b87
0176
f832
0ca7
fd62
f919
068b
ff54
0c4a
fd27
f927
0274
faa3
041a
007d
01f0
fd40
fe68
0009
0011
fbb5
0b6d
fa22
02f7
05fc
0015
f9d4
02ae
fa26
058b
00cc
fed0
036f
03e4
fb24
0f8f
f7c4
f8a8
0416
f74e
f7d0
feeb
ff56
0551
f36d
f6c1
0676
0e51
0bce
09e6
f9f1
fabf
f88d
fe32
031e
f85f
fa96
0efc
02a1
fc74
0e45
fb76
fbc7
fc73
f5a2
f6f5
057b
0283
09f7
09fc
02bd
06fd
04ff
fb2f
030b
064c
0103
fb24
f989
f919
0727
f589
fa96
fb05
06c9
fd44
0214
05bd
fb86
085f
f6cb
0730
1478
05ce
f120
faf6
07bd
fdc5
070d
f11e
f95c
feb9
0627
f929
f29e
f500
0cb1
fd58
feaa
086f
0157
07c1
017e
fdfc
044b
f840
033b
028c
f782
f906
fc03
14c7
09f2
10b4
f821
f0e6
035e
063f
0fd2
fd60
fcb6
08e4
ff31
fe75
ffdf
ff70
fd68
f98c
f7da
fd18
f368
00a8
ffb4
f7f1
05ec
fb28
061c
04fb
f0ab
0ef5
fd76
fcf5
f7ea
0809
0056
071c
fc7a
02a1
fef7
fd53
fd0a
0448
f61b
fff6
f48b
f80f
faca
0014
effa
0420
0a32
049c
f7d3
fb5d
0275
0702
0512
0625
fdf2
f908
fccc
012a
0967
f5be
fde6
0a9d
ffbc
0007
01f4
f54c
fe60
fd78
efcd
f88c
0aa0
06c5
0cc2
0881
fbcc
0386
055c
f986
00bb
03f3
f7c4
f8c7
fce5
f608
02d6
fd4b
f891
fa46
0852
009e
fcef
06e2
0362
036c
f9ad
02f9
0ba0
ff96
fafb
f820
060a
0400
018e
f5d4
fb65
fd9f
01c9
fc05
f369
f975
0849
0162
f923
082c
fcce
072a
0411
fe91
fdfe
f4fd
fb8b
00fb
f7ab
f6a3
ffb2
0e47
03df
0951
fdcf
f426
0141
06b7
11d8
fbe5
ff00
0b59
0033
ff29
fd38
fd96
0351
f992
01a9
fc67
f552
078c
01f0
fe3f
0a56
f893
0755
04be
f764
0a1d
ff53
0320
fadd
0726
064f
097b
fe6d
feda
ff41
ff91
0031
0713
f27f
0489
f4b1
fcf8
fe98
011e
f59e
0601
049b
0840
f969
f8f1
07fe
07d0
0739
0843
ff2c
f6b4
fb8e
0610
019f
f02f
fd27
0d09
f899
ff76
0082
fc58
fb20
fab9
f81e
fc56
0e87
fd9a
0c4e
068d
0780
067d
0a9a
fe3f
ff11
0307
f15c
fbd5
0161
f794
0477
f919
f2f5
f74e
04d0
fd97
f607
0a0b
028b
028e
fad1
0613
0a84
fdec
fd49
f5bd
0c0b
006f
0379
fa14
f776
f863
08df
fb36
f182
fba2
0dd6
01e8
f6e1
0b77
f9ae
02c3
00f7
fd5f
fb40
f258
fd1c
033c
fa87
fa29
f8ee
099a
0097
08df
fe94
efda
0000
0982
0411
0247
fe50
0d0f
ff7d
011b
043a
fd8d
050b
fb53
fd56
f79d
f5fa
055f
04bd
0442
08d8
fbc5
024a
06d8
f63d
0c6b
047a
fec3
0158
06ed
fb50
0839
ffc6
0126
f9ac
f9a9
fd72
075b
f5ab
076d
f932
ff74
fe3d
02fa
f367
0276
feff
0a82
f973
0019
075c
06b2
06a1
001f
feec
f8e4
fc72
ffa7
0417
eb73
06d9
1122
faa1
06b1
f9ae
f977
f58a
f8ca
f243
fe79
0cd5
fdf9
0a70
03b7
00e2
fecd
0c10
f6b9
0116
03d7
fb60
ffea
0105
feb6
0492
f8e4
f9e5
f769
fe93
00c2
f8ed
0402
0247
035e
ff8c
fe50
0c12
fd9c
f784
f3a3
0fcd
045c
089d
0064
fda4
fb00
0cb0
fdfa
f487
fb94
07a1
0133
f302
0bf7
f6da
00eb
0052
fea7
fd96
efd5
00fa
06e9
f464
f46b
f873
061a
038b
09f7
020d
f659
0256
09bd
fad1
00f7
fcd1
1337
04da
0403
06f7
0142
0544
fe5a
01b1
fc6e
fadb
0a85
025a
09cf
045a
f7f8
fea6
ff90
0262
0731
02b7
f90c
01e8
05ca
f5a1
0e9e
f9bd
02af
fb44
fd66
fd45
05c3
f717
0b9e
f432
fe44
f8de
00b9
f3ad
01cf
0160
ff96
f7e6
fbbc
03d0
02b2
0200
083d
fd55
f1f3
fded
fe3e
0491
efd9
0613
0eb5
f739
01b1
05d8
f2c5
fd70
fd1d
f18c
fee0
17f8
fa25
0d0f
0764
00e6
0060
0573
fe34
083f
0943
ff7a
f940
fe9c
f8f7
0214
f98b
f8e1
fbc1
fbc5
0656
fb83
0124
0026
06f0
fc51
01b8
0553
058d
fab0
00be
0c92
02fc
06f5
fff8
ffef
fbee
0cb4
fe52
f232
fcde
0835
0381
f9b8
0a60
f2bc
fee5
0519
0409
fdd4
f408
00e1
0506
f745
f656
01bb
020d
05d6
0f82
009c
f7c3
faa9
09f5
05b1
03ff
fbbf
08f3
006e
01a3
ff03
ff96
0281
fc71
ff1f
f543
000f
063e
06a8
067a
01ea
f711
fdb8
fd54
ff3e
0a05
038b
f6d1
f7f2
05a2
f7e3
0860
fb96
015e
f9b3
fe0e
0054
0b65
f2c8
00bf
f51d
fc5c
febd
069c
fd3b
04ec
fca4
fd75
f7ba
fd49
0566
0600
0bec
0588
faf2
f8bb
fc0c
fc87
0024
eb6f
086c
1050
f48f
01d3
1473
f5ce
f9ae
f793
f765
05d2
0f64
fe8b
079b
038a
01d1
fb27
077f
0154
ff9b
06a0
f57e
f73c
fbbf
f76f
0512
fad4
fa48
fe81
fbe6
03dd
0748
007e
0613
fd55
f9c2
f9fe
0513
075c
f926
027e
063f
0431
024d
ff3b
066f
f8e3
0d07
fe54
f2a0
044a
0493
0101
ffe3
076d
fa80
0043
058f
02dc
0292
fb2d
069e
fadc
f849
f6ab
fc6b
fcbc
007d
063d
013d
fc80
ffb1
0e03
05da
fd8f
fd24
0b93
ff44
fe53
00fe
01b2
0974
ff2d
fdc7
f7e6
f7f1
0b4f
060c
05b1
fe0f
ff94
0ab9
fece
09b8
0625
feda
fb3a
0311
02d2
f087
0ea5
fb64
03ba
fc68
ff5d
006f
0674
f54f
0e36
f1e8
0583
fc7e
ffaf
f8f9
0138
f997
fff1
fa6b
0264
08c0
0358
099f
061d
f9eb
f85d
fc00
fc80
fccf
ef04
09a6
072a
f6bd
0385
1a9c
fddd
fc92
f8bc
0219
0a16
0db6
082e
0651
027d
fe52
fcf3
0036
082a
0391
0144
fad6
f72d
fb34
fa61
05e0
fc59
fe19
f7f7
00ad
fcdf
fb91
0334
f8b9
fe96
f6c4
f8b7
05dc
058b
fdca
062f
fefe
fe21
0161
fabc
0608
f4c1
0f8a
fbbc
f747
087b
0671
01b3
02d8
05df
0ae1
021a
06dd
000c
0226
01fe
fcb7
f888
fe25
f8b6
067c
0096
feeb
fbf7
00c4
ff52
0212
087c
0389
ff3e
fba7
02fd
fe18
f7f0
0ab8
019f
09bc
0332
f925
fdbf
f769
004b
0852
060f
f790
03bd
073a
0220
0b0c
0c39
ff9d
0984
06c1
069d
f46a
0e5a
fac2
083f
fbc4
fb9b
fd78
057d
f61e
0f77
f429
08e4
feeb
fc73
f4d1
f8ae
fc44
04c7
f57a
0400
07c1
06f8
0d58
fe0c
fbae
f76a
fb46
fc6c
04b5
f3fc
0081
0e6f
f6de
07f4
0e38
0401
ef5c
f885
f1f9
03c6
0522
fb95
0cc2
feb5
fe58
05f2
0748
067a
025c
0756
f651
fb2d
f8a6
fcae
03ab
f8d9
f609
f9b6
fbd7
fa24
f764
074a
fc6b
fedf
faf8
0414
0bf9
05b2
f9df
f8f2
0a32
013a
055d
f689
0752
0014
043b
ffbc
f2a9
09ad
0a41
0218
0256
067c
0363
01ba
04a6
002a
01f2
fabc
fdbe
fc39
f746
f6e2
03d8
0b5a
002b
01d2
017d
f53e
fffb
03f4
02cb
fe34
fa09
0ba1
005f
f8b8
fe01
ffe8
0956
0384
fe8a
f6a4
f29c
073d
0684
fb12
fcf6
fd93
fbaa
05df
039c
0ff6
fb74
f847
fc74
0c9f
fe21
0cd4
f9c1
fe64
fa9c
fd57
008a
05df
f586
0070
fc86
ff33
fb4c
00ed
f652
00c3
fd99
0319
f7d8
fd83
07ce
0986
0965
0356
f7b4
f242
fb13
f8da
07e3
f8f9
febe
11d4
f622
055c
0812
0099
edcb
fa4f
f822
04c1
01a3
ff36
0c1f
fac4
ff6e
0a08
0430
0427
ffb0
0618
fc31
fab2
007c
fb54
052c
f775
f304
fd52
fde3
f8bf
fc96
0725
0591
f993
fbfb
fea7
09ed
0b62
fb9a
fd2b
0a48
0384
0211
f731
0241
facc
060a
fe18
f05e
0139
0a36
fb18
0112
0452
0576
023e
099a
0222
0566
ff14
ffdc
fb8b
fbd8
fb45
0390
06a3
fb54
0376
00ba
f82d
fc27
094b
05d9
feab
fcda
06f0
f94f
ff09
0561
002e
0f50
ff82
fa00
f218
efc3
03bb
021a
082d
fb90
0088
fc98
feb6
0f76
0ae0
fb14
f23a
0003
0d68
fafc
0ab0
f7a7
0353
fd73
0175
fffb
05da
f22d
0b5c
faf6
fe69
f9d2
05b4
f5d7
0147
f176
fe54
0984
fdf6
fc36
f874
0022
fd0c
fb17
ff41
fb63
fa53
f16e
0234
0698
fee3
fa02
1296
0b5c
01d5
f6ec
f37c
fe13
052f
fafa
fca6
004a
ff2b
0b3a
00d6
0eb5
facb
030a
0525
fb95
f6a9
fb31
fe95
08c6
f78e
fb57
fb07
fbba
04ca
05d9
041a
0a43
f915
fb59
fd0b
f897
123f
f4fb
f501
0179
0e78
fb39
0c44
ff52
f876
0555
0367
0d59
03de
0111
06fd
0acc
fcce
0257
fd21
fa93
fdd3
fbcb
f63f
02fb
f999
0891
1043
f3d9
00a4
0008
fea2
0203
fb48
0799
fee0
f9ec
fa01
e961
0c38
f4bc
ff74
0d0a
fa50
02e8
0047
fa46
fbd2
01eb
0c0b
fcec
05d2
f926
f647
024e
fc82
f86f
0ff0
04db
0326
038c
f75a
fecc
186d
febe
ffe5
f2fb
fedb
03a7
ffa8
0838
053d
f321
f2ec
0146
0829
fdac
161d
f81c
fdfe
04f9
f89b
fecd
fa9b
fb21
fd17
fa46
0164
fe6f
fd53
ea42
0168
0693
ff67
f8b6
09e1
07c5
02e9
f7a6
f0c3
f9a2
ffb2
f8fd
000d
033c
02b6
0feb
00a7
0cef
fca5
f9e8
08c8
fdc7
f6cf
f9c2
009e
0a1e
f83e
f557
052b
0133
f855
0487
ffb7
0869
fab0
f6fe
004d
fce5
141a
f450
f63a
0385
10ae
fe48
0fc0
f88d
f7cb
02ed
0457
0d7f
01bb
0758
07f9
0331
0127
0370
feb4
fca6
fd86
0048
eecd
0000
f5ba
04df
1219
f0c8
01b4
fee7
043c
003c
ffea
0610
ff6d
f0c9
fc4d
eeb4
0bcd
f12e
fe2f
0bcd
f9ee
01a0
ffa9
028b
04fa
fef6
0494
fe8d
fb04
00fa
fd7a
f935
f60e
f106
16b7
038f
00cb
048c
004e
00c2
17e3
fc2d
fb8d
f3b3
fcc7
05e6
00c7
100e
09a0
f3f0
f8f4
fe77
0840
012e
1960
ff8f
012e
0513
f42c
fb6a
fbbb
fada
0264
f909
0302
fd56
faac
e761
0a05
0603
fc51
f377
0deb
014c
04e4
f9c4
e7bd
ea37
00b0
fa21
06cc
0a0f
fc8a
0f4f
0193
0b94
fe9a
fcb2
05d0
00a1
f0e9
f93a
f92d
09a5
0115
f41e
086e
fd51
fbca
00bb
fcbd
09f7
f077
fb9a
0010
f915
0e9d
f903
f72a
018b
0a96
faf2
0881
ffb7
f26f
061d
04fb
1354
fff7
fff1
05d7
fd18
feed
fe4e
00b9
009d
fcac
0655
eea7
000d
f1c6
065a
12fa
f6f8
0237
ffc4
0650
003a
ffb7
0392
fafb
f280
f988
ee09
1118
eeae
f58d
0632
fbc2
fcb3
024e
fb08
05f4
08c5
0948
fd81
ff25
fe24
00a7
0547
f24b
f34e
180c
0605
0188
ff8c
ff3d
f856
04c4
f830
ff33
f50a
f69e
0f45
033e
0aae
fe9f
f6df
fed4
fc2d
0a59
ffc0
0dda
f76a
0029
0507
f516
0565
f923
fd45
04ff
f6ed
0807
fce4
fa4f
e79c
0774
fe18
fbae
f0d8
0d14
0a75
0802
fb8d
e942
f4af
0458
f7ce
088b
02e1
ff4a
0b0d
f9b5
0b19
001d
0497
fdf3
02b3
f4da
f6db
f95f
07c1
03d7
f706
01f2
ff10
f941
f978
0380
0588
f6f1
ff9c
fe72
fd3a
0872
fd1c
f83f
fef8
ff82
fafd
084b
ff79
fab8
0ad1
0160
0cd3
f768
042c
fd0f
08ca
fe4d
fe6a
fe21
fc7b
fded
0483
fba0
f9b0
f185
0e8d
078c
fb66
026b
fea2
fcdc
fd9a
ff37
0293
fe4d
f717
03b7
f0bd
084c
f272
f457
0ab8
f8ad
0517
fd84
fe5a
012d
046a
04eb
f86c
fd28
f9b9
0358
0724
fd93
f4bd
1058
018c
06b8
fa2f
fd91
fb23
0af3
fbbd
0192
f700
f975
02d8
018e
08ad
ffa3
fa99
fb85
fbe3
050e
00ea
0147
ed8d
0281
0503
f614
01ba
fbbe
fe81
068a
f9c8
072b
faba
f8a2
e8c8
02c8
03fd
004c
f525
11b6
043e
09b6
02c3
e42f
e9a8
06db
09e7
07b2
ffab
fae7
03dc
fb1a
0c90
0556
0488
fea5
fcab
f3dd
f229
f312
03f9
05bd
f4cf
0276
f933
ffff
01c9
fdca
03fd
f376
fd82
fc78
fca3
0192
fe9c
fe26
ff75
ff64
f98a
0ab7
ff23
fc5f
09e3
01da
0ede
011d
ff76
0328
fac4
fc23
0069
fb36
fa3e
fff4
0169
f0c3
f78a
ffb2
03f4
07ad
f7ca
046d
fdcd
fc99
fd58
fb8f
04fa
feca
f887
f7bd
f6b6
0d8d
f4d1
fd10
0ac0
fde5
0492
fd1d
014b
0367
0542
feb4
00e0
fbb7
ef00
0696
0139
f944
ff2e
14a5
f36d
0b64
0ae6
fb52
f908
0d0d
ffdc
fd40
f5ca
f6ce
ff69
ff30
0346
ff94
f4de
f893
02e0
ff68
f95d
03c4
f209
0913
01b4
fa5f
0341
ff9a
fdeb
0113
fcc8
034e
fd96
fba6
f7a5
fbed
fc46
0204
f86c
0c5f
0b88
0463
02ec
eb51
f433
018d
fd0d
048d
0347
010e
0660
024e
0efc
fe7a
ff52
ffcb
0042
ff9d
f7cd
066b
06b2
f7e1
f380
0454
0263
f80a
f8f5
fc44
0679
fd1c
f6f1
01f2
043b
05fa
fc96
eb4b
0391
0447
0076
06a3
f906
f5cc
054d
024b
072e
f83d
0245
05e0
f80d
0419
077c
fe9d
f9ac
f9e4
0648
f0dd
029f
09bc
f822
0418
f261
0777
033f
fe02
f916
f545
09d2
05d9
fa5e
ff0d
f8c3
10b9
fa2c
0543
005b
ff7d
fc51
fe48
010f
024a
fd57
03aa
f7a0
fb7f
f9a7
fbb8
fa72
085f
f9a0
1109
f9d3
098d
fc72
fd89
ffce
04f9
fee6
fdd8
f7a0
faa9
fcd5
f89e
f7c7
fe4c
f3f5
f791
015b
0665
f962
0431
e6ca
fea5
ff94
fec4
0657
0050
fdff
06b8
f927
00db
fd1b
f769
f2d2
f8c5
fef3
06d1
f6e2
fe99
0903
058c
00c0
efcb
f813
0455
fcf6
0167
0123
00a1
07ce
06a0
074e
fd96
1176
f591
0139
f8a9
f610
fe97
094a
fb0c
f9af
0a64
fda5
f91d
fe64
ff3c
012f
fff3
f669
003a
024d
0430
02ab
f62f
fd93
fe7f
ff2a
05d8
f33f
f5ef
0a5d
01b0
06b3
f970
0586
028d
fc22
02f1
093f
063b
ff4c
f781
0332
fd6b
00cc
ff0f
0206
02b4
f54d
0a9f
fb3c
fde2
f578
f771
097a
03dd
fd64
0382
f5ec
0dfc
f96b
01ba
fb6a
02ca
fe4e
f6be
01cd
0742
fd84
03f4
f9aa
0327
f80e
fe2a
f7b0
fd89
f63e
10a5
f95e
0ae6
0982
fad5
fd75
f578
003e
fb7b
fa08
feae
00ad
fed5
f6b6
0056
f457
f45a
024f
fe61
fabd
00b1
f3e7
fe6b
0095
fe1f
0924
f930
fa3a
0063
f958
0724
fcb8
fdac
f196
fa6e
fb3d
0187
fd37
02bc
09e8
fd19
06a0
f0bb
fbb4
02d5
fa19
03b7
0bec
00c4
05c3
fd93
0060
03b6
0546
ef90
04ff
f95f
f251
fa71
0a97
0381
fa1e
0a99
04ec
f2cf
006c
044a
0363
f936
ffdc
010e
005b
00e4
02ed
f2b9
ffe5
0228
fa92
002d
f129
f245
0483
fde5
f9f0
fc8e
0644
04d2
fbea
0425
0f3a
0458
f7aa
fa5c
0adc
fbe6
fcb5
00e1
0261
01d8
f638
094d
f95f
013d
f342
f6ab
08ad
fca3
0131
063a
f737
04b2
fa75
02e8
01a0
00e4
fc12
f6f4
f895
0c42
fe55
0433
fc89
0339
fdac
ff61
fa78
fe33
f3ac
0c93
fe76
0d3e
08d3
0054
fed5
f757
023a
0171
fc86
fe42
fef1
044a
f6ef
04ef
f282
fb7c
015f
fd0b
f632
fee8
f00a
0278
0230
f6f3
0657
f99f
ff86
fce3
f99f
03df
fca5
ff92
f1d5
fc9d
f73b
022c
f524
09e2
1022
fa4d
0423
fc2e
f725
ff64
f801
fcea
0670
07c7
ff96
001c
0331
fdd6
139b
f776
fd11
f910
f65a
0262
0680
0644
fe4c
0726
0293
f4ea
fdd3
0174
0256
01e4
fe6f
0490
02e2
04d2
043a
ef67
fb94
ff3d
fbca
f48a
fa68
f66a
0263
0264
f839
f7f9
04b5
02f0
fe2a
014e
1095
0303
f93f
fb92
093f
0092
fa4b
fd80
f810
fecc
fddc
088b
f358
ffa2
f9b5
ff3f
057d
fb4c
ff35
0b01
f769
01b6
f5a6
0566
0585
f871
f901
f5c0
fce2
076e
0442
0131
f78d
0340
fe09
fdec
feb2
fdf2
f79d
0bf9
fcdb
091e
05db
012d
030f
f8e3
febf
0569
fa92
0027
ff30
0362
f3e7
0f4c
fa8d
f986
027c
0339
0235
0334
dfc8
0080
0506
fa2f
02b3
fa5d
00a4
faa6
f3c8
01af
fad2
fe23
f1e3
f545
fc7e
0716
f89b
00ee
1831
0126
057e
fa24
fb91
01ea
f89e
f9f7
05ee
ff0b
0172
0368
078b
03ef
1307
fbca
fabf
fbf9
f876
fe2f
fd91
ff5c
fdb3
03b0
0531
fa6f
01d6
fe69
034d
fab7
0130
feb5
0643
0110
03eb
fa5d
fc57
ff05
fac3
f544
f851
f611
0702
027a
fa7c
fd50
0026
faea
014d
fce8
10ce
f931
fe77
0039
fe0f
03b5
ff5f
f7dc
fe4e
05fb
f983
ffec
f29d
fbbb
0323
fde1
ff6e
fa6a
02a6
030f
f2c9
0537
f47b
fc3c
060c
fa01
fc15
faa2
f6c0
07e1
ff73
01a7
f746
0e38
f6bf
fe91
0204
f953
fef1
0675
f207
0761
0e61
fc15
f9ad
0211
fa38
0d14
fc1f
00a0
0542
0620
f7a4
1227
fa6a
fa63
0602
f9b0
fc43
012b
e716
fe99
058b
f4db
08eb
fd5a
fc14
fc41
f496
068b
f6a7
f515
f2bc
f7b2
fa6c
0156
ff99
027d
1803
f90f
02ba
f317
fa0c
008f
f9a4
fd64
07b0
044f
0177
007a
0614
0656
110e
03c7
fa2c
f77a
fedd
fc0a
03d3
00fb
fc34
076d
0595
f623
0c0a
05c1
02db
f8bb
fce4
fee3
081a
0484
0088
fc91
fe6f
0760
f7f9
f9cd
fbc1
f7ba
04fd
029f
ff56
ff1f
fd36
fdda
ffa1
f735
1066
fccd
fe5f
fdd6
000e
ff0e
0ea5
fb8a
04c0
0ab7
fe81
0696
f247
faba
0146
012c
fd00
f8bb
0bd2
fa2f
f138
0241
f4dc
00a6
0b84
f9c0
0636
f995
ede7
0995
0063
058d
fee3
0ce9
f51e
003d
05c6
f7e3
f528
029e
f241
0cf3
0522
f935
f9df
0805
f8ad
08bd
fd85
fddd
06be
01d3
fbd9
194f
f51f
fc1c
098f
0186
f958
fb13
ea59
0185
038f
eec2
05a2
fc1b
fecb
0153
f3f3
08b7
f396
f693
ef73
f794
fd9d
0056
faa7
0320
1ae2
0024
02cd
f61c
0709
06b6
ff2b
017c
06a4
02cd
055c
f99d
f8d0
0704
0f57
03a8
fc68
fc94
f649
fd7b
08e6
fddf
043a
0406
0794
f6b2
0561
08d4
ffa3
f64e
fb91
fa87
021d
03c7
045d
fd18
0191
fe7d
ff4f
f89e
fa9b
f726
07db
0342
ff3d
f9bc
fe2b
f88e
0184
f888
0e93
fb3e
f926
008e
fe6b
fd2a
071b
fe20
05f9
04ac
fd41
05ba
f165
f3dc
03bd
fe49
fc32
0038
0b31
f975
f607
016e
f62f
02ba
07ae
fb45
fd20
f941
e804
0cd0
0250
04b5
01ac
04d5
f4f7
0566
0829
fb36
f952
04c1
f090
0acc
0764
f3c7
fb54
03cd
fa34
1135
fe3d
fb98
04db
016d
fc5f
1717
f70f
fa85
0867
fdcf
f9a6
fe7d
f787
014d
ff94
f77a
035f
0311
ff13
fa14
fc80
fc8e
f812
f9b2
f9eb
f82a
fd1f
0353
04c4
0586
1852
f741
0094
f811
03c5
0249
ff42
00cd
09ec
01a8
f986
fd2d
02c9
04a7
0730
0b85
f5f7
ff35
fdce
ff79
07a0
ffa0
fbee
0142
0ae3
f963
0261
072f
0048
fa27
fa0c
f8b3
0c4e
0595
ff90
f431
ffcf
07de
01b0
f9b3
fa90
fa16
0221
fea0
f933
fae6
0132
fc3e
f6d1
fc01
04e1
0690
f84a
fd74
0003
faa5
fefd
fc2f
0040
fd16
fc0b
082d
f7b9
f8f8
019a
f837
03d0
feb3
06eb
f9aa
fcc2
05d2
fa27
034b
046d
0275
0052
f87f
f42b
07f9
f8e7
043b
04f8
0260
0167
fff5
07c1
036e
f4ae
049d
f90d
078e
0443
fc8e
fe84
0177
01a6
0b8b
01e2
fa29
019d
05fb
f421
1791
f749
fa21
04f8
046a
fb4d
fef1
f9df
0e4e
00ef
f08f
033b
02cb
fb97
0326
fca8
f756
f693
04f7
fb64
f351
0094
0aae
f8c2
059f
0501
00b0
f9f3
ffec
fea3
01fb
06f9
efdf
0e0d
060a
051e
0858
00e7
0045
01ca
09ee
f360
fbc0
fe4a
05e2
02b8
fc6d
f879
05b5
059d
f855
f5fa
0574
04f3
fc70
fd8b
fdb5
0b8f
0579
02d2
f4ce
0708
04c7
0165
fa77
f994
f9b3
0c45
0176
f2b0
f727
00ac
fb99
f788
0240
fd48
0316
fb3b
ff30
fe3f
f8cf
fb05
051b
f9cb
00cd
f95b
ff8d
f853
0471
01a1
f74f
009b
0b32
0135
0164
fa63
0495
f6a7
041a
0909
fe18
ff38
f8c5
f4e5
023d
f8e8
0293
06bc
0943
05db
f900
02cd
fc6e
f494
0fc0
0180
f7f7
fe8d
0453
f8dd
0895
f841
0b28
f984
f985
037e
06f4
f44f
1cc1
f97d
ffa5
0261
0e48
f456
0081
f324
035d
058e
f1d1
0215
fdcd
fd16
0111
fc0e
0438
fcb1
f8c3
f9cc
f58c
0cdb
0904
f05c
053d
1544
fa58
fa94
f497
013b
0768
134d
fb8a
09e1
fe39
ff7c
f78d
0627
04b7
0885
075e
f2c8
fd2e
f99a
01a6
ff4e
ffc9
04f1
0b58
fd72
012e
07c2
003e
06c4
f875
0213
f514
030f
0204
0514
fba9
0426
026d
fbf2
081e
fd7b
f45a
1050
0702
fabb
01c5
f86f
fd11
f918
fd1c
03e2
f843
fbc9
0184
fc68
f9bc
fa91
fe0a
0453
fe65
f683
fe32
f168
f64e
026b
fd14
0277
0388
00ac
fae2
f84f
05f3
f52f
028c
08a9
fba5
054c
f84f
f2a5
071d
04f5
0827
0584
13ab
fbfe
ffe2
0645
f97c
0213
00ff
fdcf
04c6
0471
fc2d
f3e7
067f
f60d
0d00
f840
f87a
04fe
05fc
f4b6
1fc6
f21b
0a38
0433
0760
fd59
f580
f3d7
0581
02c7
f948
0310
018c
fc1d
03d1
fb39
032b
fea5
f38e
f8a4
fbdc
05e1
0781
edc4
04fa
1498
f7a5
ffc5
fb96
fff5
06c5
0c1d
ffab
02e1
0265
0071
f7d3
07b4
0c5f
0e58
04b6
fd1a
01bf
fd8f
0381
00ea
00fc
fd65
0308
fbde
fd35
fd63
028b
01a1
fe24
fe2b
f47b
0a8d
0782
0ba9
fdb1
0350
043c
ff01
0398
fbb3
f515
0e64
00a7
f466
04fd
fc2a
fbe9
fc5f
ff0b
0700
0196
fc98
ffd2
0236
fc3a
073c
fb44
043e
fc97
fb65
0015
f336
f6a0
fff2
fd34
0615
fd2d
0704
fd66
fa57
07dd
f699
034d
0752
00cb
fdc7
fc8b
f85d
0298
057c
068b
0510
1099
f9e7
ff7c
0195
fff1
024a
079f
0040
02ad
fac1
00ba
f655
0581
fdc0
0864
feac
f510
ff3d
0ad7
f433
1ae3
f27c
03b3
0439
03f0
0241
fb01
f234
0f53
0010
fae5
007f
fec8
fe47
fcf7
f5aa
f8eb
fba0
f902
f685
ec6e
0012
11c8
ee44
0466
0d6a
fbe2
fc22
f915
f5e3
0b90
01db
0099
0abd
00b2
01b1
f97b
0464
09f4
019a
000b
fc5b
fe36
fed5
07d1
051c
fae2
ff8d
017e
00d4
f91f
f9d8
0327
00ba
fb46
fb5b
faeb
0178
0d65
02ad
fac0
0466
0846
0079
032f
fc5a
f784
08b6
03b2
f22f
04e6
ff6a
fec9
fed7
0245
052d
fca3
ff2c
fd36
04f3
fb0b
0bf4
0143
f0ca
fc3b
f52d
fe74
f433
fbcf
fd89
fc38
073a
0881
fe5d
03f9
fabb
0a6f
f827
069d
03a0
0158
0176
fe45
fa13
f9af
feb2
0a01
02c2
0e87
f874
f9b3
ff4c
00b0
039c
0e5b
04af
f717
0885
080d
f490
0fb9
f9ac
007c
fe0c
f595
fcf6
04ba
f315
1a26
eeb0
02bc
0584
07c3
fab3
02c0
f28a
074e
fcec
fc06
01eb
0157
fee8
040c
f556
fb02
fcb6
f6bb
f8ba
f2f7
05d0
0f6c
ee06
066c
1a74
0100
feb7
f7b7
fca5
10ff
07ad
0008
04d1
0174
0405
f72c
00a2
0872
04f1
feda
fc44
f85d
fa4b
ff34
01ff
fe9d
ff46
0378
fb0f
fab7
fa01
0601
fc65
fe11
f3bd
fa79
0634
0840
01cc
011f
02cf
008f
fcf6
fedc
fe46
f22b
0b96
069b
fafb
0e89
fc52
fc07
00cd
0333
0f7a
031a
0070
fe9d
030b
fec9
fec6
fe81
fb41
0129
fe1b
fc58
f5c6
f63d
0002
0366
056e
06fd
fe56
fd51
fb90
0353
f608
0077
070e
03c3
0a45
ff9e
f7b4
f9f8
f96c
0634
054b
0afb
f5cf
04d8
ff00
ffa0
041f
0fa8
006b
fd2d
0531
051f
fb79
0bc0
f6fa
02e2
fa87
f72b
002a
0396
f5f2
18e3
f3fd
ff6d
04cb
0237
fb11
fd75
f473
ff67
034e
f24d
fcb0
f7ef
fd8c
0abf
f186
f849
f5bd
fe18
f1fb
f3fa
03f5
0728
ea10
04e9
15cf
fbb6
ff8a
f4b5
f90b
0fa7
0180
fbb4
07f1
01df
fc22
fe18
fd87
10d9
05d6
fd26
f97e
fb6a
f5a7
008c
ffa0
04c3
04bf
0203
fa8b
f807
0394
04c2
fba1
f928
fd84
fd0e
00dd
03a7
056c
ffcf
036c
fb00
f741
fea9
00b9
f677
0f10
07f0
fced
0d59
f893
ff43
0741
ff1b
0773
fc67
01e7
01f9
0197
ff34
f2a3
fbd4
f9f9
06ad
0089
fa31
f250
f2df
ff2d
08cb
ff50
f818
fd1f
fd41
f603
0219
f683
f9d3
00a7
f904
07cb
fe0e
f1be
fd14
07a7
04b6
06f8
04b4
fb14
056d
006b
fe67
fe47
0915
f6e4
0138
02f6
06e8
f7aa
0671
f66b
ffdf
f8d5
fe68
08d9
073b
faab
0b74
f6b8
07a5
07e8
fee3
fd87
f907
f847
014c
0301
f446
f8fd
f875
010a
0c87
f329
fa9c
f6cb
ffbb
f254
f18f
ff01
077e
ea02
04d8
13a6
ffbe
fb06
f730
0275
110e
005d
fedd
0dd7
f818
fdee
ff55
00d8
1418
0a10
fd8d
f9cd
fa6f
f96f
f88d
fdb6
0152
f8d8
03a8
fa26
fce7
026d
0400
ff61
f0c6
f9e1
fd7a
feb4
0bd2
0a67
ff61
ff8b
f961
f8c7
020d
ff8d
f189
0d2b
0592
f972
0832
f8c6
fbc7
feea
00ca
0b6e
f41a
feff
0392
0583
0192
fc35
f7ed
fcf9
0a89
ff51
f8f0
ed1f
f623
04f2
0297
f860
fc81
ffac
f75f
f526
ff15
ed94
01b6
0cae
f7c3
0f10
fd4f
ed08
fc30
0329
0455
0661
0bb8
f6f6
09bc
fba1
fb63
0d0f
03e4
f82f
fbe2
033a
fff3
f413
0eb4
f0ea
060d
f8ca
faef
09c0
032c
fc2d
16c9
f5f8
072d
0585
034a
fbb9
f93e
f3a8
0133
045a
f7d2
010a
f9d7
fe24
01ff
fe7f
fdfb
f711
0086
f14c
009a
0fcc
0979
fa2a
0c28
13e6
069e
f426
ef78
0386
023c
fbe3
ff09
f837
ff8b
02e0
038a
0d0c
fe23
0a1e
0960
fa0e
f3fd
fd17
ffdd
074a
fb73
fbed
08fd
f7fb
08f1
04d8
fe27
0914
fa5a
01da
f952
f7f0
0c80
f9fb
0577
f2a8
0e12
f6d1
0c62
ffb1
fbd5
0443
0194
097a
067d
f898
07fb
16af
f996
014b
0216
f6ef
0182
0709
0362
03a3
f3c4
04db
0959
00f3
00a8
ff76
feba
00c0
fadc
02c8
fde6
fbb6
f1aa
ef62
007c
f04f
0475
170b
fd8d
0d56
049b
fc6a
057e
fd59
0b36
fa93
01dc
fdcf
f4d5
0169
f652
fd95
0a9b
f8c6
07c4
fe2e
f48c
fb03
1874
fe4b
1160
f9c2
fe1b
0050
fa76
0466
fc1e
f403
f186
00cd
fdce
f631
fd4a
f338
09fa
02c9
f46c
050c
f9de
ff03
0084
fd48
0215
fb98
0176
f1d8
0482
0add
0517
f6e8
0ab8
12e1
0cfc
f301
f1f1
fe36
0089
f848
ff45
fd86
ffdf
0498
0691
0cac
0219
fec2
15ea
0217
f45f
fd21
fec5
09fe
009e
f4ec
0b91
0074
f8c9
09d3
fd70
0d69
ff2c
fc59
f9d2
fcbb
0a3e
feac
06b2
f9c3
0df3
fb50
0eaf
f968
fb20
fdf4
ffe3
0dfd
0164
ff1b
0557
13dc
0074
fa79
0489
fca8
fe6a
00f9
f827
0556
f63c
0cb6
0593
fd34
030e
fce0
018d
fc69
fb38
01b8
ff57
f5bb
f716
f05d
05cd
f1e4
ffcc
0f1e
021e
07c1
fea8
0137
0cfd
fd9e
052c
f7d8
f94c
fdca
fa89
fa8c
fc15
fccb
0a97
0073
0078
0013
0064
fd58
12f8
01fe
0cc5
0057
fae1
fbbe
ff5a
068f
05da
fdd1
f416
0066
02f9
01d2
0207
f751
fe9f
00e1
efee
0560
fc0a
fb9a
068c
f980
06c7
f7a9
f95d
ec3a
0e78
1115
02ab
f1f4
0888
0c93
1233
fdad
ecc2
f57a
02d3
fa27
02b1
fb36
f191
0679
fd5a
fbf8
04ac
0756
02d5
fd1f
ee8e
fcbc
f2ce
0089
0685
f9ea
0dfd
f8f3
00c0
08ce
fb51
0cfe
ebd2
04ee
f47a
fad4
02ce
fe75
099c
f11b
070e
f7ef
0643
ff36
fe90
048f
ff69
0e9b
02c8
fbea
ffbe
1020
f72a
0216
0239
0104
fca7
091b
03e8
f973
f263
0ec7
0d3e
0dc9
fdaa
fceb
078c
0192
02a1
fbc1
fbba
01eb
f4be
ee11
028a
ec21
f81c
0ed7
fef3
02d7
fac0
fc32
0da5
feae
09e5
f743
093a
f90e
047a
0980
f92d
054f
0b25
f4e7
06a0
00f8
f6c6
f4d0
0472
fdb5
0c0d
feee
f0fb
0852
ff5f
0420
06a2
fcc8
fd1c
07c9
0346
fd99
04bb
ff92
0619
0079
f540
0c0e
024a
fcf2
03d0
fdbd
00cf
f9a6
f886
f0ba
1052
0a48
0118
f183
0f41
fe2b
09c3
fc83
ed36
efe8
0206
ee10
ff4c
fa57
ef86
0c08
03ac
fbe7
fe3d
03d7
0169
0120
ef30
fdad
f6a5
003e
07dc
f41a
0213
fe6a
fd00
ff4c
03b7
0df8
f707
085f
ff6a
0216
0413
f6bc
fbc5
fc8c
03b0
f58c
0214
ff44
01c3
0951
f9ec
0aff
f79c
fa83
f699
1328
f2ee
f7bf
fe05
0470
fd32
05b6
0490
f6df
fe9c
0405
0933
0528
ffd6
fc86
0a4a
05a9
fddb
0017
fd2f
00d2
f94d
ea56
09b2
ee02
fdb8
0c60
ff45
0302
fcc0
feca
fe6e
fd70
0d0c
ed67
0569
f657
ff88
0a5e
fcca
007a
0d65
fe96
012f
0369
f985
f713
0b48
018f
0b94
0123
f1a6
ffa5
00e6
00c8
f73c
fff3
f218
0120
06db
009f
054c
f0d5
02d5
0759
f1fa
066a
fa53
fc90
081c
f973
fbd7
fcd8
fbc3
eacc
06a4
0fc1
ffd0
e8d6
16a7
06bc
087e
fcae
eebe
f894
023b
039a
0187
f592
ef35
0147
0852
ff55
fdbd
0f8b
04cd
ff5f
ecc9
fc6c
f02a
fe46
0277
f902
fc31
f81a
08c7
0578
02f1
0996
fc65
0398
f4cf
fe64
00f5
f17b
03bd
ffe5
fe63
f6a9
00a8
0038
fd35
11c8
0240
1333
fe6f
fc53
f806
0a4e
029c
0330
fd17
feef
0134
f6e3
fe39
f0b4
01ae
fa19
0c94
02a9
01d0
0712
0487
0911
fadd
fbde
03ce
09e3
f75d
e8cc
0ee7
ecb9
fc98
1027
fc88
01d1
f8dc
f4a2
07a9
fbbb
0b30
f63e
ff7f
f5cd
fcbf
0875
fab2
059c
0d70
f1af
0612
0f62
fb1a
f921
1051
f8b7
06f8
f977
f678
ffd2
05e6
030c
feb9
fc90
e83f
04ba
03be
fd5e
f899
ed0e
050e
04c1
ec58
0860
fd2f
fe74
1317
fa84
02e0
f8c4
fef6
efe5
0cf4
0faa
02ed
eaf2
0d39
0567
0d6e
0172
e958
f411
0260
055b
ff37
f6f6
f54a
0256
0215
02e8
fc4d
0cec
0657
fece
f247
fdec
edbb
00a7
0284
f61f
ff45
f5a2
0fea
059f
0134
05a4
fa1c
0b02
f78b
f8be
f98a
fd7b
04f7
f9d0
f8a8
f6da
02f8
0186
ff25
07ba
031c
0f7f
f764
f6e1
f8d5
0b04
fa4c
0334
ff1f
03ba
feb4
fe36
fe35
fc5d
fd29
fe90
0c03
058f
021d
075b
fea7
0467
f440
f4b8
ff68
1676
f151
efe5
0b78
ef20
fd9f
0b83
fc90
00b3
f27e
fa16
0b90
0221
1140
eccc
094e
f392
f87d
0c58
fe9b
0c7b
0400
f388
feef
097a
f4ed
f734
02e7
fa5f
071c
019c
f8aa
0088
ff59
fb91
fea4
fd97
ef5b
0645
00d5
fd97
fa6b
e70e
fb7e
0316
f3d7
0872
f9d3
f877
12b3
fd82
0418
f534
f8ac
f566
fdf5
07e9
fd00
f42e
ff45
072c
0a43
0036
f04a
017c
00f6
0047
03ba
f617
f544
01a1
0287
0884
fbf4
0f66
f4de
03ff
f4fe
fdb8
f253
ff5d
05f9
fa0d
034b
f8d3
0614
0864
0452
04df
fae9
fcf6
fa9d
fa0b
fdf7
0bc4
0057
f1e2
0277
f40c
0586
f71e
f8a2
0cf6
04da
0907
fd53
fd13
fa66
0643
fca9
0a1a
0194
034b
fc06
fe3d
ff54
019b
0226
ff9f
08c1
f9ff
0437
000b
f844
ffcf
f748
f758
0149
07f0
f75e
eca0
0bc8
f01f
0337
0dcd
ff67
0148
ef42
f8d8
087c
0a60
0f0c
f027
099e
f7f6
f836
02b5
fc09
fe8b
052e
fe31
0afc
0313
edaa
f938
f8d3
f856
0642
0041
f87a
0374
0295
facd
0555
f785
f179
0501
008b
fcbd
02dc
fcfb
f61f
0428
f66b
08ba
fedc
f6b1
0d23
f465
014d
f490
f7cb
f451
fb71
00cb
fe83
fabe
00e0
ff47
03af
0281
f0b9
f223
024e
009a
00f2
06f1
f890
059b
079a
013f
00b1
0043
f200
08cd
f239
f7a8
ef30
034c
fd39
fbb8
0112
0101
fc4c
10b4
0655
0b7f
f485
0587
f8bd
00e7
fe05
fa9f
fd60
0158
f9fd
fc8f
000e
f0dc
f036
0734
fff7
0017
019f
0146
ff78
f932
009b
078c
fd2d
fa18
0025
05d7
0306
fe7e
0736
00d3
0666
fc30
02c4
04a0
063c
fef0
f673
fbd4
fe03
0369
00c4
f7a9
1165
f3eb
0853
0d4c
ff84
fdaa
f2ee
fcc4
00f3
032e
0deb
f8d8
fdd5
ef74
f795
041c
ff48
fcdb
0676
ffa0
0c6a
0d81
f85e
fa5e
f21e
f58c
0aa4
0019
fb4b
fc9c
00e6
fe90
ff13
fc2b
ef11
06d9
f9f7
f241
0639
fabe
fc63
0654
ecc4
07f2
f8b9
fb60
fdd6
f6a0
028d
fa3a
fe3c
f43f
facc
fb98
023e
fb04
0477
0300
fddf
fd20
fb07
f151
03d7
f8ca
f6d7
0597
0b44
0498
0879
0be1
faa9
019c
04ec
fb8f
f373
f8d8
feef
0681
02c9
f7d3
fdf0
0076
f9ea
0af5
0bc2
0924
fa97
fad3
fe04
ffd3
0790
feae
f60c
059e
0235
f532
f07e
f9a0
f5cf
018b
049f
fd90
014f
0064
fe4f
f9f5
00ef
1248
fd82
fcfa
0182
0aeb
0543
0775
0c2f
ff41
0817
fce1
0479
fae0
0732
0495
fdcd
fe7a
fe8b
01c4
fdf1
f2eb
0709
f5a8
04c1
1083
f8d2
03e8
f4d7
f84a
fee0
03d1
057e
f7ec
fbc2
f6c0
e999
02a0
fe3e
f89f
1035
061b
fe59
087b
004a
fcc0
fc96
f5d0
0699
009f
fe2c
fc2c
0381
f676
0408
fc2f
eba2
0434
0361
fb21
070d
f13e
02fc
03dc
e641
05d6
f7ab
f8ae
0245
f761
077a
f605
fce2
f400
f46f
0276
00d6
fdd3
ff3f
121f
09ab
fb79
f9e0
ff52
0395
febd
fe69
0565
0148
0588
0887
0878
ff82
0d34
076e
f735
fdcb
fc61
f6d8
fe02
084a
0244
fc01
02a6
fbca
0643
0651
0772
f7e3
ff1e
f8f8
ffb2
0029
0890
f9f9
fb7f
fefb
f691
f3e0
fd0b
fa7b
069a
04c0
0023
fffb
04b0
f61a
01de
fc77
17ad
f8a8
00fb
046c
f934
08cb
012d
fd2e
0b2f
07d9
fb57
ffde
f87f
f949
09cc
fe01
f580
fdeb
051e
fbc1
ebf4
08f4
f650
ffb0
0db4
f6ba
00ce
f226
efb8
0494
0819
0977
f40c
05a8
f8bf
f896
0553
f73e
006f
0648
fd14
0353
0781
f5c5
f752
08c3
f498
1bd5
0111
fc7e
fefd
0009
fbd3
0a45
f99e
ee12
0b45
02dc
030b
fe1f
eba2
fe24
029c
e77e
0a80
ff13
015d
0136
f7b9
0a79
f4b7
f74e
f7f6
fca1
fc68
fcc9
f32c
0018
12c6
045d
00f5
faae
019b
0427
000e
0a14
0234
021c
017a
ff62
0af6
0449
0744
0312
fdf0
fb84
022d
f99c
04a5
0cae
fd12
fde5
fde4
fd33
0b87
0c95
0017
f90e
ff33
f6d2
023c
fe24
0825
0227
f8bc
0411
f83a
ed46
02b7
fbe2
03b8
faa9
fa91
fa9b
ff8f
f8a4
06e0
f59d
12a0
fefa
fc05
fcfb
fcc3
01e9
0856
090f
09f8
08ba
066e
0a11
f845
f929
031c
fc8b
f5e3
fd7a
129f
f849
edcc
0775
f491
0015
12f7
f9f9
0261
f317
f42c
0cb7
0926
053f
f8d6
0489
f5b6
0054
0c24
faaf
0258
054e
fa8e
04ab
076a
f484
f332
0023
f649
1b06
00ac
feda
027f
fe59
faa0
0a32
f83f
ed9e
0c03
f5dc
ff57
f86b
f18d
06f2
fd5d
ee24
0d3d
fea4
0139
085a
fac0
ff69
f859
fe06
f95d
f8fd
fb02
0ae2
fd24
0750
0dca
0037
fce0
f740
f74c
00ed
008a
07ce
0945
062d
02a5
07eb
fc5a
fbc2
039e
fca3
01e0
ffc6
fbbb
fd37
0423
fefd
0045
fa36
066d
f625
ff18
0e83
0607
fb0a
fc9b
01f4
0374
0846
fb76
f619
040c
04e4
fde5
eb59
f403
fafd
0279
fd6c
f957
fa98
020a
00dc
fea3
0204
0529
f9bd
f8cd
00d1
0788
fba4
0cc0
0829
fdb7
0511
f62f
0acb
00a1
01b5
04b8
f982
fcb7
0d63
07d9
f9d7
f5c8
0d08
fa21
046c
064e
ff64
0451
f3e6
f551
fc8f
0a25
02d5
faa4
0081
fbdd
fa83
0a07
01f5
f4a9
095d
fe4e
018a
fffb
044d
00a5
0493
f4bb
13eb
027e
fe38
fdc2
fba0
fba0
03b9
f620
ed91
02cc
ff46
f49f
057b
f515
fb51
01f4
ee95
fe17
000a
fbb8
0a44
fcbe
ff6e
f7d6
ff47
f4b6
fd97
05b3
fd85
fd9f
069a
1273
0059
fe6a
f801
0f97
03c1
0a41
09ad
0bbc
05d5
f703
0344
fedc
007b
070c
0482
f899
f835
fbfb
f72c
02c9
0447
fe2b
f3bf
0319
ff05
05ce
0ed7
fb9e
f364
fe7b
fa20
ff67
fdde
0655
000d
fda1
fbf8
fdeb
ec40
fb54
00ae
047b
0148
fbb1
fc53
fbc6
fa1c
ff43
ff74
023d
fe2c
fc4f
fdbf
f930
0256
050e
01f3
046d
05c0
fe49
0351
051d
f6b1
0ad9
f6d8
fae4
08e1
10b9
f38e
f8a8
0aaa
f60c
027b
04d3
fac8
042b
f09c
eede
0186
0ac9
0f78
ffff
06b5
00d7
00d3
0fef
fc55
03dc
0037
f8f0
03a7
080a
f5a2
fb99
00de
f743
1816
0478
ffeb
00c2
01d4
fee4
16db
ef74
f5c1
0751
fc14
01b5
fbf6
001e
050d
0118
e751
03b7
ff6e
fc87
0798
feb5
0259
f782
01b5
f11c
f71a
02c6
0734
f985
02b8
08c5
052d
f8dd
f973
0d5c
0ba8
0a35
f939
0d4f
041a
0866
0eb5
f9b8
ff9a
fbf5
0680
f38a
fb57
fbfa
021c
001b
f9ea
f5ff
fad2
01f7
fb62
fd0e
07b0
0048
f5e1
f5bb
fc04
04b1
01f0
0345
f8e5
0a34
00fb
f742
f544
f7e8
f09b
0d34
03d5
f654
fd7d
ff63
f9f5
fe79
05dd
02ad
f318
fdbd
fe88
fbf5
00e2
ff46
061a
ff33
0802
f8df
0210
fe81
fc78
0803
fb7a
fb48
0dcf
07de
fad8
f9f4
08eb
f7ce
060d
0eae
fa71
0cbe
efbb
ea11
fd98
038a
08bb
0067
0d00
016f
f923
0abd
fb25
015c
07ba
fec6
fbfd
050d
f9a8
f2b9
fed4
f21e
1b0a
ffc0
fcc6
f8f2
01e4
fc9f
10d8
f4a4
fb80
058e
0a95
f4be
fe30
fc30
00e6
fe5b
eda1
04e3
fdea
fd8f
01dd
fd98
000a
f9ec
f930
fc47
fabe
0765
0191
ef7b
0426
16c3
00f0
f15b
f367
0587
0a1e
0b6e
fe9b
0a37
fb30
0045
0250
00ad
0664
03e2
0718
fbd0
04cd
f674
015b
fef7
ff10
048f
fa71
005f
fe8b
07ec
0287
fef5
ee67
0063
fd92
ffee
fb94
0209
f83d
0ce1
00fe
fd1c
f873
fd96
f6a1
166a
04c8
edd0
fedd
001c
f9cf
fe49
0174
0628
f5cd
fe16
002f
ff99
f9f5
0b84
0079
0237
fc63
f70b
0077
fb50
f51a
08ae
01bb
fd49
0364
feb7
f93f
f99d
0c73
f8e3
0375
0ef5
fe29
0764
f2fd
ef67
0415
127a
0ba4
0003
115c
fa30
fb21
09aa
fa59
10f6
08d2
068e
081c
0510
f7bf
f210
049a
f194
1b50
04bc
fa42
fa7e
033b
f7d4
0e3e
f825
fcce
057e
04e2
fb4f
eee7
f784
fcce
0007
eec9
0593
ffb5
fd02
02c9
fadf
00d5
f864
f37c
f662
fa13
015c
0312
edc5
01f7
1057
fb4e
f982
fba9
0765
0acf
0b7b
ff9a
086c
fa30
0197
fe27
0263
0412
036e
0029
ff15
09e7
f9bf
0568
ffa8
00b9
f9e7
fe18
fe2d
fd5b
07ca
0285
fec0
f672
ff72
0165
073a
0981
0581
ff57
04bf
00d3
fdfd
fc21
f9bd
f21b
0c24
0719
f3c7
0202
fcb8
f6de
05b2
01c4
0433
f9bb
fed7
fcd3
fb2f
fd88
1097
0247
077e
fac0
fe39
026d
f83b
ff02
0421
fe6c
fc43
05a2
0b61
fc54
f583
0948
f52a
0b57
0945
fe5d
03b4
f281
f5ab
fd7d
0a3e
0f3c
ffe8
1016
f75e
fca0
0941
f917
07fb
025b
fe94
0016
fb65
f9ec
f58b
0258
f8d0
12b8
0625
f73b
f692
008a
fd1b
0eec
f5fa
fccb
064e
0d09
fcf8
f8b0
ea6c
fd0d
02cb
f01e
023a
fa4b
f9d5
0561
fdb1
0187
f546
f5dc
f379
f8f7
0284
059e
e9c0
03d9
1c13
0105
f02a
f533
06b8
140e
0a17
04bc
06ba
f88f
01c2
f5ce
fc50
1156
fe2f
023d
f763
ff48
fd31
0534
02c3
066a
00ef
fa97
0198
fb36
0785
006b
0263
ecc7
00d1
f700
fff8
08d6
0c7c
00c3
fd2e
fdc5
f941
f7bc
04bd
f91f
0f07
1028
fdf9
11b2
00ce
f1e5
10b0
02e2
0456
f8e4
ff15
fecc
f886
0478
093e
fd96
ff70
01e6
fb7c
fcd8
f0ca
ec0a
025d
00be
fc79
0cec
099b
fbdd
f4b4
0da0
f565
0285
0842
fbed
0daa
f2a9
f066
fbf8
0cc2
0fe5
fba0
110c
f2ea
0926
074d
fa4e
154f
fe12
039f
fea0
0ab4
f6a4
ee2e
0949
f0f2
14e9
00da
fb8c
fe48
0612
f9be
15e2
f31b
ffea
0d58
0658
00ff
f9a1
e9e1
02e8
0783
f41f
0377
fc9a
f4e0
066e
f651
012a
f3f9
f6c2
00ca
fd61
0d38
03e6
edec
09bb
0fb6
ff37
f9c3
f084
f2af
0f97
088a
fd3c
04b1
fbb7
0cb5
045e
0276
02d0
fb5e
062c
f7f7
f5ac
f5af
01c3
012c
fda4
fac7
fb7a
ff23
fb99
0639
07be
fb72
f065
fbd5
fa08
03ee
04a5
0069
0642
05dc
01a7
fc9c
fce9
01c4
f372
0d86
0b6a
0101
06b6
030f
f682
0d79
fd7e
001d
fcdd
046c
005c
006b
01d6
0d98
02b0
0341
0328
043d
fe50
f861
f7ec
0422
0508
f585
0ef8
05b0
f724
f25b
0c49
f591
fe7d
0849
fca6
0de0
f6b3
fe2f
fb72
006b
08d3
02f1
07c6
ec4b
fb31
02cd
f311
12ea
0ae8
02b3
f6d3
018b
fac0
fa55
06ce
f18c
0b63
0483
fbcf
fe82
010f
f62a
0d1a
f675
f3b4
06af
01f2
fa81
fa39
ea81
fea0
09a5
f44f
0266
f682
fa73
08c5
f442
fc59
f969
0329
f66a
fbb4
01c6
04f7
edeb
0b39
0f1e
fdfe
f8f6
f125
f4ec
0e6f
fef2
fcaf
0e7d
f8fc
0422
fecf
fc6d
0559
05ee
044f
fad0
fb17
f0a7
02b7
fb58
01e1
f87e
f8a6
ffdc
f5f7
fe16
09b1
f51b
efa3
fd25
fd96
03ab
040c
0298
ffd3
0971
04a2
fc78
f12d
0377
f824
0e78
0e55
f883
0c17
01af
f832
0dc5
0200
033a
f907
0218
03c8
0373
ff9d
03d4
0223
00a5
03ed
02d3
010d
f83c
f51e
0922
092f
f68f
05ac
01fd
fac8
f639
072c
f44c
fb45
08eb
fb3a
064e
f81c
fcda
f620
03d4
0bc6
05b7
0424
f1ad
fa84
0099
fb95
0be7
0603
fc33
f6ed
0255
fc0c
f95d
03a8
f415
09b5
fd04
fba5
03fb
0188
f890
06e8
f94d
fb49
ff88
01ac
face
f863
f85c
f8ec
09b4
f16b
fb5a
fc8a
fb2f
0a9c
f9c2
06a0
f452
fe19
f2d4
f848
ff34
0225
e555
065e
0a9d
0257
f334
f0bb
01d7
10bc
01f8
0164
0dc1
ed38
ffbd
02b2
fd2e
0dcf
0535
0887
f7df
ff14
f6d6
fc1f
fe37
ff39
f600
fc40
fd72
f519
0b53
0607
fc28
ed46
fab0
fd38
0046
0af7
09dd
0512
fe3a
005e
fe99
fb98
fe2f
f49c
0ff4
0cfb
f670
04b7
fcb4
f524
0cd7
fbd3
12be
fc5d
ffd3
036a
0be8
053e
0832
f69b
06fe
07a0
006a
fa2e
ec93
f4a7
0846
07a1
f3b2
fe1a
06f4
f78a
f699
0470
eb81
0368
1504
f946
0f16
f3f5
ec38
fe8f
09ba
094f
015e
0bd6
ed8b
0644
0632
ef9b
15c1
fc87
f9d6
f466
0149
f685
f464
0392
ee35
14c8
fdce
01b1
049b
fd4b
f83b
0692
fa86
065e
0191
0619
ffd2
f61e
0153
0466
fd27
f8a9
069e
f7b0
fa27
01ac
00ec
08c9
f221
f66c
f4b5
fec5
0c52
fd10
01dc
08d6
0177
f851
f858
f6a5
fae3
011e
fc7e
055d
0253
04ad
08d3
007b
1783
ff23
fd7d
0b36
f6c4
f8bf
fcad
fd39
0b77
f0ca
f80a
0727
f6d9
0876
17cd
fbbe
0e30
fa85
fe75
fa55
f927
0c5a
ee3a
0299
034d
0ecb
fa62
0c85
f5fd
f819
fcba
fe18
0442
0b4a
ff2b
0cb0
0890
fc2e
fe05
00d7
f0ae
f82d
122e
fb49
0298
fe4a
116e
0deb
f90f
07ea
fc99
ff69
f7cc
f0c8
0f3f
ff65
fe60
f581
f6a8
0441
f116
0373
13f7
fb6f
10b6
fcdc
07ed
08b7
fcbc
04a2
0205
fdf1
faab
f545
0121
fdaf
f8f7
ff6e
0250
0360
04d3
fb91
f7f0
0c30
01ab
0514
fcb6
fcb8
f8a6
f65e
fd84
f2da
f81b
f9b6
0775
06b4
f606
0d4b
02b3
02d0
03ba
f437
0843
fa20
f70a
fdb1
fdf5
0c11
f345
fbf9
f582
02c2
0bce
fa80
f79b
0d6a
026f
0025
fa14
f3e9
fd7d
020d
05df
0594
032e
0324
0a8b
fb4f
0e16
0771
fa2d
1152
f957
f32f
fd33
f762
0c52
f687
f1c6
0995
f874
0196
16fa
fbcf
09e0
f6c1
fd5d
fbc7
fabb
0b5f
f81c
03ad
fe3d
0b1c
fefc
0e66
f4b2
fb22
fd55
017d
0b82
097b
0374
0ed0
0ce8
ffa3
f8f6
0332
f3fc
fa9b
0b52
fb5e
0308
fa3c
0ff9
0acc
fa42
1034
fe31
01bf
fd31
f4e8
04c5
ff0d
faca
f9bc
f145
05ba
f0c3
0472
0faa
fb37
0f72
f7e2
0d0d
0f9f
fead
059f
fbaf
fe83
fb04
fde2
fdbb
fd43
fa68
051c
ffdd
fbeb
0a7f
00e0
fe41
08f9
fe45
0166
ffdf
fec7
fb3b
f57c
fbee
fc29
fc28
fbc5
0446
fe9b
01a1
03ac
1058
09b2
ffa5
f22b
079a
fda0
f825
00b0
0030
07c0
f8e4
f9b0
f7a7
04fa
07ca
ff52
f7ec
0929
ff3b
06f9
f95f
eeb0
f4dd
fcde
049c
02f0
037b
fc6f
1142
fa91
1004
0993
f5cb
0c98
f6bc
efc7
f8ab
f39e
0867
f1bd
eed3
1090
f597
0413
0f8b
f4f2
10df
f5fc
fc94
feaa
004e
093d
f759
00f4
f870
07b8
f9fd
0bb2
f9c2
fdbc
fc6e
ff12
0584
fef2
0c03
06b9
0614
fba0
fa9a
05aa
f815
f747
14c2
f9b6
0708
fa8d
0635
0847
00fb
0d9d
ffb1
055e
f714
f48b
03c5
f7f5
fee5
f85d
f399
01e0
ef91
0983
0f43
f999
046e
f6ea
0882
0d36
f4bd
ffd7
0120
fe22
faf7
01cc
0281
fdfe
f930
0da9
0424
ff56
f632
fcf3
f7c6
02db
0172
093a
ff93
f456
032b
f808
f9fa
fc36
fb34
feda
05cd
0164
fb55
feda
0f3b
08eb
fd94
fa2e
0ee2
02c2
ffdb
05f3
011d
f93e
ff89
fb41
0a82
0e8b
044b
05eb
05f7
0d3a
f0ac
0449
f6db
eebb
e374
f8a7
f3be
fc60
0428
fdd9
13c8
0399
0f2c
fef0
f2e1
0e80
fde5
f1cd
fd90
fc69
097f
f274
eb13
0153
0406
0188
038b
fac4
0f42
fb7c
fbcc
07bd
0299
0fee
e869
f709
090d
0db0
fcc3
091f
fcf6
0877
fe08
facc
0299
fbce
107b
ff82
fed2
f731
ede8
01e6
fa74
f941
173d
f44c
0330
06bc
010f
fe9b
fbd5
1001
08b4
0b00
fc2e
f29b
0206
fcbb
f756
03a6
fa2d
106b
f602
09b1
06e0
008e
0ca8
f998
13f6
fe37
f02c
fcc2
fb3b
fb90
fb15
fa45
fe24
05ac
f662
1842
0723
f8a4
f252
030f
0473
0ac0
04f5
0f7a
01d2
f687
fb69
f894
f5c0
e9db
0309
f046
fa85
082b
f5b6
06d7
0274
0865
faed
fbe3
1169
fef5
ff44
0561
ff7e
f9ce
fbbf
f706
fe78
0338
0ade
0973
fe9a
0f87
f062
06ae
f9f3
efb9
e5e0
fb43
017b
fe0e
02b7
fc67
06d4
087f
0e30
fa9e
007c
fcf7
01e8
f8af
fb73
f788
0685
f2d1
f10b
02b0
fc60
00f9
0991
ff36
119e
f898
feb3
fc99
00df
05d7
e7df
fbe3
09ce
0544
0368
07b3
f6f3
020a
ffea
fe4b
031b
01c5
0998
f9e1
0134
ff46
f72a
014e
f773
fd1a
093f
f5c3
fc43
0b3f
0224
f8e8
030f
120c
0704
03f2
f993
ec15
fe29
00dc
0120
ff64
f85f
10ef
f625
0899
09a6
03eb
0e3c
f827
09ef
f6d6
ef7f
fad1
0336
f9f0
f049
f7d4
0058
053a
fc18
15ea
07f0
fa9a
fe73
f727
02ca
0163
07dd
0997
05e7
f721
f47e
fc0f
f48e
ee3e
002e
ec8e
fdeb
0327
f50a
0d1f
fd51
0d0f
fb17
fbbc
1137
fecc
fc5b
0bd2
feb3
fe95
fef6
fb99
fe6b
09ab
06d3
ffc5
fd0a
09f8
f6dd
0305
fa6a
eb12
f0a1
f5fe
06e1
041f
023f
0ae6
fbef
ffec
0956
f8c4
04f4
0551
070d
fd16
fb65
f77a
0a58
f272
e8be
feda
fba8
04dd
f605
04ab
0b84
fda5
071f
ff14
fc47
fd1a
eb2e
f6e2
063a
0893
010a
01f4
f499
009e
0146
004c
07a3
f878
05d4
f9c7
0829
fe7b
f95d
03b6
fb38
fbf6
0dd2
f611
ff5f
0db7
00c5
fd79
076a
14d9
0a8c
05a9
faeb
f036
0490
0dc3
0ab9
04b2
fa6d
0ea2
f9eb
003d
06f8
01d5
0133
f15d
0f89
0031
f598
0535
f5e2
fc6d
fb9f
f8d4
fb3c
0ba2
0647
0c33
0196
fd73
ff78
f74d
03d2
03bb
049c
095f
079e
fa7c
f38a
fae7
f4ea
efbb
0129
ed5d
fdd2
01fc
fc10
0d04
f740
02e2
fbf3
feea
15e6
fd7d
fb74
09a5
feba
faa6
fcbd
f9dc
0070
fbf4
0114
057a
fcde
fdad
fae4
0142
fa5b
ed26
f25d
fbf4
0154
fcdf
0305
06b7
0549
01d7
0ba5
f8ae
0345
fcee
0257
fda6
fb8f
f908
0912
f4c0
f0f3
0640
0019
fec1
0960
feee
1144
f7d4
014a
049e
fc94
037b
f507
f74d
f99b
07f0
fa2c
0175
f331
fa0a
ff6f
0009
030a
fd36
043b
fb63
0778
ff04
fd84
07cf
fb9b
fa05
0b53
f8d1
fabe
0623
ffa3
fac9
fbfb
1704
0350
068e
f6b9
f032
004b
049b
0306
0467
f9c4
10b1
f3fa
0641
0938
0301
0913
ee31
1017
02ec
f690
0709
f507
059f
fbab
fd43
0063
00cf
f7f5
08a7
0a1d
f913
06d2
f901
0322
fbf1
05b2
0052
056c
fb7a
fc2c
f970
f51e
f968
0698
ebeb
02a6
ff9d
f701
1115
006f
fed1
ff18
f662
0d69
f7d1
f959
0662
fc2a
05c1
f73b
00d9
faf8
fb97
ff92
fcae
fd63
0100
f7a9
0652
001c
f035
f1a4
feaa
f890
047b
06b4
0865
0a6f
f73e
04fe
0447
fdf4
f52d
ff5f
fb50
f497
f461
0c0e
f95c
f5fd
0526
04ac
fb1c
0b6a
051e
126a
f689
00a3
fc14
fb1f
07ba
f974
f753
000a
0360
fd2c
063f
ee3a
f5e7
fe4f
03de
ffa1
00f7
03fe
00d7
0033
fe81
0564
065d
f8e7
fed2
0650
fc74
fd42
046d
0363
feb9
fcf2
1134
fb9b
fd46
fcdf
f4af
fe33
0348
069f
0421
f8b7
0a69
f916
07bc
1008
fb81
08cc
ee63
0ab1
0570
fd2d
0440
f720
fdf2
f407
0407
04c9
fcde
f364
02c9
0375
fcce
0b8c
fc59
0371
f4bf
01b6
059a
ff3c
fa6e
ff13
018a
f1dd
f738
fff2
f50e
0292
fe50
f336
1308
fb64
04a0
031f
f26b
0e8a
fc4a
0054
fd72
fac7
09e6
f95d
ffdf
fd0d
fa56
fa2d
018f
fbf7
016d
f3c8
014a
fe9b
fa19
f2cc
ffe8
f881
fa83
0053
0f42
08bd
fedd
0515
fee0
fab1
05ab
f7fc
fd21
f874
fe09
0a00
f3bb
f44c
0a47
061c
fcb0
0aeb
0531
1560
f650
f97b
0577
0040
0b3b
f3f3
f635
06d1
05e6
fcc3
f905
f6bd
f906
fbf5
0376
fae6
fef7
042d
fb9f
00a1
fbee
02e8
065b
f832
ffc0
0ea8
0380
fa36
063a
0040
fc69
02ca
0d08
f874
0190
fbdd
f6bd
00d7
04c4
0635
009b
fd5c
02e4
f84c
036d
0cae
fd1a
0c23
f4c2
0a17
037f
f9af
fea7
f996
017b
f4c4
027f
ff22
fe68
f709
0442
05c5
f768
07b5
f6f3
0434
02e1
05fd
0492
0452
fbe3
fad1
f7ee
f236
f60b
02a8
f96f
079f
08bd
f6e0
1294
fbc9
0662
fff4
f00a
0fc1
f9e4
f8d0
f7b9
f6b3
07ab
f925
fe5b
fbeb
eca3
f7ba
019d
fe3d
fe8f
fca0
0951
f9e0
fe14
f47f
013f
f795
f8f8
024f
0e49
0e1a
098a
0ba7
fb4b
f922
0a0f
fcb3
08d5
fd4e
01f8
08d9
f61a
f8ac
05db
08a4
f7ff
07c8
0195
115e
f7f7
f96d
0652
ff11
10e6
faba
f40a
024d
084c
f994
f6ae
f288
f3fb
fc0a
07fc
fb7b
01bc
0319
fb70
f933
f94a
089a
045a
fcad
0074
07a0
fd8c
019e
09ab
0a1e
fe2e
f77b
0cfa
f99f
f97c
fdc1
f8c7
ffaa
fdde
fbd9
034b
fae1
0645
f997
0add
0fa4
fc22
0c34
f557
0a01
00b1
fdda
027d
face
ff58
fa66
fe6e
ff33
fbff
f58e
0383
fd70
f533
0702
feb6
0486
0a5e
fb94
081d
0696
fc8e
faf4
f857
f3a1
f6ab
010e
f615
0a41
ff6a
fb6d
0fd4
fe0c
fcaa
00af
efd9
110f
f914
f230
fbb4
f75b
1029
ef61
f991
f963
eea0
f66a
f9d4
fcb6
fa07
0ffa
07fb
0206
f43b
fd51
07a8
0133
0bc7
ff55
0ddb
06ad
fd49
0ade
0542
ff7e
0fc0
f340
feec
f74f
fa82
080f
fbad
f5de
055a
0275
f492
13ce
096f
06b4
f6ef
f85f
03a0
fbf5
1082
fd0a
fa01
0249
04f1
fbe6
ff36
f604
f5cb
02be
0aba
ff1b
00f3
f9b4
ff1d
0103
f6ae
0e9a
02e8
fb78
feef
001d
fb2f
0a1a
07f9
141c
0661
fbed
101a
f696
f11d
ff66
f780
fb8f
f7bf
08d3
f91c
f861
084a
f9d1
09b0
1d86
fcec
11f8
f410
00b0
0bae
028e
06c6
fff5
facb
f0f6
0d8e
0442
f9e2
f633
00ff
f973
face
0386
f915
fb71
0329
f8fa
0fb7
094c
f9e5
ff0b
f5cf
f622
fdb4
f6dd
fbfb
1000
fdc7
f9cf
05a8
fb00
009f
fc83
f096
1187
007a
ffc4
062e
f842
0739
f109
0110
fd74
f1b1
f479
fe68
0447
00b6
0d67
04a9
fff1
f48c
f464
016a
04a0
09e6
06ef
1029
0d6c
fc91
0a6d
031d
fd5a
0af4
0548
04d4
fbe7
facc
0aef
f478
f7e2
00e5
074e
f504
0ab8
0d19
0b0c
fcae
f9bc
05b2
038f
100d
f49d
fa33
0829
05cc
01aa
f632
eea5
f3ac
04f7
fd55
fac9
f41a
0320
014b
01fb
012a
fff3
08ea
f359
006d
0ae1
f4f6
1080
0666
0c50
027e
ee12
1420
f68c
f6e9
f868
f1ee
ff0a
0743
0091
ff5b
00d2
0856
ffcb
0bae
0f15
006e
064a
f221
03c8
08e5
f9bb
fd59
fd84
fa51
f835
0b0d
0328
0213
ee07
0591
03a6
0268
fe4e
0014
04d6
fd8d
fdad
07b9
0a43
fbf9
f902
f16a
f5e8
f50c
fc09
f509
0881
ff64
f384
0c74
fe7f
fca0
ffca
eb0c
0bbe
f762
f2c4
0aee
fd45
0b99
ed65
fbb2
fb7e
f890
0713
f7f0
053a
fad3
126e
079d
feed
f5b9
05f6
06be
0448
0e59
07a7
0ada
00ce
f7bb
fe4f
05ff
ff6f
0b9c
f079
fd56
fd0f
f6a8
0603
0084
fb0c
ffa5
04aa
fe30
13ec
0b61
0556
f13c
fa1e
fe4d
fa86
0411
ff3c
fd8f
fcb0
0228
f630
f794
f9bc
f7ff
01ce
069c
f81d
ff7b
fd77
fe18
ff16
f69d
0531
0acf
f7b6
0101
04df
facc
0721
021b
0b14
ffb9
fa41
0c24
f4bb
f19c
0101
f7a4
fd21
fe7b
0775
f312
ff1a
0398
fa7e
0ca3
121a
fd3f
0df6
f1c2
0542
0b8f
0168
0b9e
0323
ff2c
fbeb
0b62
0bbf
03a5
fe2c
f58a
f292
0757
08c2
fb04
0424
fa0d
fb20
0e01
0c03
fa56
0012
f6a0
f552
fd23
f7f4
01cb
0def
ff4e
fbb4
01af
0017
07c5
fd92
f055
0fe6
ff3d
f954
0403
ff54
02d9
f3d8
ff25
f681
f1c4
ff05
02cf
f9ad
f948
010d
0227
f5fa
fe9e
fdbe
0487
0427
fe94
0df4
13bb
091a
03d2
058c
f22e
f6fc
0805
f1ba
001e
f81c
028c
0900
f8a0
f387
0650
03f6
f8a3
0103
05a9
0ac3
f8ef
f6ca
04f5
0797
0ec5
ff9c
f417
044e
015d
fbe9
fb2d
f140
f63c
0559
0710
f8c9
fef2
016a
ff42
fd67
016e
00ca
04b1
fc74
ff8a
02de
f350
fd05
0581
062a
02ab
f365
1173
f5b6
fca2
02ba
f7bd
fb9d
09ce
f94c
01be
ff24
09c3
fcc1
0a6b
1069
fccc
0cd2
f131
028d
04f2
f7c5
04dc
035f
044f
0021
0b42
fe80
02c2
f482
ff0a
f8db
f212
fe17
0107
0343
fcd2
fb2f
03d9
0783
fda6
feeb
fa5f
f5de
011b
faff
0387
08fb
09c8
fc80
0114
ef9f
01c0
0051
f4ab
11db
f810
f6db
0147
f761
fd37
fbcd
f7ba
00e0
f4c3
06dd
0960
f5dd
0344
fd38
01bb
f2d0
fbbf
f439
04b5
0e71
fbb3
06c7
0d97
07b7
fb2b
0b8b
fbd6
fc21
06b5
f815
02bd
fb2f
01db
04b7
f6a1
faa0
0920
0178
f8ec
0621
036d
0f4c
f6ca
fea8
fb6f
fc36
0822
fb63
f835
0c69
03ef
fdec
ff48
f47f
f45e
07a4
0748
f509
fc94
0282
001e
00eb
fe3d
fb11
078c
fbd0
00db
01c0
ef7e
02e6
0171
02ef
fd66
f563
0d42
f4cc
f476
0405
fac3
fcdd
02f5
f792
fc13
01ac
0b71
fb01
09eb
0dfc
fdbf
09d2
f6c9
053e
0b06
049d
080f
04d0
0751
faf2
0681
0000
fe0d
fd62
02de
056c
f580
fc19
02c2
ffa6
01aa
f7c2
04e0
05d6
f5f9
002e
fa5d
f553
01b4
fde3
ffe5
061e
009c
fba7
02f9
fa1c
fda8
028d
f32d
1075
fe23
fa33
0a4e
fa96
0607
f457
f29b
f85c
f931
0641
ff62
f5d3
fadf
07b0
fea2
fca2
fa59
ff7a
09c9
04c3
fd89
06c5
096c
07ae
f628
05b8
0632
ff47
05d0
fa15
0050
f90a
00c9
041e
01a5
f80e
0652
f9fb
fa60
0a1a
031e
086b
f3cf
0193
fec1
04d7
0e6f
0174
fcba
00db
02d5
fb62
028b
f824
f197
0bd7
09a9
f8eb
0639
0249
fbab
03db
002d
03a8
037f
fc97
026a
072b
fb04
09a3
01ec
089b
ffb6
fb2a
071d
ed69
f5c1
0093
faf9
fbe5
f866
0895
fa52
fd41
08d1
f77b
0ebe
0909
fc99
075d
f450
04e3
06e7
0517
0a5c
01ce
0af6
f751
079b
017c
03f3
0441
fbe4
fbdd
fa37
fa19
00e3
f8be
04a0
f89b
0abd
063e
f7fd
fff4
f8b1
f8f7
004f
f85a
05e7
0b3a
0a59
fa7d
025c
f9ce
046d
00d7
f732
0f4f
fbdc
f8fe
02e7
f970
f591
f3a5
f9e1
fc90
efcc
fdb6
ffcd
feb7
ffad
0e1f
00a1
fc7a
fb46
08d0
0f70
f757
01b4
0c06
1186
0641
f8a0
06ef
06c3
f656
0839
ffeb
0940
fe69
03a4
0c0e
f5e4
f852
051a
0df1
f45d
0a86
0637
0a3a
f923
f5ae
0200
0173
1360
f927
f724
0099
073d
0071
fa4e
f733
efb1
0468
0651
f911
0561
070f
f883
0091
056b
00be
0728
fcd1
001e
1010
ffe1
0dd7
0d01
fa52
fedd
eea7
04fb
f572
f744
fd4a
f80f
02e4
0a3d
fedf
0436
019f
05e6
f9f3
0929
0468
febe
0a7d
fbea
01d4
ffcd
0102
0323
0683
094c
f803
0020
fd5d
00d2
01b8
03a4
fdd8
f18d
012a
0755
fa9e
0f41
fbb7
05e9
0416
fdcb
fbcb
fca1
f2df
035d
f3e7
02e5
06ef
118a
f5d2
03fe
f8de
0133
06f7
f6b7
0acf
f775
fb18
0485
f4c0
0204
f1f0
fc21
fec1
f5f5
084c
0459
feed
fecc
1442
0556
fc07
f36e
0462
1364
fc2a
03e8
058e
06da
0eb3
fb0f
06dd
1075
fbad
087b
f63c
0062
f6f8
0110
0407
00ce
f55b
feaf
0320
f738
0ebf
094a
0338
f7be
f647
ffe6
f82c
0fea
0184
ff60
fd2b
019d
fcd4
fe42
fcb9
ed20
0cb3
0c40
fccf
0ae4
feeb
fbc2
06b0
fcfb
0783
04bc
fcc0
ff0f
08ef
0103
11d2
ffec
05f7
01a2
f795
ff84
f4da
eab2
0264
021b
fbdd
0016
0079
fa97
fb0f
0668
f41b
01bd
0b15
fd07
076d
f90b
fb6a
0250
0719
037e
0734
01a5
f559
080a
02f1
fc97
02e2
056d
fc76
f983
f785
006a
fba9
0504
f57d
09ed
0493
fa47
fe91
f961
f4e5
0051
f2d3
0660
0931
0d98
f635
fe05
fea6
fe1e
0050
f74e
0aec
f73c
ff30
0022
fbbc
0518
f546
ff24
faa1
f219
ff9b
09f8
fdd2
0024
0dc2
fbd8
fdcf
f536
f8a0
0e0d
f6c8
ff53
0bb6
0a1d
0bb3
f9b6
060b
0af9
fd57
0a27
f371
046e
f320
018b
04b2
fe70
f4b3
fdf1
ffd0
f097
0ff5
00c1
06d2
f9a8
f147
087c
faf6
0e43
feab
fd06
04b2
046d
fc6c
ffdb
f9e2
f282
0d6b
0913
f64f
0ed9
0043
fd12
04fd
001f
01b6
0073
fe92
0052
1170
fddf
0d98
feee
02bb
ff94
f5a2
0894
fa18
f1f1
00f3
00a9
fdad
f8ce
fc7d
fa0a
fdf7
01bd
fb2d
023e
08c5
fca4
0e4d
f973
fe82
fd6e
0460
0699
0786
ff41
f93b
04f0
fc05
0056
fb7a
01b3
f3e3
f460
f8a1
0226
facc
0745
f7fa
02c3
03f7
fe2d
ffdf
f8c3
f21b
f7e0
f55b
06d0
043b
0c14
f5ed
fe5f
0398
fbcf
0646
f701
05d7
f742
fd91
049f
f7c6
0233
f164
f703
fa50
f371
f9a0
0415
fb37
00e5
02ef
fe23
fad5
f7f5
fcb7
0742
efae
fdaf
165e
0758
08bc
0339
0435
094a
f765
0cd8
f994
06ec
f4ce
0130
06fe
f8c6
f743
0400
07b2
f115
0cdf
ff61
08dc
f46f
ef64
03de
fab8
0f63
ffb3
016f
04f8
0333
fbbf
fe7e
f963
f0cc
0732
0c21
f4fe
0626
fe70
0058
f900
feaf
0900
003e
faf6
ff3f
0e7e
006f
0bab
fb92
00f3
0591
f865
0812
f2e9
f550
0065
fd71
f78c
f86a
f6b9
f972
fc35
feb6
f36e
054f
125a
f70c
1203
faa4
fe56
fd21
0553
04d5
04ef
085c
f3cd
026b
f992
f87e
072b
01b8
f6ac
f4b8
faec
04fe
f941
0b9f
f387
056b
0469
010c
0041
fc45
efb9
fad2
f8f7
049f
0384
11b6
f2f8
0088
f232
ff77
116d
f917
f8df
edec
f1b3
0bcf
017e
12f3
ef2b
f5e2
edfe
ff97
1534
fe83
f88b
11b2
09e5
fa91
fe4f
f1e4
0916
0929
05ff
0760
fc23
f1e9
059b
fb53
08b9
0e45
0fd2
f55c
ffef
eeba
efe9
f328
0537
0e9c
fbc3
fde5
ed9a
0b96
08b5
00fd
0946
ed73
1a13
f8c1
f32b
fa10
012f
0def
0284
0436
fc36
07fb
ff96
fdad
fe6d
08be
1581
fe51
ef45
086b
1976
f702
08c4
f9bf
f34b
045b
fdcc
0f9c
f319
ebf9
121a
16a6
077b
00a5
f795
f291
0003
fc58
fe4d
fa6a
0ea3
eee6
e850
fe31
eca6
00b1
0b50
f6d5
0567
f9b8
f10a
120c
09b7
0cb2
f35d
0955
f66d
080f
0a33
00e9
fa86
0437
faf4
0613
016a
ecaa
fb08
0437
fa1b
0fa7
fc40
feee
fe98
feec
0f20
061f
fd94
f7ef
052c
f446
fb7b
0eb4
f781
17b6
123a
f121
faff
ebac
ebb0
0e28
0206
15a2
f4d3
f6e7
ebad
04c7
1165
f97c
f1cb
0ed6
116f
08a8
fbac
f35d
1026
092f
03eb
07eb
fd85
fa4f
02db
f5f6
f0f4
128f
08ec
f75a
06af
f338
f134
f5fb
0ba7
1602
fa14
0676
efc2
ff92
075a
011f
0402
eb71
12bd
f9cb
f3de
f616
0b82
0a59
fe49
01a0
f545
0425
fcb4
f91f
0094
075f
27cf
01af
f32d
073d
1b2b
fae3
061b
faff
fc60
fcff
fdd1
0ccf
f36b
f156
0cca
17bd
0350
fe7e
f5b3
fa4e
04aa
01c7
fb8c
fc36
092a
f845
e754
ff85
ecdc
fc60
0baf
f3d2
fe8d
fb8b
0224
2165
1a1e
08c2
f44f
08a2
fceb
0f3b
00db
fb79
fe52
0b13
feca
fef7
0930
fe70
f8e7
fce2
f861
09ff
fefa
ffe5
003c
00a6
141a
0d1f
042e
f9a1
0b2f
f3ff
05a6
0818
fbf6
1689
0c4d
ee55
fea0
f503
ef7e
0f4d
ffc2
14df
f800
f179
eda9
0e68
0ebf
f8b1
f397
1161
0e70
0773
fa2d
f00d
fb92
0862
087e
075f
fd36
f0b2
048b
fb30
f4e0
1277
06bb
f800
0356
f4ee
f0b7
f7c9
0573
ffc3
fcea
0781
f293
ff17
0851
fb32
07e5
e758
108f
fc1f
f6e5
f59e
017d
0b37
0471
fd1f
fe33
0174
fd5a
fe26
0681
076d
1b0a
074e
f8c0
0135
155c
ffb9
061b
0201
fbfc
ff44
0576
0ce3
f22e
f706
0f02
0fc9
0b79
fbea
02fb
00cc
00c0
082a
fea2
ffe5
0973
f925
e94e
02e3
ea35
f7fc
081f
fb92
fa8c
f978
011b
156c
0adb
0d6a
f5af
0c9f
faa0
16e0
0656
ffac
fbde
0c44
02f1
02f0
fb69
f9a2
f527
f46f
f88d
0682
02b3
f199
07d7
0a1b
15d0
0ef1
fcda
fa9e
07a1
fd3e
ffe4
03f5
fde9
0e14
1267
f2eb
fe85
f883
efdc
0c52
03ea
0988
f91b
f5b6
f948
1078
0867
ffa9
f70b
2080
0083
0517
f8a1
e6dd
e8cf
0780
fea4
fe87
02b1
fc52
081a
0574
0185
093f
fda6
fc80
0515
edf1
f0d2
f626
0104
0180
f97a
00b8
faf0
08c8
feb8
fc7c
0936
ebc6
12d0
051f
fae1
f4e7
fad8
0003
0d2f
0423
fa5d
051c
03c2
0651
0a84
0390
1ecf
008d
fb3c
004e
1048
f8d3
ee7d
fadf
fbf5
023a
0259
0948
e8da
01bb
0e00
1098
ff82
0241
078e
0b2b
04bc
0013
fb30
07b7
0893
0427
eb82
0d99
ee94
fb76
07a0
f990
fd54
fc74
0a5f
07a2
024f
0ed5
ee2b
0467
f7b9
0c4e
0881
f8f8
f5da
1563
0783
047c
f66b
fee2
fcc2
0071
fee3
0964
fdb3
f55e
0374
008d
09af
0130
0222
f065
08af
0611
fe7a
1171
ef32
0edf
0c87
f308
018b
f170
f40a
140e
fbc5
0f45
fb21
f84b
ec9e
0156
1224
0845
ef9c
1490
0624
0d87
fd92
e6f3
f555
0d3e
0dc1
fcf1
fe76
f304
fd7e
02b8
fba6
12e3
130a
ec43
04d8
f296
f119
f4c0
f7c7
091d
f531
fdf0
f575
06c7
fb11
fdda
05dc
eb98
180d
05b4
f671
f2fd
f7b0
00fd
0af5
faa3
015e
0011
0310
085e
02fa
0679
1b58
02e8
f768
f7af
0e5e
fb0e
03da
fa0b
fd1d
06e9
f51a
00e1
f094
fdab
0b51
04c2
0563
043d
08b9
fc84
0299
f830
f266
0845
0bc8
00ae
e5c8
11b4
efdd
fc5e
062b
fb41
ff40
fc45
f5a5
0971
fe0a
0b04
f072
0e85
f223
0bfd
0327
fd50
fb51
1710
f5ce
ff71
fbdf
f5c9
f8ab
f71c
f9d4
0dba
02b8
f02e
ff98
08e1
0dd8
0604
05fc
ed7e
05b0
f53c
f845
0b61
e5f2
0b35
06dc
f7f6
043a
f0fd
f14b
0da3
006f
146c
f7d3
f8b4
ef3b
075a
0ace
ff3b
f5eb
0bf3
0ce4
0cb7
0206
e52d
fcd8
0d11
0ef3
0301
fe97
f75e
fac6
f4d7
fb79
1067
137a
ea20
fb1a
f169
f6d2
fa85
f9b1
075b
fa1a
076f
f1e6
06b2
005f
ffca
093c
e9f6
157a
ffdd
f47e
f35d
037f
fe25
01d0
ff7f
f9d3
fc8b
0615
00db
0114
0838
1a68
0518
f409
0331
1179
fa42
0986
fb8c
fdd5
058d
fd26
0fd4
f084
ff33
13b3
06af
03a6
0175
ffc8
f4c2
0201
fbd2
fa92
0918
16ab
ff4c
e957
0a94
eeb4
fdb3
0208
fb9a
fe72
f576
f740
0e1b
025b
149d
e783
11de
f15b
0aa4
05c0
ff1c
058e
0edd
f72f
05d9
fe58
e8f2
f7e5
f7b4
f7af
1242
0472
f335
0355
0206
ff0f
0cce
021f
f9b6
08ed
f534
0258
076f
e5ac
09bb
0582
f5cc
0a5a
f331
ef3c
0a39
fe7c
102a
f8c4
f3bc
f215
0372
10e9
feb8
fa82
0147
1266
0de2
ff2c
ed13
0e3b
0b55
043b
fcb6
ff3e
fb5f
fff3
fbc5
f8da
0c11
117a
ead1
0103
f8a9
f3eb
faa2
01b2
0bb1
fecb
03e6
f7c6
009c
060d
fc2e
003b
ea9d
117b
0663
f317
f4b0
123f
febf
fc19
f54c
f8ab
f949
fbbb
fdbd
02e6
0474
11ad
facd
f72c
fe69
18c2
fc53
0963
01f0
02e6
fca5
fbce
10f0
eb6a
f5c8
16fd
0571
fe70
ff2e
f838
ee53
f8d9
fc0d
f706
06e1
146d
ffb1
e741
03e3
ed32
00fe
fe94
fc8a
fd5a
eba8
f6be
141c
0085
0d3e
eec6
11ca
f664
12cf
05eb
fcb8
fadf
06e2
ff16
04e3
04c3
ea09
f8f7
ea06
f932
0e93
070c
f635
0237
03c5
039d
0a17
057a
f6cf
0886
f9e4
032d
0373
f0c9
095e
074a
f2e9
06e0
f66f
f8b9
07b2
03ba
06d1
f60c
f8de
f71a
0426
04d1
0138
fe36
09d7
010c
0bc8
fcbe
f393
f76e
0791
005d
f748
fb7c
f5b9
07b7
05ff
f663
0b81
0420
e552
feb6
f60d
e948
f9ea
030e
0bea
f928
07ad
f6b9
0174
0651
01b2
05eb
ed4e
0732
03a6
f9bd
fffb
0a6d
ff9b
fe8b
fbbc
f2dc
f855
fd59
f2f2
0239
08a2
0fd7
fdc5
fd03
fec2
0d64
fd20
031e
0094
0022
01d2
fe6f
1025
f712
fcb5
0ce1
06d2
fc91
04fb
f8b5
f719
f7f8
fd32
f466
0bbc
0fb0
024e
eb51
0478
ed88
0915
f8ef
f94a
0029
eec6
fc06
0d10
0198
0e50
ebfd
0fe6
f5c1
10b2
0156
fae1
f59b
0f4b
05c9
0847
fe6e
f68e
f9a6
f61e
f482
0f6b
fd5b
fc86
0655
07b8
fde9
fc48
026f
f25b
0a35
00f0
fd9c
10cd
f24b
0c1f
0a44
ed69
026b
f630
f326
0d58
000a
0931
fd08
fa4e
faab
0a7d
037b
00ef
eefa
0f1b
0cf0
06f9
f5be
fd97
f914
01ce
0be1
f36f
ed83
fb52
fd27
fe2d
f1b1
1083
1151
efc0
f994
f6aa
f0c0
fdd1
0218
0ebf
fb8b
01d0
f548
076b
04bb
0788
053c
e86d
0e4b
0405
f4c5
fd36
0b89
ff49
03b7
f0a1
f31a
f28f
0703
f98d
f7b6
06a2
0e5b
f6ef
fb84
ee72
1473
f9af
0497
fb39
0218
fe5f
fc25
0f64
ef57
f5dd
11d2
0a6d
0ac8
facd
f475
f499
f975
fb90
f616
05ec
17a8
0227
ecda
0276
ed96
feab
fb7c
f7af
f6ba
f379
f8ee
09a7
0ad6
0d64
e759
1539
f828
16ad
070b
0228
fa1a
0ac8
054a
05f9
ff2f
efa9
f8cc
feae
f6ba
14f2
02d0
fba1
053f
0d9a
fce7
0217
090c
f753
099c
f2af
00b6
04ce
e61d
0dfc
0515
edc9
01c1
f399
f85c
0578
fcda
07f8
fb8a
f722
f78e
fbdb
01cb
00de
f337
0a49
134e
0e98
f325
fe90
fdb1
03bb
0a5a
f3e2
f7f7
0174
01e9
06fb
018b
0c36
0766
041b
001d
f94b
f15b
0064
0254
0921
f8f6
fe8f
f396
030a
fa85
0548
06c7
f30f
0a58
006d
f3cb
03eb
0cf1
fdb5
07da
fc49
f026
f5a5
009f
f5b6
f815
06d3
0b44
00ca
f8bf
ef76
0f2f
f973
05c0
f729
fb90
feff
06dd
04f1
f859
fe3b
1126
0874
ffc5
fd88
f488
ed57
01da
fb20
f5bf
0446
0f51
fd1f
ee05
0112
f355
07c9
0057
f716
0094
f04a
fec1
04f3
0eff
0a11
eced
0d43
fa5c
14f7
0994
fe9a
0164
060b
fdfd
05c1
fedc
f32a
f2e4
0391
f521
1eff
02f8
fa31
0822
0375
f85e
0300
052b
f32b
0feb
fc74
00c6
0ca6
ef39
0fbc
0795
f40f
057b
f678
f8c2
046d
ff73
0c52
f27f
edd1
f74b
0334
ffc9
fd09
0087
0c61
1966
06b5
efdc
fea5
fa95
03c3
0c04
fa76
fc78
08cc
06f2
06e0
fc76
0887
02da
0d22
01f9
0099
f38a
fd82
09bc
0434
fc7e
0264
f881
f67f
fb33
0c1b
03af
f738
090e
00f0
fb85
05e6
058d
f7f4
0dd0
fd24
f5c5
f5f9
fe43
f4fc
f782
08e9
0637
fd67
f6c4
f74f
07b0
f3be
09f4
f959
f92f
fee0
fe8c
05ab
fa21
0835
0ee5
0c0b
fc18
0630
f899
f44a
01a6
f92c
f83b
0a00
0fd4
fdd6
f16e
062a
f4a9
062f
0d1b
fbc2
fd45
f96f
f714
0540
0423
0f87
f96c
04fd
f9f8
104a
0727
fc1a
f490
0cdf
041a
fc52
f993
f6ce
f078
00a5
f452
16e7
0648
f59a
fedf
ff04
f9d2
08ce
f6b4
f0be
1116
fe10
fe42
13b7
ed27
0c77
feff
ea38
04f6
f74b
f82c
0554
fcf7
0efc
f2bd
f844
fa6b
fd6c
00f2
fcdc
fdb9
0378
1b29
0738
f392
faca
f6be
068f
0f91
fe87
0269
07b9
fee4
fae6
fa6d
125f
0442
089f
03bd
fb2b
f049
f7db
08d5
fbe3
00e6
0586
0140
fba8
0297
05be
064d
f13d
09d6
fc57
fafd
061a
0922
0030
0b1d
f913
fbec
f287
f7d0
f732
f9fe
08f8
08fa
ff2e
f96f
f6e9
0a4b
f849
ffa9
faf6
f194
01dc
0169
0375
03fd
0727
1249
09f2
f815
04f0
f6e0
f4d3
fccb
f9a2
fb86
097a
0e3a
fe0d
f38d
03cb
f2ee
0876
07db
ff00
fb82
f38f
f55f
0efe
04b6
07e4
f822
031e
fd02
18a3
0d2e
fcb2
f6aa
0aab
0184
0254
ff36
f37b
f8ef
fe4a
f84d
0dce
0679
f604
074f
feeb
fdbd
0812
0072
f1bc
0e42
fb76
fdf3
12cb
f684
0941
064b
f0d6
026c
f9ff
f292
01c9
fa05
05ac
f468
f163
02e5
0231
0086
fc75
0119
fe53
18fd
02cd
f9cf
fd92
fce8
0454
0a32
0692
0481
fde7
f7f3
fe9c
ef77
1351
0416
002e
f41d
f8ae
fa03
f6a1
04bf
fd2a
f99b
0242
fd3e
0503
04a7
0638
04a4
f0e0
0776
fcec
040a
06a3
093e
f80a
0370
0042
faf3
ed9d
0486
fb2c
fa0b
0dd5
0488
01f2
f14b
f7f6
0461
ff1a
04e4
fe7d
f72f
01d7
04b4
0748
f70d
fe26
080f
0876
f9e0
0127
f5b9
f493
064e
02fd
002d
0fc4
16d0
f903
f227
0168
f0ac
0715
028c
f985
fd6d
f1b5
f50d
07db
07f3
0d3f
fd8b
0c8b
fe71
1771
09d9
0175
fee0
0709
fd8c
0642
0262
f524
fd94
fb20
fbc2
1790
04ba
ff7e
04d9
035c
fd9c
0e0a
f639
fdce
0af3
f8bb
ffe0
03a4
f5c9
093a
0897
ebc3
fe80
f526
f48c
0cef
fd89
0f96
f9aa
f68b
fc6d
00c6
09d2
faa7
f330
061a
19c3
0638
f6c1
fb72
fefe
0567
199c
02d2
0169
ff87
fcd5
016d
f3df
0d36
0e13
fabc
f5ed
f5cb
ed24
f28a
00a6
fc16
01f4
fc7a
f04c
06c6
f449
01a3
00e8
e812
0d55
f618
fde5
fc54
0f90
f695
082f
f369
f809
edf4
01bd
fa2f
00ec
15ba
073f
ffb0
f26f
f6af
0807
0258
0ad5
f4f8
f8cf
036b
fb60
09a4
f63c
fd75
0e97
0fd1
0596
f8f6
f51c
ef89
0999
0136
f460
0ccc
0e21
02f8
e96f
027e
f493
043e
0d28
f7c9
ffd5
ef77
e9b9
0951
0c61
1017
02e2
18f5
03b9
1ae8
03b9
01a5
03fd
0939
01bf
05b8
fd79
f48c
f852
f8ed
f80a
21b1
0273
fbfc
05fd
025f
ff1c
1321
fde6
03eb
1223
f494
0191
fe32
f291
0762
06b0
f58a
00a1
f227
f25c
01b0
fc21
0adb
fc46
f00e
ff9a
fcba
1035
00d0
efc7
0bc0
0d5c
0806
f278
f495
fb31
0ae1
1d7d
06e8
ff17
fe08
f60e
f994
ff1d
1387
0854
fb66
01fd
00c6
f1b6
f3b9
fefc
febb
050b
01b5
f4e3
0479
fc45
03c2
0184
ef57
06cd
f628
f96a
fc1e
0a25
fa35
1236
fb19
fbbe
f21a
ff38
f612
02d6
132d
fbb6
fe1b
f594
02be
046d
031f
0589
fcf1
f834
04c8
f97e
0040
0087
fd07
0a70
08ac
f5a8
fad5
f29b
eed8
0871
059e
fae7
08fe
0b74
fbb8
f530
0c3c
f4d3
0723
0a86
fa41
fcee
ef55
f30c
09e4
140f
0f05
fb9e
16bc
f554
12d3
0096
015b
036b
0d13
0241
0b50
fdee
01b5
f8a7
0011
f263
1de5
0195
f8ca
feb0
0205
fc83
19e7
fe9d
04b4
0e0b
f2ab
fd38
f3d6
f52d
0b86
0484
f8a2
01a2
f896
effa
04b4
f978
0b9a
f858
f0a5
fb63
ff76
055e
046d
f31f
074e
096c
fed7
fa10
fa69
f5d5
0a5c
0b4e
fb5d
05bf
ff02
0531
fa2a
fafa
14d4
0c45
01ff
ff7d
fe1f
ed64
fc88
ffc2
003b
0002
fdef
f1e1
ff6c
ffb0
01b7
0531
ef8c
0e55
005a
fb12
040d
0f49
f88c
06a7
f7d8
fcf2
f2d8
fe88
f984
0496
1092
fdc9
07d5
f659
fff1
0944
0137
f639
f4bf
f8eb
033a
02c3
0898
03fa
fe55
0c3b
08d9
fdd7
fd91
f3e4
f258
04b6
ff9b
fa7c
05bf
1429
f99a
f09a
0efd
ef5e
0788
034a
fb02
f9f8
f1dc
f247
05ea
1590
0e3a
f7ae
13a5
f81b
1524
000c
06c4
fdc3
0734
04cd
088d
fab6
ff35
fc71
fc78
f7e5
14c2
013f
f6de
ff57
fed8
f82f
0da5
fb07
ff62
0e82
fc27
fbc6
fe5d
f444
0e2f
0a34
f2b2
0255
f7b9
f150
03c5
f6b9
062e
f44b
f48a
f62e
fb7c
066c
f8cd
f635
0637
19d1
fe52
fbfd
fbd2
0823
1092
0806
02bd
01f0
00f2
fb4c
f690
ff39
19d9
0d38
fb55
fbef
010c
f54c
fe46
04f9
01d5
0472
030e
03f9
0344
0393
0800
0073
ec6a
0a2c
fbe5
fc4a
0286
13a7
fb07
0026
f986
fc81
f3fd
04c7
f4fd
fe1e
0c20
0344
0d0f
fb03
fa32
09b8
039f
0141
fc82
fdf8
ff80
04d9
0bd4
020f
021e
0384
072e
f9ed
f674
f556
f04e
0184
01c1
fd71
0997
0ba5
fda8
f29c
0bef
f6ad
06c5
fe37
f9a5
0143
f739
f448
ff22
1143
0a5c
fbb5
164c
fa7e
169d
00fe
0777
02de
07cb
07b6
01a1
031f
fdd2
f9a8
0645
f6ba
1421
0371
f83e
febe
02d8
fd46
1e8f
fa8d
09d8
0c38
ffb5
fa40
fbba
fc23
06a1
0888
f4f2
f919
f3c8
f06b
0382
f08a
0a99
f3c7
f7ce
f650
fb84
05c2
fb60
f0dc
05cb
16bc
06e6
fcdb
f616
09e2
11a3
ff51
02f2
fe3a
027a
08dd
ffcd
fd2f
1c38
07b7
fbd3
fda3
fd99
f307
feb7
013a
087f
0348
f729
ffd9
060a
ffad
03c0
fc56
eb8a
095d
fe54
f908
faae
101b
0055
0689
fc75
fbaf
f498
0454
ee89
0263
0f57
0cb3
097c
f4e2
f9bc
0e55
0666
011d
f804
ff48
01df
0728
0767
0074
05d7
08d6
0d90
fea0
f566
f76c
eb78
0770
078f
fa32
0899
1130
fac1
ef97
09ef
eda1
ff69
046a
f62d
0136
f377
efe9
fd5b
10e7
0e05
029c
1178
f908
1b2a
018a
0549
ffec
12c7
0616
f96f
041d
fb1c
fb8e
04b3
f2a5
11e2
0534
fd9a
ff55
00ef
0198
12c7
f760
026c
113c
fa6e
fa06
f8f6
fc73
0a5d
059e
f6eb
fdca
f0ea
f06e
ff68
fd2e
02fe
f752
01b2
f94d
f9df
f95d
fb65
ed7b
06d6
1043
fe80
fdce
fc40
fb5a
1114
ff01
fcc2
0938
01c0
04c3
fef6
feb3
16c6
05f1
febd
f84f
031a
eac8
fd17
fe0f
08b7
fe03
0233
f1b7
011a
ff65
0610
03e6
ec0f
08f2
03d0
f8e9
fe48
128d
fa44
036d
fa7b
f2c7
f1cd
06ac
f6be
fed0
109e
026d
13d0
f104
fc17
0d7b
fd29
feb2
f6aa
fe70
03df
0d80
0599
0485
01f2
0256
0b58
fba1
fd5f
f35a
e907
0a9d
0856
fdd5
fc71
0df8
fcb0
ee7c
065c
f17b
ffe6
01f8
f5aa
09ba
f628
f767
ff75
0fb5
0e4c
042d
0bcc
02ee
174f
fcd1
0671
fde5
08d4
fb27
f91f
f701
fe83
0032
02a4
f898
0c7f
011a
ff69
02fe
0081
f9ff
09a3
f86e
047d
07f9
fa2b
f99a
fa16
fa30
0128
0f32
eeab
f508
f294
ee41
0507
f789
03aa
ee8b
f992
f83e
fde1
fc5a
005d
ec3e
03a8
12cc
047e
feb5
fb9f
05f8
136b
ffa1
0307
072f
f424
fd5f
ffb0
f01b
2079
124d
003a
fe5c
03ea
f14a
0219
fbdb
0df0
ff10
0721
f6a8
0110
070a
0602
ff79
e6b1
0a6e
ffb9
fcd2
fb2b
15c8
ff51
ff7f
f6d2
ee75
f932
0686
f2dd
0875
0f6a
0b6d
0bc8
eb5e
fc19
09e2
0069
0a52
f267
fdf7
02aa
0302
0dad
fc20
f949
ffce
1821
03f7
f3f3
ea2c
f066
0d32
0bae
f292
fb4a
10fb
fa34
e774
fe11
e3d9
00d9
0c2f
f1ac
0b18
f5e5
edd3
0529
1ced
119f
ff3f
1b72
f2f3
1675
0769
04ee
0944
f9fc
f9e9
0078
0482
fc3e
f560
ff51
f035
1737
fe53
ff3c
069e
012c
0119
0e2a
f9c2
08c3
0e6e
fd74
fdc0
f2a8
f6aa
0bda
fdfb
032a
0d13
fe30
000f
00af
ffff
09d0
efd5
04be
f600
fe91
005f
fdc6
fa4c
0274
01b1
0cf7
fb2c
fa48
0396
0430
f460
011a
003e
054f
0256
fbbb
0de5
032f
06c6
063c
fc67
fd9f
0083
fd94
0cd2
fd57
ffad
0957
f737
076c
0afd
0a44
0ab9
fadd
09e4
0443
f90d
04bc
01a9
01d9
faae
03be
fe21
0684
fff0
07c2
fbbf
02bd
0074
f7f1
f7ab
09df
1203
fe2b
fe58
00c2
f6f1
f690
0621
0805
ff7f
f270
0473
0acd
fdf3
0aff
f36c
062a
fa7d
f71d
09ad
10e1
ff36
f8b1
f265
002c
faa6
fcc9
0ece
fe78
0dd7
faf5
ffc7
0602
029b
092f
effb
0a8b
f35b
03ab
06ef
1005
f7e5
f3e5
ff5a
ff6f
01d8
f25a
f616
0870
0aad
005b
012f
fcb5
fb81
fe5b
0500
fd95
fbb3
f771
068e
fd45
f447
08a7
fa83
18aa
02c6
009d
0a5f
fa7f
ffa2
056c
ff3b
0d4e
f549
0411
fed7
0aa1
05fe
0320
ea63
003d
0ced
2295
fa03
f7ee
0090
fbf8
008e
0364
face
fb4d
fcbb
fd2a
06a5
05ed
087d
0c85
0756
f381
023b
fa4e
0c86
ffb6
fe67
10a1
f7d0
0389
1004
08b2
04c2
fc6b
0a9a
fb0b
f947
fc0e
01b7
0aac
f9d8
01a1
fa0a
039f
fd52
07d0
fde5
03e3
04e2
f179
fc5c
0359
1bfe
046b
fd64
0103
fc8c
f7a3
0609
079d
ef73
e9b5
0942
0ad9
088e
029e
f4b2
032f
fe84
faea
02e9
07ec
07cc
02b5
f315
fdfa
fad4
fa87
0f4e
01bb
0294
f7a5
093b
0fa3
f88e
0388
ef05
07f3
ff77
09fa
03d4
1518
05cc
0372
0874
f598
0455
0182
fa58
0a22
0560
0c2f
05f8
f914
fd8b
fddf
0ac0
050c
ff6d
ff5d
0778
f242
fdd2
020a
05be
1bc8
fe41
0179
0d9b
04b2
01ac
fb15
fc2c
0ad9
f91a
fad4
ff40
0da2
095d
fddc
ebe7
0068
0b51
1a6e
fece
fa08
06a4
0244
f4ca
04eb
f686
f82e
0821
ffef
0540
0be2
09be
09e0
047a
f1f9
fdda
fcbe
0937
f49d
fed8
0646
f821
020f
0c97
0365
09d8
f1b1
09d7
f8cf
f6f7
02c6
fe83
08ae
f4f5
feeb
0271
0052
063f
003d
020f
0150
ff6f
fb5e
faa5
02bf
0ddf
07fa
fd03
05a5
f98e
f568
0c73
0ca1
f7fd
f928
06e3
03bd
0eef
01b2
febc
0b15
fe2e
fa6f
0ad0
0545
0772
0091
f4f9
0320
f93c
f8dc
10d6
0964
00fd
f540
ffa2
0855
fb9f
0456
f476
0c89
fc87
0f04
066f
12b1
fead
0c3a
0500
020a
02b3
f8ce
f430
fd84
0bf8
0a69
06d3
f2a8
ff19
00f3
0840
003e
fc7e
fd41
0698
fa82
fd6b
f6ea
0640
1494
ff71
086e
1287
0990
0fc9
fe4b
ffc7
0ba3
fb72
ff61
0569
0b18
fd6a
089e
fc7f
0645
fbe3
132b
f727
f446
f037
0069
f2b6
0297
fa42
f6c8
154f
fe74
0e77
0919
0229
09c9
fefd
f8e2
0172
0247
0d20
fce0
f838
0975
02ce
fe7f
039f
0138
0ac9
f841
fd9f
028a
00a9
07e6
f987
06b0
02a7
047a
f913
01d5
05c4
0481
023c
fb3c
0096
f65d
03ba
0513
04f4
ff25
f3c3
fd2b
fb3f
f488
0854
00de
f5bd
fafd
0894
004c
f7ed
0c93
02a7
0c08
fc97
f885
04f6
06bd
0161
0166
fb4f
0f10
ffb2
f7b3
0960
0a24
0862
f5c0
07dc
05e4
f8ba
0514
eb56
0726
fd22
104b
0769
0f8c
f508
0643
08d4
0924
f850
fdd4
f547
042f
0d71
08a0
0601
f86d
fb51
00ab
035d
f858
fa4a
fad9
fb64
faa4
f75e
ffc1
fb57
08e5
0370
06a7
12bf
fead
0f8a
0689
fef6
0bf0
fee8
004f
020b
ff84
0651
054e
f9fe
0835
00fc
21dd
007e
f0ac
f8e1
0112
006f
0add
fced
f3b5
07f6
fdd5
0e69
0c20
0b74
00ac
fa8a
f9da
fedf
ff7c
04a8
0377
ff01
064b
fc3f
05c0
0e7e
0189
0be8
f729
01b5
fefc
f867
ffbb
f82b
0688
fbc0
fe7a
f9ec
f94e
047f
0796
03a5
fae1
01c2
fea3
0645
fd2a
fd0c
064b
0119
fa6c
f6ec
f766
f4b3
f47b
fefe
fff2
00e0
0073
fb61
0fe6
03b3
03f2
fdd2
f859
ff69
0688
035c
f619
fa58
1743
003c
010f
0cdb
06ef
056b
f6b8
ff5a
0622
fa02
0891
f718
06f6
f15c
0a19
064c
119d
f987
0054
051b
0991
fec1
fed2
f17e
019b
0993
02a5
06d5
fa5e
fcad
01d4
006f
0924
fed6
f807
02da
f7f9
f47d
0115
fd86
0e79
fa95
0b7e
144a
02f2
0f86
06b0
fdc0
0095
fb69
0015
03f7
034c
03be
0b3e
f67b
fd91
ff8e
1700
ff4b
ef65
f7d2
fe8d
062b
ff3e
fc1f
01e5
06f5
fad8
07d7
fea1
0bb0
009b
027a
f931
fbe5
fdae
06b7
f65c
f982
0a80
f84f
0d4b
040b
04b1
0bf4
fbfa
06a6
02fa
fb68
fa16
f5d2
f8e5
fafe
ffb1
f999
fee6
0345
03e1
ff6c
fddf
038c
f19e
0573
0430
0b8e
09a7
03b2
031f
fac9
f75f
fc78
f492
fede
100e
f511
00cb
fc50
16c3
093a
09df
f4eb
f1c8
0527
1a08
0dae
08a5
fcd1
13d2
0161
fd8e
0250
090b
01a3
f43e
0348
f955
f05a
0ead
ec4c
0afd
f85b
01c2
ff70
18d1
0130
f897
0507
fbe3
f8e5
fab2
fd13
f701
0b45
052b
0396
faf1
fa65
fc7e
f8d0
f833
fb11
f6c8
fd6b
fe03
f744
1460
f3de
053e
01eb
0a44
1454
0495
0622
fff9
fbbf
0b5c
f88c
00b8
fd95
fb80
0c0d
09d5
f8c4
f2f2
02c9
1dd3
0741
f4f2
fc97
0557
0096
041f
f96a
09aa
072e
f04a
035c
0983
0b9b
00fb
f5c7
f4a2
ffb7
fe28
0536
fb86
fd76
0c13
fe42
0645
1036
ff1c
0a2a
f6af
ff33
fdc5
f6ab
fee6
08a0
fcf4
f969
fc79
f6f4
fbbf
fa0e
09aa
0822
fe9c
fe5e
f9fd
0606
01cc
06bd
0956
09a3
03bc
fd6e
fc29
fa81
0159
f36d
05a8
fe11
0275
fc75
0a37
fe69
007e
f5c8
fc5d
00f4
1159
0838
ff61
f811
0ff6
fba8
0286
063d
0a06
0373
e9c0
fb6c
0c8c
f59f
0ed9
ed03
0bd2
f40a
0d9c
fb29
0e27
fab8
f7e7
0131
05b6
0261
f3cc
f825
f44c
0afa
0190
013d
fa55
fec4
fd69
fcd5
093b
fe13
fdab
062c
fda6
fcf8
0b1f
f16d
03a9
0520
0af3
0e6f
fadf
035b
037a
fe36
023c
f69f
0795
fcdd
fdc9
0937
01e1
f9df
f716
fb21
1778
04af
f852
00e1
04f7
f743
04a0
fb63
0a18
0813
eb60
035f
065a
0074
f9ed
f789
f4f2
fbf2
fd28
0a73
f74b
ffee
03b6
03e3
02b5
11b3
0240
0c37
f782
fce2
f45d
f4bc
02cd
fecd
fd94
fa0a
04a1
f93d
f84d
fb1f
03ca
004f
0523
fc4c
fbcb
0594
04c5
05ae
0b54
00c7
ff8d
facb
fe44
f71b
0713
ee2f
0118
022b
fe30
f97a
0b04
fb74
08ac
f81a
fb74
fe4c
0b74
09ac
0398
faf8
09fb
013d
08e4
ff5a
ff97
04bc
e956
ffe7
10ce
f9e4
0d28
ee26
0a9c
ec70
07cd
0317
05ee
f3a1
fe96
fabd
0607
065b
fb16
f4f8
fdbf
022a
0927
00c4
fbbf
0121
0195
f89b
05b5
fba4
fb56
0270
f931
f24b
056f
f1dd
09cd
0956
feb5
0d80
ffa7
0633
074e
fca5
0392
fbe5
0340
fb81
fd8c
0773
ff3e
e940
fe4a
fda6
1466
0173
fb20
0300
01a7
f925
f893
f9fa
0f61
0091
f35b
019d
076c
0cd4
f869
f6af
f405
fb36
fbd0
1085
ff7a
03b9
0624
0365
047e
1639
0604
0e27
f60e
fa15
f82d
f6d9
022a
fb5f
00c2
fcd1
f8d1
fa00
eb57
fdeb
0874
0124
0447
015f
f798
077f
fead
0424
0587
0a43
04a3
0008
fdef
0044
0c56
e6bd
fee0
fb65
013e
fbe7
06be
f3e5
0872
f968
fc34
054b
0a3d
0a2c
0587
fbda
0451
faa1
0686
fdf9
fa8b
fdca
eea2
fc51
0ea4
ff58
0789
eaeb
104d
f087
13cb
04d1
0988
fc75
0800
fb3b
fdd1
0bb5
f855
f210
feb6
0236
0531
0251
fe4d
fd9d
03ee
fa8f
08de
0069
0187
0876
f6c9
f7c7
10dc
f402
09d9
03ec
04ca
1115
fa66
030b
0023
ff35
0bcb
fe68
04ce
fc42
ec73
055c
0488
f61f
fec6
0749
163a
ffd5
ffe8
fb79
05c1
0244
018f
0110
08e1
0285
f845
0f76
09cf
0652
0515
fb2d
fa8d
02c0
0064
097f
0a68
f416
04f0
0426
ff5b
151b
051e
1461
fee3
f715
fde1
f23b
0cd7
0406
fc6a
fb82
0905
f729
eceb
fca0
ff39
fdd9
0024
00f9
013d
0a71
ff73
f852
00b1
0bde
02d3
fc59
fa7d
0244
00bf
f631
fe87
0998
042c
ec76
0a91
f662
00e8
fde2
fabb
076e
0383
fa6a
006e
f809
040a
0178
041e
0478
fecc
0735
f6ad
fd19
0c88
0856
03e9
f135
046b
fd30
1472
012c
0e48
ff7a
0276
ff0a
ff5a
003a
fe06
f995
0414
fe01
0e68
023a
f8a9
0613
ffcb
f5d0
049e
fecb
0269
0bef
01c4
faaa
102c
fef9
1148
fe06
06f1
123f
0882
07eb
071f
fb74
0cfc
fb45
fa2c
faa4
fae4
0039
02be
004d
f643
0a64
157d
f7a2
0456
f933
f71e
001f
0698
02b4
0ce8
03aa
fdb0
09d4
0d07
04cc
10ec
01d5
02a9
0370
01fe
1112
fbd1
f8a8
fe55
0349
f4c5
0fb8
0d08
041a
043c
f4b9
ffc7
ff36
0625
fe4f
0355
0417
04c3
030b
eb65
fc59
07d8
fb90
003c
f4db
f295
0ddf
0212
fc59
0178
083d
07d0
fde1
f6fb
fd9d
ff34
02ce
0bd8
0899
ffb8
f957
1339
03b0
0115
f9f7
f422
0a48
0b04
027e
03e0
fd7f
1174
0322
0206
0b20
0323
fe3a
f514
fc07
0486
f782
0473
f9ca
01bb
f8e7
0fbc
0050
0ec8
f56a
0b1c
07b5
f8ed
feae
ffb7
f9fa
f9f9
009a
06db
038f
fb0a
fd9f
02fb
f556
00af
fc26
fcb8
0952
084d
f2e9
0e6d
f956
08f2
fbf6
fff8
0cd4
fc5d
0621
08c9
fb8d
1048
f5ba
0199
f568
f249
06ff
0a05
0308
faf7
08d7
0c67
fd20
fcc9
f408
03b0
046d
0b53
01bf
0997
035f
f88b
053f
15d0
04a6
0d52
f8e5
fff6
01ae
0361
0d96
f990
0061
ff5e
0a9f
fa61
0cba
0af3
024a
f8a5
f531
ff37
f3db
1106
fadc
080b
0c54
029f
fdad
ec68
f99b
002d
01c6
0062
fcc8
fb25
0103
05b1
01cd
0447
0421
fc7b
f3a3
00ed
002d
fc4f
0197
0c8f
05cb
fd73
eba0
0ee0
01bf
fcf3
fa39
f39c
0a2c
0ed2
ff65
fcbd
fc7c
1374
04fd
0974
05d7
00ed
03ed
f239
f8aa
066b
fbc0
0312
ff8b
05a9
fadf
1363
09ad
093c
efe8
fe83
fa2f
039b
0754
fd17
f78b
fd1b
ff79
0418
febb
fd88
00af
025b
ff89
081a
f925
010c
0038
ff97
ef56
127b
017b
035c
ffbb
ff24
0b9d
fe4d
ff9d
07c0
0302
07e6
f627
fd74
01d4
fa69
06f2
fced
fac3
fb80
1139
0fa4
fc27
039d
f5b4
fb2f
0d7c
0da2
04d0
07d7
fa2e
f9d9
03f8
12ac
031c
0ce3
f078
f6d3
06b7
0195
0aab
f4df
fbb9
0330
013d
0118
13bb
0c5d
0569
f57e
f820
fca1
0136
0d1d
faf4
fe27
0972
0611
fbfc
eb30
0385
07d5
03b2
0027
f8a6
ff94
0420
fafa
01fb
0c94
042f
02f1
f72b
ff4b
00dc
f93a
f2fd
ffb1
0574
ff73
f66a
07ab
01f8
fd07
fcd5
fa7b
09eb
1211
0c82
fde3
0114
0fd3
02ff
0709
039e
0108
067d
f03f
020a
0247
ff89
0b99
ff4e
095f
0667
11d6
0b4c
0e8e
f85c
ffc9
0249
0479
06c7
fb5f
f946
00e1
052b
0f7f
f91f
02af
045e
063b
feae
10ba
f845
070b
037b
f9b4
f090
1058
f9f3
08e0
fbdb
fd98
0b8f
fe9c
0084
089d
06a9
098d
f82f
0210
ff1b
fa19
0b52
0d0b
f186
fb44
0d60
10b3
f510
039c
f911
060d
1507
0769
0342
0bfd
ff40
f04b
01f6
0438
0662
fd19
f057
f7fb
fce0
035f
03e5
fa60
fda1
0433
fcc8
fd36
ffa0
0802
fdb3
f48e
fc6f
f6f5
01ff
07c8
04d6
0311
04b3
f86f
f7a3
f410
00d5
ff00
0b59
0863
f75e
faf2
01ca
ff79
0b06
0a51
0dd2
fd3f
f932
fc85
f78b
fc9a
f5df
f735
069c
01ad
f793
091b
f6c7
f99d
fdd1
ff27
0203
1168
04ff
ff03
fdc2
08eb
05e7
05a9
08a0
fe7e
0930
eea5
f7b2
0d62
fd75
08ec
037f
0fad
065e
1de9
09ad
0e83
fa54
fe35
0145
00dc
06c1
fe06
f069
fa3d
033b
0fc4
fb03
fbfd
076b
0626
0029
0db0
055e
0b27
0d09
f7fe
f569
0860
f6b7
12a9
f80c
06f1
103f
022e
0005
fc8f
03b8
03de
fc17
fce3
060d
effc
00f7
0eca
f805
fd55
0c8c
0dfd
f307
00b2
fa3e
0691
1584
0bfe
0479
0a52
01de
fb74
074d
102b
0447
007c
01d0
0087
039d
0b02
0523
f80f
fbef
fdd0
fbaa
fc1e
0035
0502
0479
f7c5
f9e4
fb53
0238
06da
ffe7
fb32
0fb9
0712
02d2
eda5
fda8
ffc0
095d
0282
ec7d
f885
ff8f
0865
02f6
0760
022d
07e1
f828
fc9f
fe55
f643
04ee
066e
07bf
f7c2
f27d
0e2e
f9ee
f23b
fa9f
faf5
0d0e
0a09
fb39
fd80
03d1
11e9
0777
0d89
04c1
049c
0938
f11f
fb75
06c7
0b4b
0415
fff5
11da
fdbb
1360
0513
105c
fd41
0468
0799
0575
feb5
01e7
f2a7
fcb0
04b6
0d02
0094
fdd7
035a
0142
f811
15dd
ffac
0915
0561
f86c
f5a4
ffe1
f313
1221
f704
013c
0f90
024c
ff70
0457
02d5
05af
f9a9
feb7
015a
f406
04d7
1184
fd05
f35a
06db
0a7d
fa07
fd1c
f9d7
0b85
0af1
021b
0621
083b
0f7e
edae
03c0
1091
0b55
0483
fe7c
f8c4
022a
0fe4
0a82
fd22
f981
0a49
f7a7
f49a
03ed
00b0
0b24
f8c4
012c
fc23
fccb
0833
0600
04a8
008f
04b1
00cb
f551
fb60
fd19
07af
0636
f572
035b
fe31
0560
06f7
0599
fc29
fdc7
ff8a
ff19
fedf
0352
07a7
fcc7
0750
f883
fe6b
08da
f12e
efef
fa1a
f9e0
0ae2
0ad3
05ba
fce8
fec7
0f8f
0286
0e66
0060
042d
035e
f3ae
00a4
05f7
06d1
09db
f9e4
0edb
fbf8
14c2
0514
1416
fb8f
f56d
feb8
fecc
fe6d
0723
f027
f640
0373
034f
0261
f772
0084
0161
f494
04c0
fc05
09ba
01ef
04c5
f80f
0aa3
f3e5
191b
f715
042c
0ca5
05a0
09bc
0634
0505
fa54
fd46
fca2
00ba
ef05
00a4
1103
fd36
f672
1261
024c
f767
feca
f945
0726
0db1
06cd
0877
05ff
0a37
f1ca
0000
0d69
021f
07bd
fe4b
f60a
02a2
0bc2
0e90
fec7
fcd0
fc6a
0063
fa3e
01a4
0836
0a16
f4e0
f79a
fcbb
0271
0ec8
fdb2
0898
031e
072e
00cd
f8d5
01c0
ffab
01c5
0354
f1dc
100c
099c
fc3c
0bab
02a8
01c5
0098
0402
fbdc
0126
fece
09ae
f86f
0904
fab3
f5df
0b0e
f73e
f6f7
f922
fcc0
0890
0929
0604
0750
ffb0
17ba
040f
0844
02e6
086e
00e1
fb4a
04db
fe70
fd56
0420
fd18
0aa4
fd2e
0ecd
058e
15bd
042d
0373
0d04
f807
fe37
0789
ee01
034c
047b
0365
00b9
fbbe
fde1
041c
ef8c
0b1f
ff52
0de1
03cd
0690
f420
0997
f160
085c
fe29
057f
08ad
fc69
08a3
03e8
0225
0b87
fafa
f8db
05b0
f727
107c
0853
f531
fb59
153e
0c2b
f90f
f8cc
0970
06aa
0da6
0a83
001f
0a87
068c
e48d
ff9d
112d
ff3c
0b81
f7b9
f70d
fb67
092c
0acb
01a5
fa27
037f
fbea
f6c1
0de8
0dc6
fea5
f7ef
fac4
fa42
fade
0a81
008a
0917
0049
0400
fb6e
f696
05f4
fb0c
0463
06c9
fc5c
096e
0604
03b8
0e96
03b6
13e4
0bbf
04d6
fe0d
00ba
0005
fcb4
f877
0f3b
fdbf
fcc7
07b6
f5eb
ecda
fa34
0532
0634
00b9
0917
fc2a
fd3a
09b4
00cd
0239
0afb
05f0
00dd
fc11
0074
0583
f8ee
0403
01f2
0bfd
f9b5
123f
0587
112e
076f
0aa6
059c
0023
fcb2
071e
f577
fa52
fb9e
0955
040f
f7b0
fe76
fb87
efd4
0fa7
fd42
1297
fff9
0310
f6d5
0095
fa85
0aa8
fd7d
06b4
0593
ff90
0470
0716
016f
0602
fb5f
fc7c
0114
f6f4
030e
0797
f193
0030
0cbc
0b8c
f3a6
fca5
f87d
0275
0255
0184
09bf
08b1
0183
f21f
feec
1089
041d
0b53
f0e2
f923
f9f9
0613
081f
fb17
f756
fbb9
f6f5
f14e
0dac
0908
fe79
fbda
00de
0269
fe83
0e26
0028
0973
0804
0596
fabd
f385
04db
fe3c
0491
053a
f51d
0653
00f8
fddf
12e3
01f8
04c3
06d3
01b9
fd5e
0075
fe2e
0698
f6ea
072a
004c
fc34
0c65
f665
ef88
009f
fe15
01a1
018d
0839
fb92
fed9
0b27
00a4
fd02
0430
0183
0b98
fa4a
04d5
f77f
fa63
06ca
012a
0ab8
06f2
0f3d
ffd3
08a7
01dc
020c
ffab
012f
f997
fdc3
f92b
f83b
fc65
063b
038b
fff0
fdf2
f9ea
ec66
f7a2
ffc2
0b60
fdd4
0b48
f429
072a
f938
01e8
02b2
fe04
0418
0119
0ac1
0dad
fa07
06e5
f6e7
f872
ff7d
fa5c
fd74
03f1
ec34
f8a1
1764
07d0
f3ef
fd5c
06b3
0584
0020
06a2
067a
0046
fd18
ff59
fd8d
1112
1104
0d0e
f8dc
016b
fa05
0513
0943
f919
fccd
fbee
f2cf
f12f
0f92
084e
fac5
f621
fe11
fea4
fe6a
058c
0940
0bf5
0571
f55d
0018
f84f
0430
038e
06ed
028e
f350
fe67
fe1e
0255
0071
01d5
1700
01e8
046f
fc83
012d
0cca
081d
eee4
0879
005e
0275
fe66
f702
f118
fa96
fb4f
fcac
fde8
05e6
02fc
fa1d
0694
f9c4
fbb7
0ba6
01a2
0b74
f7b5
f0aa
fdf8
ff8c
057e
ffc4
18d8
fc87
1066
00fb
0c8c
0fee
fef7
fb13
08c7
fe85
ffee
f0a6
f557
fd73
0860
0410
001e
ff28
fe82
f124
fef6
014b
0e15
01cf
03cf
f978
f39e
02cf
01f1
f0c4
1ed9
0867
042c
0647
ff52
0ed7
ffd8
ef08
01a2
f2bc
fc46
eeb8
0a34
f905
01a3
039c
0cfa
f90a
ffea
0169
fe06
f68a
054a
f366
0635
021c
f7b5
1028
07b3
01cf
0474
1be4
0829
01d9
08f9
10cf
f09c
03ce
027d
f4c6
0130
0c61
0fbe
09e5
fd18
0379
1226
0120
ff52
eba7
eca0
07f0
0940
09fe
0a51
ff8c
0cb3
ff2e
ff18
fde8
f242
155d
139f
07d0
181c
f98b
0efe
f86f
f3b2
feee
0747
0913
00ab
0048
0284
f29f
064e
fb11
fbf6
f530
f52d
0eec
0b70
fb03
0b50
f420
08cb
fefc
00e1
0570
0456
ffce
0400
fbc1
fbfc
f3b7
fffc
f7f5
0b57
f762
0531
f97d
0da1
fa59
ff88
0ff6
1133
e579
ffad
0d30
141f
1a44
0472
0266
ffde
fe5d
001f
0934
fa93
f7be
f2f6
ff71
0025
f23c
01c7
0430
10b7
f492
1928
0507
028a
0384
fc2b
11ae
032a
f602
002e
eaaf
082a
f1d5
0a8c
fb54
0261
0271
1409
f7e2
ff69
faf3
fe7d
f7f2
0c85
f731
10d5
febe
fd78
07bd
015e
02a5
07e8
2826
056b
023f
1162
1349
f701
004f
0b4d
fb1f
fe7e
07a2
0dca
07d1
fe4c
fbd2
0c17
ff9d
03ef
ebab
f313
1141
0f85
0cd8
0016
fda8
0aa4
0190
fae3
047c
ec3c
1975
0fab
0cb2
154f
f52e
1313
fb47
f509
fc3e
0425
fc1f
fd31
0810
fac9
fdf3
0606
feaa
054a
f46c
f767
0e6d
0a91
fc64
13b4
f730
077a
fd79
037d
0992
027d
f689
fe6f
0b31
0a37
f026
fbcb
f7bc
081f
08b3
fdc0
f5f0
15f7
fe39
015b
18c2
00f1
dd6d
038a
1087
1027
1f8d
fb06
00d3
01bc
fa81
fdec
0f96
ffa8
f829
f177
fb47
fe12
f68d
067e
060d
0c0d
f7a0
16b1
093b
0598
04ed
fd34
0e56
06da
f5ee
0062
f144
055b
f18e
0599
00e2
fea6
f9ed
139b
fc51
fed9
024b
fdf9
f3e3
1005
fa63
0928
071c
f369
0c3a
04ee
00e3
03c5
1dea
0361
ffbc
0fc7
1445
f748
01c8
0fbb
fdaf
fb2e
03f3
0c33
0f7e
fb53
f4b7
1059
00b5
0a51
ee89
f40e
016a
0c60
0dee
0041
0057
0107
fede
fd03
00dd
ee39
1222
1177
0d6d
1150
fd47
177d
0178
f742
f879
012e
fa7e
f4dd
0b70
fd90
fa72
0569
feb8
036b
f9ea
fc5b
0ad8
01e4
fb2c
136b
f3b2
fd46
00d4
fc7c
0da4
04d1
fec0
fde4
0293
073b
efac
ff24
fc9d
0dbe
01e0
08ea
fb8d
151a
f327
021c
1224
038d
d9d8
021d
0d13
080d
1ade
ff25
02c7
fbd8
fefe
fe28
0b9b
fc02
f8d3
f6c2
01de
0cff
fb18
0306
fef9
0c34
f823
19e2
060f
03cd
0736
fd82
0db6
0715
f8aa
04c9
f704
05bc
ecd5
feb7
0228
0582
00b0
18d9
fcf7
01dc
fa60
02ee
f588
0c68
ff2c
0ba9
07fd
ee92
0c39
03ef
ffda
ff8f
1bb5
0251
0754
15de
14f2
f69a
0301
06c1
ff82
f89d
f963
0bde
066f
01ed
0169
0e81
0244
0503
e882
f387
049b
0bae
09f3
fc5b
ff68
0c19
fd8a
fdb2
fd77
e527
1571
0936
0676
0b1e
f4dc
1014
02cc
f48c
f219
01b8
f8ee
019c
0dad
f692
f6c6
06b1
f85d
062d
f736
f8d4
0d17
00b9
fcd7
185d
f59c
0731
0424
f8e7
07b3
0085
0183
fc35
096f
07f5
f5f5
fdb1
f729
0443
00d0
058e
ff3b
11db
eec6
07f0
1621
142a
e3ec
00f0
0b1f
0895
1a1d
fe3f
ff82
fc18
0019
00bf
02d9
0612
f943
f5ed
fee4
04a8
f502
00e5
fca2
09e4
f137
274d
08e1
00ee
0c96
000e
0ed9
f043
fc86
02c1
f8e4
04ff
f5aa
ffa5
fb26
0516
fea5
1d61
fa09
fd57
f6ed
fd52
fc68
027a
fe43
0416
ff7b
ffbc
0ace
06b3
06e5
fe84
1f2c
019e
0242
0cf9
102d
ee9e
03a2
0c32
fb9f
0b01
fc68
114b
0164
035d
05d4
0cd6
fe06
0227
e449
f323
07ee
feea
109a
f92e
fd23
0e2e
fd02
ff51
febf
e559
1f52
06ac
06cd
1a7d
f2dc
13dc
fcd9
f868
efcb
f502
f732
06eb
f458
f0dd
fa39
0b60
070d
0d36
f339
f71c
0d00
1965
fd69
1a5b
fa90
16c4
04db
00f5
f6a3
0457
f795
fe69
f7d8
0246
e949
fc1b
fe46
0c14
0696
fe02
f268
12b7
f6b0
0e68
1131
069c
e50b
0c50
13a7
0b67
172e
0026
fec0
002a
f9c3
03c8
0327
fca7
fedd
e83f
f9c7
0098
f214
fff3
fc5d
02bf
ec09
265f
0d21
0560
0a49
06fb
0ed2
f502
fbf1
0539
faad
032d
f4f5
fc2a
00d4
fb3c
fc04
14a0
0294
f79c
f5a2
fce3
ff42
f9e5
fc98
0f6f
fd66
f554
0470
fcc4
0998
fc5d
1d25
067f
075f
121a
14f7
f0e9
00ac
0ea8
fb4f
0b2c
006e
0920
07a9
01d4
048d
112e
0730
05d9
e79f
ec2f
036f
02c3
0b1b
fa0e
00d7
0bfe
fb0b
fd52
0471
e6ae
1b6f
0f88
0494
1488
fdf9
1815
012f
f23b
f83e
f507
f1d5
0b63
fd85
f3cf
f7ab
08af
fbc4
05c3
f03f
f647
11a9
1864
04a2
18e9
fbb0
0b87
05eb
f9e1
f466
073a
f8cc
0013
ffc2
0797
f076
fe21
f00b
0a2b
f83d
0471
f51b
1757
fad5
03db
0f3c
1578
e38e
026b
136f
05c0
1c4b
f8b9
ffbb
fe73
faa6
01c9
fd61
f920
f749
f52f
fb3f
021d
f1bf
039d
fb2a
08bd
fa2f
24cb
0d98
03fb
0837
076f
0e5f
f93f
f892
ffae
fa81
fbcc
fe39
fdc1
00c6
f44b
fbc7
17ca
019a
f9ea
0120
f9fc
fe4f
0a3d
f854
0f28
013b
ec83
0d5e
fb9d
021e
fcdf
1d8a
05f2
03e9
0f59
1106
f072
0751
0ce3
fce8
0216
04fc
040a
04f1
0693
fc9b
1325
fdc3
0932
f5fd
f1b6
fe48
0699
0a71
002e
fa53
0c12
079b
fc86
fdbf
e7e7
19ff
0795
0702
14f1
03be
1a25
05d2
fc2c
f003
f2ac
fa05
021b
fc71
f537
f715
0440
f9c0
001f
f509
f8d9
0bd6
1a2a
fdab
1ab6
f85e
0e7e
0899
0251
f705
05b7
f5c8
f608
fb0f
07e1
f02e
0376
f33b
0af9
ff75
0c02
f55d
0c18
f4f3
0d49
1808
1125
e771
0032
0f75
ff8e
12e8
f207
fcbd
ffc5
012c
0278
0046
ff83
f97f
f3a5
05c6
0849
eed3
077c
fb5e
f880
fd7b
1cb7
05f4
02fc
062f
04ae
0b02
0151
f5d8
0930
f697
f757
0016
f583
0181
fa25
f52f
10e5
03d0
0087
01a4
fb01
f95e
0391
f67f
0e9c
05a0
ea81
123f
0781
fac6
f431
1424
01ea
fb6d
04b9
10d1
fa71
07c6
0cba
fa6a
ff21
10da
08b8
1211
fccd
0445
0655
fb85
053e
f347
fbeb
fc6b
018e
058f
ff15
ff92
0a75
0284
00af
ff39
ea13
171b
0810
0190
0e4c
fd93
0ee4
0482
0138
eb1d
fe98
f935
fbae
035e
f5bb
fcfe
03bf
f608
fc78
f8fb
fc48
0302
08a8
0447
1904
f714
077f
07f0
0201
fc11
fd79
fdb4
f3e8
fb3d
0cea
fb20
0451
f32f
0c39
fe3c
0801
fb57
06e0
f203
0430
11e3
10f9
ec2b
faf8
0768
03c8
0c2d
f844
f916
05e7
06fe
06f3
fcf0
00fa
ff10
f419
0983
0215
f134
0747
f594
fad2
fb06
186d
0906
04dd
0598
046b
0de6
ff89
f8b3
00ec
f9e2
fcc8
f0ac
00c5
f5a4
fb1e
f795
0fee
fe81
02c3
0217
f537
fa24
f25b
f572
185a
f8a7
f144
0606
057c
04af
00be
1baa
04f3
03db
0ff2
148e
f38c
05e0
09d6
06c9
024d
0d1f
0d16
1518
039c
fe4e
0b2e
fb55
059e
e48c
f73d
0302
01ba
0dde
efab
01f1
0ccd
0823
fffb
fba2
eaa4
169a
0543
0364
12ab
fa7f
13e2
0102
fbd1
f8dc
02e4
ee7d
06f4
f802
f801
03b5
ffd6
f7d4
0803
fab9
fb4c
0cb7
0c00
0971
2158
fac5
08c4
02e0
08ae
fbcc
febb
f49a
f72f
ffc2
0583
f78b
fd32
f1e8
1171
f6d8
0156
fcc9
1165
efac
06a5
13f2
0b97
f03e
0378
054e
044a
14b3
fcb7
fd3f
0322
fdc6
06e0
fd9f
fe06
008f
f66d
0444
020d
f45e
0b2f
f4d8
fcb0
fc76
19c1
0a82
ffdc
04a0
0141
0a54
fac3
f6a2
02e6
f914
f8fc
f4d7
0839
01be
f71a
01b5
121e
fdad
0751
f4af
f73a
f780
fbba
f8b0
11d9
02c3
f5b8
08e8
0773
03a7
ffeb
1b9d
10e2
0736
0e41
120e
f08b
0585
006e
082b
09c8
04fd
05f3
1045
0848
f87e
060e
fca9
06b6
e929
f478
0882
0569
0b13
edde
feab
0799
0831
0109
00da
ed6d
1b73
02cd
0209
12b7
f91c
13d2
01e3
fd36
f19d
028f
f44a
05ca
0352
f711
fc36
01a7
fa6a
fbf7
0018
fb51
0a8e
0f44
019e
1ac5
f3af
11e4
0b59
044a
fdd3
fbcc
f72c
f6b1
f9b3
05e9
f8e4
0219
f6ad
0e89
ff32
06c6
fcd8
0c0c
f480
04fe
14b4
1bc0
e55a
0769
0851
08c1
12ee
06e9
f485
068f
052f
0829
fcd6
08ad
fb47
f12f
0989
01c9
f39e
0938
fa2a
fc3d
f6e1
0fde
0aa3
0825
04da
0307
097f
ff6a
f5ca
fd05
fb49
f31b
e85f
fe6f
05a1
f63d
144c
07cd
fa06
05e9
fce1
f8f0
f5f5
fe34
021e
147d
fcad
f0f4
0350
139a
00b9
08e0
1340
0fb4
0e5d
172b
1237
f803
0702
091f
0bd5
fc44
0521
1096
0bbd
0856
f83e
121d
00a4
035e
ecd5
f3f7
076a
0d8b
08e1
ef7e
0179
0210
0053
011e
f277
e75c
19dd
0198
02cc
0c23
fe0c
1405
0423
fa61
f69b
033a
0460
0abc
0101
fbf3
ff77
0438
f6fc
fc25
fa59
f867
09a9
0fc6
054e
185c
f698
0e31
085e
ff1d
0ac0
ff9e
f2ce
f805
f6ff
0774
f803
0232
fb0b
0842
0010
0b52
fcba
0b03
ec67
fc39
12a8
1ec4
e370
069c
07fa
0428
12c6
06c2
fc57
059f
050c
05f2
fa48
0958
f7d7
f427
0987
025b
f84a
053e
f7fe
05e9
f6a8
0d20
0757
055a
03f9
0f00
0cb5
0015
f46f
02b2
f3b1
f309
f5da
feb6
fb3c
f0b5
0f0f
0711
fc33
02f1
01ff
f930
fd76
fe22
0255
13b6
f34f
ee32
0317
102d
fd68
0254
1742
0a64
0646
0cd4
1159
f493
0c6a
0bc4
09e5
0495
fcf0
13d3
0566
050f
fe41
05b6
015b
0929
f1df
feb7
07b4
fd8a
0793
f0c5
fb47
036a
00ef
0008
faba
e320
1547
0396
0944
0c9f
ff66
11c0
fa8f
ff8a
f39d
021b
0147
081d
fe52
f8b3
f1bc
04d0
f639
023c
fa81
fb7c
0dce
1a48
0304
15d9
fafc
067e
080c
055d
029f
01a2
ea9e
f974
f54c
090f
f922
febd
fd63
0782
02dc
0d24
0245
0e9e
f227
029f
11b3
1b29
e985
093a
0cc8
0715
0afd
02ec
f848
048a
087d
07d6
0188
09c8
fe63
f1b2
0759
f947
ef48
0660
0aed
fd0e
f8dc
179e
09ca
004c
00f7
07a7
10ee
f252
f21d
0364
fba2
f50b
f0c0
0535
0982
f4e6
0846
0939
fa90
0206
f181
f986
024e
05da
03a3
0c07
f394
f585
0773
0de7
f775
05eb
1267
0438
0bf2
0cea
1541
eb7c
0578
073e
06ea
0531
01ea
0acb
1261
048c
fba5
1106
02eb
0eeb
ec17
f0a3
07d8
0972
05e3
f043
fedd
0986
ff44
02cb
f537
ed9c
1988
0c5b
fc5c
13ba
f39e
1a1d
0072
fe2f
00b3
f623
02d0
0b0b
f004
fcf2
f413
06ca
f8fc
0155
fb3f
fcc2
0fd9
0e7b
06e3
1461
fde6
0db0
0d0e
0c32
fc31
fe38
fb5c
f7fc
f878
f8e0
fca0
0480
fe44
05b1
0e66
0f51
0145
1267
efe7
03d1
1284
1031
e852
0c53
164d
09d1
14b1
072f
f74c
07a7
06eb
0504
fc90
06cb
f58d
fedb
08e1
0599
ec8c
099a
01ac
079c
f7bd
1207
079c
0685
055b
06b9
11c0
f428
f0e3
09d2
f98f
f23a
f4b2
06ac
f6c6
f1ab
f6ea
0c23
f358
07f8
0048
faf3
0674
f696
0581
09fc
fd51
f9ad
006e
08ab
fc1f
ffa5
11b8
0cb2
0544
164d
0f2f
ecdd
05c4
00b4
062c
ffdd
f23f
0799
0934
0094
fcfc
092c
06f1
0ca1
ecab
f066
0e41
ffbb
0632
ead7
fda0
0779
0b87
0791
f4cc
e9df
1923
0cc0
0526
19e2
f6e9
13e4
ff43
f9cc
f794
f536
fc9f
0776
f8f1
fad2
f2da
05d4
f4d7
fec5
fee2
fe29
0c8c
0e6e
00e6
1ac4
fcf9
0f4f
08a1
0bb5
0226
fc53
f5d2
f446
f060
fce4
f7fd
0748
0157
0e33
11cc
0ec3
00e7
0f6c
f25e
060d
18b8
0c4a
e565
0d2a
051d
06df
14aa
06f1
f2a1
0365
0448
06d7
0333
0815
033e
fd8a
0de8
06f6
e75b
f8c4
f708
06b1
fb86
1c78
07f5
0435
0664
fe06
1172
f128
f482
0496
fc2d
f3a3
f198
0ad0
ff94
f69f
f489
0dac
f2a5
05a4
f139
fd2e
0969
f50b
0385
0c7f
0239
f8d6
0635
0123
f50b
fc16
1fe6
10e0
04a4
1530
0cda
ed17
0574
059c
04e5
fd88
fe88
0911
0bb6
0155
fb8f
0cd4
04cd
060a
eba5
f521
0e06
0853
0e6a
f6b9
fe6b
050c
0e2a
0473
f6a0
e8d9
1854
0c26
fcc2
1b04
e6ae
1b2c
014d
fe1d
f377
f5d0
064e
1075
f3ce
f154
ed2a
0930
fd71
004d
fd29
fe60
0f1f
13d3
fcd8
1c99
fd13
186c
0baa
0b08
ff7a
fcad
f08a
f867
f14e
fbdc
fee4
0100
fcf9
111f
097a
01b7
fd57
1163
f380
077e
1ad0
072b
e5e7
1017
0d9b
08dc
1665
ffce
f9c9
0a04
ff25
03de
fd74
103e
fa8a
f891
03c3
0176
eee3
0158
fa06
03c1
f52d
1f05
0764
0b52
0202
05fd
1067
ed77
f42c
056a
fa68
fbe1
f443
09b2
fd3b
f87f
fbf8
097c
f995
03b7
fa99
fcbf
0441
f9c3
055a
097b
0aac
fa8b
0519
06ef
fd50
fe15
2128
0e3c
06ea
1453
0d5f
ec5f
027c
05a1
01a6
f964
0349
0678
0ebd
0515
0165
0b66
09cb
0781
e625
fdc3
0e40
07dd
0f2d
fa4c
fc94
01a4
0cfc
045d
f55e
f91b
17b8
0779
fa25
1a16
e7b9
1139
017c
01d2
f6b4
ffc6
0a70
0745
fc03
f1c9
fadc
0111
f41c
038a
fca8
fa6f
0b17
0c7d
ff5d
1680
fa3e
15f5
0e74
10f6
fec8
0184
00b8
fb4d
f957
f767
009d
0614
fdb7
1886
0196
090a
f82a
0b81
f331
013c
13e1
1965
ea7c
0c8a
0b19
0548
1923
fe78
fa27
03f3
01e7
0685
0074
09d2
fd9f
fbde
00c5
08db
ed32
fecb
f873
0573
fbcd
1ce3
0005
04ab
030b
0327
1165
ed10
ef77
038e
fbbd
f12f
f33d
0c01
019d
fc71
0b8f
060b
f956
0390
fe65
0288
088b
00ce
05af
0e83
02b5
eb98
08e7
1164
f87b
02b8
1899
0e56
079f
16d0
0dee
f49c
080f
0dcd
041a
fe5b
0190
0d90
1193
01b7
f749
12dc
0474
08c9
f207
f460
058e
119c
067c
f550
0278
0165
04a5
04c6
f4c9
fb8f
16c8
0846
fdb6
1299
efe5
1380
052c
fec8
f607
fe3d
0762
0847
ec6e
f6f6
ee49
fdea
f54d
fbd6
fa78
011f
0d5c
142c
fef1
16fa
fb71
135d
0c3d
0b86
0536
ffee
01f5
023c
f685
f857
fd30
ff43
02fe
0cc5
0c2c
0406
f88c
0f12
f5aa
0232
2441
fbb0
e99f
123a
0739
10ab
12f9
fcfa
f766
0806
0748
09cd
f962
0f1e
fb2d
0f17
0586
07b8
ef90
0055
f44e
0689
fb87
1b83
0183
018f
05e4
0219
0c40
f8e5
f5ef
fec3
f76f
f0cd
f48c
0a89
fa58
fcfa
12bb
16bc
f8fa
0034
0f9b
0284
003e
0374
f7e0
0ff1
0d1f
ed94
094c
0fb0
f8a1
0350
104f
07d5
0388
18e1
09e5
f48a
0af9
04bd
03c8
fc39
fccf
1355
001e
032c
f61a
1363
fe3b
04b1
fb07
01b0
036c
0b11
07eb
f552
04ce
f95e
0518
061b
f938
f973
199b
0a75
06c5
0eaa
00cc
175f
06ba
fe16
fc70
f9dc
023b
02c5
f883
fa9f
f883
fb9f
f4d8
f383
fb09
094e
0bbc
126d
fc79
12d8
fbde
04b1
066a
04d0
0c28
fe2a
fa64
02f5
ecb5
fb20
fb30
012c
05a2
0853
012e
01cc
f8ca
08cf
f6e3
0b78
15a7
fc7e
e407
0a1f
0a40
0895
08f7
fd25
f975
06d1
0664
04cc
fb84
061f
fb56
0751
044a
0d08
f5b5
fe41
faa4
04d1
f5d2
1eb1
01bc
0617
0ae8
052b
0ba7
efed
f59d
03c0
faae
f032
ec27
0bef
fbab
f5bb
09a6
13ae
f85c
fef2
00e8
0129
00b2
f8b5
00f2
10e2
0a0f
f085
0698
0fed
f9f3
06d8
0eff
0c07
ffdc
161d
11ce
f14e
05d0
0653
fe59
f853
00cb
0f85
07f1
061e
f956
192d
074e
083c
f254
008c
0624
09b6
0a2b
f794
00f9
0065
0751
026d
f58d
fa31
193a
0bf8
04b7
1511
fd51
1523
ff68
fd46
fb37
fb28
032d
0c3e
f154
f4db
f858
0486
f1a5
f8b5
fcda
ffcf
125a
0beb
f976
1332
fdfd
0682
0cc5
05e6
0393
fe54
02e4
0409
f7b5
f73c
f33a
fe74
0789
014d
0cb2
0687
f4b0
0f40
f14a
0483
0b62
015d
e476
0b15
0cb8
08ff
102c
f74b
fae6
0604
02f6
0106
fc8f
08dc
fd66
0206
fa5b
03af
f5cb
00f0
fd4e
050c
f716
1eae
031e
0a8a
08b6
07a0
0b06
edd6
fcd1
000c
fa2e
f3ae
e833
1533
f926
f56d
095b
04d4
fc8c
0857
f919
f7d9
fe62
fa7c
ff52
1586
001e
0513
009e
09ee
fb97
065d
185a
1383
04c7
15b0
0f21
e8ae
08c8
0186
ffb0
f23e
fce1
0fa5
0a4e
0367
f4e9
1551
0b45
08c1
eaa1
faea
08bb
086e
0f25
ebc4
fffe
02d9
068a
fcf5
f266
e5d4
1a45
0a8d
f95b
102d
faf1
1181
00a8
fef1
fa45
026b
073e
0d84
f8f4
f7c0
fc8b
fefb
f34d
0467
f85d
fc2c
0afc
1572
fa36
1ef1
f998
0a4d
0204
0429
0505
fd1d
ffe2
00a3
f49e
f1c8
f0e6
ff3b
0441
04b6
0127
fb38
f3ed
0f80
f8ed
0704
1732
0a60
d60f
111d
089f
0358
0f50
f98c
fc85
0c07
fe8d
ffaa
f853
feee
faea
0369
fcac
0881
f7e1
faa5
03c5
09a5
fb15
1906
1142
0675
12bc
fca4
05fd
0f5d
f9f2
0094
f58e
fe79
f9c8
0a01
f45d
ff98
03b7
14ae
f7db
feca
0e3d
0295
f3d3
0a12
f541
ff09
f71a
fcf2
07f9
125b
fea7
fbe6
1893
fb88
02e3
fb2e
0a71
fba6
03e5
009b
ed0c
0618
0ac4
117e
0a3f
f9f9
07ba
0a8c
f7f8
fe7e
fa8d
07cd
f95d
fdf8
0710
0b61
02d1
0506
fe6b
f5ea
01e1
f63f
00da
0c61
14ee
0b27
fb0f
09da
fd19
f476
0049
09e0
feab
f5d8
1480
0546
fc48
053b
ff8a
fa09
f7f5
fc0e
08b6
0dbd
03e7
044f
f571
0998
fb15
f716
10a5
0bbe
03ce
ffe3
f78a
016f
f913
fd0f
f6c3
1753
f4fe
122e
0a79
0e9d
f5a6
f3dc
0872
0f19
f56b
ebe5
00d7
0b20
18b0
01e1
0195
fd52
f5a7
fe12
0126
f7e6
f3ea
fd50
05a5
ff92
ed9a
0073
0bb5
1515
fc26
16c6
141a
0bea
0eb4
f230
0732
0948
fb68
04f2
f803
faaf
f2fd
055b
f6b1
02f0
ff0d
190f
fc7d
fb62
01fb
00f8
f2c1
06a4
faca
06af
fcab
0a5c
090d
07b8
fc9a
0946
1bc3
fd64
04f2
0689
08fd
f923
fcf5
0297
f734
fce3
0174
0f92
060a
0017
f864
0d41
feda
0805
f699
00cc
0a05
0c7c
0657
07d6
f8d3
0b14
0128
f649
01b9
ebe4
07d3
1019
10c5
0e31
f931
0bed
04e7
f348
0476
f1a6
fef6
0020
0b01
038b
fdd5
0859
065d
09d2
f8fb
fcae
06ad
05ce
f69f
0c6b
f650
1311
029b
fde2
0fab
0afd
fdda
fe01
06d6
04a5
f6a9
feed
f7d7
0bda
fb25
097f
fa7f
11ab
f91b
0ecc
0958
f9af
f639
fa91
071b
08b1
1cc5
fbf8
05b4
01bf
f566
fb78
055a
fa47
f8fa
f2eb
fad6
fb38
f696
ff1b
09d8
0c48
fa55
09aa
1596
079c
0b26
f78b
0601
13de
ffd5
066c
f22a
07ff
f485
0290
f374
fe17
049f
22a3
fbd4
f688
0b9f
fc97
f5b3
17d3
f227
fb22
ff49
f3ca
06b2
13b5
03ad
01d8
119e
f62e
fcd7
01a9
0664
048f
ff35
0727
f116
fea3
083d
0bda
023d
f95c
fdde
0b26
fc23
04b6
0011
092d
f3e2
ff96
02fa
0346
fdc0
fec3
05b6
fc41
007b
eea2
fdd4
046a
10d4
03a6
09b0
09fb
0a99
f0a0
0051
ff53
fa27
ed7b
198e
050a
04fb
0624
fd2e
038a
fb15
fdfb
017a
fae8
feed
0161
f5fa
08b3
0063
f27a
13da
0c7e
0020
f848
fc09
0dd4
fdcc
06ef
ef43
192f
fa96
12ba
0957
0c70
fdc2
fe1e
0ad6
0d5a
fa97
f276
f882
01fa
12fe
0411
0526
f714
fda6
ff3f
0d8b
f9af
0271
0646
0d90
02ee
f205
f48b
0519
0a7e
f75b
1109
13a1
04a4
0974
f0e1
049b
0636
0797
040b
0063
02ca
e9d0
0490
ff01
03ee
0a58
1d53
fe1c
fa25
0514
ffb9
f1ac
0e29
fd36
050f
03e6
0141
0775
11a9
fecb
0211
1155
feee
0283
0735
07df
009d
003c
01a5
fb58
fdd6
fb68
0ede
fbbe
fd12
fc82
104d
fd62
0949
ff74
00b8
fbc9
0a43
0004
fdc7
00a7
079f
0326
fa7e
008f
e7e1
006b
037e
0cdd
ff5a
f88a
0872
082d
ee7b
fbb1
fe29
00f0
fd2c
14aa
fdfd
f4d8
09f1
0a3d
05a9
fa96
fd7c
0988
ffdd
ff12
0a4e
f477
0ed4
016a
facd
10f4
08f8
fffc
f562
04a6
0b2c
0748
06b8
ee7c
11c6
ff3a
09c5
071a
1381
f10f
09c7
0d73
0f0e
f57a
f77e
fb3b
070a
17a7
00d0
0130
f657
f7cd
fe75
0225
0087
feb5
f976
065d
04cb
f5c5
ef41
074b
0d6f
f6b7
0ef7
124d
0232
112f
ffaa
02fb
1368
058d
027c
fdc3
fcab
f681
02f5
f715
037d
f4c0
2335
033a
f17f
0436
ff29
fb4d
0bac
fec9
f9d8
f950
f502
09b3
0d83
0391
fc6d
0b67
ff2c
fe1a
ff66
0675
02df
0118
07b2
f50e
05c3
0b3f
0d52
022a
02b9
022a
0c2c
f879
02fa
f828
03c8
f709
048c
024e
f946
fd82
028f
06a4
f6dd
012d
eeab
073a
0ca1
06e5
0ac8
fc49
083c
fb17
f808
fb23
f6a2
ffa8
f75e
0dc2
fb66
f6ed
0ea3
0056
0253
fc25
fb3d
094d
096f
006f
0890
f879
16aa
037a
f94d
0a1a
0c1c
014e
f900
fc7a
0d34
f590
001e
fb41
126e
fc8d
0d7b
09e4
127e
f38d
03fd
00c5
0d86
043d
f7a0
ffc9
02c0
152d
f9f5
07aa
f3bb
f3e4
023d
fd7b
fd04
fcfb
f4c6
05bd
ff5d
f092
f7e2
fd95
0d57
f981
0def
0f11
0703
154d
0900
0883
00f0
0005
0c1f
0142
0739
05da
ff96
f0fe
f8ad
042e
20e9
0049
f279
ff44
0158
fe98
fff8
f321
020c
f751
f3c6
0088
07a9
05e8
f9d2
0d1d
fc77
ff1e
03b9
0ab0
03f4
02ce
0afc
f444
1300
0380
0a40
fce5
0421
0645
0967
ffae
fe88
fe31
fc48
f96c
f88d
ff03
f97a
09fb
0acb
0992
fa48
0800
e691
08de
102c
09da
0adc
01f7
09c0
03d2
f4af
f313
fa02
f812
0657
07d3
03fa
0459
0d88
07c5
081a
f86d
f796
07d3
1b49
0f0b
0ebd
fc06
1804
05b3
f0c0
f96d
0909
f376
f8fb
fdaf
123c
f21f
086d
f1fd
1514
fc67
09e3
01b3
19c3
03a7
f763
fc69
0d0e
fff7
f7d3
f8c3
027c
138f
fdd0
02b9
0009
f6d5
0344
fc15
fc6c
fd9d
fb17
fc45
001f
ecf9
f909
f99c
03f4
f9d2
1275
132b
04e9
074d
022b
0976
0416
fe06
011a
f352
0437
05bd
0098
fa1a
e938
0683
2647
03dd
f869
03ec
0497
fece
09c4
f638
0379
03c6
f30b
fbe5
0b79
04ea
f89c
0da1
fa96
002f
02c5
0929
0b63
0640
101f
f702
0853
07cd
05dc
fc44
fe67
fecc
01e3
fbc7
0505
0529
0539
fa8c
fda2
001d
f852
005c
0364
0c5f
0037
0409
f05d
052f
0610
0f5e
096b
0c0b
0cc7
0626
faf5
ee27
022b
f267
ff0c
13ff
01db
032e
0bde
fb3b
fc89
f64c
fc65
02b0
120d
0af7
09c3
f96d
159f
ff9e
f4dd
0214
0baa
f891
f31b
f4df
1c63
f82e
0ebf
f15b
18ab
025c
13d0
006c
08d5
04ab
f715
fcc9
17a3
0657
f465
f956
faed
0e38
01e8
0304
fdce
fdba
0751
00eb
06d1
fe41
ff50
0935
0029
efeb
f9b2
f8a2
0267
fde0
15a9
0b67
07ea
0985
fcc9
047a
fa96
fd3c
09ed
f74d
02b4
0130
ffed
fa2b
f667
ffd8
2100
0470
ffab
0479
03d3
f588
fb28
eecb
0022
01c1
ebd5
f83f
1f93
fa71
ee46
196c
f313
fe93
019d
0bba
0381
07d9
11d6
f7cc
0664
0f09
0f50
029d
fc39
0316
076f
007d
0580
fcc0
01e5
f6eb
03f6
fed4
f331
fd6a
0911
0458
ff9e
ffcf
ef1d
0af7
03d5
07db
0c5f
007a
09f6
079b
fdea
f18f
06af
f8e3
fb98
058b
fa09
06f1
05ff
faf9
01ef
fbe3
0368
feea
19e0
10fc
10bb
fa29
080d
ffd6
02a1
0a35
06b3
fb69
f44b
f635
1ae8
efef
0c64
eab4
21c1
ff26
1947
016d
12fc
f7c2
054b
fe55
106e
0b4e
f780
f89d
02ad
08cb
0210
0067
058e
fc5e
074f
facd
082d
fec6
f26b
02de
0212
edb6
048a
f905
0a92
ff9f
0d3c
0d32
07d0
0907
f836
03bd
f748
fa3a
0727
ff61
0164
f7a7
05e2
f359
fb8e
fb6b
1778
fa7c
fe6a
00de
f8bf
fcee
ef68
ef0a
02ab
02f4
ec7e
0999
0f24
0082
05e1
0927
f8af
02ab
0e12
117c
ffd4
08c9
100f
fc05
000a
0e16
0f3e
0d1f
01af
fc4b
0bea
fd1a
0488
f696
ff6d
f643
0b12
0157
f1ba
06a4
1145
016b
fc59
fb45
efbd
0b3e
017e
07f8
088c
0070
0add
075d
fc0e
f532
f96c
fad1
00c3
fb23
fdd6
073a
04be
fe2b
041f
f980
01cf
09f7
14c9
153d
1182
fbfc
0688
fe67
0579
fce9
00a1
f845
f335
f848
1686
f6e1
0432
ecec
1d2b
0bed
0f65
0610
1044
f3a5
077c
0929
ff0d
013c
fca5
fd39
066e
0dbc
00be
febb
045b
fd34
0776
f976
077e
fe9f
fe9b
048e
0e5e
f0fd
0cfb
fad5
0bf8
0194
0d20
0c5d
03b8
0699
f82d
059f
00ee
fe34
0668
ff16
fadf
fe0a
0600
f984
f520
0447
1bf6
f5a2
0184
f6c1
fae5
f81f
fa1d
f911
00f3
0352
f88b
081e
16ed
0139
053e
125a
06f3
0447
0d07
1015
f664
04df
fecf
fc42
0293
fc9d
0eed
0d89
0078
fe16
0518
fdee
ff6e
f72a
f866
018f
000b
02ac
ebab
fa7b
07f2
04d0
041f
ff7b
f7dc
0d2f
fbbf
0390
0859
0050
0c77
0955
fc51
edf8
fee4
fe48
07d4
057c
f844
041d
06b6
043b
fc02
fd48
fd2a
0510
146d
0a5e
18f0
f678
1370
08cb
030b
093b
01ca
ffd8
f847
fcc6
0b80
fa8c
015b
f4ca
1741
0de7
0d06
0662
09fc
fcba
02eb
0777
0dd5
fae6
fc3a
fff3
04ed
0d36
0b96
feb9
ff34
0087
0826
f935
072a
0705
f4af
0fbd
0249
f26e
06c6
fb97
0361
f62f
1027
0d4e
0fdc
0c23
0341
01bf
0689
0109
fc5d
fc7a
f8e1
f77c
fe70
f89a
f9df
0f8a
156a
f72d
04bd
039c
f772
fef6
013c
01e6
0bc7
051e
e842
06c4
1735
03a5
0a8a
1315
001e
0373
0c04
1679
fad2
0426
0f4c
0242
fc12
08b5
1177
06e1
0563
fb7e
05af
ff29
0340
fc8d
ff17
046e
0208
0591
efe9
fca9
03c9
032e
fad1
f3b6
f528
0f36
0165
0564
0a5d
02d8
0e1a
0510
fba2
f236
0629
043e
02eb
0d00
f714
0621
0ec7
01a3
fa53
f9a3
fc2e
0b22
0cfb
0d18
115e
fb27
1473
0972
043a
0ad7
090a
f8d2
f5fe
f9df
151e
f5da
018c
f8b6
0cbe
08c7
111e
055a
07c0
f8b7
f9a6
071f
0d01
f645
fe4f
f60f
fee3
0d24
0786
0006
005e
0475
067a
f7b2
0e6a
fcda
005c
101d
01a4
f018
05e6
fbcf
0240
fa55
0896
0a3b
0411
0c31
0a9b
0496
09f0
f2d0
027f
f95a
f504
fe97
00f6
f5d0
f15c
0d84
17f1
fd02
fcb2
fc22
03dc
ffc2
0271
0037
01bc
fb3d
ed24
ffa6
1f8a
ffdb
05e1
152a
0094
fd37
0804
0e21
f821
0984
0b79
0230
fbc1
0dff
1133
05ea
ff80
0158
ff69
fc13
0649
f7fa
0301
077e
ef41
05dc
f34a
fdd4
03d3
0c6f
ff16
fd1e
fa7f
0923
0754
117c
0a94
fd55
039c
fc84
019d
f34c
fd9d
084c
019d
0866
f8f1
f871
0f2a
0212
f7c0
fb88
fdce
0b20
103a
05b4
0d90
fdd9
1299
0b8f
0473
0376
07a8
fa1f
f819
f085
0de6
ff0e
0380
f7a8
0ed5
045d
1a01
0a69
11e1
fcc1
f9fd
0149
0fb0
0598
f973
f52e
fd07
0824
0699
fe69
047e
084e
0635
007f
08fe
02d1
fdee
0a12
f52b
e877
0a72
09f8
069e
f6b4
185f
114a
0a25
0c13
0307
0a22
018a
fd14
fec6
0301
fa7a
faea
04f7
fe6a
f225
0de8
1176
fbff
017c
0163
fcb1
fc28
0570
040f
0684
ffd9
ebd8
014d
1a3f
ff22
0da2
0cb4
fc61
043e
12d0
12d8
f14e
01f4
07a1
02ff
01ba
0b45
0d50
0850
04c8
ffde
081e
03bc
024e
f5d7
f5cf
0757
038f
076d
f2e1
fd3a
1191
06f3
f898
e980
f65d
1246
0908
fe6e
1a4a
ff0c
0e79
061f
fac7
fd44
f39c
0590
06ad
0404
fb19
02a1
1241
0896
0366
fe61
fca7
10a2
1708
0e79
0fe0
057e
13ef
075d
0a6a
fc07
0a8b
04ab
fbc0
fcf5
fe51
f70c
00c4
faf8
0cd1
0e99
0bcd
0b61
1af4
f8e5
fcab
0f76
0887
ff48
0387
ff50
fe4d
14c9
062b
002c
089e
fa08
05c6
f8c6
0873
fd61
0625
07ee
ff54
eddc
0a0a
070a
0c1c
f4a7
0aeb
11ce
0a90
0a7b
092c
0caf
fc92
fc35
0167
fcc5
f3e7
fb1f
058b
f74f
effb
0718
158c
f61c
faf5
0cea
0388
0c73
0738
060f
fab1
ff82
f38b
ffcd
1d42
fc33
06aa
0531
0375
fc40
0e16
0d5f
fa65
03ff
013a
fd4c
ff50
f959
130d
01e1
0187
02d1
0861
030d
0349
013d
f705
0242
ff35
ffff
edcc
fe5f
0622
0b0c
0143
ee87
f9e4
0d78
0585
0985
0ce3
0741
07a2
03bb
fe94
fc75
f447
03be
f61c
0d2f
fdea
f7f9
0ab6
fba1
fbb4
fdf4
fe1e
0c32
1e3f
048b
1304
030a
1360
0a68
03a5
0e57
07dc
007a
f406
f067
0230
0180
02f8
fd43
155d
0a80
23ce
06f7
1a8a
f860
f802
1101
0d83
fe07
fb73
fcf4
0196
12b1
0a93
fcdf
064a
02df
0611
fea1
0871
099e
157b
04af
07dd
eb6e
fa58
00d5
0c1a
f7ec
198b
127e
0616
0954
fd48
0abb
0214
04e4
0262
ffba
f4e6
f231
0396
f39e
efbe
029e
1802
f705
0390
0589
ff78
0409
04a4
037b
01e6
0801
efd5
04e2
1b55
f79e
06de
15ad
09b6
fc3e
10fc
0fe9
f804
ff52
05a6
fb4e
fa1e
0882
06a9
0ab6
0366
fca7
0576
0457
068a
f864
0282
063f
04a9
09f0
f579
fa1b
0783
0b7d
01f1
ebfb
f816
0f00
0d79
0617
1165
fb7e
0d06
03ab
fbab
fc50
ee4b
0c26
0010
0b53
f876
f5b3
0dda
f97d
f644
fce6
ff52
0c8b
0893
04b4
13e8
02c1
1224
08b1
0718
034d
07ce
00c2
fa72
f49a
064a
06a2
02f2
f596
12c3
0649
0c42
06f0
1b09
ff96
0465
1698
08b1
ff2a
feb6
03f8
fc9f
13cd
07b8
0007
02ab
01b7
08cd
f442
13a5
06a5
1018
0c2a
03e0
e7f3
f922
ffc3
0922
f0c8
18e7
0e8e
10c7
099c
04dc
0aa8
01e4
ff74
030e
057a
fe64
f289
0c21
fae0
fa45
fce4
0846
fced
0471
fc90
01d1
fd2f
000c
0853
040d
0803
ec37
ff31
1ab9
ff79
01c5
1d7a
0c6f
0505
1110
1154
f621
fdb7
02f2
fa1d
f495
fdef
0913
0d53
0b8e
0074
0394
0777
0771
f2b2
fd36
0aeb
03a3
0ec3
023c
f81e
0381
0bdd
03dd
ee72
fea7
0dd2
065a
01f4
119d
f799
0d8d
0706
ff0b
008a
fb68
0d5c
fda6
fe1b
f337
01a1
09bc
fa60
fe06
fb04
faae
0bbd
0830
0852
13c0
029f
1eef
07a0
0326
f722
0f06
07c6
fc86
feec
ffc5
fd9c
fd7d
fa2e
1662
ff0e
0ce4
0048
1ded
fe0c
fb64
0ec6
0ffc
008b
09a6
ffe5
fbdd
17ec
fb2b
05a7
f9c5
f8aa
0972
f925
0748
fe25
0ae8
ff63
0898
ebb8
0646
fe25
0bee
0051
13b6
0a62
0644
0991
ffc5
03f1
f130
0182
0724
06bc
f1e3
edf6
0dfd
ff43
fe31
fd52
04ce
f8ff
fe2c
f83c
fe29
033d
ff32
0725
028c
141d
ec19
05b4
1a3a
fa96
0910
0ac3
062d
089d
1330
0d47
fcd5
00d3
03c2
008a
f8a4
070a
0bcd
0931
01da
f5c4
0a0d
0002
0c94
f565
fcdd
0aab
103f
0244
f1dd
02f0
0783
04b5
01fa
efe0
025b
0de5
0ac8
04cd
0461
f218
0b50
0881
fed6
095f
f6a2
104c
0041
f532
f5fd
f65f
0af3
fd5d
f59b
fb14
004a
0a4f
1714
040d
1387
05f5
1f48
07b6
0ab3
fc42
0bd2
10e5
017d
fe5b
ff97
fda4
0090
fd8a
0c35
0a53
ff2b
0369
1392
fba2
0490
1efb
ef61
fadd
0b09
fc9b
0933
0ffe
fc5a
f9e7
0acc
00ab
093e
efb4
08a7
fb37
1424
fc81
02e0
ea30
042c
fe25
0e55
fd47
182a
091e
0a0a
1164
fc67
05eb
009e
fc23
02f0
06b1
f1c6
f87d
042c
f914
f6d1
0ed4
10c1
fad4
f9ef
0fb4
078e
feb0
0b1a
fbb8
016a
0c6b
e3bb
0877
1e30
feb4
0540
0090
0334
055c
1564
0f99
0097
0185
0a33
f75a
fbc5
0cf0
12b4
04ec
0395
fa0a
056b
fb5c
0a00
fcce
0322
01e8
0368
0181
f648
05a7
fcda
0937
fb80
f2a0
1359
09bb
0804
0b29
0bc3
061a
0f65
0b8e
fb8f
fef8
f8dc
03a7
f8dd
046c
fa31
fca9
0521
f4bc
e7ba
ff3c
04d9
08f6
0def
0921
0ee7
0310
1121
ffba
fcd5
0f9e
101a
ffbb
008a
f727
fe24
fbb0
014a
0024
0e92
f529
144f
0666
10ea
000d
07c7
18e0
fb0b
fada
ff58
03dd
fe93
0c3d
fe27
fe1e
0766
fb14
03d9
ef5a
10bf
fab7
132c
ffe7
07e9
ee48
f870
0131
0b3a
f8b2
1808
05b1
079d
0ca8
031e
07c8
f43e
0651
0612
01a0
f4a7
f1e7
0617
ef10
00e5
128f
104c
f732
fbd3
007d
fd1b
ff74
0af5
ffec
041d
ff44
efe3
f898
2524
fe6b
03f9
0937
033f
04fc
0b80
0a0b
0264
0188
fc61
f593
fc6f
f540
1686
0141
fe6b
ff78
0894
fd32
025f
fb0d
0418
0953
0477
ff9d
ec8d
ff59
02f9
065c
fda8
f295
0ffa
0dca
0326
0d9a
10ad
0058
0aa3
07e2
f9dd
fb19
fc95
0860
f617
facd
fb3b
0006
093d
fbb6
f855
fee6
ff29
07a1
0f9f
0a84
0fa2
ffbf
13c3
03be
fc21
0345
0a7c
09d4
fdad
fe47
fbf6
f65b
fab4
0206
05ee
08eb
1079
fd3a
1789
0083
09b6
090f
ff14
ff18
02e4
fc48
fabc
07a7
fef7
fee5
0726
faa0
01a4
f842
0ff6
014f
1733
fc02
033d
ee11
f8e7
0583
1013
fa44
11d8
06ae
0672
0f0d
08bb
00ee
ffea
02c9
fb2c
fa37
f383
e833
0456
f079
fa95
21a6
1442
f6ae
fce8
0bc0
02fd
ff92
14b3
fd9e
fd29
f933
ee6b
fd67
3893
ff11
08b9
0b48
09af
060f
090b
0aa6
0669
0435
fe77
f268
f657
fb70
1025
f90b
fc9d
0231
03dc
fc20
008c
fc60
0525
047b
feea
0104
f91d
0182
ff34
079c
fd6c
f616
0121
07a4
0546
0b3c
083e
0a7d
07db
04c7
f924
fc49
042f
0c9a
f94f
0e7f
fbf0
06ef
ff58
f543
fa04
fe1d
fdae
0273
0acd
0b66
12c8
fd0f
0a67
fdb7
fe12
1711
05db
0f4c
0002
f3de
00bf
017a
fc5a
f9d2
12e3
fa3f
16de
02aa
1894
040f
f4fc
0f72
1680
f823
03af
fb86
006d
0b70
049a
fec3
05d3
fe05
0104
fa26
0b7d
fee2
19d4
0065
0196
eebf
ec5a
fbeb
061e
0502
0714
0dab
023f
0577
08f3
ff07
1427
f56b
020a
f0fd
02dc
033f
06ba
ec55
026a
026d
103a
f415
f53f
f5b6
002d
fb59
0ca3
f4ca
fbb4
ff84
f2f6
0c6f
111b
08b0
feb8
0f78
f174
f48e
ed45
08c4
0dc7
fd6e
12db
efc4
0ca3
0b99
11db
0153
f5c2
1363
074b
f0b0
f8a3
0747
091c
f335
0316
f560
1485
07b6
ff00
fc94
0335
06d6
fbda
f134
10b3
13cd
fb83
f550
021e
f57a
f6e8
0f29
01d8
0f9a
f0f7
174a
0d1f
0209
0aa7
f108
f376
f6b4
fbb8
03d5
f56f
0009
f3c7
f71a
05e7
f368
0054
1daa
0598
0daf
fe02
f3f0
03d8
ffa4
04d5
006f
187e
f1c5
174d
0910
0b65
f8cf
f77c
0111
18ba
00cb
e800
f709
066b
082f
0314
02b2
fc59
fbcc
f7ed
0714
fad8
f97f
077c
1463
fb5a
f1b2
fc4d
ffa5
1225
0461
0643
102a
0692
0358
f870
014e
0b83
f5da
0381
f8e1
07ae
03a0
0833
f4dd
03b1
ff93
12f2
f865
f5a0
ecb0
fd3c
ef8c
081f
f6ff
0737
06b4
0717
0e47
044a
fe58
08d2
1437
ee90
fb7b
004c
07dc
fe51
f956
0cc7
f601
0009
0995
0ebb
026c
ff58
ffef
0893
f959
0592
fb7b
073a
004f
0c31
fd95
0bee
fedd
0398
fea6
fe2f
0756
f509
fc8b
082b
0862
03fd
f54a
03de
fb0e
f623
07d2
f4e3
1356
fab9
013e
0add
0308
05c1
f90c
0506
fda2
f8e1
03ce
02ac
fd27
ffab
fa34
0c7d
fb2e
fde7
1829
0cf1
0895
fa3e
00a4
01c0
f3d1
01ac
fd6d
10ac
f90c
0cc2
fe09
0f49
f87b
020d
0524
04f4
fd69
f409
020c
0a6d
0ce2
0106
0630
fdc9
fe7b
f956
0fad
fe79
f5a4
fe84
0879
fde2
f6f7
0a24
0484
0454
037b
ffc4
0d17
026e
0154
fda7
00e2
1aca
ed45
0425
f2f0
086b
0791
0163
f9a9
fdc7
fe1c
1c6c
ff50
eefc
f89c
09b3
ef4f
1168
f5c6
f632
04a4
e885
0be5
16ea
0920
fef3
fd73
ebfa
f97e
f810
08c4
0ac5
ff87
1326
f250
092e
2336
05b4
0a5a
ec56
004c
0314
f5b7
06b4
06db
0d8e
eadd
057f
f109
0e28
03b4
f4b8
fcc7
03c9
05dc
0261
f4f4
040b
078f
f6cb
fc26
fec9
0058
eee9
0747
fb5d
0dcf
ecd8
240b
0d95
0935
04a3
ea2d
ffc0
ffdc
02ef
ff11
f37c
0141
eff5
f6f2
fd59
f2a6
f6d2
1c83
07b4
1024
f99a
046e
1151
0971
110c
004a
12d5
f674
1d8b
14b8
0b75
f967
e763
f761
14c8
0a5b
e9bc
f3fe
00c0
0a90
03ad
04df
f179
0765
ff1c
0588
fcd1
f46e
0c95
1a1c
0556
ee84
f2c8
013d
12a0
0091
06f6
108c
0242
04d4
f8de
006c
0744
f800
03da
0121
0988
fb55
1024
fefb
056a
fac5
13d6
fa41
f062
e8c2
00ab
edf5
0145
f4e6
f8a1
04fe
f0d4
0283
03fa
0dd9
031e
10fc
f075
fe41
0101
0837
0166
fe00
0a9c
fb8a
0356
0356
0ec9
01ae
f727
0a5e
066f
fa97
02b5
fa9d
fc46
f4c2
1058
f393
04ed
043d
087e
037c
0092
0181
eef2
f77e
02fb
0c7a
fe61
eb18
f905
0630
f463
ffa7
fe24
09e1
f90b
1720
fe60
029a
0871
01ec
0e5f
fce4
03c1
03dc
0696
012e
03d7
f761
104c
fb4e
ffb6
1726
06c2
0c84
f54f
08d7
08c7
fd07
0926
eb8c
0ac7
fed1
0d45
124f
1779
f0d7
0485
06cb
0670
fc7a
f6c8
f493
08dc
0f29
ffea
0072
001f
fd34
ff16
04d9
fedc
fcff
feb2
0ec4
02c1
f4c8
fa93
fe12
0f4a
fec9
0713
10ad
0723
0855
ffa2
fe46
08bc
032e
0542
0104
0860
05ad
14e9
efdc
0c56
f6ce
1c12
fc40
f2d8
edad
fbf2
07c8
0031
f95e
f569
fd6a
f8a2
0a1f
0bf5
0d7c
0279
0841
ec3c
fc50
fb74
060b
0082
fa79
0935
ef14
12c0
0201
0728
feae
00ba
0ab1
07f2
f789
fe31
f99a
072c
fa49
03e0
0089
05b2
0270
0e42
ff59
002f
059b
f63c
fd94
0401
fd61
0521
f008
ff5f
fb0b
f849
ffca
f1be
086d
fa25
0bc7
fa7a
fe66
1083
0229
0107
f7ff
f6d8
00e6
0cac
fee9
f926
faa8
1dfc
f962
fbb3
0b06
0e6e
09a7
f66c
fdc3
0715
f2f0
0630
f5b2
04bb
fb0f
1243
0d95
1506
f4eb
ffba
006c
054f
f9d9
edb1
fdfe
fed1
0e45
0225
0c8c
02e0
f40c
fd8f
0198
f664
fd87
f6ab
0cbf
013a
eeda
ffa3
fcfc
0f59
fd90
07d4
11b5
093e
07d5
0753
fef2
0d3b
006f
fe10
0351
0427
0c66
10c5
f261
0120
0218
26a9
fde7
f29f
00a5
fca1
041b
fdfc
f8df
fe09
f5f5
e799
0658
0b5a
1115
03e1
0d86
efc2
04db
fe8a
0def
ff45
fadd
0d72
f2e6
110a
07e1
051b
000f
fb8d
0d5c
06a4
fd4f
fcf9
fcdd
014d
f6d3
ff5a
fad0
041c
0426
0651
019f
fede
1011
f2f1
f81b
044e
058d
0134
fc36
0071
fef7
f89e
fcd1
f7ea
fed9
f9e6
01b7
040e
0289
0d25
024c
ff98
fa4a
f6ed
07d1
0eb8
0a84
013d
fcab
161a
fb2d
f651
0586
0ebb
fb3f
f669
f9cf
0e92
f317
0d72
e537
1416
fd8f
1450
0a07
17aa
f8f9
ed73
fb91
13ea
045c
e623
f2e2
fc20
0986
066e
0729
febe
f65b
fbdf
fb5e
fad4
fe59
0261
093c
08d0
ebdf
06f6
fab5
ffa8
03e8
0dd6
0f72
0897
0020
00e3
016c
02d2
f498
047d
052c
fbea
01d2
1234
fafe
f707
f934
1ae3
03a2
f487
ff09
01d8
fca3
fe6a
fc8b
0574
fb74
fa6a
0a1b
097d
0beb
ff96
0743
f7b1
03dc
01bd
0b04
fbf4
0617
0a3b
fa9f
0dc5
0deb
02d5
0aec
ff8c
027e
082c
faa8
035f
fa58
02c8
fb78
0f3f
f396
018e
0381
06af
0959
060f
089b
f3f4
ffa6
0549
08fe
05b4
fa21
03ad
fe8d
fb3a
fb8a
f2db
f687
fb20
09dd
05fa
f7ba
0daf
fcef
03df
f52c
f995
fefe
109e
0181
0c37
fa41
19cd
f70f
0100
01fa
0769
03df
e971
fea0
087d
fdea
1368
ee87
1333
0049
0b61
0796
03fd
eff6
fa89
fc6f
0974
093a
ed91
fc20
fe31
09dd
fdc9
0026
0544
fd54
ff10
faa4
002b
006b
fac6
158c
0aff
e9d9
1145
f7e4
fe13
05e5
0701
0c71
0676
0325
0b14
fc6b
0de1
f8b8
07fd
fbac
00d8
0ebd
07cc
ed70
f3c3
fd72
1add
0108
f73f
09d7
03b1
0dc4
04a0
f570
f573
f857
db33
0c51
17cb
0c8a
f68d
07ad
eb3d
fac6
f171
0d08
052a
074c
16b1
efe6
14cb
1abe
0622
0585
f696
1592
fde0
fc66
f0b2
0770
17cb
eb25
fae3
f195
fe9a
05a1
0cdc
055f
07ba
05f4
f543
f903
fd96
1070
fdd6
f967
0480
06ad
fc6c
fba1
0244
f9d7
f237
1611
0026
086b
03ea
f10d
fa90
f7f3
ffac
fdb3
080c
10da
0ef1
f855
02ca
f7c3
0012
0f78
0778
0129
e9bf
f978
1e54
f7a3
12c1
e925
1a1e
f722
216f
1a93
05dd
f401
f815
fe9a
0c58
0a82
e363
f41e
fa92
0cfc
0401
0290
05f2
fbdb
0021
fb0c
01a6
028a
ff39
1b83
01bc
ea61
00bd
f274
ff99
0e25
0395
06fe
03d1
032b
0360
fd3d
0bf2
f6bf
0924
ff74
fc25
fb26
022e
e53b
fa9f
0885
28b2
ffdf
fbd6
0f4a
06aa
0f42
f4ca
f834
fcff
f4c8
dccf
1195
146c
06d2
ff59
07a5
f885
f72d
ff62
1067
0397
08aa
10a1
f8b3
0eb5
1736
0f5f
106f
fcfc
0157
05e2
f8c8
00ee
0715
0c33
f45c
f796
f6f1
fb48
0399
0323
038c
073b
0848
f098
fc01
0868
1361
f993
0964
0890
02a0
fa89
fddb
fbd4
f870
f84f
0725
0020
0442
030c
ef1f
f968
fe6d
053d
0664
0a29
0b9d
0d63
f891
084d
f670
0696
0c7a
fe96
fa10
f377
f66d
1368
0346
0b85
ee54
1503
f9eb
26f2
0ebc
07d8
fc37
f94f
007c
0755
11d0
ee30
fb03
00e5
0bd4
0e97
ff73
fe94
01d9
0211
fbb1
0689
01d8
02ce
1285
fdec
f875
feb9
f514
066c
0963
02da
0531
0404
ff7e
044b
fad7
08f0
fa78
07d8
028b
fe42
0482
0e13
ebe7
f8d2
0f54
2783
fd42
fd0a
0274
066e
1310
019a
f9e2
fa1c
fae6
eff1
0cd0
09ed
0b56
05ca
0463
fa79
fa32
ff83
0bb4
fda9
050f
fdb3
f41e
1301
09df
0842
08b9
feda
ff1e
fb2c
f499
ffd7
07d0
1174
fb9e
fb9d
f6f9
001a
03bd
06ea
043f
04e1
044a
fb46
f933
01a5
0d8f
fbe0
00e8
07f0
09c7
fe5b
f556
02ee
fd36
fa9f
146c
fbfc
08d7
038d
f6cf
f8a1
048d
011e
fe21
06ad
0e4d
100d
f85e
0536
f9b2
00c5
178e
0202
0712
f7ef
0005
109f
0624
02b2
f13b
0edd
fb13
218b
095c
003e
fb92
0789
f564
0f31
0aa1
eb5c
f8e4
ffb8
068e
1200
fc3a
fab2
0232
02cb
f83e
0461
0271
f604
17e3
f957
f0f2
0278
fa4a
ffcf
02f4
0431
0e4e
1047
091f
0dcc
fbbf
fd91
f6af
02f6
023f
0584
fd80
0787
eb5c
fb86
0e92
1fa5
fd70
0398
efd5
f44b
1491
fe9d
0065
000a
fea7
f127
0c25
0f9b
0ce9
0684
0ef0
fc7d
00ef
f8d0
0c64
fe31
fecb
03c0
fa6d
0cdd
15bd
120e
08a8
fe02
fd84
0464
01fa
fc37
f3f1
0d8a
07c0
fe09
fc92
f284
025c
08d2
07e0
008f
f387
f0a8
02f3
0560
0fe5
03fa
f804
0bf7
07cb
fba6
041b
fd7e
06f8
052f
1322
fae0
08f1
0921
0026
01ab
fc56
f893
fd6b
07ec
113f
0c46
0007
135d
fa5b
0534
149e
0941
01e0
f12c
ffb7
0dc2
f5d3
0676
f986
0616
fe0d
1713
096c
0adb
fca7
06e1
03fb
0710
01cd
f748
f3f9
0058
0a2f
0cac
063a
f7d1
ffb5
0201
fc54
f981
03ba
fc2d
1e9c
fa48
f078
0df2
ffdc
f76a
0245
f7fb
096d
0a6e
fc1f
147b
02cd
0d9f
f1d7
0569
00c3
fd4b
fbf7
0b7b
f448
fda7
1136
1da5
0131
f72c
fb83
f9f3
11da
0265
013a
efa1
fb52
e74c
09c4
22c9
024a
0f9d
0855
0096
fcfd
fa9a
093f
ff29
09aa
fd48
fbea
0c2b
0b63
127f
0a1d
f518
fef2
fe16
01e1
0106
f4e4
15f1
00eb
f5d0
f724
f984
005f
00b6
0e7b
04d8
00ed
fb7b
fd15
09ce
14e6
fe7b
f7d0
feb4
fef0
ff8a
022d
fb0e
0bac
fdd1
0b66
049f
fb80
0530
04d2
f000
0282
00d0
f9cf
07c9
0e5e
0804
0132
08b3
fb78
061c
0c90
0732
046b
f4d2
ee84
106f
0b04
0ce7
f95e
06c7
f629
214e
0ff6
036f
f981
0093
f63e
10d8
0398
ebc1
f39c
05b3
0283
1195
0042
04bc
04e1
ff74
ff13
06a9
0329
0281
227c
fd19
ed19
0998
04cb
fb5e
feda
fbf0
0eb1
06e5
0435
135a
fd4c
16c2
effc
fed0
0518
009a
0484
ff1c
faed
f606
12d7
21c3
fa70
013a
0599
facf
0e54
0ae8
ff21
f6ee
0284
de54
07f6
1d3a
ff44
0abb
f76d
f998
006a
ff40
116d
fc2d
fde8
0945
faa8
0f24
0fd8
1048
08c1
f739
fe47
fbe9
f815
02b5
fb9a
0c5d
fa40
f990
f8b0
f23a
06df
03b7
0e52
0055
f3f4
fa1b
0007
0c3d
0b5c
067b
f6b8
08fe
03bd
fb9e
034b
f5ab
ff5b
fb79
09f5
fe9e
0530
0569
fcac
f3c6
0192
0094
0541
0766
12e0
0388
026b
08fb
f935
042c
0ce6
08e1
0c4c
f44f
f038
074d
fe08
0874
0275
0cb6
00fd
1d56
177d
0c3d
00e5
f7a5
04ff
1776
092b
f827
f926
01a2
07c4
0cdb
fe52
fb5c
086f
04c6
f9cc
0482
ff7d
0cac
1665
005e
eae0
05e4
097f
0690
ff82
f302
0e3d
0bf8
0612
0c25
fe60
11cd
f3d2
0597
ff57
f391
03ab
08af
f6f3
eee1
0860
17e9
fb93
fd4f
0632
01a1
0bb8
f98f
07e3
ff15
09b6
e958
0dd7
1c84
f45a
08df
f7c1
0328
fa8d
06fc
0c1a
00cd
fccd
f850
fbb6
055a
f842
0f63
ffea
f8c9
f78c
021d
fc61
052c
08c4
0b35
ff3e
fb72
f791
f87f
fcd2
fba1
0da0
032c
f623
fb12
fd61
1271
03d7
0158
fc9a
05e9
fd2d
fa36
011e
f155
062d
0012
0cc0
028a
f476
0465
f823
f102
01b2
fb51
ffb3
09ab
065c
0611
0aad
0d75
fb40
0bd8
12fb
0a60
07bc
f0a6
eed5
0845
04b9
0bdc
ff8e
0b9e
0957
231e
0a35
0857
f619
fe2b
03f7
0d13
0507
f78b
efd9
f8b6
06d3
0892
0306
ff6b
028a
0503
f84d
0138
069c
199f
16ea
051a
e95b
ff27
f7b4
0953
04c6
08c9
06cd
0021
024c
fff5
0264
0c39
fb80
04aa
0c45
f6cd
fd2d
fea4
ea8c
f823
fa76
1c9c
f4ec
0108
f838
03a6
0e54
f93c
078a
ff98
05db
f134
09df
14f8
fa27
ffef
060b
ffd5
f8f9
001d
08d2
fac2
fc8e
0479
f46f
03aa
0be6
0d38
0f03
f212
ffb6
fcb9
00a9
023d
fe26
0c20
008f
0855
fc7a
0127
fdaa
f96a
056d
08a3
f221
ff80
fc9e
113e
13c0
007a
fa5f
0321
feb6
fa21
0043
f124
0282
fae6
0a34
fc1b
fb35
06f4
f4b8
f2b2
039b
010a
ff09
0be6
0eb8
fe9a
02d3
1300
fbae
09bc
04b9
05a6
0d49
f7dc
f53c
01fa
0c6c
0c1d
f2cf
134b
000a
15e4
07c5
038b
ff07
0110
059c
12ce
0ca2
fa37
f8b5
045a
0619
07c9
046c
fc97
0528
0a8a
f7f8
0bd4
04cf
156c
12be
f997
e9db
0385
013c
0b12
f9b2
04c3
0d81
0845
03c5
0512
ff55
13a4
fa85
017f
0890
f9e8
fb64
ff2e
ec9b
01ff
ff2a
1219
ff0f
fa6e
07ef
0818
046b
fe46
0651
f5f9
0581
d9ec
012c
269d
0136
04dd
03e0
01d0
fd68
fd62
0c22
fe42
f308
086b
f3ff
fd0b
0b74
0a27
0d43
f48b
02d6
043d
0700
050e
0242
0dbc
0324
01c7
fc7d
0a56
044c
fba9
00f0
038f
f6e8
023c
fcef
07a9
0e0b
f6aa
f926
06ef
0886
f9f4
0a87
fb31
10fa
f8bd
1206
f7be
0702
06c1
e616
efcf
004a
fc73
fefd
f89e
0cb4
0159
0469
0ef4
fb82
0d1d
0863
0ae0
0bf2
f965
fff2
0649
0f81
0bfd
f0a0
143d
f8fd
2117
0ac4
0789
0022
fd38
0437
17fc
077b
f1f3
f632
f51d
0ea3
0388
0a8f
f1bf
ff15
ff65
f5f8
fea5
0409
1789
15ee
0cd5
efaf
febd
fe23
06df
060f
07c0
097a
01bf
0313
0473
ff73
07c1
fba1
08c1
06b6
edec
f58c
039d
f842
fe50
fe29
1201
f813
f887
fe1c
0b09
0364
0534
0c9b
006e
0838
d8cc
07e2
2454
fdb3
0780
0049
0590
01e7
fc24
0fba
0252
ff09
08e5
00a2
00b8
1042
0eb1
0fb3
fbac
f6bc
04a0
fa2b
0ad4
fa9b
09b1
0646
0aa5
f8c2
0320
04e9
fd3b
00ef
05c8
f2cb
0ac4
02b8
127b
0962
00cd
f327
09b1
02a0
fd08
0679
f5de
0ae9
f580
ffcb
fb5a
f43b
047b
f3ac
f155
0184
003d
04df
0934
0afa
06a1
05d5
1c6f
00e6
0638
123b
0af6
0cbf
0146
fb0b
0010
02e3
0908
f8ba
092b
04c0
195a
0a48
0feb
fd5d
faa5
133d
fe6d
0a5f
0233
f25f
07e1
0a4f
003e
023c
fb16
0406
082b
f1d6
066a
ffec
1cfe
16ef
0b50
ee93
0670
f423
0c89
0320
02b0
0a5c
021f
0830
0721
fce4
1e7c
fd4b
03a7
0cf9
f301
098b
ffa5
eb28
fbc8
21d2
1923
f8fe
f596
14ed
1352
ff1d
0d37
f73e
ff06
0b00
d6b7
02e9
2c4c
0053
08d4
f7e9
ffdd
05c4
0410
0cb7
06a7
fd1a
0595
f67a
0424
141b
0f4f
fc87
f28c
fd3a
f62f
f7f7
03a4
fc09
104d
029e
04c9
fd0c
03c1
0960
f83c
08de
00e4
fa6d
1b9f
fc10
0538
15ce
081b
0c7a
0ba1
063e
f6d2
06c9
fea7
0601
f2f4
0c15
02cf
0668
fab1
f4f5
e4a7
02e5
02c6
008b
053b
0c11
fd03
05b2
16c3
faa8
f4d1
160a
0e5f
16e9
ff45
f7c5
09ca
0222
0b9b
fb7c
07e4
f67f
1b80
1285
0e02
06c1
0294
0cb2
07cf
1378
f70d
f3cb
fa84
035b
0c77
073d
f289
ffde
0338
f65e
10a3
fd37
1923
0eed
032e
eafe
f914
fab2
09a7
fc94
03ca
0490
0365
05ac
0724
0164
0d66
fd76
02cf
068f
f352
fe13
fd0f
e86d
0182
1331
1c76
f81e
fa63
07b9
123d
0364
0591
fcb9
fbbb
060f
e25c
03ac
214f
037e
0548
ffae
0266
044e
f8f6
074f
0b0f
fcb9
01cf
f191
fcc3
0e78
182d
0652
f1be
00c9
01d1
f622
076f
fca4
1422
04af
02e2
f67a
040c
084f
fcbe
074d
088e
f4cc
16cc
0018
fc65
0ee6
0364
fe1e
0601
01b2
f9e7
fc03
fed7
0bda
f98b
08e7
061d
080f
009c
f0cb
f1f0
01e5
ffb1
feba
0659
05b4
05cc
0044
0ea1
fdf3
fe7f
0b55
0905
103d
00be
fbc5
008c
fde1
0629
fc80
07ef
037d
0cbb
083c
0b0e
04d2
0037
fbc6
0339
150b
fe36
ee2f
03f5
fe05
06fc
0152
f899
0290
ffe1
fd22
0cba
003c
1bbb
0bc2
fff8
e5c2
fd63
fb97
08c1
0150
ff86
0288
04da
0ac4
15a2
fe57
0707
01b8
fd53
0725
f0c7
edb7
02e1
e0f0
f9b2
1e24
16a2
f59a
0236
0d4d
0418
ff4d
113b
051b
fa57
0529
e80e
07c2
34f1
07c4
0abf
0006
0569
04d7
f84f
08d0
0a2d
fe65
01f2
ea10
fcfb
00a8
1426
0352
f113
04b8
fdb5
fa6e
01a0
109c
0b5b
fba2
0175
f0ca
f471
0626
fce3
0311
08ea
f712
07f9
f988
0261
08ef
fb0e
1649
06f3
feda
fca0
0a8e
fd07
0c13
ecec
12c9
061b
0764
fc96
e59f
e2b0
0056
fc4c
fc42
fc41
0118
0553
fc44
049e
f9dd
0175
1d20
0737
12ad
0188
f3ca
092e
0164
055f
01a9
11a8
007e
1aff
0a88
0b2e
0932
f14b
0439
128d
0961
011f
e614
ff86
fc3b
111e
04c8
faa8
01be
01dc
f25b
0b06
038b
27d5
05e7
f6e4
ef2a
ead8
fd6e
f2bc
07ce
062f
0d27
f333
fa13
07e6
00b7
0858
f496
f912
ea70
052e
0824
0a98
ed19
0fe8
fd04
fdcb
f4d1
f05e
fd1f
0e07
ff8d
07ac
fb38
efb3
f9b6
fdd1
027e
02f8
0f4e
fdf5
1090
f707
fa21
f0f4
028c
0b3b
0541
0e6e
edf2
0638
0d11
06c7
fd63
ee1c
0b86
02ee
f005
f987
00ba
07b9
f698
0d86
f521
1c35
070a
fc9a
fdc9
03dd
1438
0b5a
f781
0881
117a
fcd9
015d
0385
f3f4
fe9a
071c
0cb7
1013
e88f
1054
1117
fdc1
02c4
f991
ee73
fdb6
00a7
01b7
f49e
0738
edea
f8f1
ffb4
ed05
fb77
22af
0570
11d0
fec7
f148
07aa
0b47
0d14
fa3a
1fd0
f0db
0efb
092a
02ad
fbe0
f837
f69c
22da
ffe9
dbba
05c4
0d02
0a46
06db
024c
fb6c
fcd9
ffa3
0e06
ebf0
fb58
0400
0eeb
009f
f067
07da
fddd
00a7
0968
038d
0901
f97f
fe4f
0e45
0129
0506
f21f
fdf7
e463
0a04
07e0
03fb
defc
0f49
07f6
1161
f28b
f5a5
02b7
0610
fffb
0a37
f68e
f686
f4ff
f942
02df
1638
1043
0688
14d4
f9c3
0008
f409
048f
0e79
015f
1045
ee28
0372
fe53
1204
fe14
ee95
0540
0024
f4e3
06a9
0400
1195
f6f6
0aa8
f611
0ba5
031f
06ee
0242
03ac
1a4b
0601
0202
0d72
1c24
f958
fc4f
087b
feec
f6c8
ff23
0798
fc7d
e7cb
0a95
0cd4
068e
fdea
ea8b
f7d2
fced
0560
fe20
f84b
0524
fbd6
f09b
fe8b
ec1b
f820
1d0b
0020
064d
f941
f9ce
0a09
0777
0439
f588
1a9a
f62f
1f67
fa9b
0a6f
fc21
030d
fc11
1cf8
fabb
e822
0dd3
055b
09da
0a6a
053e
fc7c
fe30
fe1a
14bc
f296
ff14
0d52
1b60
f394
fbeb
0711
06f6
003f
0cb1
f8c5
05b4
f828
f4ef
0b10
02d3
0b6b
e987
0189
ef4e
113f
05e2
fee0
e96a
14f2
f91a
1066
f02b
eebf
00c7
085e
fe55
0d8b
f9e3
ef2f
fcd4
ef9f
03b3
09ef
09fa
00e0
131e
f8c9
022f
f884
00c2
0691
0257
16ba
f335
04d5
128c
ff3a
05d0
ed5e
f7e6
00ef
f544
0c25
04d1
0f0f
f1c4
05da
f18b
10f8
0b5d
f90c
073d
05ea
1ee3
053b
fb6b
09c0
15e0
ffe9
03ef
0387
0020
fa4d
01d9
06d7
03b6
ea42
11eb
110a
fcb5
0095
ee3b
059b
06eb
0da2
fb78
0015
04a8
f432
f12e
0598
f05d
f1bb
1709
005e
10a4
f891
f63a
04f5
083a
1296
f6fb
1b96
f7a2
1150
0c64
06be
f79f
fc66
f5d4
206d
096e
e4bf
fdcf
03c9
00dd
0bbf
fec1
f1a1
0901
036b
1940
eb5d
0451
0344
196a
05c5
f571
0862
005c
0437
0869
fb4e
ffa3
f968
f55e
06ea
fe8b
116d
f73e
fd45
fd93
0f6d
01c6
fdff
f388
1414
0121
05ca
f80c
eb94
f52c
07cc
04f4
0a82
02f5
f35a
036e
edf0
ff8b
ffc9
109f
03b4
14ea
eaac
fa5e
f42a
02f3
087f
0299
01f9
f727
080e
06b5
0b52
f52b
f5ee
01a1
0a39
f434
04e1
f358
10a1
fbc6
0bcf
f5ce
10f3
0f3d
00bc
110b
0508
1b53
01f6
f39d
0a0c
1365
f4ea
fcef
00f5
00a2
ffe2
0238
07be
00ce
eb7c
13a2
0c5b
f5b1
0077
fae7
0529
0946
058a
fa38
fc4b
037e
0530
ee4b
109b
f1e7
eed8
0ff2
fa16
074e
f9b8
fde6
0cd9
0bc8
1162
eee9
1180
f68c
12fa
0ced
01bb
ec54
085a
06eb
1858
fbfb
f2b7
fbea
0bc7
033c
065f
fb5b
f673
03b0
010e
11dc
f376
002e
ffbc
198f
0850
f391
09a2
f60d
01ec
0d80
f666
fb43
f0ea
f7e7
07ff
024e
1701
fe49
032e
f893
1088
13ca
ff96
eb96
0e4f
000a
0950
fbcb
ea20
fafd
05e0
145a
0b46
fee5
ebc5
f4f2
ede2
049c
08eb
10be
00b0
051a
eb3d
fa6b
f3ee
f9eb
0e2e
fff1
012e
f1ec
0d22
ff22
0c28
fe46
f170
00fb
fe5f
ee2c
fc26
fd8a
1a05
f896
014f
f9b2
0b02
0a9b
0305
06a6
076d
1bca
05ae
f25c
08ed
0b57
f9d5
0600
fc49
f9e6
036d
fdcf
0156
fe18
ed7f
120b
0bfb
fa37
fded
fa08
f6bc
065a
056c
fbda
01dd
ffa2
fba1
f1a7
18b2
e9e3
f241
0cfa
feee
0375
fc26
ec9b
0e39
0c7f
0784
f893
1b49
ed68
1b08
0cb6
03da
f2d3
f925
e60f
21ae
06d6
e456
fd66
04ef
0393
096f
0428
f75c
fd73
05da
120c
f94f
0107
fbef
17f1
ff94
f92b
0cd3
eaa9
f2e2
0a07
002a
02c9
f79f
f77e
0fd0
faa2
1261
f7c0
044a
f770
0aa6
12a3
fa4a
e365
03d7
192e
0d08
fd08
ea87
0a44
0329
1892
109f
000b
fd81
f69c
e96f
fe4b
1223
1589
059e
08e7
edfd
00ce
faaf
02f0
0857
fe6e
0822
ff5d
164d
0564
0ba3
f925
f97e
0a2d
fa75
ef30
fd44
fd82
121a
f9d4
ff0d
0078
07fb
0c59
0365
01b8
0529
199b
f966
f20f
10af
108a
ff26
18ae
0449
fcab
00c5
0089
0764
ef84
e12f
0842
0b73
fe6a
ffca
f3e9
fa57
fae4
01a5
fc4e
03b7
0879
037f
f8cc
0b2f
f417
f684
016b
00d4
04a6
fab1
eafe
0fb8
0623
1252
eda3
1ca3
ea59
1587
0f01
1393
0000
f192
e4e0
1b44
0a56
e148
0036
fec6
fef7
08ed
02fb
f993
fbfc
000d
0013
f862
fed5
01b8
0ed0
ffca
f2b8
03c2
f94a
f77c
0ca2
0655
0420
0138
f37d
087d
0062
0afc
f538
fe36
fb49
0328
110c
0398
f18f
f7ee
0a38
0f93
0005
f31d
f958
038f
0e4a
0e33
056e
07f2
0166
ead7
0c0a
0e97
117b
0886
01df
f2fd
fb6c
f43a
051f
06ef
0303
08b3
f9f0
0b88
1237
01d1
05a5
0166
04f5
0247
f431
08bb
06d4
0c28
f181
07db
fab7
0644
fd3e
072c
0b87
0229
0edb
fb74
fd87
0204
126d
f9f9
0b03
0a85
03be
0015
0607
f478
f4f9
e937
0ff0
0a3c
0149
0030
e9bd
f391
f9e7
0391
f8e1
03e2
ff01
0663
fcb1
0879
f6eb
03fe
0191
04dd
ffc8
f40b
f1e6
156c
0b5e
0f2c
e6ec
0df9
f896
1350
0952
017b
fdf3
f783
00b7
1a25
fca4
ea8a
ffe7
f8a9
05db
04cc
fc21
fb76
0872
fa8c
fecc
f5f7
0987
0356
1761
0124
f5a9
1190
fc34
f539
0cb0
04dc
fd4d
ffef
fe13
0ae7
f890
03b6
f487
fcb7
fcb9
fde0
1597
00d9
f58b
fbbc
0688
06bc
013f
f257
0121
02dc
ff9d
088f
03e8
ff6b
046c
eabf
0b3c
1639
0482
0054
0b4d
eec8
f36c
fccd
083e
092d
0271
0f54
fed4
09f8
1020
0571
043b
fe09
0d89
fde4
fd97
0995
03fd
0656
f82b
0310
0163
0be5
ff71
01e6
034b
051e
0be4
ed56
f98c
06de
15f1
fcf6
0514
0c14
0472
03cb
0ce1
0397
f06a
f893
0c18
0386
fe02
ff2a
ea5a
faaf
fcff
0296
0041
09b9
fcbb
0836
fe77
0427
f768
0308
098f
01a6
030c
f1e6
f960
2437
fb16
09ca
e793
0a3f
f277
164c
0b03
09c2
e936
0392
0806
138d
02c9
ea4e
08bb
f8f1
03d6
fe63
feca
fb33
fda0
fd94
fb00
f7fb
008c
0065
1493
0314
f0ab
136b
f5a2
f407
0fa6
01cf
02d4
084c
00e4
0b23
fd08
0007
f73b
fe6c
0665
01ad
074f
0799
e05e
05a4
0b72
032b
f9dc
fbf1
fd84
ff6d
0dcd
f0e1
fb7a
fe06
fcd2
f192
ff69
1bd2
1ad7
fbe2
1326
f47e
f80b
faf6
08ae
0926
0722
0e3d
f939
fd03
115f
0cd8
0bd6
fbec
01ce
0c34
00ee
0732
0416
0429
f4db
0636
04b2
0028
09f4
0950
05a9
fcd2
052d
f3a7
fe5d
f8d5
1378
fe30
1412
0953
0471
0190
07be
03a5
fa68
ef0e
0a42
0949
0e76
fc70
ea92
f268
0380
0815
01da
0645
0e82
0978
f81b
02c2
f304
fa1a
05b0
059a
f51f
f5e5
e972
0bd7
0f89
0664
e3a2
11f7
fa8c
27ac
0b6a
12f6
f4bd
0ba7
0d4f
0d1c
0bc9
e0c5
fea3
fee8
06ad
0ca4
ff27
fd31
ff13
089c
fb76
fcad
027c
046a
10f2
0635
f8b8
10c4
f7b5
f97b
0da4
00b4
022f
0472
fb1b
fa84
fdef
066b
f40f
0592
049a
fb48
0615
11b6
fa53
fecc
0937
08b7
fd40
fc9d
ed20
fccd
0726
00be
03b6
0520
0748
faf7
0e6f
079a
09fb
0fe4
0fed
06e2
f9f3
0346
0787
fc94
0361
0930
fb6c
fed6
fc7e
0397
074d
0315
f9fc
0717
fc12
042e
003f
02d7
fc42
0887
fd5e
01b9
04dd
ff2a
06a4
ffc9
0181
f871
f8be
00f3
06a5
ff6d
f92b
0739
0262
08e5
02c9
0084
ffe5
0277
0dff
08f8
fb20
01f6
f31b
fe01
04a8
025b
fa08
0db5
0143
06e8
f8b1
0f91
f5bc
ff96
0aff
ffa9
ffb0
f8af
fd8d
02f9
105b
0c44
f020
077a
fa39
0de9
0442
ff45
f2c8
00bf
09f7
0be9
06aa
f387
02c1
03c1
0495
0d42
f7d7
04ab
01b6
0172
f964
fc82
00d8
fe9c
1081
0646
f09d
15d6
f1c9
f08d
0ae8
fe7a
02bf
01d8
f7f0
083e
fb2b
187f
ec16
f61c
faa1
0176
fd45
057c
f610
ff6e
0eb6
0e53
f5ac
fe8d
f913
ffdb
0c64
0a24
0a32
0887
fd51
e5b9
09b5
0fdb
132a
0add
09d6
050e
fbba
fefa
056c
000f
0679
0955
0367
fd02
08bc
10a3
0597
f98d
fd1a
fca2
fe08
0363
02bb
06fd
fb65
04bb
0190
fd66
02bd
fd68
06e5
fbc8
fd81
00fd
f90f
11a7
08c6
fc6c
fcc8
0cf3
ff16
0a19
fbfd
0928
0075
ff59
1a80
0903
fe83
03ea
e6a3
f348
04b7
ffb8
fb17
0733
0c66
0736
ff15
0caa
f26e
0034
1340
015b
0136
f6fc
f884
0f9e
0163
08d5
f058
ff6c
f3b9
1076
0522
fb2c
f1d4
f853
fff8
135f
0451
f8e3
01ac
f972
00de
10af
003c
fd8d
02bb
0375
fb85
fadb
f85d
0534
1a18
f9da
fa84
ff28
fd55
f795
0411
fc53
00be
02c0
fa2d
0dca
02a0
1335
ee97
fd53
0385
008c
f861
01e3
012a
fbb9
15c2
09ae
fdba
fabc
ee00
fcce
06ea
0e48
090c
0a21
03d7
eaa6
0281
1e1f
006c
0dcb
12af
08fc
fa6d
08f6
fdbd
f774
06f6
ffdd
0451
fa2d
fa02
123d
0720
f70b
f672
fde1
01d9
0870
f3e2
06a0
09a6
00e5
08a5
f9bf
fc60
f9da
0d11
fa7e
f7f8
fa34
fdc2
0cad
ff1b
03f2
f555
0666
f6ce
0b08
0c82
0163
06af
04eb
1798
0cc7
f559
02b9
ef9f
f262
0984
057d
f754
1510
0b0e
0db5
026d
0dfd
faeb
0090
0aa8
0211
f527
f7fd
e88a
07cb
0643
0523
f7a9
fe69
f265
1229
073a
02e7
f348
f7e2
0e26
2394
f6a2
fe98
06c7
fb26
fcc9
0894
00e2
043d
01ae
0170
fd87
03a7
ffcd
0160
1c72
fe21
f46d
0d85
0b1f
fbc6
0522
fedc
06b8
03b5
fb36
0d75
ffce
0c8d
eb3f
03d5
0719
0991
fd35
04bd
fdb3
f905
097d
0b5c
f19b
fb24
f968
ff9a
04e8
0a7e
066d
fcc3
ff1d
f0cf
049b
123f
01bf
0cac
075b
053c
01f9
02a2
0682
f61d
03a6
111d
fdd0
06c3
0c1a
0d73
0ac4
f553
fac1
05b2
fbef
0478
f2f6
005f
fe07
05f6
ff61
fdde
0577
ffef
0ae0
f99b
f668
0175
fa19
09ed
038a
0557
f273
0aa0
fe7f
0101
0dc2
fd76
ff4a
0142
0b99
099d
063a
0510
f006
f477
069c
0373
fce4
0c8d
0e56
039d
0575
134d
f435
020f
03f5
03d3
06cc
f38f
f350
0235
0554
0be8
f884
0007
f542
12af
0825
022b
f9cd
f03f
02b0
1894
0570
f86f
057d
f59d
081b
0b4c
008d
0075
0258
05fe
00ff
fcd6
fe7d
0ab5
191f
0c2a
e9d3
19bb
06d7
00e4
04a2
f90b
06d1
0169
f919
0a63
00cd
03ce
ea65
ff60
06b1
004e
0495
095c
f674
faca
081a
0e66
f3a8
ffe9
f034
02a5
0dcf
0009
0ef0
fe3e
0526
ff72
07b3
11e6
fc95
0b4a
0a9c
05de
fa27
004c
0279
fe9e
ff54
0354
026e
06f9
fd48
0ae5
05e6
eed3
fe6e
fe2c
023d
04f4
fbd1
fa82
0bb0
006c
fb00
f8af
03b7
0005
0cfc
0424
fc8f
03ba
0489
0c39
04f5
0304
f57b
022e
fd62
03ea
0f8d
fe1f
01f2
01cc
11b0
1044
ffc8
024f
f255
f585
0ef1
fc48
fc02
11da
0821
098a
052e
1f25
f50e
06d6
1326
ffb9
0075
f4f0
f266
fd77
0ae0
0e15
fe0b
03ff
fa66
16f0
0502
0369
f305
05ff
0c34
1820
0214
f5f9
fe61
fead
fe0b
0d07
fdc8
fe3b
03d2
0266
fae1
ff35
04cb
0f0f
1f24
051d
f2a1
1129
ff9a
f9c2
08ac
040e
0754
fe67
f4ce
0202
f93f
0bfe
f5c6
fe61
076f
fdea
0037
0875
f0ab
fefb
029a
07d8
ed9f
ffe4
fa0c
0459
0ee7
0133
0c40
fcbb
005c
f21e
07c9
16c8
01a0
ff82
0c0f
0cd7
f812
0093
0461
fc7c
0279
0630
f6fb
ff8a
169b
0bf1
04f3
f198
fee3
fce5
0136
ff98
f90a
08ba
05a8
0645
00a3
0626
04d9
fb42
0911
0822
f70e
02f1
faec
0ffb
0a8a
00c3
fb79
07a2
f3c2
fbf5
0d04
fb76
0523
f7d0
09a2
004d
fb94
0883
e2be
eb7b
0781
02f6
fec0
0223
1651
02e1
0214
1416
f239
0483
0187
05f8
0641
fc46
ec84
01d3
16f7
0cf2
f072
0ea7
f087
0eea
0736
0a11
f937
fafd
0a2b
213c
054c
fc04
03f3
fa59
fd8c
1205
022e
f7a2
030c
044a
fdb2
0477
0480
138f
131f
fc74
edbc
fb31
03ef
fe82
051f
047e
07d0
0082
f8dd
0853
f7e6
0ef5
f90e
f5b8
06b5
05b1
042b
01f2
eae1
f596
1048
115a
fa20
fc2a
0a11
04db
0a1f
079f
11a8
0281
ff64
ea89
f92a
2156
1109
fea7
12bb
01aa
f93f
fc7d
055d
f8ca
f395
0d44
f805
fa71
0603
0583
01de
f9b4
024a
fa5a
03fb
0429
0844
082f
fff4
fa27
fa28
0833
064d
fd2b
049c
0944
fd91
0486
0021
0641
0d83
f9c7
039e
09a6
f5e4
ff79
0f18
055d
1081
e890
140a
f994
070a
ff7e
d4a8
f296
0457
0128
fe44
ff7e
07c4
0521
05e8
0a6e
f369
ff1f
03f4
05cb
fcda
fdbb
f292
0a73
176c
0fc2
efc4
115b
f01f
2394
03fe
0dcf
f8fe
0712
f819
2d3e
03d0
fb20
fbac
f1d3
0770
0c98
0aa7
ed89
f5be
0263
f883
f6fc
00a1
1418
1418
0371
f922
f4cc
f311
fc44
10ee
f9f6
fc04
f647
f6e7
09e8
f9e2
1001
ed4c
fd09
0317
f0a6
ff03
fb49
f386
f640
1942
167d
fe2f
f6b0
14eb
145e
0799
1327
0cc6
fba6
0614
e076
fce2
2898
0a99
f7ca
02cc
0445
ff85
0051
09e3
fd9c
085a
0271
fdb8
0084
110f
105a
04e0
f620
fb58
f84c
f5f2
047a
022b
0d86
016a
015f
f108
0875
0a8a
f850
0503
0cf5
fdd2
0c52
f30a
0dd0
0fa9
f7a3
0ebb
009c
f93d
ffdb
0e7f
034e
05d9
f026
0a99
038d
fac4
f520
dcf1
e3f8
02d6
054c
ff90
0760
0c1e
07df
0113
0f68
f30a
fe86
0b80
03b2
0753
fc89
ea73
066a
14ee
11b3
f955
1a40
f238
2129
076a
0151
06f7
fa0c
0696
1931
1773
fab5
efcb
0610
f7b7
166c
02ea
fcfd
f883
0acf
fb14
09f4
fb15
2245
185a
fade
f7f2
f6a8
fb70
020a
0b7d
0541
0028
fff0
fce1
0835
fe70
04cd
fc05
0303
1270
f83d
0917
07d9
f1f2
04bd
187e
1304
fe29
f6aa
0526
0131
02bb
091e
01c8
005e
fe91
e94b
fb61
1ef9
0683
fe15
0004
09b2
01b1
fd6c
08b4
0250
002f
05dc
fa1a
0214
020d
15b7
f9fc
f386
011e
fa60
fa01
fd49
fa57
0060
0aa5
fed5
f712
f7ad
0a9a
f572
075c
02d6
016c
0ff1
fd52
0a99
0fca
0509
0624
06a3
0090
f97b
0844
00d0
0431
f776
09d2
05fe
fe21
fc36
f0e0
e366
0499
0a74
fe1d
0ac8
04fa
05d1
0168
117f
f079
fd62
1022
078b
0718
01da
fc0b
f5f4
000e
0354
f6c1
07c6
f940
1551
0b76
052a
fa82
0afe
11c0
110a
ffe0
0228
0057
fed6
ffb9
0f9a
0070
ff21
fb56
febd
fac6
0522
fa31
139c
1812
fe97
f1c9
fa40
fe67
035a
055c
03b7
0541
f2cb
fe86
0caa
fc2c
1241
fd46
0074
00ef
f59a
02d3
fff2
ebea
0370
1bc3
177d
fe12
f369
0119
12cc
080e
0b2b
054c
ffe2
f916
e6c4
f004
2aef
0803
fcf7
01c4
0849
fa9f
f712
03fd
0d38
04cc
0273
f35a
fafd
0bfd
161e
f989
f5bf
0210
0231
ecb0
fce6
ffe0
0ab5
0828
fb28
f575
fe8b
0e21
f594
0ea8
0540
0829
2644
f5af
0742
0a93
01d7
fe82
0001
fa68
fe91
04f4
0cf7
fecc
f673
0882
07be
fb14
fd7a
f002
e63e
018a
0dde
fe2f
f824
0140
03eb
fb9d
0c04
efe5
f7d9
10a1
0551
1534
0278
eead
0235
0b5f
0640
f71a
0178
f93c
1826
0655
0c36
f703
0110
f99b
1c72
fea5
f889
fd11
fc6d
fde1
0b45
fbd0
008e
00d0
0249
ff11
0a87
f85c
248c
0d89
f9ee
f46e
fa7c
fa94
fc8e
0a52
f9d9
fe41
f891
03cf
0ce8
f9e4
09d5
f571
f6cb
01ab
f4d6
fa5d
0878
e34d
fb1c
1817
167d
f44b
fd0a
0617
09ce
0434
17b4
025d
fa22
f09e
e53b
fc43
34e8
06f4
fc68
fff3
0534
00cd
f61e
041a
0534
019b
0072
f43a
feab
0ae1
1233
010a
f14e
007a
fad8
f7e8
fb6a
fd7f
047c
fd21
0240
f6e1
04d9
083b
f92c
ff7c
075e
f756
0c97
f53a
10e7
10b4
f71d
184d
fdfc
fa82
04f0
06c8
06a1
0b6d
f136
0be9
06a9
fe79
f95f
e280
e85c
02e1
0ad4
fb3a
0510
06ff
0877
f934
009b
e5d5
fc75
19cb
fff8
13df
041d
e9ca
0199
03ec
04af
f893
1616
f346
1a51
0e23
06ff
0d8f
ed1e
f6c9
1339
0178
0093
f688
0332
fcae
118d
0183
ff6d
0227
048c
fb6d
0817
fb1e
249f
0a01
fbcf
f72e
fff3
fe25
0650
ff3d
107a
12c8
f5ca
f9bc
f94b
07bf
0c96
f4e6
ff70
ef08
037c
02ae
11b1
f7ee
039c
0831
084e
f2bb
f223
fb75
0af4
f5cd
0849
097e
fb1b
0379
0090
0858
fde3
fc44
0d6a
ff6e
fe21
fe2a
f093
0639
0116
0135
1266
f6a3
ff71
0909
1489
0c63
fc19
04cb
0569
f3a6
fd99
0507
0357
f21f
07ac
f9a6
15a1
01bc
fdc9
fd6f
0bad
0977
04d6
fa9a
0c1f
08d1
0383
f276
05f9
fcc8
f8bb
0934
013f
12b3
f5c4
0eb0
0ac6
fa59
077a
fc98
ff9c
fcea
f9ab
030a
fd11
f69b
ef24
fc95
07fa
f31d
041b
1c63
07b3
05cd
ff1a
f535
fd35
0021
11dd
fb60
0a0d
fe87
0a1e
0189
ffcd
ebb5
f69a
fe11
05b6
0551
e643
f75b
0e94
06b5
0363
037c
08a3
f8fa
f863
09fd
ec89
011d
00d7
0aef
fec0
e990
0bca
04e1
0d80
fc0d
0fe1
0dd1
f957
00b1
ef52
06db
032c
f7e4
f669
f7c2
0948
fdc2
06b0
f3a3
0e8d
0b49
03b3
ed4b
f54a
efee
0156
f1f4
0ae7
04cb
0d85
0208
0715
0852
036b
fb40
1b14
0cf6
fc19
0241
f9dd
0964
fc41
faaf
1219
fe67
ee2c
f442
0c0a
042f
fe5f
f946
0268
fd0e
0fe2
fbc5
02f8
00be
0e4a
fc6b
0a9f
f353
024d
f6d9
06e2
ff53
00da
0ab4
04ed
044e
003b
f95c
0bdc
ff6c
f6c1
07ad
f6dc
042e
f4cf
128a
0409
f981
0424
f871
0a20
f7c3
f7a4
0754
09bd
f3ee
038a
f7e5
0c37
f9a7
0494
1170
0932
08ab
0222
08ab
ffc8
fc5c
fbc3
f61f
ffd1
097e
0779
f622
fd33
e87d
067a
061b
0155
f542
f742
084b
1001
0ae8
ffd8
08e1
fc23
f830
f49e
0b1a
ed81
fb79
01b9
0b47
f800
fa97
0f33
0b13
0ccc
fbf5
06f1
11c1
f93b
f1bd
fd1e
061f
fe61
f3bd
f914
f6a8
0f01
0fa6
0c40
f5e9
083f
089b
111b
f04f
eea6
f95d
021c
f49b
fc52
ff9c
052a
fe34
0647
ff22
061e
0735
0bd0
1241
f1d1
058e
f4e3
00cf
fbce
0447
1145
fc36
f5eb
06f8
0a49
0691
f927
fe8e
fd2c
fc1d
04f4
fa83
05ba
f62a
0386
f5f7
0422
f7ae
0253
015d
09c9
0c5c
fce6
03f4
065d
0685
0b52
f8d3
0c09
ff42
f2d7
f94c
0587
fdd6
eca6
0b53
04b3
0a77
fe2a
f856
11f0
fcb1
0083
0760
04ad
faf2
fcb2
f8d3
0240
f86d
f190
0a42
0997
00ba
fa40
fcb2
f4fc
01ba
0a1e
f153
0c0a
02ea
0d1d
06c1
0af0
e36a
fd66
fee4
05c1
fd70
f3c8
fb00
019b
0ba8
04ac
0609
f733
f921
fe90
087a
e752
01f8
fd99
0b08
fd20
f905
057c
0235
0bca
fe72
03eb
08a0
f7a3
fde6
f25d
0d2d
06bf
01b2
0152
06e1
0802
fd8e
0704
f82c
08b9
02ec
0073
fc90
ef21
eb86
03a6
f741
0455
07c5
ff9c
1287
f38e
0332
fea0
fe6e
1056
026e
ef9c
037e
f7ea
0225
0577
ffe5
0527
fadd
000f
0230
155a
0992
fedb
008a
feeb
f789
0d27
f9e1
0b72
f259
116f
e9c9
042b
00c7
0619
06b0
0c42
0742
fb4e
fe8a
ff11
025b
f885
fd1e
fbe7
048c
fc62
05bf
f2fb
0789
e933
2195
0f97
f3c2
03c4
fcd6
0be0
fd44
fc54
0071
0b31
fb98
009d
f3fb
1030
fe9c
f192
0c1d
018f
047b
f40f
0707
f8b2
02ba
0f99
e901
0d80
fe23
0ea5
0fe6
0267
edbe
fca3
056b
11e6
f9b1
f3dd
ec44
135c
0849
0994
039a
fb92
ff69
ffc5
01e3
eab8
0475
0741
0880
ffb0
f295
0cfb
0185
0a77
00bc
fada
04db
f4c5
fb86
045b
043c
0d7c
ffa8
029f
06ec
0943
13b6
0b56
efca
0dce
0d30
0959
fc2a
eaeb
f08b
fdde
046c
05ef
fe7b
f36f
09aa
fa42
088f
fea2
06a3
0b5c
05d9
f826
ff75
ef13
fd7b
0792
fc64
0d6c
fdb6
09e1
f843
12d1
00fe
f685
0837
f391
f12f
ffc4
fa61
1059
faad
faee
f37d
f962
07f5
03f9
0254
0b98
04f7
03ea
0643
fa4f
feca
0478
0551
fe0d
f8b9
fdf2
f397
f38d
fd03
f302
0ad8
0446
fd8b
03fe
0439
0a8f
fc48
fa31
f8b6
15e8
09d0
ffe7
f805
1c05
fb5a
f163
0e2a
0922
0091
f813
f5d4
0097
fec3
0f91
f148
11cf
f0d6
0e83
0da9
066d
f4bd
fd35
fac6
0f90
07f5
f8d7
ed45
0f7b
0208
0296
060c
fee6
f796
0679
0cfe
f08f
0b30
f67d
0a6c
ec16
fd1b
0407
f456
ff21
04c0
fff4
0421
f5a6
f585
12f9
fe89
01a8
f680
09f0
fbcc
0579
147d
04f3
eab6
0878
08df
0857
02ce
e3d4
f53f
03b6
0914
07e3
f7ef
0652
fe37
f152
02b7
fd14
0a9f
0bd5
0083
ec41
0852
e891
0485
12c1
038e
0f98
ffae
135a
0699
13fb
0c35
fae3
0f2f
ee78
ecd1
fd7a
0606
1647
f2cc
f44b
f2fa
058d
08da
006d
0982
0ea0
126e
f989
fdd4
07f0
0cfd
fc1e
ff82
fe59
fe4d
fc2a
f94a
ffc2
ed4c
f32a
09e4
14ef
0dc2
0059
03c7
1051
fcff
f612
fb81
16ab
171a
01a9
fd02
09c9
f890
f26a
ff7c
ff66
fb5a
f5f0
f85c
0375
06f2
1db6
f04e
0c7b
f7d8
0852
0e65
0841
fc77
eabe
e36b
07ba
0ecc
e05c
ec3a
11f1
ff4c
055d
0067
0275
ffa5
033c
ff57
f0e8
037d
025a
14f2
fc45
f9da
12af
f854
0150
0000
0231
0ee2
ff4e
f46d
141f
0444
072a
fb91
fea9
0030
faa6
135a
043c
f693
f611
0b37
103d
ffbb
f3e2
fcd5
03c7
0dc0
05d6
f5ad
ffd6
0515
dde1
068c
0d8b
0c84
02ad
0300
f954
0539
e6f6
0708
0eda
0554
1287
01c7
0a0a
0673
0ceb
063e
03d8
0538
f29c
eb7a
f9d5
0f44
1217
e5a5
f69e
ebe1
febd
00ff
0b74
0a3a
0c8c
016d
fd71
0459
0591
0e94
ffe0
0442
073f
0609
fc19
fa4a
f56a
ed2b
e8cf
0f0b
0c69
0741
0516
ef5a
0279
f435
f98b
fbb4
0d2c
0f84
0be3
00cd
00a6
fc29
fc51
fa96
0201
ed3a
ed65
fe93
0b84
0533
0e02
e9ca
0fa3
fdab
0f0c
0de7
011b
f9aa
f023
00c6
0ef1
0732
f4b4
ea50
faa9
0a82
06d8
028f
ff2a
ff2c
0491
f59c
f9ac
01a1
03be
1779
fbfe
f683
15f3
fb18
0478
fd4d
0b98
079b
08c8
fccf
fc82
014c
f23a
f886
08b5
039e
fbf0
0beb
0a3e
f535
f83e
fc63
0717
fc89
f8ee
f34d
fd53
eff8
f649
fd29
0b01
072b
ebed
09f8
0724
0048
fe5a
0d81
f1f5
fa96
f7e1
11d1
04ca
fbf7
0f0b
091b
0992
0a42
1771
0e6a
033e
0959
f398
fd47
04a5
fddf
fca2
f67b
07f6
fe68
fa5f
f99d
05f5
01dd
0ebe
faf3
edd3
0a10
f89b
072c
0546
f79a
1086
015b
0198
00dd
fa40
f3db
fa0c
fb35
f8c6
0848
06f5
fa91
0f6c
f8e4
fb3b
0516
2180
03d6
12b1
04a0
06ea
ff61
0c6f
04ff
0424
f9c7
eede
040b
fee6
f94a
07ef
ead1
0720
07cf
02f4
051d
06b9
eb52
0d8f
1291
f6f2
076c
f3e5
fd40
fb97
0578
f9a3
04b7
07cc
f3d4
03e7
f5e2
f40e
05b8
ee13
0282
0376
efc3
1903
fc58
fc23
08ce
0b3d
0a12
01ed
03e4
fe52
fc5b
fd7c
fe20
02e8
0631
fdef
08de
05b9
ed15
05c0
0734
011e
f471
f95e
f25c
faae
f8b2
ee7c
fa27
1937
07ec
ed3d
0be2
0830
0b08
0ca5
08fa
fa87
fe0d
fadb
0ee2
06f9
05ec
05b8
0e36
f46d
10e1
1e3d
0ce8
fd38
fd1d
01ec
fa61
03bc
f5a8
0073
f85b
0b6c
f92d
efab
008d
056d
0434
0242
f96b
fe78
13ec
f834
08b5
0375
1334
0ded
01c1
02dc
016c
feb7
f503
f816
01fb
ffd2
030b
080a
f9b2
13e2
fff8
05de
0235
1074
16b4
0c3a
ff5f
06b1
fbab
fe9f
0548
01be
fcca
f6e5
fe1b
06a6
0158
f8fd
f4b7
0909
03f4
0818
08ed
0921
eb9f
13b9
06b0
f6fb
106f
fa76
fc2f
ffd8
06fb
02c0
ffed
07ca
fd21
0a56
f0ba
f1d0
0965
f0c1
0b36
01e9
f28f
1c13
0017
0618
021d
05db
0a28
0313
fab3
f3c3
034b
fad5
fd8b
06ad
03e0
f8e2
05dd
0a5d
f6f6
f8b3
1b54
089a
fa7f
fba8
ff6f
fe3d
f434
fc2b
0509
1526
0f15
f61d
0318
07d5
0b5d
094c
fd17
03e8
fea8
0051
103e
fdf9
09b1
016d
060d
f702
0688
0a80
0551
01eb
f9ca
f6e3
f4a3
fd9a
fffb
f90e
f8ca
0308
fdfa
dbb4
f9c6
0277
0212
0321
f5e2
fee2
1369
0356
ff5b
04f1
0a55
06fd
0309
ffe0
fc1f
0193
fd01
fd54
021e
fc30
02db
0363
fd28
024e
fea3
020a
0673
0c3f
05f0
0f77
fa2e
119e
0012
0683
00d5
00eb
002a
fa5e
01ce
0929
064d
02d0
f4de
11ba
fc07
0b4d
0377
fa12
f4c2
00e1
023b
000f
0340
f991
03d7
0248
0b34
0cc6
ff09
07cd
01db
088e
f432
f863
03ad
f3f7
10bf
fdd8
f35e
0f7a
fbf9
07f7
ffda
0996
0486
06fe
fb6d
0788
00aa
136a
f750
f974
feee
0488
ff19
0fdd
f875
fc91
25fb
0829
fa67
ff17
fd9a
f825
07f2
029b
090b
0bb3
03b1
ebb4
fee8
07a5
0fd9
08cb
03d0
0501
f8a5
fa62
1043
01eb
0376
fe73
0066
f8ce
0954
1233
fc33
0007
030a
f9ec
fbbc
0599
fc61
0646
f7ab
014e
f94b
e565
fe77
ff54
0786
fa98
f6bd
fae2
0e09
ff58
05b5
06e4
ffe8
0afe
0382
0086
fe38
0676
fd48
fba3
1525
ffd9
02ac
05b7
016b
ff1c
f763
f9a3
0113
17d6
0a7e
0756
fd6d
0f5b
01b3
ff2c
0855
05d8
f7b1
f511
fd97
0c11
fcbc
0772
fbc5
063d
031d
15a2
032e
0045
f7a5
f9a9
f785
06ad
043a
f8d2
ef6e
f8c7
03cf
13e5
0257
0226
07d8
09cb
fbd3
0147
fc25
fddb
0c5a
f530
f584
077c
ffd5
f754
fcc9
fbb0
0711
ff84
f62c
158b
fd5e
081e
ef88
0124
0381
0046
07c8
067d
fa86
fc46
1d08
08ed
f818
f54c
f844
f8ff
0dd1
077e
09e4
0ab8
08d1
e67b
f6df
174f
08c4
0fac
058d
fe6e
f78f
fc97
0798
025e
0b5c
f93c
06a8
f5b5
015b
1b7b
0622
f2a8
0466
f858
f04e
02d8
f344
0a87
0390
f968
001b
ec85
f786
f90d
0fdf
02d5
f462
f403
0834
0cc6
078f
fcae
f851
0051
fb4a
0656
03c4
ffb5
fdef
f9a7
0952
03d5
fbf6
05ee
07d6
f962
01fb
0142
fbae
0eff
0571
fd78
ffb4
16c0
03cf
0132
01d2
06e0
f180
f8e8
ebe9
00db
0adb
02fc
0563
fd88
005d
12f5
0b4e
0072
f24f
f594
0452
13c1
fc7c
f344
f55b
fbff
fd0a
0790
05c0
071c
05ea
004e
fcf4
0299
0467
fe29
1367
f46a
f985
171e
0674
f4fa
f7c3
fb5b
04c0
f760
f4ee
10d3
06e3
253b
eb1d
ff5c
066b
0422
0ddb
fb0a
029b
fa40
2cc9
0e86
0082
f703
0ec4
fc05
0928
1f9a
0824
ff5a
ff05
d91f
feec
1e90
0838
07fb
efd9
fae3
fd32
f2ce
0a61
14f4
08f3
075e
ff32
00da
1638
12c3
01bd
eb6a
041d
f3c9
eb35
ffa8
0f8a
096a
ef06
fc38
f568
eabd
02d9
fc30
137f
03fd
f091
0906
fa3c
0ea4
0627
f9ed
0f12
03cd
ff70
0373
044d
f921
fee4
f138
16f2
07ac
0ba4
0393
fa3b
e88c
06d4
0313
fda5
f4b2
0d6e
f5f8
0056
0611
fddd
00de
097c
02a5
0085
f1e1
ee19
0e8c
18e9
0c1b
0991
06fe
f844
18cb
162a
f99f
0443
ef8a
ff03
17fd
04dd
efc4
f4cb
f65f
03be
10df
0816
fefb
09d7
01d4
f9e6
0896
fdf3
1ef0
1707
ffc8
f751
03ca
0d56
055e
f6b4
f6c3
0bfd
fb4a
fd9f
0725
013f
0e76
ea67
0910
076b
f9ca
0862
0d76
fd21
f4c9
11ac
0397
f121
f92e
0357
0524
03c6
ffd0
0d99
09f3
0c65
e0a6
ffed
1501
005f
07fd
fb84
0502
f6b3
fe19
0a60
0d29
00e4
f472
09c8
fe8c
fe7b
179c
03ff
f62c
fbbd
fba9
f197
0605
0bb2
fe03
0108
fb01
f080
f93e
f8d0
0239
0e4b
02a4
f59a
ff54
025e
0bc1
f8d4
fbc9
01ab
ff75
0134
0323
0650
f00e
fd6d
f903
0f71
0a35
fe28
01c2
f2eb
eecb
feea
f842
ffe8
1030
fe3b
05ee
0673
1474
00a3
04b5
0c94
05ad
0392
f2f0
f003
02cd
0ab4
04ec
04f2
02a4
0841
087d
088d
0908
f513
f839
072a
03f7
fc06
0131
eb0d
fb02
f9ad
0491
0829
f995
ff80
02e6
f875
fd55
0a2c
0e3e
1be8
02b0
f6cb
0fcc
faf0
069f
0354
07c5
08f5
fe4f
f749
ff5d
04ce
02e7
fabc
fae9
077f
fc70
06d4
0fc4
fe5d
0563
f2f5
059e
eae1
fe15
fe5c
0b99
103d
f73f
15b8
09dc
0b06
f15c
fe30
0643
ffb0
058f
087c
07dc
f9f8
fede
09bb
fae1
0700
05dd
fe2b
f23e
03a9
0eaf
0a7b
f119
0406
f7da
f9bf
fed8
f757
0194
fe93
f9f2
fee6
fff9
f87c
05de
01d1
0560
f4be
feee
0a2d
0e2f
f952
ffd0
f991
0663
fe75
0098
f580
fb59
f9e3
fe11
fd64
fe67
f849
045c
f397
f3ee
04a1
017d
04bd
1001
020f
0c90
053f
1c25
fc9a
fd3f
fdb0
04e5
096b
f976
f326
f2ef
0b8d
070d
027a
068b
fda0
fac6
047f
06fc
fb58
0808
08a1
fac8
03fd
fc82
fa04
05d1
ff35
fab1
fcc6
f695
0174
0906
0099
07e9
08f9
109d
0f54
01d5
fa92
0f4d
0ebb
f5f5
f92e
ff9b
0d64
fba9
f9bc
f5a3
0561
1913
f045
f3c0
0bc6
f68e
ffea
0375
f69b
047c
006a
fa27
0011
f8e8
08a3
0f86
f1f6
05e1
15d4
0a81
15c5
e645
009c
1313
fa3a
072f
03ac
0222
fed5
f7d0
0656
0976
f877
0df7
fd91
ee36
0a29
0868
0cf8
fbca
ff84
fa40
fb42
07d9
09a7
fb4b
01c5
0882
fcd4
0d3a
f712
fafc
06fa
069a
ee35
0e77
fbd7
0cf3
fdde
fe5c
fad2
01f4
fb47
ff5a
11e9
f9e9
1406
fc02
142f
024a
00e2
01a9
ec51
f855
ff27
f251
04b5
038b
fa0c
f5ee
0aa8
19a1
fca3
071b
00a7
0c2e
01fe
fc2e
0144
02f0
174b
0881
fba4
0824
fd69
05a4
0baf
fafe
f866
facf
f9fa
0d38
f8d0
0195
ea99
f8a2
07a9
fd10
062f
f29f
fd09
fc19
f075
faa0
0145
1434
1867
09d9
f989
1552
fa90
08a5
fd6e
07c8
02d8
fcdc
f868
fe1a
feac
f799
ebd1
fe6d
0ae7
f23c
fef6
0671
f48f
07aa
012d
f742
faca
f910
00c8
1116
fbe9
04a7
1418
0e8b
1253
e740
fea2
0a38
ff6a
0a92
059c
05a7
f754
0559
1203
05fa
ff7e
0128
fff2
f539
0c7d
0e80
101e
ff2d
fbd9
f865
f769
0b4c
f802
fe5b
fc64
0cc7
f65b
ffb7
fe56
039b
02d8
051d
f36d
01c5
fdad
0c64
068b
01f8
f2ca
0658
fb37
f952
0c23
f92d
0613
faac
ff73
febd
eedc
fe62
f6fc
fac7
fd0e
f9ea
0bbd
152f
f69e
0b14
0a18
243e
032a
fd88
029c
0999
020b
0092
0142
f2e9
0b9b
0e01
fdd5
fb5e
079e
fe97
086c
05ed
f923
040e
0cd3
fb6a
01c3
15ad
eda2
0b81
fc2b
fda7
0131
f9fa
fffa
04c9
ee84
0042
f7ac
2076
0b91
012d
fb27
0fb9
fc9d
0484
0330
0232
0105
fa3d
fd0e
ff82
02c2
02b6
f1b6
fc44
1455
fc6e
10f9
0142
f1bd
ff30
0ec2
ff36
f86f
f8a4
02d7
0743
fd37
05b2
0432
0307
0a46
df3c
fa02
0585
0406
0c89
ec0b
fe49
fc79
fcab
0bab
0a06
052c
09ff
f13e
fbdb
0e4b
1cf7
ffbf
f98b
ff7b
f6dc
efbc
0604
fb8b
0d23
031b
0067
f201
f396
ffe4
fa5d
04e7
09db
f7d7
1873
03ee
0686
1555
fa92
021f
0c98
0248
fb53
fb33
fcbf
fe6e
ede8
039a
0952
0229
fcd5
fa6d
f41e
03d6
0773
0298
17ac
02c8
ffdc
ff5e
1264
f934
f9f0
05e6
0705
0761
0166
fff8
f906
039c
0419
fc54
03e6
0251
0216
10e9
0011
048c
07d5
0c7e
f7c4
fe9a
0b16
f885
fc1e
ff74
fcf9
0188
f81d
05f2
01a4
ef37
fddf
001e
12b8
05de
0691
fc46
1245
0789
067a
f501
046b
03a3
fb35
02cb
fea4
fb58
ffee
f991
f6a2
0dbd
fc42
036c
095b
f730
0553
0f64
feed
fd45
fdd2
fb21
07d9
fef5
0a37
0d04
0c11
0df3
e616
f4a9
0f7e
fbc5
0499
fc5e
01d3
fa98
0106
0d20
0280
f846
fb90
fb6c
ee89
08af
1930
02b3
fa21
fe66
fc12
f1e1
0344
ee7f
020d
0aa9
fce6
f60a
ed8f
f981
fec2
02cc
0607
f51f
21d7
06f1
0956
0d40
fff2
f60c
0781
f6c5
f7d6
fdaf
01f9
03c9
fa0a
043d
05d5
fb7c
058e
f78c
fd2d
fc1b
f7ed
053a
0282
f24e
093b
fe5a
0e1d
fa55
f50d
06fd
0ace
0f5a
0322
07e8
fc96
fda0
f8b9
025e
f10a
031c
fae1
ff67
10a3
fe7b
0c9f
fd21
03a5
0808
0cf9
f405
f6e9
ff2b
efc1
05f8
f934
0195
ff02
f20c
feb2
00c1
16fe
0360
f9e6
f3e4
05cf
ffde
069a
fb48
0316
f81e
fc2d
0aba
0ff3
007a
05f5
f226
fd98
0921
f347
fd1a
0f8e
ec5c
fe3a
0f0f
0a0d
f304
00ff
fcfa
1083
fdad
1046
089e
fbd9
041d
e8ef
fb06
1a6d
0c52
0df5
ff6d
fa5d
f930
f600
0a06
0810
fd2e
0947
f540
f477
1202
0cf0
0683
f0d7
06ab
0019
eee6
03f7
0195
0b53
01d4
faab
f46b
fcc6
04b5
0070
05da
06aa
f865
0aaa
0048
0f64
1104
0034
1105
0018
f89e
0072
fb0a
041d
0a8e
f38e
08e9
053b
01ac
ff2e
f58b
f0af
0120
fa21
fa55
017c
054f
feb9
fccb
0800
f4fc
fc54
1e54
06a3
1879
0127
fde7
fb5f
019c
0a25
02f2
0cf9
0507
1203
0f71
0c8c
0ccd
f6cb
fdee
0ad1
f6d5
fca4
e792
03de
fc22
0514
013a
016d
ffc0
00d8
eb04
fb0e
0016
1f29
0091
038d
f6a2
00ca
fb37
0192
07c5
ffd8
07dc
f587
ed0c
fff2
ff5f
09fe
ee85
0091
df85
0b73
05ca
fdcf
fc53
0cd2
0d90
fd47
f1a9
eb37
fb1f
06bb
ff08
1abe
045e
05f0
0077
e8af
fdbd
07e3
0471
0067
0645
ed81
01d4
ec20
03bb
04fb
fc98
19dd
ed63
07b6
fefa
1883
0825
f833
00bd
0813
f60c
f2f9
09c2
1337
f394
003c
ec0a
1569
023a
ff44
0499
0862
16aa
072b
fe51
1eb6
0cc3
0179
0221
0ad9
fe4e
fe8f
0c86
05f5
fde2
f552
1bff
19a1
fded
ff8f
e59a
f0bc
fb5b
fb4f
0b4c
f926
f60a
f125
f200
f5d1
ec6c
f198
2034
0294
01da
fce6
e2e0
0593
0139
0bba
fc05
0760
018c
0eed
042a
0542
f48b
f0ba
f404
0cfa
1250
e983
f5d3
0daf
06c0
03f4
fbd2
05e9
fc2d
fde8
062e
edf2
fe9d
0b38
045a
f59f
f754
151c
0b78
0531
0610
00aa
0b05
fad4
f915
ff73
05db
09d0
f20c
feac
e802
11af
0328
f8ca
f035
10d0
07be
054b
f1cf
f737
0121
0683
fac8
14a1
fe4c
0855
f8fc
f055
0032
013c
06ba
08fa
10be
f42d
00ca
fabd
0233
ffb3
fbe5
15b1
f697
fc94
f668
1310
05d5
fbbd
fa9f
073b
f394
03b7
0277
16d1
fed5
fd43
f40d
16e5
ff01
02f8
036b
0116
0e2f
fd1b
0772
1395
0c75
ffdc
02ef
1430
fe82
f91d
01c3
0041
ffa5
f1c1
1842
0dfc
fc95
f948
e9e1
f82c
f5d0
0086
fe75
070c
f7c0
0a0b
f819
fc50
f0ea
eff5
18ce
0206
fa4d
fcbd
f406
ff64
0831
ffa5
f16b
0385
0b5d
0d0a
f42c
03fa
f86d
f999
0279
01c4
0ebf
f18d
0994
0a9d
0748
ffeb
0252
0072
f658
fae1
0b44
e811
fed6
0299
055a
f2ed
0891
1a04
0f8d
0354
fc2e
f610
054e
027d
f30b
0cf6
ff63
012f
ec7a
0263
e64a
13ab
120f
fa4b
fc04
0d9c
039d
0a8a
007b
f4fc
0227
0755
0364
100f
fd1c
03ce
004e
e1b6
f12e
0812
0b80
fcdd
103c
e9ad
fcf7
f1a1
fc5e
0c77
ff73
1084
e9e9
fd8c
0ced
0af0
0ade
f8f2
fc4b
fde0
f721
0694
ffdf
1af6
f28a
ed72
f2db
0271
01e1
fc01
03b3
029a
12d0
f0ae
01c5
17a9
07ea
02fe
fd87
16cc
f986
fae5
f9d4
0836
ec4f
f89c
1eac
0d15
0af1
f3c0
ec6e
02aa
fa32
03b3
ff17
f8e0
efe5
00d8
f33b
e611
f1d4
e34e
1a48
0523
f751
004d
ec5f
04d3
0bb5
0837
f62e
066b
0e36
0ca8
0642
0a9a
f18c
efa5
fbe3
1088
0a9e
f40b
f2ea
015a
0e5d
ffa9
ff08
fbea
fe1b
0178
0a70
e71a
f8ef
032c
0dbd
f92a
ff76
063c
0dc7
ffc7
f9c4
0440
07df
fc7c
fba7
fce3
ff1f
035c
fb59
0015
fd60
0e8d
f7be
f629
0a63
0c41
126d
04db
0652
f45e
f4ed
0d69
f46e
1dad
0560
04da
0352
e9b7
f1ca
0974
08a3
03bc
085b
f6c6
014e
f9d9
0098
042a
fea4
feec
fddf
fc1e
08c5
0ca0
0545
0222
f564
069a
f73a
0aab
f8f1
10b9
fc3a
0874
f922
0abf
0527
0122
0514
021c
0406
fa64
0167
0990
f988
fe87
09f7
09f7
ff4f
f9ab
0182
0397
0367
ebf3
3092
092f
f83f
f7c4
eda3
00c3
f9c5
008e
02e3
f4ba
ee86
0572
f2e0
f958
fab9
db1a
1a80
0598
0b30
fdc5
f984
0863
0a27
0dc8
ea0b
1522
00b0
17da
0252
058a
ebc9
fc57
0d70
250b
fc58
ec5c
fd2e
080e
0aa4
05d0
02ba
fd02
f9e3
fdd0
f565
e844
fe8d
069d
0eb8
0124
f8ca
fd7e
0b95
05cf
f9a2
08bb
0cd8
061b
02ca
ff79
f97a
0f67
fbf3
f63f
fdab
0b2b
00af
ff14
006b
09b2
0126
07e6
053f
ef85
ee04
ff3c
faf1
102c
03b3
0232
f297
f8e1
ff18
02eb
0567
042d
0585
f574
01e7
f99f
082c
eea9
f5d5
06ba
055d
0309
fdfb
0e5f
09a3
03ae
f61e
ffaf
fce5
0267
e91f
0b30
04c0
0393
0350
00a8
fdb8
05f6
0061
0079
fd2d
fa4c
033c
0e47
f065
00fb
0344
0b86
f608
f5cd
02c1
fe92
fef9
f7bf
1832
0235
f7e5
fdd3
f1d9
06f0
f98a
fab1
09e8
0a8d
fb4c
02a5
fdb9
05f6
fa61
f09e
0d9f
0d00
0560
031c
eefb
0989
fdc8
01ba
f36d
1101
f3ce
045c
ffdd
07c1
f058
0362
fb16
1f1e
0ab6
f63a
fdd7
0b59
0e7d
fbeb
082f
fa12
f0b3
fea5
fc1e
ea36
fe4d
f3b7
08d6
0266
f44b
0584
015b
fdf2
f7bc
fef3
0ff0
fecd
f47f
0d7e
fcd0
06b6
f5fc
fdb4
f025
0190
0a9b
f30b
fb33
072b
1163
095c
095f
eba1
f9a7
fffa
008f
12b7
ff95
0ac1
f37b
e4ac
0001
0319
0d0e
0269
064e
eddc
095e
fa54
02ca
037f
fc30
1930
01b6
0562
06e1
0900
11b6
f9fc
fc86
ff22
f516
026f
01fa
0d50
f6e0
ef87
ff1f
051f
04b0
fe9e
05d3
0037
0e4c
fb9d
f7a0
1158
0266
ff3e
1007
0ce6
f8d2
f92b
0244
0661
e668
f193
18af
0d1e
0762
02e0
ec7b
02b9
f77d
f62c
071c
0a6e
03a5
0341
f93d
ee21
f8b4
e012
0c86
061c
04af
029e
e82c
158b
0621
0e64
ef08
1682
f88c
10e6
064c
1043
f618
eecf
edc9
1988
0a00
e3ca
f499
0538
06ad
fedc
ff3f
029f
f526
ff2f
f1b0
f312
f77f
fbcb
0bba
0713
f9d5
07dc
05cb
ffb2
f749
0983
0fc5
0bc0
fa32
0230
ff9d
fbb1
f961
fb93
076f
fdf2
01a1
0253
0619
fff7
0ee8
0a53
042d
f7a9
fc8a
00ad
ed49
07d2
06aa
0e59
ff02
f977
0fd5
00f1
ff54
0b1d
09d1
02f6
0817
056c
12fe
fbc6
fe2c
041d
08a8
f889
09fb
0a6e
1b8c
0a9d
ef78
015e
f3a0
0dde
010e
0456
f4e5
fdd3
fd43
071c
f7e6
fd1e
0a54
fcaf
fc29
fa42
ff55
0f72
f26d
0b3a
fde3
16bc
fcd9
f730
0989
f989
e419
0618
0c48
04f1
f4c5
fec9
eea2
f9a0
f7d8
f4f5
0925
0daa
f7a4
0878
ff44
065a
fba6
f986
027f
0ff0
004a
fd86
fb2a
05a4
0217
0f04
e99a
07dd
057d
00cc
026f
050d
ec16
0005
105e
20c7
fc61
f5e6
f7aa
ff5e
119c
f5ea
ffc4
032c
f080
feea
e812
efdd
fd2a
f2a2
1149
0c9f
ea67
0654
0223
05c8
fa0e
1096
093d
09b1
07e3
fac4
fb2b
ee30
f51a
fe59
fceb
00d1
fd8f
055a
06bd
fd9d
052c
f7df
0575
f5d8
f791
fbaa
eb3b
fa4d
0b21
13b7
01f3
f28c
033c
05eb
051c
f110
0ab6
0622
001d
039c
15cb
f450
fede
10c3
0be8
f9d6
0e03
0e20
11ea
045f
f640
0339
02ed
065c
fde1
000f
0125
0175
0012
fcd3
f535
fba0
fc1e
041a
f97a
e5ab
0c30
063b
f516
083d
fd2b
16c7
fd22
f8df
0879
0122
ebfa
fd16
0599
f804
f5f9
031d
e752
0c0f
f4a3
fa55
0db3
10e9
f4ef
0dee
020c
f6c1
fd7c
f533
0b57
0920
f2e1
f96b
f736
1140
f4fc
01f3
e6da
0c81
032f
ff65
02f3
0e7c
e345
1078
0fee
14ed
062a
fc0c
03c1
f834
0e89
f3f4
fd4c
078d
f2e1
0208
ecf7
ec4c
052a
ef38
067c
0888
e4ca
0a73
0738
03a6
0178
0ce5
0683
0990
0145
fe47
fd70
f772
f090
fd0f
02a5
fc59
f863
f629
f35e
1113
1b85
f950
fdb3
0211
070d
f8b6
f03c
f17d
0156
1d93
00a4
f55f
0d00
0d53
0409
0d5f
0525
047f
fc83
0bc1
1421
fc0c
04d3
0e84
0a09
e4f7
0bfb
1831
1802
025f
f154
0e15
066f
0bcd
028c
fcd8
0583
feae
fb0e
f181
fe00
f765
0506
fdfd
f910
f269
09e5
099d
019b
03f7
16ba
15b6
f8af
027e
0d26
006d
f5a0
fa53
00b9
f8f1
f4fc
04c7
ebc0
05ba
fa6a
04b5
0cbf
0c9c
fb9b
175b
008a
f971
fb63
fe43
0afe
0811
f435
ff15
f4bc
0849
0062
fd8f
ef4a
093b
0f3a
1103
01d4
0a17
e680
1589
0eb9
0e93
0933
0391
fe33
0494
0b34
fe4e
fd54
08af
f43a
0294
f392
f89f
fd6d
efb8
0c5a
09b0
f419
1379
0583
0a89
fd3e
0b09
0338
1066
fe0f
f3f1
fadc
01d3
f021
0217
0af7
f512
fe09
fc72
f958
0b52
2596
fe60
029a
04e6
03c9
fb57
f6d7
fa51
05b3
163b
047e
012f
0f95
0f7d
0efe
0872
0a39
0976
fafe
ffed
1337
f6f8
fd57
01f4
0237
f0ac
0748
0bd5
13a8
086e
f1e3
0a23
08c2
0990
fb42
fa6d
05ca
fae7
fff8
ed3a
f8fc
f2e8
05e3
0325
f583
fa63
0c97
0af9
f2cd
0995
0faa
11db
fa1d
0015
0507
fa67
fbd5
07aa
fb3e
fbbf
f507
0b75
ef09
f08f
0258
fc2d
06d8
0a8d
f98a
143a
f8c1
0566
00c9
fd53
0c55
06cb
f0f6
ff83
fc71
0508
07ca
049b
f1d8
0daf
0aac
05b2
0148
05e7
f0b4
0fea
092f
196f
0067
0079
03ea
080b
06c4
08b0
f8cf
0714
fa8a
0054
eef7
003d
fd35
ec40
1979
0822
eec7
1184
0824
0639
01a6
03e7
02d0
0c0c
f5ef
008e
fe8f
0092
e94b
f36a
032d
0493
0262
fd6a
06e6
0822
2a67
f02b
05bb
01c0
f95c
fd5c
0cbf
06a3
07ae
1d35
fc61
f29a
0786
0361
1492
03bd
0c7f
07e2
f7a4
f9e9
1007
003b
000a
faf2
01b1
f5d3
07dc
1375
0c13
fc27
f725
033e
01f6
04f0
fa1d
0683
0894
f654
036e
ed98
00de
f37e
0990
f912
f0df
eda5
053e
0583
fec4
034d
03a1
1067
fafc
ff60
0934
fe39
f8f7
0086
1bd6
00fd
f969
07e7
f192
edd9
fef1
fa49
059b
06f0
0485
1086
fcf8
08c7
fb6b
f696
1f07
0c3d
f716
f7fd
f8d9
02c7
0932
0b27
f53c
fc6d
12cf
0ce8
0089
0aa9
e9a2
0e23
fc35
15eb
f907
ff6b
06b7
05e6
0b38
0a56
fd65
00af
fd26
ffb0
f0b1
fd56
f56b
f3d4
13e6
fd74
01d4
1af5
074e
00eb
f902
faf1
08f7
0802
fb68
0a00
f4cf
ff10
e6bf
fbbd
03a8
0580
01b8
080d
0a3e
08cc
1cf3
fabc
05b5
f6d9
f83a
fb26
04b0
0b53
0d2b
16f8
f9e2
eebb
fd45
09be
0903
0c58
1757
0af7
fede
0625
04fc
f81a
0c3d
f51c
0ab6
f294
01e5
1d4d
0b9e
0158
f8e7
0329
feaf
0b90
e999
06fd
0d01
f9bf
0464
fe65
fac3
f6ff
0bb1
fd4b
f39d
e3cd
04b4
0d96
0025
f41d
f4ba
0915
f309
01be
001f
0491
f9ed
fe06
0a0c
02a8
f6d6
fe18
fb05
fac8
05d3
f85b
fe12
07a5
fff7
0a77
fd7f
0818
fe02
fa74
0d95
0aba
efa2
f848
f55d
0616
09bd
040e
f99c
fa7a
0c1d
129f
0721
106f
e530
0b93
03d5
0ffc
003e
fa3d
fd4a
040c
0681
fcf2
feba
ff15
fb16
ff8b
f666
f8c3
ffd2
f397
1058
0250
f9ab
2011
122e
fc37
fccb
034a
08eb
016c
f3eb
fb28
fef2
18b9
ef3d
efd8
03d2
0e95
fe48
f5be
0dea
0054
3e17
069d
fffc
f6b8
1784
fc79
0437
1e21
0afe
1462
f158
e66a
fc6b
1d82
095a
fe42
05ff
06ca
fdcc
ff46
0649
01f8
063c
fdf1
0c39
fe90
105c
1c84
ffb5
f7d5
fb15
ffa4
fa2a
fe54
f1c1
0c9f
023f
f928
01c0
ef75
0032
00ff
0e29
fd08
ec16
0795
0f16
10f6
fe80
06e4
0d43
1183
f8e4
002f
077c
0e70
f8f1
f93e
0a7e
0686
03fd
fd5f
f418
eae8
0567
fe31
01fa
fbb4
03f8
1241
ff48
0018
f4c9
f55d
06d5
078b
fb79
f904
e6fa
0ed7
1122
086e
f9a2
04bb
02e3
10ea
0d03
0c91
f11b
ff09
fd9b
2e3b
0466
f30e
04ad
fb63
0a6e
118d
fdea
02c1
005f
fddc
f3be
ffec
fc9a
1076
0f73
0586
01f7
006a
0f0a
071f
ff4a
00e0
0dd3
0932
ff47
fbeb
fac4
fcfb
ec1a
f4d8
046c
ff0f
fe25
09c8
0495
f9e5
1337
0325
f618
0199
fa0f
00de
ff42
fb87
137a
0bc6
0d13
fd26
02b6
0fd8
fed9
fbf3
0c2e
1264
f613
0622
0662
eded
fdb3
feab
0941
fb38
09ae
05fd
fe06
fdb2
edde
0279
0089
08dd
f19e
fa75
0f1d
f5a0
006d
f56b
f8e8
0162
0d2c
022b
f421
0093
0e0e
111a
f6a6
05ee
fc5f
0974
f413
039a
0067
f7bc
f71f
fcd6
fdd3
072f
f1e9
0232
f76a
eb04
022b
f8f9
0883
1478
f59b
137a
00de
1388
00d7
f235
07e8
0cc9
ff95
fa72
ebc3
03ec
07a5
093e
f659
0480
0ff3
0e76
f936
16e8
ee12
114d
0ae1
0e9b
08d2
fcac
fdad
0cb9
016b
0637
fe50
fd44
f5b7
fd36
fa7c
055c
02dc
0d0f
11ea
06f8
f318
0bbd
0628
ffb4
ff23
06c0
0d1a
04ac
fbce
f0a6
f996
07c1
f313
f50b
08f0
f6b2
fd93
f95e
fd76
0502
fd83
00d5
f60b
fd8c
fa64
06dc
fe42
f4cb
15b5
0a11
0ac7
0345
0c26
05e2
f51e
0445
16f9
0b60
f6de
0774
0af6
f235
079d
0b9c
0874
ec51
0a42
0405
07b2
fcb0
f4ca
011a
0896
05fc
fdfb
f822
0a04
f56d
016e
0d07
f814
ff16
0786
025b
ef79
0160
0961
0b00
f427
05a3
f95e
0909
f440
fe3f
0237
ff61
fd27
02f6
fcfb
f9c0
eb22
0181
ede2
eed5
021b
00f3
0c69
1432
f293
0810
037d
0886
ff79
0046
07d2
0c17
0d5a
ff7e
ed7b
0053
0f9a
0c20
f5b9
0d41
ffe5
fbf3
ff20
0e0a
f38c
11e5
08fa
1acf
01fe
fc00
fadc
0a23
0c85
f833
fbbe
f339
fae2
03df
f6f4
01cb
feab
0baf
1025
fc2b
f33c
0240
0862
0316
f6af
0544
0726
13e7
02c1
fc70
00ce
0ea8
f654
f261
09e8
0d48
0492
0338
0007
03ec
09fd
018e
f8ca
fffb
0450
0aa0
fbd8
062c
0d3f
0773
0916
f94a
05c8
0bd5
1275
01c9
1417
0c44
fdf5
05fa
0790
fc6a
f79c
0de4
056a
e8c1
0f02
0893
0b23
ff41
fb7e
fde2
1074
0af1
fe8d
0493
0192
f35b
0600
03f8
fe44
fb59
0bfb
07c5
f175
1824
0063
0abf
fa86
0063
f677
0f57
f855
036d
0c83
0f34
fbb7
f51f
0e36
fc5b
fd6b
f949
da59
f7fb
fca0
f042
0a9b
0cfe
f944
0848
06c8
025c
faaf
f157
0182
0ea0
01b0
0206
eff4
fe9a
09fa
09af
e9da
0ef9
fd3a
1214
fcb0
0320
f9a9
07bf
09a5
1fdf
0802
04c9
fa64
fa1c
12c5
ff4c
00fc
f310
f2e3
fd9c
e90a
0397
fd4e
0b56
0a83
0399
fd20
0c30
05ec
102b
044b
01f5
ff2d
0a69
fa58
fe3a
fc10
f70b
f209
fbf8
0d5f
f145
ff77
06c0
049b
09ab
1194
fe1c
fedc
fd13
009d
0adf
f685
0f7f
0f02
07ee
111f
f38e
0ba0
06fd
063d
032d
0388
0644
002f
0b1a
08a8
fcd7
00a6
066a
0a68
fae8
04d5
09d1
1a72
0779
efc2
fd6f
0209
0b8f
f6a8
0499
fae4
fcd7
fa44
03b1
ff12
f1b1
09ee
0577
f10e
0b0b
f4f3
1114
fb07
f50a
f6ef
0b47
f915
006c
1298
0146
f31e
f574
f12e
0189
e886
f746
e25c
ed57
ff3c
faa4
08bf
1763
f4e1
0cd9
00a4
07d1
fef8
f16c
1509
0d92
0948
07b6
f894
fddc
0750
0875
f951
0117
0b36
0d50
fbe1
0395
f171
099c
14ca
0139
f851
106e
f7d9
0d1d
06ba
00ec
f841
f8ce
fde1
0294
e4c7
0709
f49a
20b6
0f3b
038b
fc3a
1087
050b
07fa
ff11
0660
024b
0531
fd88
0224
ff73
0f43
f198
fc81
0e4a
fa3e
0acc
0380
009a
0649
1c51
0388
03f6
ff6c
08b7
0a9b
fdf1
0ebb
043a
0d22
09b8
ef30
03a6
1833
01fa
0192
f67a
030b
fca2
05cf
09c4
fc56
0597
0bb2
01ca
f970
1eef
0b41
1616
fe01
f26d
f8ce
fde6
05c6
f93b
0b62
0519
f90e
f6dc
0097
02e3
f149
0e37
0a9a
f92e
1df2
0494
0cbc
07d0
0276
0757
09a0
f84e
fd1c
00d9
05d2
eca4
008e
0cf6
047c
f2fe
fb56
e2d4
f37c
00da
ff20
0752
ff58
f291
0333
fea5
0083
f4db
f11f
21c1
0be7
08ad
09f5
f504
0307
faab
ff97
f385
035f
008a
0c03
077d
046d
f790
0df8
07c4
1d87
fe81
07fa
0103
02d2
fdbc
05ad
fb52
fc13
fc04
f8bd
e5ed
0990
f489
0e11
1302
feea
f9df
ff55
1015
0848
f732
0468
0806
00c6
023a
f894
faa5
008b
f0d9
fb34
1309
0007
ff50
0b0a
0397
0c6a
1d68
fe66
00d7
fe1c
04db
091d
03be
1105
0c72
12dd
09d5
f642
01ee
149e
fdff
009d
fde1
0ad0
fffe
0362
0a2d
fce0
fa25
02d8
032b
ee12
1b1f
139b
16b2
f9b8
f077
fe1d
fc76
0791
f470
0a6d
075c
fdaa
f7dd
f064
0144
f68f
0d0b
07ed
f047
21f2
fe99
0b39
fdcf
0529
faaf
0b3b
f03d
01f9
151e
0015
f7a2
00f2
04e2
0113
f29e
0443
e1f7
f7f5
fd81
f5e8
05fe
fbbd
eb13
0cc2
03dc
fdc6
f600
f61a
086e
0b3c
1df0
06aa
f7da
f81c
07ff
fe40
f0bb
fc49
08d1
0a8c
006e
0c7b
f731
1227
f958
0a45
028e
051a
fff7
0630
0213
fef4
f9a9
0096
f694
f9e6
ebd2
07da
f79b
1a9e
0451
f9e3
f8e4
09fe
0f43
0235
ff37
ffe4
fdfe
0168
05e8
0aca
fc83
0027
ee8b
0200
093c
f9a2
f817
1006
025c
0347
125a
08a5
fa61
062b
fc0d
07d8
ffcf
17fb
0ed7
0923
fd41
f346
f870
1a44
0835
0ab1
03f8
0640
0282
f9f1
09b6
0eb9
fd10
0c10
f7cc
f1dd
1857
1393
1709
f08e
f570
07ef
f668
0043
05d0
0a6d
f855
f15a
ed0f
f800
07db
fc24
0956
0846
fbfa
005a
f4ae
14a0
f70e
fb3a
0ad8
04af
f976
0704
09de
0bcc
0551
fccb
0fa9
056d
00a9
0096
db10
ef1c
0059
f928
fce5
fd87
f0f5
03e9
fd3e
f5bf
ecb6
f8d7
248c
030f
2498
0a57
f695
f9cf
04d2
0809
fdd6
0fa2
fd18
1040
06c9
0606
f82f
01b8
fd89
1c39
f427
0085
f7d0
01d3
faf0
00c6
fb54
0711
fcd1
fadf
e896
03ac
f7cd
28f9
0ba1
ff88
05ae
ff46
013b
0c87
ffa1
16e9
0c84
007f
f3ad
f6a8
03fd
0fbe
ec3a
f8cd
f00a
0777
fb73
07b5
03c0
13b4
f8e5
f988
edaa
f3c6
ef10
05cf
f34c
0f4a
020c
088a
096d
00ae
0937
f582
fc6f
0fb6
0975
f912
01c6
f679
05bc
f33e
ff40
1819
f303
fec2
16f3
118c
1c41
f6fb
f75f
10db
012e
f885
f329
f341
06f2
0477
ffd0
11b1
fdef
00cc
fbcb
046c
032b
fa5d
046b
187a
0b24
07ad
ef71
0bfc
f96e
0118
0510
fa66
071d
f484
1bef
09ad
f386
fd9b
fc07
feba
fffb
facb
0446
0361
eb3c
f7bf
f6fb
0890
edab
ecdc
1c4a
07a7
09cb
01c4
f028
0130
0a34
0e60
f6d6
0738
0ca6
fd10
0c32
f946
e904
007f
fd41
07b4
0108
ecda
074c
1bdc
0cb7
fb79
0179
fcd3
f53a
fb21
0737
ee47
fe50
ec9a
030a
062e
e1a6
2450
06f2
10fb
006a
0e4b
03ea
f7ce
ed90
ed21
0905
1aa8
f0e7
f835
ed3c
04d1
fe40
ffba
fbc8
17f5
f54c
031a
f551
f859
eb9a
033e
f5da
0ac1
002a
0e6a
0117
06ef
0ade
ff82
f9a0
15b5
09fd
f3b6
fae9
01b9
0304
f625
0008
1a17
f448
fda0
19a1
0941
1657
0660
f808
0ece
f676
095e
fc94
f977
0c7f
092d
fa0e
1e1c
f6f3
0065
fc0c
03fc
050d
f950
005d
1451
0516
07fd
f5db
10a2
fa45
fc58
fc94
eb78
ffcc
0076
28cd
0be7
f8b0
f6d4
fbc9
006d
f4af
fea5
061b
04b1
ec0b
fda9
f97d
05bd
f10e
0287
0393
0021
05d1
01c3
ffd8
03c9
1601
0685
f829
fe47
10e5
024a
f3ea
ef6d
e971
0d47
03c0
ff23
f772
f4ed
044a
1fd4
110e
fce1
0029
009d
fa48
f431
158a
e8bb
fab1
f363
0a08
034c
f0bf
24ad
086c
0abd
f6cf
1092
0738
0067
f361
fe8d
01d1
04e9
f46a
fa84
ea93
0ce5
0850
fbad
fb94
155b
f320
098c
f9e8
fd3f
fa91
0253
f39a
015c
fda0
0be7
02c9
f609
f613
fcb8
024b
0a0c
12a8
e6c9
f796
fc31
fcb6
f6d1
0490
13d5
fb01
f5e0
0565
018a
1a97
eef1
fffd
0811
fa7c
00b4
f906
fa9b
0232
f4c2
fcca
0975
fb65
009a
fe32
0233
0668
ed57
fcd1
1722
082d
0d6c
0013
1042
faad
ff2d
03c3
fdb8
f736
f63e
1abc
0991
082d
f799
fc0a
0e09
fd2e
032c
0274
0383
ee7f
00b5
f676
f3e0
f8fa
ea5d
119e
0763
04f1
0302
f58d
116f
0df9
045a
f3c0
0693
0e31
044a
0a64
0425
eb1e
00fd
fbaa
0cb5
0431
f324
f77c
06dd
12b7
003c
fedf
efa6
fe7d
fbcc
118e
dfb9
fd6c
f92d
0ffc
09da
f5d8
13a2
0570
186d
fd7e
0d37
07bb
ff1e
efa3
f734
0683
1117
f39a
f782
0055
1730
f9ec
fc56
ff66
107f
f42d
02ad
fae7
f7fb
f942
007a
f5d3
0812
03c9
02cf
0912
05b8
fc8d
f335
04aa
08f2
1216
eed9
ff3a
f8a4
ffb2
faf8
06b8
0861
f82e
0392
0887
0af3
0fd1
f6c4
ffeb
0eb4
fbae
fda6
eed6
fbab
0541
fd4d
f592
08a1
ff89
0536
071c
0449
ffca
f8c1
074f
0538
03ef
0001
f88a
09ae
023a
fe56
f937
fa4e
f255
f485
269e
0740
fba5
f777
ff36
0c6a
00e2
01e7
0170
0a63
f3ea
0ac8
f121
ffce
f6ca
e7be
113d
04ac
0663
f9c0
fc07
0660
1203
0c23
dfd9
14ee
08f5
fe58
0ee7
fddb
efb5
0526
0745
1153
f0b9
f6a8
fa6a
12ac
1197
04d3
fb65
f4e2
ff21
fd1f
0756
e8f6
04f6
f0b5
0841
0ed0
efbd
173b
0291
0ce7
ffc7
090c
0426
fad0
f706
fc33
fcc6
1eda
f851
f918
fe0f
0dcb
048f
04dc
f8d2
17ad
f932
0f5e
fc9c
f486
fe1f
f9ac
05fb
0b5f
faf5
f8bf
0181
fd79
004c
f539
05fa
023e
05e3
ea32
fc90
ecd7
fd5e
f2cd
0478
05ba
f82b
07ed
fe87
100f
0ffb
fdb3
ffa1
03ec
f563
fd03
f840
02bc
07b0
f75d
f7b0
01ed
0448
077b
099a
0727
069a
fc58
0014
03a7
05a5
0542
fa9a
089d
fa5d
fefa
faf6
f562
fbd8
eadd
1423
05a0
fd72
fa9a
02e2
0445
ff07
f9e2
fe90
198d
01b5
fe2d
f646
064c
f73d
f239
0cb7
0832
074e
fc1a
e9b2
132a
0869
090e
dfb5
10c2
fe66
00eb
07ed
02c7
f3d2
02d2
f7f7
0f61
f7e2
e9a8
f03c
0cde
0b91
ff60
fd60
ed97
f900
0040
0d11
f118
0549
f1aa
0eea
07f5
f69c
0d75
fdd6
1691
f753
0bc2
0bec
030e
fc93
058c
fc18
0b7c
f279
f63c
fc33
051b
03fb
f6b9
f52e
1011
fe42
0bb3
0373
f912
00b3
fe9f
05f1
060c
f9f3
07fa
f5e5
f6f0
0315
eec4
109f
fffd
033a
e698
031b
f768
ff2b
fc35
0394
0c1f
f9d9
0711
0077
0ad6
0fde
fee0
0675
ff40
f80a
f50d
fca6
086e
0319
ec87
02b1
043b
07da
00d9
0b45
ff77
08e0
eb7d
fa9d
0e67
151d
facb
08cb
0c6d
fe4b
fd28
ffef
feb3
f18d
f007
135b
0532
0891
fea3
0035
0920
fe49
fbb7
fe53
1971
0551
063b
fcef
f848
f656
e22c
0b0e
097d
07d4
fb4e
f2ab
19e5
06a7
102e
e2b7
1313
046e
f825
03d3
0ae6
f7da
ff62
fcad
0a10
f917
ea4a
f106
059a
0738
02e9
02a4
f229
effb
fb7e
fdf3
f17b
fd02
e7f0
05d4
0452
fb93
1027
f811
1572
fe3d
11fc
07e7
1052
faa9
feef
0474
0b1b
f7cf
ef33
03f8
06a7
0303
0145
fcc5
041a
fe04
0e9d
0055
fa4d
fecc
fcde
ff36
042b
0033
11f0
045d
fb0e
0689
fb22
061c
05fd
0d4f
f5d5
fe2b
05ac
0987
f7dc
066e
0520
0539
fe6e
fcd5
043b
069a
0827
ff72
f9ab
ff47
fc87
f847
fb88
07fa
f601
0317
fb23
f8e4
0714
109a
066d
feed
f23b
0d47
fedf
053e
0d67
00a1
182a
006b
fc38
0421
f4f9
e62c
f6be
0873
034b
01d6
fab9
ff6b
fd25
f7df
f6f6
024d
1d15
011c
0ea3
03ec
0b64
f6b8
f85a
ffe4
0d01
fc1b
f64a
fe3b
1e96
fe5b
08fb
e9ee
088b
0e69
f9d8
fb06
08d6
f495
0984
0767
18a8
ff35
fc0b
f1ff
fc10
1064
ff85
fecc
fc08
f2a6
0054
f94a
ff75
0237
ee24
05f2
0761
ecbe
0ef7
f5c1
fe75
0639
0835
ff6b
0379
fd60
0313
00ee
185f
eaec
f98c
f454
05fb
0b7d
f9c0
f6c9
07ef
06c1
082d
fd89
f7fd
05ea
0a14
f7bf
fb36
02cd
ff93
f816
f248
ff9f
040b
0946
f441
0bd2
f123
f25f
ee76
109b
fedd
0dfc
19ad
fc6a
ff7d
2800
0b83
0c70
f202
0d24
f1dc
fc72
f265
fe96
0499
0083
f3d7
fcfc
febc
0176
0387
01d4
08cb
fd32
fa38
027b
fccc
0837
030d
047b
12a8
fdd0
fe2d
f5b8
09a0
e3c8
ef76
0e1c
fdd4
0e3d
fb0c
f1fb
fac5
fa9b
ffc4
ff77
0d29
03bd
06b3
fc10
f73d
f18c
f799
09ab
01f0
01fe
fbb3
f502
28e6
0569
0d76
e42a
126f
f5d9
f755
0c41
0101
faa0
081a
f914
22c0
17b7
f0d0
f2a6
fd24
036d
03a3
f75a
f998
ffd5
054b
fd52
fce3
0b86
f2ea
07a3
fefc
f235
02fe
fa0d
0692
0398
094f
0560
0955
fb0c
fa70
ffd2
fcc6
f0f8
f5d2
000b
08ba
0012
ff7d
f446
0ae7
0680
ff14
f867
0be8
fac3
fee3
fb87
e462
fe33
0ffb
fa46
ff17
fffc
0612
0882
02d4
0ab5
ef91
f461
0068
13ad
1265
0e9d
130a
052b
f2b2
23fe
10b7
1a48
f9da
0120
ffab
0315
f895
f7a2
ff04
023b
f29b
fa63
f897
01f2
0548
0380
0129
f894
00e0
0c8d
fc63
06e0
0091
0644
147e
fc08
0326
02d7
08f3
ece2
f5da
fd6f
ff59
111e
ff9c
ed2c
0047
fd22
032f
0359
0a48
0835
0f71
fa38
fac3
f3a7
f524
fba4
040e
f7b8
f72b
fad0
26b2
0e21
f9b0
e92e
0ae4
0de5
fc58
0c7f
0f9d
f038
0db4
0002
1121
08ac
f57b
f1e7
0177
0ca0
0000
ff6d
0187
001c
060f
f727
ffe7
068e
f0ac
0b3c
fe04
ebd7
1666
f19f
009b
06a5
03bc
02fe
05d9
f917
f8cb
020c
0ce9
ec11
f9ff
0637
fb6f
1349
0106
f64e
065d
0b97
0823
fdf4
0ab1
000b
00f5
faac
f1e7
fa89
0bfc
fffe
00d5
05d9
01d3
0cab
0dab
0cad
f9b1
f640
ffe1
102f
f72c
11ed
1368
f794
fa88
1572
0b31
10c7
03d2
ffe7
f958
f93a
f5ce
f2c6
0369
07bb
f770
fc65
ee08
03d3
fba1
052a
0563
f318
006a
06ac
fb8d
ff46
fe10
090b
0ebd
fbf3
075e
f42f
0c25
e76b
02f1
fce2
f8c5
05eb
fe20
fa12
f971
0555
02aa
ffbf
17d6
07f3
0adf
f8ac
ff3b
f57e
03d9
0208
fe62
ff70
ff6a
f499
1542
0fbb
0b23
f23f
0e7a
10c7
f66d
074a
f966
fab5
0f92
0332
0f07
04e8
f5a4
f5e1
0902
04d2
0946
f4a2
02e2
0554
052d
f72d
06ef
0703
ef56
1019
0a63
e790
13db
fa9e
0d80
0010
0c67
0832
0f4c
f9d9
fb11
fe6d
08b7
e6cc
ebd5
06c3
ff9c
ff55
03fd
fe6f
0907
0e0a
fb3f
f960
08bb
f25c
f741
0298
ffc7
0e86
1070
f8f5
fd43
086d
0154
0c74
1070
06e0
0212
f943
fe48
0de2
fe0c
0d11
06ba
02ef
f46d
1625
0fb3
1dcc
02d2
fa30
fc0e
ffa6
f95d
f6a1
fe07
0caa
ff9a
02ea
ee9f
0480
fdc2
02db
01d4
e8ba
f693
067f
0e45
ff73
0995
fdb6
0e77
f920
00a0
012e
ff90
ef7e
0411
1735
fad5
01cc
00fe
ff2e
fd22
0353
feb8
04cc
1037
0a82
0b84
fb11
0a0c
f8e1
f9f0
0bf2
0508
06bc
f97b
f83d
1375
0f90
0a53
f74f
04ca
0f0f
f22d
0402
fda0
f272
0c5c
01cb
071c
fa41
004b
f4cc
0b77
0b95
0620
fe3c
0403
fa47
fc4d
f5b7
fc0a
fe26
ed9d
0929
038a
f20a
1c68
fadc
0723
fa85
0952
066a
0fa9
0296
0349
fd72
0663
e0f4
f029
0856
feba
f968
0de0
0721
09b6
0034
fe46
f55c
06da
ec5a
f541
f970
fd88
0c1a
0353
0364
00f6
0375
0848
0574
0891
1a03
01c3
fce8
fdfd
0e9b
feac
18e1
08cc
003b
f527
175f
14bb
156d
003b
ffd2
ff65
00c0
feb5
f1db
0b94
1488
f183
f6d4
ef77
02c4
fd8d
0de0
f832
ef92
f378
08d0
06f6
0eb7
fdef
f3da
0be6
f83a
082f
07d1
0038
faa6
05a7
0d2a
fc1c
0008
03f9
0e34
0a2f
0a92
0020
0377
1358
0b22
086a
fe65
0852
fccf
fe7b
fb18
06da
f938
fc86
eec0
1541
12f8
071a
fe3d
faeb
0bee
0577
0542
05ef
f246
1302
00a1
0a21
fac3
fb14
f2e2
0eb5
fefc
05bc
fe1e
0aa8
0144
faa4
f524
fa5e
0957
f0de
0da3
fde8
e135
29fb
0474
f85c
fabf
04e7
069a
fd51
ec8c
f851
0161
1c13
da4f
f094
0f44
094e
ffd4
ffa3
0dab
0d9f
0bcf
0a2b
fce6
fb80
03e8
f448
fc21
0907
0d01
ff5f
fdd2
f19b
faf6
1202
0434
fff9
0c0d
01ca
f5f6
f89f
0065
0462
0f4e
15b5
06a0
feb7
2344
0b5b
1767
f1bb
fc1c
0862
f1d4
f823
017e
fd82
0330
f92a
fd92
eff8
07a1
028c
1086
05f7
ed02
0cd5
fc1b
0b0b
00db
0bbf
fd99
0c4c
f98e
0840
044a
f6fb
f87a
fe57
0429
0196
0a03
fcfd
0119
f0c3
0a68
fe7e
fed0
0397
087e
0049
fcd1
00b8
eeae
f93e
eff5
fe8b
0917
fc6c
e978
142c
2090
0808
f9b6
0b9a
0bf6
0a2f
0f80
046b
0166
fc96
0033
18d2
0184
f985
f9c4
04ca
03df
0edf
fe3c
04a3
0283
fec5
fe18
ff67
03f5
05b1
0efd
09c1
e9fe
18da
fc99
0d66
0476
f876
066e
fc13
f073
ff4a
0224
0e85
e63d
f544
004d
fe3c
08bc
066f
014d
039f
0688
0e8e
f7a7
0478
0587
014e
fe7b
f7b6
0be2
fe15
04fd
fb2f
f577
04b3
0097
fbb6
17e3
0800
f402
038c
0430
f6ec
1183
1075
fb03
fd82
111b
08e0
1164
f74b
f20b
02b9
f8e3
f965
fbf5
fbc9
10f5
f316
fb21
f2b4
0356
09f0
0de0
06c5
f278
f9cd
fea9
03f5
0451
022f
f547
06d5
f7e7
0651
f1e4
fe8b
f4e1
f9bb
07f1
03a2
fcbb
f06e
f060
f963
0a44
011b
0182
1e7a
fb96
0191
fbe9
0f44
f0bd
f6fd
0887
ff8b
0359
f9ec
e3b1
18c9
1051
0fbe
f457
0f63
13ad
ffe1
08f8
034d
fbd6
08d1
01c7
0d0e
0ca7
fe3c
f21a
0f11
fb8c
0cca
fc1c
fe5f
fa21
0205
04aa
0912
0be1
02b6
0fd1
0287
ed6b
0e90
f546
0b4f
fc11
0fd5
0a73
fea1
f2b7
f29c
ff42
0fe7
f152
ef47
0e95
0457
057a
075a
fd3e
08ad
ee3e
00bf
eab2
ffb8
fcbe
036e
01c5
f098
107e
0911
0991
f465
04d6
07ba
0390
04a8
19f3
0dd0
f425
0bc6
07a9
fa53
0d96
13fa
ffce
f34c
0a6e
07e9
11c1
f534
f7db
ff24
fdf6
f8d5
fa04
fd61
0d6a
f6f8
f848
02dd
030e
051e
06a8
05ce
eedb
055f
fc79
015e
000c
077c
fa5e
0674
f38f
f9b3
0340
f760
f853
0122
efab
f525
f810
f9e1
feaf
fd1c
0386
02e9
06c8
1089
fe19
f9a9
0018
0efa
fb4f
fb8d
f154
05ce
0b88
fba7
f686
185e
167d
0bbe
ecb3
0559
0e73
ec69
08fe
0bf9
fb1a
0e77
0c07
0890
fcc3
037e
f309
126b
fdef
feed
ffdc
f10e
fc5b
01f5
005c
f9e6
01af
01da
0c56
013f
e8d2
0e6e
f8fa
fdeb
f172
0cac
0a43
0866
ff26
f717
fca7
1061
f396
ecf0
0f16
0ce9
ffb3
030e
ff26
098b
fe91
fe42
ffce
0245
fddd
0262
004c
f89b
06ed
0575
11fa
f2e3
005e
10ce
069e
081a
1d7d
0c8a
fc75
04d9
0616
f721
fead
106a
03c5
f401
070f
ff4d
15e2
00ab
f70b
fde7
0924
0506
f2a5
f98c
160b
f9a0
02ca
022b
ff66
f982
0bf7
0963
f003
0fbc
0404
0717
fdf9
fd60
f12e
0793
f276
fb5c
09b6
fe81
fbcd
ff19
0233
fa05
00a7
f784
f4f5
fc5d
0497
f3a7
0682
0fc7
fd16
fe1f
0558
073f
f737
fb79
f7bd
0ad7
05f9
ff8d
f9c8
12f6
1e58
134c
edb5
0889
fe8d
f31e
068c
0734
031e
141c
fd61
1193
027d
0d13
e9c2
0233
094e
0018
07bc
e7fd
ecaf
00f9
f6c8
05b0
032f
fd64
0853
04eb
ed75
11dd
f668
175d
fe7c
0e41
ffc7
082c
fbaa
0781
015c
f897
f30a
eccd
1202
04a4
03f5
02a0
fc52
12c1
ffbe
ff0f
0385
ff84
f416
f6a2
ff82
fba6
08b5
0c40
0bc9
fbee
021a
00bd
ff47
0a2a
0f76
08d5
f961
013a
0c08
f021
06e9
05c6
f723
fee5
10ff
0bcb
18a4
023e
f92c
fa84
0726
0252
ee42
fb14
175a
0096
fedc
fed6
fce6
01b3
0808
075d
ee98
169e
fedd
0663
05ed
02db
f441
05f6
f677
ffc9
0c27
fa51
fc3a
0234
f516
f8b8
f63b
f86c
ffea
0623
040d
fb0e
0147
1c82
fc51
01ee
042d
18a0
fd36
fc02
fc24
0a20
0fc1
09c9
0027
0537
0c07
0e01
f9fd
017c
1ae1
f5a6
000e
ffaa
faaf
198b
0f74
f277
fa8d
118d
ef96
137b
03db
fcec
fdd6
00ce
f393
047a
f403
0874
fc89
03a3
0252
0339
ec0c
1ce5
01e4
16b1
ffb9
0aaf
07e7
09f2
0767
004b
ff81
0b68
eb56
f1b3
1ab3
00b4
05d6
0487
fc7b
0ad2
fe20
019e
002b
ffd2
f965
fe3d
ff5f
01cc
068f
00c6
0b2d
fb28
ff35
0209
f653
0e3b
0257
fde1
ff55
098a
0772
f933
ff5a
052b
f9fe
f91a
25d3
0ad0
16fa
03d7
f93a
f6d2
02fb
018c
ebfd
fe65
162b
064d
05e8
fbfd
0402
f11b
0b02
0873
f101
1da0
0736
0ae3
0948
07c2
fecd
0db0
fa69
fbb8
0e6f
f568
fa54
024d
0104
02c1
f6e1
fbf9
06c0
ff09
0052
fbe1
008a
16e2
fa61
0383
03ab
0cc7
f232
f8ac
0a13
0d9c
0e55
0b40
fbf0
0501
076f
0f53
f6a7
0349
0b74
f50b
0d8e
0a16
04a1
134f
14fa
f783
f774
10b6
fb6d
0c31
0209
02b4
fe20
fa4f
f644
fad1
f56e
fb5c
f9f6
f7f9
063b
0b6a
ebd1
137b
01a9
10e8
f94a
1040
fda4
fa2c
01ef
fbcb
0375
038a
ebc7
f866
114a
0030
fc87
05cb
fc57
10a4
0841
0340
ff58
0101
fa1e
0669
ffad
1129
0867
0395
0861
fb72
00aa
0b3e
f83e
07ef
fc6f
fe6a
02de
0122
048d
fe46
0a4a
035e
fc3f
f3b5
1061
0d60
172d
020d
f1be
f948
f81c
008e
ecd4
fee0
1364
05ef
f9f2
ffa4
fec9
f62c
046d
0998
f44b
2fc4
018a
0bf8
02e4
0518
f9cc
0803
f630
ff4b
0dc3
f836
fb27
0c25
002f
0745
f402
fa18
fa57
f9b2
024d
fda3
0037
063d
f759
03c5
060b
0808
f106
fd71
ff89
0546
28a6
0515
faad
ff85
112e
0baf
f74d
f61d
0879
f2dd
015e
ffa8
fcea
16b4
03f9
fe34
fd56
09ef
fa2d
1456
00e2
0057
fd65
fc9a
f96a
fb8c
f783
ff79
f8ff
fadb
016d
0318
e985
112d
07fe
1b3e
fac1
0c93
fad5
04a3
fdc2
0149
0519
f651
eef7
02b4
102d
f0e1
eea7
0ed6
f828
1113
0076
0487
f4f4
0db8
f295
ff79
fa78
0b21
0cec
04ad
013d
0637
0387
f682
0283
1649
1412
fd50
0401
0706
03a4
fe68
071e
051f
f73f
f582
03fe
12b2
191a
0081
f5ed
02a6
fd98
febf
f37c
f438
0a3d
ffc5
fc84
f580
072b
fb9a
03d8
065e
ebe1
0671
019c
0c71
05d0
0a55
fd87
091b
f63c
0287
0b03
ff8c
0d0b
07cf
01bd
00b8
00f6
0377
fbf8
0a0f
06f3
00c1
f681
11d9
f84d
0a62
032a
0655
f04e
032e
0a3b
03c3
2e5b
01e5
001f
fa90
053c
124b
f2ae
0460
0c6b
e918
022a
0800
fa09
0e96
06e5
040a
f1a7
0c6d
f5ae
0b0e
fe94
0885
fb28
0882
f80b
f6f6
ea94
f67c
02da
f6e8
fd69
05f5
f303
1378
fa32
061b
fc89
07d3
0b4c
f621
edb8
0432
0635
229b
e371
f9da
e713
0a40
0414
03c4
fc6f
0a5e
0501
0e54
f585
f451
fef3
0956
fc07
11b5
f9ed
03a9
f8b2
fbb1
01f8
feb6
04f4
06f1
0ca6
f77f
ffb3
ee33
0184
f7d5
0de4
15bf
edcb
031a
2287
0ade
12e1
f587
0365
03ab
f32b
f917
feee
01cc
033f
fd22
f0df
1803
0393
0ba0
0460
02ec
0229
0116
010d
1a67
10ae
0672
f415
078d
fbc6
01a9
076e
09ff
fccd
00f0
3c45
0cf0
0258
f625
f667
0002
fbbc
fb55
062d
0466
f6ac
ffbd
f476
f61a
f394
fb78
224f
ff5c
1431
f9d4
f283
0c21
12ef
0d76
fd4e
017a
fa22
110f
1116
f68e
f6cd
edd9
f557
0d9f
00cc
ed25
f498
1386
13c8
0ebd
0429
fea0
f483
ff19
1044
f671
fab7
f5db
0b96
f230
e0df
18d2
0611
0a3b
f8a4
0ba2
0e13
f452
ef82
fce6
0a8e
3c8d
ecfb
f3ec
ef87
113d
06a9
fc53
f840
12b1
108a
1796
f53e
fbe0
10a4
0968
feb6
179a
fa44
0596
f231
031c
ff3c
fd3f
0656
121d
0fd9
f4c1
fc05
fc7d
0153
fd39
0363
2307
f7c2
fd3d
2138
101f
0528
f3e4
0043
02b1
f7ec
0302
ffd9
0c5d
0ace
f642
f5ce
117f
faed
08e2
00da
064c
0487
0c57
099d
1544
12d0
0cc5
002b
168d
fe17
fcdb
ff69
0935
fb1a
f956
3f0f
039e
ff86
f6e4
f5b1
006e
f91a
00c1
01d0
fa4e
f97b
0ddc
f435
f8a4
f58d
fd90
17ee
0621
120e
fb4c
022d
1510
0509
0953
f003
fcf8
fff5
10ec
0121
fd09
fa6c
fc68
04e2
0fae
f57e
e753
fb8d
08f8
1750
0b86
07a2
f047
f55a
f959
14c9
e8a8
fe12
f571
0c97
ec8b
f6bc
09cb
0a34
0fb9
f024
0ca4
1183
f925
f4b6
f90f
024b
323c
efc1
f544
f805
fd27
1017
f77a
fe73
0e97
1516
1b69
fe09
fd14
163f
0825
fc4e
123c
f895
0648
feba
f6a8
0266
0f72
0818
06d0
09ac
f5d1
fe20
fd77
0592
fcdb
031e
1235
fdb6
e8d0
3837
ff62
12ad
edfd
fdf3
ff12
02ee
02d3
ff41
00f9
02c4
faa7
f830
0e16
f795
00c5
fdca
fef5
02a2
f96b
05e1
15e6
ffbe
118c
06ce
10b5
fa84
fbf6
0ddd
ffd9
fdfe
0017
353e
034f
03a9
f867
f9e7
0433
f6f5
026d
0955
f543
f921
07c8
fc5c
fdad
ff8b
fbfa
0f57
0f79
026b
0329
f246
14c5
076c
032d
fabd
f7bd
fde1
1062
0f96
0acb
f4d5
faa5
fee5
1741
04c7
f53b
f0fe
006d
1617
0c77
0cb5
e988
f00c
fc7a
07c7
ee4f
f90e
03d7
1ae1
faf9
e9c3
05b1
0846
1ba1
fff9
0677
06e1
f997
f054
fa33
0420
1f3f
edf7
fe67
035f
0ca3
ff34
0512
0b30
09e6
f906
091d
fc31
f608
0330
03d2
fb46
0d36
0217
fc65
053a
04d7
0191
fe70
0258
06f9
0b56
f859
012f
fc1b
fd2a
fbc3
0c9a
0984
fcf0
f4b8
2563
0618
0f26
f785
fa5f
0b4b
fd4d
06f9
f6b2
051b
0444
0a42
eed4
091f
feea
fcfa
0563
05e5
fdf9
0548
0980
0558
ffec
055a
ef66
0440
05f1
0514
0c27
f9bf
fc1a
001d
346f
0308
f630
f69c
fea8
1133
f9b9
0576
036c
066a
ef23
febd
f795
0989
fe4b
f80e
033b
0a19
0c7c
f75a
080c
0ce2
0cf8
11b4
ed1f
0198
028c
ff7b
0d1c
00dd
efac
f78b
0d47
0ce8
e60f
021d
f9e7
0f2c
144b
0639
040e
f91b
fc9d
0805
02cf
eac0
0301
faa8
1611
02b6
df36
0487
ff15
09fc
f956
03fe
0765
f77f
f73c
00c2
01d1
4339
eb97
fe23
fe4e
ffaa
0985
fd71
f2fa
119c
0e0d
1d1c
0a74
edaf
0cc8
0d86
0e1a
14fb
fda1
f94a
f813
e3b4
07e1
0cdd
0496
010f
064f
f5c3
f9ab
f186
fdaa
f7f9
05da
0f32
f77b
032a
1dc8
0e3a
05c4
fae6
ffd7
f462
f3b4
0024
02e2
0711
fccf
09d2
ee31
095e
fb97
0620
0825
0486
fe38
0b79
055a
09b3
f847
025a
0237
fdc2
f808
fdd8
f986
f967
0b05
f712
2723
ffa9
f404
fa11
fa86
0a15
f759
f8f7
ff5d
04c7
0001
ffd6
fcf0
080f
043f
f5a9
0354
090c
0f81
fc89
ef16
12dc
0a1a
0aa4
ec15
0386
f1bc
0454
0e2c
0677
f93f
f173
f484
187f
fb53
f5ab
e7a9
09aa
0cda
0a78
090b
f60a
f6fc
0368
fc4c
f6ff
08be
054f
1e88
f313
e8a5
07ed
0244
0bfc
fa89
0b86
1028
fdc2
f70b
0d2a
00a7
252d
ed38
fa13
fbd8
fbd9
0bb7
0321
fa56
0c4d
08d8
144b
0742
f3b6
fe60
094e
0d1f
0605
fd76
0ff1
ed1c
f8ff
0742
002b
08c7
0782
0478
f07d
0470
fd15
fe4a
f481
02cb
1867
0252
fd65
256f
12f2
12a5
fb7a
0590
f82f
fd11
00d7
fedd
09d4
fe90
f6b0
f522
0249
011b
0243
07b3
01d7
03c7
f4e1
022b
0a3e
04a1
0c2b
fb9a
0f6e
f84a
01df
001a
ffcd
f488
01ab
28cf
05a3
0889
0244
09a7
166f
f947
f996
ff61
16a4
feea
091a
03d2
00cc
0135
ef84
043c
03f0
0a01
00c6
fa0d
14fd
096d
0cef
eae0
091e
fc6f
fefc
09ae
0dc2
f725
f29a
fa6c
0f60
f569
f081
f692
0669
0c80
fe70
06ef
fe3d
f18b
0300
fade
ee96
fbf0
eeff
12a7
f9c0
eac6
16e5
f90a
0508
017a
0b1b
10da
07e5
f4a0
feef
0420
3498
dedf
f0df
07ea
f1aa
026d
0132
06d5
fbeb
068d
17f0
0c69
f6e6
036a
0979
0417
09aa
fe7f
0896
f9d6
f51e
0803
0424
fe81
0742
f855
f71e
005d
01c5
080f
fe45
0a86
1b1f
0138
f8dc
375b
f6d1
1a9e
ff02
fb8e
fa46
f94e
0d9d
0624
0275
faf6
fe92
f5fd
0118
f82e
ffc3
0e2e
0c6c
f3c2
0275
024e
08fd
fc33
08b4
0c39
0e6d
fb7c
06d9
fdd2
f4fa
e6de
036b
2a1e
0578
fb15
f6a1
f7b7
0900
f95f
fd20
fe26
01e8
fed1
06bf
fedc
0516
fe0f
0402
08c3
0c75
11dc
f6a1
fd65
2666
1140
1397
f9ca
0bf6
fb10
f497
0e8e
fff7
f719
fce4
ffea
2d49
03a5
f9ea
f1b5
0454
05a3
fb26
030c
0106
fb97
007c
f2b7
0089
ffaa
0411
1b51
00b3
e344
0e08
fda6
023e
070c
080b
0826
0420
f905
fe0b
fb0a
20e7
daea
ff10
fa5b
fc0f
0004
feb8
0087
0376
069c
0b0f
0c60
fb2b
0a9a
05b1
fa8b
ff70
0280
07cf
f9c1
fda6
0852
0abb
0216
f599
0baf
f0db
f379
f571
0ea7
f391
0f10
2b73
ff0c
f521
2fd7
06c1
105f
0217
0c31
f526
0045
fd74
ff3b
02e1
012d
03b0
fd81
0621
f9fc
fdab
fbcb
0eb4
eebd
fb1d
fd4f
0fe7
fa54
051b
ffaf
15c0
f542
0177
f8b3
06d0
fa04
0113
19b3
f84d
03a0
fbd4
f531
0cf0
f65a
0000
002d
06f1
fe9b
0438
fd91
f76f
fb88
0d8a
09c1
06c3
0a94
f7ce
ff1f
29b2
02b2
0b2e
eef9
0708
fa78
ee38
0e7b
02ae
ee43
0828
ffc9
27fa
01a4
f692
fd23
f61e
0a1f
f8e0
06c7
0590
f966
0343
f82b
f50c
0a8a
ec39
0d96
0191
e874
0666
ffb1
02fe
0690
0cf2
0094
0349
f9d9
fc04
ff20
1523
e8dd
fcdc
03c1
f2d0
ff46
090d
f129
0bc9
0b36
0cd8
fc9e
0505
0557
fabb
07c5
f267
f697
0ec9
048f
fc31
0a25
12f8
0336
0513
00ce
f2ca
f515
fb2f
0e67
ff59
122e
0a05
0066
e8ec
2a33
0770
19f1
f89a
fb46
fce1
fcaa
01bb
008c
058a
0113
fe78
f6b0
f44b
ffc6
f826
07c7
04da
efdd
0818
0923
09b7
0920
feda
022b
1560
fa99
0da8
0589
0398
f86a
f572
194f
fe0c
061a
01e3
f8a7
0c95
0534
ffbd
0044
005a
051c
0770
fe27
ff2c
fd2b
0311
010a
0153
0529
f5a3
f3d3
2618
0c7e
01dd
f22a
fe17
0725
f93d
116e
fdf4
e991
0a65
07c6
10ce
0364
fdca
f18c
056c
05cd
05be
0400
03f3
ff34
0959
f0e8
fa23
03e6
f2dc
1370
00be
eb70
0eb8
f467
03a6
0369
074c
0124
fe7a
ee1f
f5a2
fb93
2851
e750
f6f2
06df
ebd0
0e03
ffb1
0061
ff8b
0f3e
0efb
069b
0708
fd12
01a5
01fd
0436
0311
0d95
1abc
eeaf
1690
0724
009d
0a5a
ff6b
ff43
faf6
fd88
0a5e
f9c3
0e78
0deb
03e8
f0ba
23c4
f5ff
1b72
fdab
f0dd
fc9c
f787
048e
014a
ff5f
05be
020e
f35b
e9e0
fcb7
f4b8
ff67
043b
f70d
0660
0615
032d
fbfb
fb23
0130
0a09
f7a9
0b74
f96c
fdbb
ecd4
0121
1ced
fcef
f931
fd15
f54a
091a
0445
fb3e
fe5f
09f5
fefc
053c
f787
0245
016b
07b6
0ed2
f948
0f83
0031
f3fa
2cac
0af6
09ad
fad2
05a5
fe4e
fb70
0a27
f414
eff6
076d
f565
0e3c
ff99
0032
faf3
0ecd
fdcf
0d09
fa2e
fb81
04b8
0271
eb8f
faff
017f
f2a5
159d
05d4
ed28
0828
ff05
00a1
fe89
03c3
06e3
0386
f152
fdc9
fd66
2fed
db01
f095
0794
f4c5
fe54
06a8
050a
093d
0efa
0199
02fb
feb4
f491
fda7
ff34
fc7f
11d3
1a51
09bd
003a
0e8e
060a
0526
0f00
088b
0c49
f847
03c4
0804
fb76
0bc0
0101
09d4
ec9d
233b
049d
2092
056b
f08a
01e3
fb0a
0623
f448
fc29
0e98
0b8d
0051
f35a
f71b
fb12
fdd2
0192
f4d5
f90e
1411
0eed
f3ea
01fb
f29b
0c2e
f59b
07f0
08ed
fc59
f591
0af1
1935
fd42
f6ad
0651
05f2
0dd7
049c
f943
ff36
10e8
0141
0a04
00a0
13c3
0756
04bb
04d9
03d1
04e3
fdfb
f943
115b
0a79
0bc0
ffcd
f65c
078b
ef35
0384
f9f0
eaa0
0c69
00af
0e53
e99f
0405
fd95
0946
056f
0129
0168
fc44
f8f6
062d
ee81
f031
fe2a
f197
14e1
06a2
eb7f
127b
01cd
042f
ffc4
05fc
0a62
00ad
f264
0766
fd1c
1f6d
df86
f4a3
fdd1
fb25
f214
06ab
0f6e
08b3
0cb2
0613
fda0
fd0c
f8e0
0050
fbbf
ff1e
0c69
0e9f
0013
f3d0
0413
0bfd
ff89
0fc1
0c6a
1007
f91f
00e6
0f88
f276
1123
fdbc
102a
e825
1a4a
1048
1755
fade
f365
07f9
fd72
032c
f247
07db
1990
ffba
0708
e9d3
f7e0
f838
0bc2
ffd7
ec8b
f6de
113b
0bff
0655
fa62
ec22
1090
f524
0ac9
0d61
fc83
ffd2
07d8
0fb7
f88f
eda8
04fb
0a32
1461
050b
fc3c
0089
165f
0045
0ed3
fea7
114a
06f8
0cea
fb31
08ff
0322
f738
ee95
0c8d
0787
0cd8
05ee
f24f
0b23
ed65
0667
0c90
ea4c
0add
0577
00be
ed6f
fc6f
0230
0acd
022a
00ee
00d1
0314
fb61
fff5
f693
ed8f
02d2
ec94
0e37
0ba5
e561
1cf3
0df1
fcb4
fe11
0915
06bd
fe4a
f609
00b7
0521
307b
db0c
f03d
092b
0208
00a2
f917
0bc6
0ca5
0ff3
052a
043d
ff33
0994
037d
05a4
0b30
13d1
0e15
0021
f56c
0334
0fe8
fc10
0a19
062c
079e
f80d
fcf9
0716
f7cb
0cd5
10b4
097c
f3d1
32c4
0acf
189b
f403
f84f
09ba
f485
fe10
f6e6
fab0
07ee
02d4
fd1a
ec32
fa82
ff54
0437
005e
eb49
01c9
0bc9
12ef
fd52
0678
007f
11a9
fb6b
087c
10fd
f6a5
065d
0878
1611
f965
01fd
0420
03f9
051c
02b5
fb5b
fd5c
12ef
0519
0620
072a
01b6
01c4
0414
f78f
023e
0c79
fbc9
f18f
16cb
0ecf
0d56
04b5
0535
133a
ff99
12fe
0a2e
f48f
fa63
f8b0
142d
fe7b
f4a4
0765
09db
08ef
0e83
04e8
02e9
fded
01dc
f112
ec9b
0276
03d9
1443
08ac
dee7
1546
091b
fefe
04ab
fafa
04bc
f60c
ef14
0b29
04e3
37e2
dff3
f420
f8a6
fa3c
0abd
0182
fe7a
ffdb
082f
1ad9
fb5a
03bc
1140
0848
1b28
0c2f
1218
0413
03c2
e280
072c
0b52
fc3d
ffa7
fc00
fc93
eed1
fd45
fdba
0106
104b
165f
f50f
f3f1
1651
002b
1729
ec62
fe86
fac3
f2f5
fd64
fc22
0280
125a
f923
f6d2
f9dd
fc07
fd82
0fd8
0983
f146
060c
0a7f
0668
0406
f926
fa6a
01a6
f574
0a56
f878
006b
ea53
f85c
1f62
0856
fc1e
f9a8
edd8
0874
07f7
0385
f89e
11ee
0426
0514
fd73
fb12
f97c
f4e0
19ed
fb25
1860
f6dd
ec92
2b36
14b6
1444
03f6
08ec
0989
fa4f
14ed
fc97
f6b2
f772
f882
151a
0c78
eb23
f6aa
1113
ffb7
08a0
f74f
f93f
0237
0e35
f859
ff2b
0dce
0d38
1d58
030c
df19
0590
fada
1b50
ffe0
0da6
046b
ffbb
ef8a
fa90
fe64
1d3a
e60a
f36b
0b31
f7f0
1011
122c
fac6
0d95
f150
0a18
f17d
048b
ff0a
05ce
102b
f6c7
0850
076c
fee5
f8cc
0a68
05c5
007d
03b4
04cb
0ba7
f2ce
0279
04f5
fa7e
0f82
10a7
f793
f4cb
1646
fb15
158d
f35b
fcb3
02e7
fa39
f95a
f499
0105
1769
f82c
fb22
061f
fff4
0544
0061
09b9
f369
00a1
0107
0c5a
fe20
feb3
f12d
02e3
f802
00a7
fb59
ff55
f726
0aaf
0621
f7e9
fba1
fc09
fbba
0b92
083d
0375
069b
1329
0411
0229
01af
0c0d
fb64
0063
fac6
ff86
1191
fc69
f31c
1013
158b
132e
f952
05b5
103f
ed0f
0f64
0658
f22e
109a
0c1f
0356
f128
f894
f0ab
121b
007c
fbfc
febc
ed48
fce7
0b17
f43c
fa17
0403
03cf
1435
076d
de6a
144c
0616
033f
fd0f
04ba
0791
f987
f652
0452
fdba
202a
ea15
e66a
0fbf
0727
0922
0d5c
f76a
0294
0469
0854
fc93
fd21
00db
04d9
0e2f
05ae
032b
0450
0717
f340
003a
01f0
037f
0068
0eeb
035a
fbbc
fd93
00e9
005b
fdc5
1d41
f629
f49d
0ae1
f696
1ba9
0810
059c
05a7
077d
f9dd
f22c
f846
0e0d
fe58
fc8c
06f4
ffa8
f4a9
0165
0d41
f6d4
0e18
f15d
0b97
fb25
f83c
f6cf
03f4
fadb
051f
06fd
fd46
0151
0313
fe62
fc94
09eb
f316
f297
0ac2
072a
f8d0
0156
0b2e
021c
fc06
048e
032f
ffe9
039b
038d
018f
0c8b
f7de
f9dc
1321
1b53
1250
f85d
09e3
fcdf
fd6f
08d3
0288
fd74
1747
03ed
014c
f1c3
0481
f739
0243
fd70
fdf8
0887
f352
f93e
0760
e960
f621
ff15
fdb2
0ea3
0ca2
f737
10fe
fc53
0933
0906
067f
fbe2
fbd5
ecc3
0bc9
02cf
0a34
e3bf
f432
0954
f639
0d48
076e
fa1d
0f7d
fed1
ff47
001f
fdc1
f5a5
02ef
1209
013f
04d3
00b4
ff45
ef19
fb39
090f
fe81
02db
0060
f2f8
f8cd
f8e5
feda
fa79
0bf7
1b66
f125
fc9e
2214
00dc
2989
f908
063f
f45e
fd92
0324
f7b2
0396
079c
04f9
f194
019c
0a5e
ffa9
0649
118f
fb89
195f
f462
0d29
0863
fa70
f6f0
08fc
f6a8
0768
09ff
028e
0bc9
fb1b
04ca
0350
f957
f1a6
f72c
04df
0728
02a9
f866
0f02
008d
0299
006b
023a
f857
fdaa
08cf
fdce
1f4d
0257
f34f
1534
1420
0c9b
055e
030d
0a87
f56e
0321
f995
fae1
109d
009a
fd3c
f493
0ec3
f2b2
1582
fb61
0260
f699
fd0b
059a
0af8
ec0e
01d8
f97a
0e86
0eed
fef7
f175
1233
fdf3
1210
f907
ff1b
0510
f594
f22a
0a65
fa4a
1180
dbd5
f79a
105c
f8f8
0c3e
015d
0114
0cc9
14d8
000c
04a7
ff44
04a1
0a09
1b53
0b58
02ff
fbef
0902
f1f7
f5e7
1244
fd75
feb6
f33c
f08e
fb17
010e
fde1
03ec
09b9
1281
f74c
f731
2ebb
0172
19d9
f1df
0476
f046
f486
fd25
f9b5
08bb
0c19
f8a2
f820
f984
0a1a
f37d
0b63
0bf4
f982
288f
f380
0c85
0e8f
0181
f6fa
04c6
f650
00da
0842
0061
f817
fea8
2030
0573
ff10
f161
fc99
07b4
02d5
0043
ffad
0d31
fdd1
f817
ffb7
01c9
f50d
f647
198d
06cc
2148
0760
f0f1
14fe
0f28
0a0b
0358
ffd2
02c0
fe81
1617
0118
01cb
165f
0a9a
0a48
ed48
092f
fcd8
0715
f970
04da
f731
f7ff
017c
ff2c
f0a0
087b
f710
04b1
10bc
fc34
f3dd
054d
febe
03f6
ff4c
069e
0419
ec73
fa86
091a
0396
1c93
e8d8
f22b
09c8
fc1e
0155
02e4
f829
10e9
1429
0d6f
fceb
fce4
00bc
0888
0a71
0be0
088b
fae7
0121
ee73
0050
0fa3
fe2c
fa0f
f3e7
fbc1
faf0
f522
0329
00ca
0602
0d16
ef38
f313
3020
0768
19f3
f3f8
0326
f744
f128
0317
f3bb
0d7a
0da9
ff4a
f3aa
003e
02a5
fe15
03ff
1053
f9da
3ee0
fd3b
0cb3
150b
f8a5
fd7d
04bc
f87f
fe98
0138
fbf7
fd43
f81c
1aad
0121
00aa
003f
f88b
0250
03ed
001c
f752
fc5c
fbc1
f87e
ff91
fa4a
f47e
fe83
0729
0362
2a98
fff3
f84d
1527
0e6f
0c63
f6ea
fe08
fdc9
fe8f
1481
fc66
0226
0d53
eefd
0823
fa27
0b71
f336
0aa0
0030
0a72
fc36
f784
0370
fd4f
eb7a
fd7c
02e3
0c0d
1269
fe8b
ea91
097a
00a9
0785
0129
08c7
024a
f5b4
04c5
112c
0517
109a
eafb
fee6
0a82
ec5e
f973
0cbb
f1d8
07d1
1878
060e
f702
0ac3
fe4b
0512
0a07
14ff
0aff
0765
fd58
fcd8
00c4
0abc
09b2
0cfe
fc8b
fd98
fd2e
f40c
fd53
0983
0a17
07eb
ef9e
f3cc
2237
064c
1970
f385
fec6
fe27
f3dd
ffcd
0331
fb08
ffe7
fc5f
f6e8
0312
07bf
fc77
fdfe
0c0f
eed2
0b2e
f2f1
0c49
0770
fc0c
02a6
0707
fb82
05ff
05c5
046e
051c
0285
16b3
02cf
024d
fbca
f726
0119
082e
0470
f592
03ed
fb99
fd55
0150
f492
f07e
03b0
1456
0122
2e94
fddd
fb09
154c
111c
11d8
fa39
0a2f
fa26
fbe2
1a0c
0783
0323
023e
f71d
1179
f308
ffa7
ef4b
0f0b
fdeb
03b8
fe9a
fd07
fe35
008d
dc3d
0b3f
0318
146f
0a98
ff6f
ef7d
fbbe
0354
fb59
05a3
fec5
0c22
fa43
ee32
fd00
fb3d
26bd
e182
fae0
ede0
0622
fb96
0c22
05f9
078c
0974
06d5
f753
f810
f7dc
0d90
03c8
178c
fe74
fdaa
0d40
e730
fc33
08fe
fe85
0d37
fac7
f88e
034c
f87b
0356
f347
0390
2852
ebbf
066f
2542
1020
0efd
f667
fc87
0927
f835
0283
fbdf
0aeb
f9ea
fdfa
f098
1172
04ab
041b
fb46
0969
0d5b
0962
0978
1997
073d
f9b3
f8e6
0e27
faeb
fde4
f9ef
0150
0891
ea03
333f
102d
f7ac
f772
e151
e82e
f863
fd5d
0ea6
e69e
eefa
f832
f4a8
f9d3
f525
f5c4
201c
ffda
109d
02ee
f0de
0c7f
0e46
118d
f7e6
0712
f0be
0579
050d
0158
f8a0
e6f5
f7e2
2790
064b
e623
f899
14ce
152e
00b9
0076
fc23
f993
0112
07ba
ef17
f77c
054e
1699
fe9b
ea33
0755
10ae
0b0e
fe46
07de
0ed4
f833
efe0
f7de
ff13
2665
f02b
f39b
e875
0740
0477
048f
fc5b
13f4
0f1a
154c
f7da
fe72
0c42
052d
033e
1db1
f89b
03cf
fe94
eaf7
fcf6
1472
0767
04ae
14a4
fc6b
00a6
0326
0330
f463
00ab
1fb5
f683
fc31
1348
1590
fe13
f0e9
f507
0942
fdce
0330
fd64
06a2
fc05
02e8
fd0c
05c3
ff79
0472
fff2
0510
110e
feeb
0b93
2162
0e4e
09d0
0682
189a
fbd3
f8d6
f961
f981
f612
eb88
31f0
0767
0025
f5ff
ea90
ffde
f744
042f
0bb3
efaf
eed3
1196
fb50
003c
f9b1
fdd7
18b9
05f4
04f8
00b6
06fc
1154
063e
068e
f6b2
f97b
0603
15a6
e908
0c7b
f8af
03e1
0dcd
1759
fb63
f56b
0517
098c
1642
03b7
ff27
f881
f500
fe69
1355
f18a
eeec
fb23
1104
f724
00e7
0e68
13b8
fd12
fc54
fdc3
1473
fc7f
ec4d
fc4c
f7c6
2e63
f0c0
f276
f3e7
068b
082a
fcd7
f6eb
0e78
0a48
169d
fb17
f428
0975
08ef
0627
2053
f627
087b
0495
ef9b
fd7a
117f
0758
fe85
0867
fbd8
00c3
f849
04be
f129
0507
25a3
f75a
f681
23c8
01e7
fea3
eecc
f573
054c
f497
ff53
f5ff
1a59
fc73
fa50
f7d9
fc84
0241
fb3e
05c1
07d8
0ca9
01bb
083a
1fda
1170
0bcd
fbd7
1a83
f43b
f893
062b
fdb2
f8ea
ee53
30c2
06c6
0a09
fb46
f86c
0022
fcf0
07a7
06fb
ee6c
ec8f
03b2
f91c
00a9
f3c3
f8be
0d57
081a
04b0
054a
f000
0621
107d
0e0e
f884
00c7
f336
0f68
0453
0980
f44a
f36e
0424
1283
0b28
e2f5
f792
0056
12c2
0053
05f0
e44f
fcc1
00fd
1219
eab1
f5ff
0626
1635
03c0
ee5e
08be
0fde
0ded
f774
fc7a
0dc5
fd24
f06a
fe8f
f72d
2613
fa9b
f6f6
074e
0d29
fa50
00cb
fdb3
1322
fbd1
08f6
0762
f285
029b
0536
0af9
1f34
03a4
07bb
0ba5
f725
fa88
01bd
020e
fa86
02b5
fd24
08dd
fc92
fe4b
fcbc
ffeb
1041
0077
01dd
0f2e
0fee
057e
042c
f784
084f
f6f2
fb3f
f3ac
18ec
fcab
0c43
eb96
f7ad
0420
ff9d
0af3
02bb
07eb
fa01
07e9
0f06
007e
fbbe
f7e5
06cb
fbb2
029a
01c6
fc06
ff2c
f346
307c
0c7c
fa19
f9d3
eeaf
02c7
004b
03d1
ffd3
fcc1
f0d4
1354
f8e0
0cb2
facc
f73e
fe3e
0752
14d2
f5cb
fd3f
0775
1220
1585
e7fc
0703
f065
0066
0f1e
0808
ea13
f4e3
1108
1f47
f249
f56f
f891
0945
1007
001d
0056
f809
f74c
fff4
04bb
eb86
fc48
f4d2
0e58
fbc4
f112
0ecd
0a5d
ff54
fd00
fed5
08a8
ef62
ed62
02e1
f60f
2886
fd14
fc0b
04d5
fef2
0131
f60f
f03c
17e7
0c36
12a8
1002
eeed
0c41
0374
1f26
26c0
0026
fd59
0307
e8a2
030d
0e45
0967
f9f9
106a
f9da
fdd5
f496
0029
f3d6
0658
1255
f461
0429
03cd
0b99
ffad
f683
ffa0
0231
ec2c
f146
f4f7
1d67
fbef
0d55
ef03
fc8f
028f
0483
0893
09e4
0bf4
018f
fd5b
0cc0
fe9b
f606
016d
0369
fa78
fd40
fcd1
f3f1
0ccf
ed62
27fb
0aec
f563
ffc6
efe2
008b
02ab
05dd
ff99
fc65
fcc0
01c8
f91a
0d07
001b
f9c4
0357
0357
0aff
004c
e89e
1454
157c
0eac
f27e
11c4
f552
0e66
0764
ff3b
fcb2
093b
fba9
17fb
f3c0
f344
f8b3
1007
0ba4
01e3
0497
f7c5
f713
01f1
fcb3
f732
004e
0186
134b
f781
f4cb
0c91
0410
081b
fd01
f703
1657
f9fa
f2b3
0b56
f626
1f9f
f254
f63b
014a
fd0d
0149
ee76
f50f
10dd
2173
16f4
0ea7
eba4
11d3
0a96
170f
1416
f920
062a
e91b
ef80
fca9
047c
0f38
f34b
0785
fbea
06fb
fb2e
03fe
fe56
0508
1f99
fe38
065c
1b75
117a
f893
f7c2
0702
057d
f046
f692
0600
1e0b
fde1
fae3
f643
f2b6
05bf
fd75
147a
0633
0cc8
fc37
fb9c
13df
08bd
0021
11f6
0d12
fc8a
fb09
04f2
0322
eb39
f8ee
2472
0d8e
0426
019b
fe5e
054d
fb01
ffd0
fcd9
0bb0
02e1
112e
0204
02af
fcd9
f45e
0240
049c
0c59
ff01
ee47
14fd
10c4
10a0
ea2d
1447
fd53
1501
10b5
1256
f85b
f6d4
febe
24a5
fa6a
e109
f5ac
07cc
07aa
06a1
0aca
f792
f152
0124
f105
f400
f601
fc17
1867
f432
ee94
0ef6
010b
0430
0bde
0037
0eef
f6a3
ecfc
ff7f
fac0
22b4
e2ab
f8cc
0141
f8eb
05de
fa17
0139
047b
0c06
0d2e
0adf
edc0
0918
147b
0281
1b24
fc8b
10f6
00d8
ef3c
0aeb
0498
ff6a
fc18
0752
fc0f
ffee
fb47
00cb
f781
111c
2127
01e3
00df
14a1
01a0
0372
fd9e
f4a7
fcfc
eda0
018d
0570
0258
0222
0a46
eede
fa0a
01c0
01f1
0d11
0765
ff0b
f884
03fd
0924
fd51
fdca
1200
0e17
fab7
071c
fd37
ebc6
e556
fc6b
15c6
09fb
058c
fadc
eff6
fbdd
fa75
0658
f9c8
0b26
fafe
0e7d
fb64
0a64
fe5f
fdf7
0b62
049a
14c4
f23b
edee
246d
0b85
19a8
f6bb
0db7
014a
036d
0036
fb4f
eb4e
ff6d
01c4
2df1
09d8
f0d3
efab
03e0
03c1
0112
fc09
faa4
03bc
051c
f4db
ffea
fc9a
fe9e
10c0
0683
f0a1
0e14
f9f0
edb7
0d9a
fe29
0407
fb5d
ecb7
fbb8
f919
0a8b
df7f
01d5
f48c
01e5
1884
f832
febd
01cb
06a8
1456
0a95
f945
155d
0a8f
fc73
0b85
fd03
ff3e
02c2
f4a3
06fc
1402
04ca
f28a
1132
f8e0
f4b6
f71e
07db
f220
0ef4
23c2
0176
fd9b
261b
0733
0b25
f33b
03d7
fdd5
f74d
ffe3
006b
0755
f9db
03c8
f79e
fa68
ff99
fdef
04b9
13d9
fa24
fd0d
04c8
0a93
0187
0b7f
0be6
0bb8
fac1
06fb
f0ab
fa56
e46e
f729
10ec
0172
114f
fc4c
f2c8
f93a
ffe7
0b18
f711
0592
fd36
0aac
f72f
0715
f3b6
0fa1
1172
01bc
09ac
f007
eed5
23c9
07c3
16cd
eabd
0c1a
fe8e
0be5
0a4b
0d91
ec05
fd76
f993
29d4
055e
f2cd
fa64
05e8
00c0
0858
fbde
ff28
0976
07e2
03ee
fb42
06d4
fa6b
15f9
09a0
e693
120e
fdf1
fdbc
0631
fdd5
076d
fca7
f005
01c2
faab
1b60
e4df
fbf7
fd5b
0086
0432
0128
efdf
03f0
1d22
14b3
fbe8
fda6
15cf
0d52
0b74
011d
f019
04a7
faaf
f4ab
0667
1a04
0e90
f8d9
1649
ff80
fe40
fbf8
0e3f
f876
0eeb
2005
0234
f22f
2116
1058
0ced
f851
fa65
04b3
fba9
f969
ffee
060b
f523
f980
f73a
f3fa
038a
f80f
0df1
0b68
f85d
ff3f
044a
0efc
0dc4
fa3d
0b67
13f4
fb13
0711
f7a5
08c4
eb0b
f269
1cd1
00e1
153c
fe37
e883
fbd9
0ace
0d2f
ff07
0474
0645
14cd
f63a
06f4
fb12
fdf4
11e5
027b
ff51
fab5
f0c2
2557
092c
0c67
ed22
10f3
0447
15fd
090f
1561
ef48
fd1d
0a32
1ecb
06a9
ec44
f61c
0a4c
0146
090d
fec3
fdd1
03d8
0e63
f13f
ffd9
039a
f1ac
140d
fcc7
f127
0a70
f912
fa5a
0886
f98d
0192
ff31
ef23
ee6a
f882
1f24
e87c
0191
0708
f702
0a26
0796
0414
0390
0a51
0663
0531
ff21
0139
056d
07cd
05a3
0a92
0efa
14ec
fb9d
1672
1047
0508
0cd5
14ba
06ed
0101
047d
04af
f05f
0f91
1970
030b
fb65
07bc
008e
0f0f
00da
f66e
01a1
f86d
fdb4
f794
0461
071b
0502
f5bd
e8e8
fdef
f070
ffa0
08e0
f657
ff2b
0d63
0ceb
f775
fda8
fdfa
0deb
f487
0663
fdc5
fced
ead1
fded
0b0e
09c2
fdb6
feec
f5e6
fca8
07b6
0167
f685
1035
f292
0415
f35b
0f94
f9d9
0646
1633
f871
0df7
fd1c
ee71
2549
0850
12bf
f993
fff3
fcc8
016f
fc4d
f8ab
ecfb
05e8
0a4b
183a
0681
00da
fbdc
0de0
f6f4
104f
fa1e
fdd0
05e2
feea
f141
0233
0161
ed4d
0ffd
04d0
ef66
1078
040d
f018
ff4e
f1c6
0922
03e1
ee9a
f78b
f471
3341
df76
ea80
0454
f1a6
01eb
0662
00db
fbc4
1eef
10a8
103b
003b
0ab8
08e5
0c22
11ea
10cd
0e2e
05e0
e4bf
07b8
1960
084c
081e
fbdd
12e3
fba0
068a
05a4
00d9
0e2b
1e14
0336
f647
2102
fa82
134d
f999
f32b
ffd4
f9a8
014b
fc5e
0e93
fa8c
097d
efe4
fbb6
fccf
f0b9
febe
0f7f
f1cc
0ba6
fc4a
1424
f91d
ef2e
0a0d
0400
f552
04a6
02b1
05f5
f14c
fd3f
2776
0623
fe2e
003d
e874
fb2b
05e1
0586
02b5
f406
0128
f66e
fc24
0e70
00e7
fec3
20fb
0251
16f3
f9d4
f0db
2733
0722
0eaa
04a3
fc7a
f921
0784
089e
f7d2
ec61
fb1d
f752
261f
0b2b
02c8
e9f6
0b46
0122
0393
fe1a
fa3e
06c3
054d
f7e4
0970
fb37
085d
1558
fefa
f817
fe7e
faef
eecb
0126
0120
0cd6
008c
f0b5
0a00
faec
1d36
e460
f099
f901
0462
03f5
0824
08eb
fdf1
1374
0ba0
0621
f77a
025c
04e5
0d5e
120b
0467
fe5b
017e
e274
fc82
1680
094e
03d8
1be8
1402
f950
0081
09fa
f5f9
16d5
1993
0f59
fba0
1d8a
0fa6
0e82
f690
05a6
07a6
fe1f
fbb7
e94c
1394
0de5
faf4
06e6
eac8
022c
f7b6
0974
0a63
fb5b
f808
08fd
0f82
045d
fc1a
f74c
0dd3
f354
07b9
fe8a
0267
fb64
fe11
121d
0509
0415
0771
f951
0576
0d12
01d5
f906
08b6
0f3a
0d84
fad6
0bf2
fca0
fce3
0f34
0359
0617
ff90
e70c
1a21
0b7c
1388
044d
fb44
ff27
fc16
0833
0f9f
f2c1
ff3d
01c9
13b9
0691
0037
03b9
0ade
f850
0902
fe6c
02cd
044a
ffd3
f51c
02ad
021e
ff6a
11c8
063c
f4b0
12e2
0d30
f16c
0109
f6ca
0964
f70f
e8c0
02eb
fa81
399f
e162
f61f
0194
02a1
fe30
f955
06a6
fd81
21ce
139a
08b3
f822
1920
0e9b
17c5
2678
07fc
f775
fe9a
ed0f
05d7
1f2d
fecf
fd3d
0220
010d
f555
fa90
03d1
f79d
0bbe
24b9
009d
0653
1a66
0917
fe6c
edfe
04ee
fe69
f38d
f47b
013a
1822
fd73
fb49
fe16
e332
0b83
fb8b
0aa3
085c
f601
15f7
02d7
195c
0811
f530
0742
15ad
f8f7
0800
fea8
fe3e
f86e
fbde
10af
0ddb
1086
01a2
f23b
ef5c
0de5
0928
fcb9
0ec0
0616
061b
01d2
0970
f379
f6af
10f3
0285
188f
fb4d
e7a7
203d
0f53
1a19
0757
0e12
02c3
1599
138c
fe00
ffd6
fcfe
f791
2169
0bde
f50c
fcc8
0286
fd54
1906
fe92
fac3
0a0f
0a20
ec91
0672
fd9e
0c89
12fa
000e
f352
039c
0612
fde0
0802
f2b4
ff61
f98b
f79e
14a6
fdc6
240e
ece8
fcc1
fb50
fa5a
16aa
0390
f7b3
f673
1ab0
195f
f52b
02c3
14e6
0dc8
2656
1071
044a
0c55
f696
e3c2
0803
1525
0acb
0098
09d0
05cb
f4b6
0196
0260
f127
17a7
13f8
fb87
0d32
f77c
02e2
f4ba
eff1
0504
f41e
f8bf
f2e4
fb14
05f4
0636
f768
fdc4
dd95
0363
0acb
0b40
09e1
f708
0489
0bd2
0d2c
0780
07f9
067b
0d32
fbe6
03cc
eb74
05f8
e27a
f904
1890
0fc2
0998
00bf
e6d9
f4b0
0a50
03d9
fd97
135b
fd13
116c
ff15
0781
f7ea
f286
1e66
fac9
fd87
fc5c
dfb2
1e9a
fe4c
14db
0557
0861
00f6
05e5
09dd
fac9
ff5d
ff55
fa9b
1b8a
11c8
f74b
f728
0569
f79b
0cef
f8aa
f589
01aa
104b
f31e
0920
0c5a
0738
1685
f97b
f4fd
fe86
f747
10a9
02df
f92f
ff21
f912
ebe2
020d
fdf8
0e44
ef97
f30f
0c2a
fbb2
0d95
14f1
f6fa
016b
018e
0dfa
eb88
0763
0cb7
0a11
12c3
fd69
0091
0c14
04ef
f307
0a68
095e
0a71
00a8
1b16
170e
f6c2
0c59
082e
eddc
0fb1
2347
fba2
fdb1
05ee
0ac2
049b
f4e1
005e
fb41
fa51
f7fe
eed0
11fd
0f73
0499
04a8
f482
00d9
0cf8
09ef
09cc
ee0f
0535
0421
0b00
0780
094d
0649
104f
fdbb
018f
f4bd
f793
fa1e
fd92
0247
0091
02d2
fddf
f656
fc13
0930
07ee
08f4
1a66
022f
0eea
0150
14a0
fd72
fe22
1212
fee1
fab3
fa61
e8a6
0ee2
0f0a
1421
f9a1
0cfb
06b5
f824
09fe
15f2
fa4e
0ceb
0fce
0feb
f9de
fd63
faf0
0ec8
fbdb
0898
fcfc
f7a0
0096
0aab
f314
09d8
fafa
002f
080e
fc8d
f282
0827
ff71
006a
fd3a
f5ed
085c
0214
f3a9
07d6
f72c
2150
efea
ee4f
0a7c
0f53
15fd
15ba
fd1a
00ca
0646
0bb9
f90d
fba9
0a9a
076b
0fcd
0b3c
faca
fc93
0d4d
e6e4
006a
18a4
130f
fff9
11d8
05de
01c1
0a9d
020c
f428
fe96
1d46
ff3b
fa6a
1ae0
fa29
118f
f6fb
02ec
fcc3
fceb
fbe0
f142
0e11
122c
01e7
0152
fe10
0511
f71b
0f7a
127f
f5a6
1547
ff7b
163a
064d
07c2
f935
06e3
f6f5
04e9
fc6b
04d1
0050
f4d5
141d
00fe
0dde
f4d3
e087
03a3
0ad1
02fb
0097
f6a7
050b
01b1
014a
0d3d
f85e
fe84
11c7
0502
0370
fcda
f930
11af
12de
142b
fa24
0725
0373
0828
0d52
0cb5
08c7
04f5
0a82
0ecc
0d5f
0aba
edb7
ff2d
0108
08c3
07ef
e88a
fa96
0c92
ee70
0dbe
f9ab
0c4f
067b
027e
f89d
0073
fd28
fccc
0994
f2ec
fe5c
fb10
f394
16c4
f49d
0f49
eaeb
fb6a
0e65
f770
16a1
05d2
f40d
0ac1
017b
0f6a
ff05
faa3
0d6c
03bd
1844
096a
00be
0568
fd08
d5b7
fd6f
121c
0ce0
034f
0b0c
fcb8
f8ef
0270
0668
f87b
148e
104b
f7b8
0d04
2418
068a
0ec3
f859
0717
f7e6
fcb1
0369
010f
1265
0bd0
03c0
ef45
f20e
036a
0527
08bd
121b
f950
2175
f961
0de3
0eb3
f562
097c
0591
fdef
08fc
035f
0452
077d
fbac
0b67
00bd
06e6
f3fb
e788
f50d
0fbe
08e1
f8be
0832
062f
124f
f7fc
ffaa
fa0e
fd55
17ae
fb37
1444
044e
f880
1670
0f3b
15b5
096e
0ccc
0c29
0468
0e0f
081b
013b
ff71
0282
0636
071d
0e43
ef9d
14ad
f94a
099a
f6c4
f070
fa85
0949
e8e5
0ecf
fa0b
11f7
10ae
036d
fd8a
02ce
ff9f
087d
0995
f500
fd27
f958
f4b8
0706
f265
1d98
dfea
00ec
1033
fe07
0ccc
0619
f738
fd66
14c7
0a7d
047c
fb33
10bf
0a72
119f
15c6
0145
f8bd
0809
e989
0217
20ad
0106
fe24
fb63
f545
00f1
04ec
0305
f382
0582
1548
fba6
fff9
43f6
fb69
ff91
fb85
f5e2
f8e6
f7a6
0679
fb93
1154
0b07
0264
f6ac
f8f0
fd8b
f31e
0e90
13c1
f927
3642
fb17
136c
0a21
02fc
065d
05c0
fcf4
0203
ffa1
030b
00eb
0b14
23f8
072f
fcc1
f8a3
eaca
f51e
03e4
055a
f986
0537
f4ce
029f
fe2f
06a0
f64e
036e
2c8c
0528
1c07
0435
f228
1489
06e5
12a4
128f
069d
f7a9
fab5
18f9
0abf
ffef
0083
0a5c
1469
09aa
0141
f954
0519
f849
0428
fc7a
fbcc
f7c4
fa0e
f1f9
0b59
f421
129a
191f
0218
edef
ffc1
02d5
fcb9
fed4
fb22
0394
ff0f
fe1b
ffac
f87c
1056
e5b5
fcc0
0f75
f4be
0aea
0a6d
ed77
fb0b
0e3b
0bd0
fc93
fb8b
fcc8
067c
0478
09d2
06dd
100c
0f3a
ee0a
081d
0bf4
fd34
0789
fc36
067d
0b25
ff76
0ba0
e9bf
024a
10d7
0722
f29d
3442
01d4
19b5
007b
f684
fb2a
f972
02eb
f2ac
03c9
1260
0cab
f7f2
e470
fa2b
fd88
095e
0c5b
ee56
27c1
0353
11c0
0563
027c
f8fa
0802
ef41
0281
06c5
006b
0522
04fd
160b
03ef
f872
ff10
f473
f615
f9da
f732
ff85
f76e
ede7
05fa
fe69
05cf
f33a
07e1
08b6
085b
1935
0209
f86c
0976
f933
0f55
048f
f31f
0170
f2d9
0314
071b
f58f
0e8a
fc50
0572
fc78
0d8f
fbc8
0499
fcd6
ff53
fe1f
fc7b
f560
f71c
eddb
fc6d
f3dc
0198
0e12
0059
e664
0221
010f
117b
09fe
ff3d
fc39
f994
fc42
153b
f8d8
1eae
ee9e
04fa
108b
f2f2
fef2
0ca3
e54a
fe9c
0481
080a
ee0e
0f87
fd9d
03af
0cdc
0896
02ee
0c94
0038
fb75
02f2
1503
1199
0a3c
fe76
ff83
04d8
fbcf
04c4
f4d0
02f4
1cdf
fbf1
f487
1983
0869
0e44
f92d
fa9c
fffa
f76c
fc68
ed49
09e7
0479
0595
f808
eb02
0ad8
048c
0700
10c0
e7a6
fbb7
fe05
13f6
07fe
0502
040b
0499
fa3c
095b
04f9
025f
0954
007d
1a15
02bb
060b
011e
efc3
faa6
0438
011b
f5db
09e4
f68b
0bb1
fc49
044c
f082
04d4
2924
fda4
23dc
ffbf
f316
097a
f7d2
1155
0053
096b
f9ef
f926
084d
049d
028e
0061
058c
10fb
fa19
0807
f442
091b
fc2e
03f3
fc76
fc87
f86b
fdab
e24f
06e8
f7c2
05b6
0196
03b0
ef32
04f7
fde8
0640
02ed
fa73
0733
031f
f801
f792
fb36
1205
e888
f4c2
e879
044b
fa33
0f8c
f935
0407
fff3
1092
f4d1
f50d
05a7
0735
f5dd
1a2b
fe70
017c
feec
ebf0
0676
0039
fdf7
10b3
fb71
fc96
00b9
06cb
0f42
03d9
052e
1771
f126
0b6b
10a1
0eab
1410
f72a
faed
f852
f7f3
fd6a
07d3
0d43
f3a3
f785
e8b4
0bb7
feb5
0914
fad3
10c7
056c
f8bc
fe39
17a7
00a4
feea
fe7e
0993
0150
0071
f9d0
0271
084b
f04e
27d7
114b
f1f4
f722
e575
f94f
fa16
fe90
0d31
f2d4
e725
f5fa
f19f
035d
f846
fd5b
22fc
fc86
1392
00dc
ee57
14c2
07a9
16e3
fbf6
06b5
f2d6
fe9c
0989
f644
f2a4
e45b
f3bf
1a1d
0099
ea5a
f529
1ba5
0686
0600
fcbd
04d0
fe96
f8f4
090c
00d7
ee8f
0c00
0b40
f65a
e4a5
06c9
0705
167c
f7f5
0bce
1484
fe6d
f06d
e748
045d
2032
e8cf
f3bd
eb9d
0b70
fff9
104e
f503
11ba
042d
0c04
fb55
f75c
02a5
fce7
f82e
1e2f
fd5d
0cc2
f902
f68c
08b0
fe4d
fbfc
1bf7
1c5c
fa87
fe5d
0946
1183
fddb
fee6
208c
f91a
0029
fca9
11c7
0f24
f5fe
f555
0707
faad
09b1
027d
018d
02af
06ab
f10b
0b2a
edb8
05ad
fdf2
0aa7
04ba
fb41
1a9b
1cc9
00e2
0ba7
043a
115d
fe81
f534
f988
ea2d
041f
f28d
2cd2
0c33
f41c
fc87
f0c2
0519
f444
fdc4
0a65
eca1
e3cc
1b3c
f67b
04cc
f9cb
0ea7
14df
075b
1079
039e
06e2
07a5
feea
0f5d
fa94
fbe4
07d3
f9e1
ee5f
03ec
f491
00b6
0736
055b
fd77
fcac
04f9
1191
0c80
0511
051e
ef37
f33e
f6fe
0d0f
f632
efe8
fd9a
012f
fdc8
fbda
09ff
0a6f
0c59
fbb1
048d
0fa0
f0b6
f0ad
ef99
f731
1ff6
f8d1
fdcb
ee00
039d
fb93
0479
f27d
0b4c
fe1d
1284
f9c1
f2f2
0809
ff70
f894
1543
fac2
08cb
0345
f180
04d1
0481
052f
127a
1784
f93c
0024
06b6
0ed3
fd67
0574
3028
f9f0
f8e5
fd90
0f10
13a1
eeb0
f556
fe3c
f4e4
001f
0658
01d4
f5cf
ff06
f048
f40a
f472
0382
ff45
07d1
0df9
f068
0c4c
2065
f764
1160
031b
113b
05ee
ec1b
f6b6
ed1d
04a5
f4af
2328
0616
faa4
f9a5
eb6f
0275
f2b2
09b6
0978
f541
e67d
1829
fb93
ffed
fc4d
05cd
19a7
068e
08b3
ff6d
ef40
0320
0492
0cce
fa3f
0707
f88b
fecc
0134
1527
f12c
f6ce
0289
15a9
0f3f
ff38
edc6
0278
0ba1
0043
013a
eb86
ff7e
0026
10d6
f7b8
f51a
036b
06aa
0264
f213
ff49
0432
126d
01ae
038e
09b1
f485
fabb
eb80
ff96
0f54
f9d6
001a
02a1
0a00
fd4a
0659
fc3b
17c2
f6c1
0d7a
0868
fcf6
f55c
fd18
f5f5
16c8
fcc4
03ee
0bf1
fe0b
0aa8
f737
04e6
04c5
1957
fd5a
078e
0489
0212
f98a
057c
1446
09d7
fe16
0cfc
2028
1378
f663
f6ff
005d
f75b
fefe
ff20
fbf2
fb19
061d
ee5a
f015
fa4f
031f
0580
0fab
0570
ef57
0926
1109
00eb
09e8
f041
0845
04dd
fd57
f83a
ea0c
fcc4
f132
2e0d
0089
f92f
f52c
f822
0dab
fbf5
0815
065b
0e7b
ea6e
14b9
fa8f
1444
018e
f8e9
1026
0689
0427
f651
0257
0b1c
04ca
1907
e817
063f
fd53
f707
0b5f
0e70
eb16
fe24
0846
1871
e9ff
0244
fa1b
1a15
0a11
fef4
01a3
f8ce
f71c
fde4
0c80
f8d9
f6b9
fbcb
093a
fbe4
ed69
09a2
094d
074b
fe4b
02db
041e
f604
f582
f2c8
fd87
183b
f6ec
00f7
0a39
fcc9
0367
0ba4
f2f2
1b38
f35e
071a
0962
ec2f
fe07
03bc
03d7
23bc
f4ca
f613
0a3d
f4e0
11ea
ff91
022e
0dc6
0327
f768
fdb3
02e4
008d
f79e
ffb0
1935
f48c
05fd
1b69
1143
0be4
f74b
f8b4
ff0d
ea3b
01dd
f5f4
0cf1
fc16
027d
ecaf
f1aa
fc95
00ea
0ab6
12f4
0066
feb2
0619
1ab2
fc53
04df
fc29
02e3
fc9f
f9b3
fb0e
e7b0
185b
efbb
15b2
0421
f4a1
ff8b
fd70
fdfc
fb4b
ffe3
fb2b
faed
fad0
0489
fae4
1332
fea2
0526
1591
03a5
0f73
f465
f65a
0965
06d8
11a9
f692
09d7
f8f5
0443
05b9
f854
edf3
07d0
f56c
13a2
fe5b
f4c2
f4ae
0cef
05a5
0244
0672
fd58
f98c
007d
0280
f6e4
f82b
f7e0
13d5
0980
f109
0de9
03d1
0106
0011
081f
0f0a
f9d0
f082
0480
f9a2
2075
f06a
04c8
0507
05f6
feaf
02d8
fa19
098e
0767
04af
0d54
ea20
0212
04bb
fe4e
1a38
f9b3
0629
f520
f173
052c
fdc3
0aea
0c71
0ae3
eff0
06c4
0785
0440
fe82
04b4
275d
06ef
121e
1e49
17ed
0c15
f624
019b
f4ea
f66d
fd6d
067a
066e
0228
fd8e
f299
f4f8
fb6f
0724
1206
0c7f
020b
f128
0685
13b8
fb59
141f
0401
0e54
01c6
f97b
f516
ff94
f88d
fa2d
125e
0af7
02ea
fb32
0140
014e
fa98
f8f6
fcc9
0fac
0641
16c1
fb9b
055d
f71a
f27c
0fd1
057c
0b5f
f919
f207
1b26
f949
1d0c
e44b
0bde
ffe2
fce9
0a74
0847
f623
f6e4
f90a
20ec
f7c6
e81f
f42e
fdac
0809
057d
0b46
f9d6
f1f2
fd24
f9df
fe88
f827
fc94
1229
fd49
f94d
0458
fad7
f9c1
1093
f979
0c0b
029a
ee8f
0212
fe6a
11d2
e17c
0236
023b
02a9
11fb
0b54
f7ca
03bb
f370
0aac
0a48
eef7
f3f7
0790
fe99
0c9f
f555
0c87
00d0
f80d
0fa3
f863
065c
074d
1c74
f386
fc6f
0073
feb7
ff37
0fd0
2556
02f5
0e89
1466
fd45
18e6
0086
f7e5
fa15
f547
0405
fde3
01b1
fda3
05de
ecad
f58c
fb2f
1175
163c
11a9
0140
f24d
1066
12ce
019f
13e2
fdea
1206
fec7
ff52
f3c4
edee
d95f
001a
0e54
0dda
07a7
f8bf
02ed
f54a
fe8e
040a
fa5b
0b85
f977
1c50
feaa
116f
f833
0162
fcd2
ffa1
12a8
ec99
f7ad
0be7
0d7c
1a2b
f423
0aac
00c8
026a
fbe7
fa5a
eb07
03ad
f92f
1b90
0352
fb36
e6ba
0873
0ba5
028a
034e
0046
fd9a
0195
fb32
fd88
f912
f450
1270
0c1c
ee30
13d3
0183
ed54
09be
03fe
ff2d
fb9d
ec92
ed10
fccb
fa34
db64
09be
034c
ffc4
02ac
05f5
f877
046e
e877
fcce
0708
ec8e
f02f
0d1e
ed78
0a20
fe5c
0aec
f694
fbba
1227
019b
0194
fee8
0c5a
f7e5
f285
0300
0854
02ad
1034
27e8
05d4
fd67
383e
1b1d
14cf
01c7
092c
06ae
f312
05fb
f8c7
f572
fef7
1cd3
f66b
f34e
f172
04b7
049f
1a93
f6ed
e6c7
14a3
0e59
fbb5
1092
0103
1403
0077
038d
f851
f78b
f25f
0349
fc4f
07d6
044e
fe1c
ff5b
fdf6
04fc
06b9
fab0
155b
fbc6
1b05
f96b
040d
f6a1
0ea4
136a
f976
0f31
eb88
fb93
0b29
0469
14e0
f498
0672
0c9b
f262
0481
0029
e49b
04ae
0402
0f31
ff28
03a6
04f9
0b15
04f8
fd69
00a8
0cd3
0485
ff3a
024c
f19f
043c
f652
0be8
155d
ec36
1bc0
004e
fb9c
10d1
f913
fcc2
fad8
f521
f7b6
0221
075b
de35
05db
02e0
f613
ed6f
070b
e5fe
0b29
01e5
fea8
fbb4
f604
ed9a
077b
fb51
f7aa
f33e
0558
f343
fe23
0dba
029a
03d2
08c0
0a53
f8d3
f872
059b
0ce0
fc63
1030
2996
0350
f4b9
2f9d
1b9d
1487
0131
fa8e
0aa8
f127
fe90
01ff
f629
f90a
0f42
f2a7
e30d
f951
04f5
0305
0fd0
f85c
fbe1
0a2f
155b
0cb2
03e3
03a4
0765
02ac
0b46
fbd5
06f1
f1ba
fe6a
0c70
0814
0d8d
fea2
f7f9
089f
0692
0a89
04d4
1325
0780
1de3
f8b3
0354
f56b
0c09
0c04
f5b2
083d
f65e
fcf0
14e1
ff1d
0e0d
f4a4
ff84
11fd
021e
0b07
05b4
efcb
045d
0808
09b8
f4aa
fc29
fb96
0b3e
00d9
0677
fcd0
0b01
0a59
0684
f347
00f3
fe70
fb25
06e8
0334
eb50
1b22
fbf4
f4a8
0d6f
fa5a
fd02
f840
ee83
f722
f56f
1752
ea6e
06ce
05f4
f307
fdfa
0610
f032
02c0
0a03
06a8
123a
f63e
02de
07e5
fcf1
1021
011e
04d8
f8ab
fb93
0566
155b
0cad
1368
0d2f
0627
f4a1
058c
0add
f700
10a0
0ea7
008e
fe65
197e
faa7
083b
043d
01b5
f931
f2ba
036f
fa21
0748
025e
0eff
f365
e8fd
f864
007d
0608
1777
fa91
f86e
1158
132e
f98a
00c4
0a9f
090d
0462
09d0
ed62
032e
f27b
0338
0932
0ae7
0189
fdaa
f2f4
f887
02bf
0c28
fd07
0ad1
f436
1c15
f761
023c
fa51
0c5b
1ddb
f499
1a5b
fb6d
e776
1d34
0904
11fd
fae9
09dc
083c
fdb9
fc35
f25e
ef0e
0ca1
05b1
0f31
0ff0
f701
f9f3
0638
f886
14de
fb6e
02a7
0e0c
020c
fcd2
fce1
0188
f737
1630
03a0
f10c
1590
fbfe
f196
032c
ff45
0ef0
0289
ee9b
f930
fd6f
2d75
e4a2
f102
03bf
ff23
fd0e
090b
f550
044d
1059
040f
1536
f5aa
fd94
0246
fe48
0b3b
09e7
02ac
fc96
f3d6
03eb
0d0b
1020
0f4d
0923
083c
fb40
0e0e
06d8
0113
1104
1f0d
0170
f5ff
2fb2
0923
1425
f755
fb98
03d6
f6a5
05f8
fdad
0a67
03d7
15aa
f63e
f2fd
faff
00d9
0a14
1203
f221
0432
0e39
0c88
f9db
fea3
05d0
0989
03aa
0279
f938
008b
f5f9
057c
2c75
058a
fd7a
02ec
fb14
fa04
0377
0ab4
02ad
04bd
03dc
1015
f8dd
0ef4
fc26
0b8a
1474
02c3
196e
fa41
f0c0
1ec5
0455
0fb7
fe93
031b
ffec
0af0
04a6
f8ce
ece3
0402
002d
1735
0729
fb22
f10c
07f1
0317
1134
fe87
06d0
052d
feda
001d
ff01
fd30
feae
15e9
03e4
ed57
08fd
0026
f7a9
f3dd
0075
10de
0e4e
f647
05b2
fac5
1a84
e14d
eff7
06bc
1445
fe80
0908
04e0
06af
fe75
0deb
0dcd
f41e
fd78
08e8
f21e
0c0a
077f
fe79
efc9
e5d3
fa8b
11b4
1417
0f1a
1ee0
076b
f649
0ecf
1327
014d
1460
0fab
0899
faeb
3953
04b4
18ca
f412
0cf8
fdb8
04db
fea7
f755
09fd
090d
f94f
0b0b
e923
efc9
07b3
104e
0bb9
f43d
e842
17ac
0ff7
0924
06be
f49c
176c
0430
046a
01e0
00e5
f7ee
053b
22b8
04da
020c
0af2
f8c5
0284
0343
fafa
02fc
1164
082e
1dcd
fef4
07b2
04da
0726
054e
0746
0a47
f57d
f120
1d09
f9b0
05a6
ff1f
fe2a
0195
12b3
0ece
17a7
ef5c
0072
f78c
1b3b
05e5
fb51
03c6
eefd
07f4
0a8e
0597
08af
f873
f114
f922
fc12
0a6a
f1f5
10e0
0ad1
e7c1
1307
0bec
f1c7
02cf
fc98
0789
f84b
f00b
0508
fa68
2ee8
da4e
ecb6
073d
0d47
030c
fba2
017b
002a
0759
00ad
0f30
f7ce
0591
0d9f
049f
245d
0860
f40a
f45a
e472
051a
1aa4
1274
fdfa
ee93
f9a0
f80b
0080
0a7c
0997
100e
2567
0475
0b90
4ca7
075d
0c99
efa4
0758
f031
f0a5
fa73
0968
0cfc
fcf4
0321
f41f
e58f
fb45
fc56
0eaf
100e
efc4
0aa3
ff62
0a8b
0a6d
f026
f723
0c94
0a20
0908
ffd8
fdfb
f7b8
f90d
26cd
0aae
0ca4
faa0
e7a1
f38b
0ba4
06ca
046b
0ee8
0d63
02e2
ff4c
0030
fe39
0450
0e1c
00b9
1f5d
f227
f058
1df9
0769
1c86
0072
0aa7
07fb
1054
22cd
0749
fb18
fafe
f67d
22bc
0dc5
ee53
f719
fbb7
0148
0fcb
ffeb
0284
08b2
ff9a
f982
06f1
0275
0da3
17ca
03b4
e65a
01a7
0ace
fc15
0540
ec1a
0442
f11e
f070
04e7
ffd3
1474
d6fc
f7a3
f840
f9ee
0509
0807
f994
f5eb
f312
05dc
fe32
fe66
ff54
1403
037d
088d
0953
f8db
f525
e325
09f0
0aeb
0642
09c8
0d5c
0606
fa72
147d
095d
0473
18e5
1d41
ff5d
0519
126c
02ac
0ecc
f9b4
0278
f979
ee62
ffd5
0051
fd1e
0364
01cf
ea48
e589
f505
fca9
0d15
1568
f399
ff51
0da1
0b7f
0904
0415
fc83
0761
05ae
0b45
f4d2
fca1
fff7
ff86
0ecc
10e2
f663
ffcf
e9c5
fc8f
0774
0617
02ad
22ef
ffdc
13de
fe10
0936
f64d
0457
0d00
f30c
0ab4
f3fa
ee38
1cd3
026b
1e50
002d
14c2
1484
0f20
1534
0bb4
fd1d
f72f
fd78
134c
007b
04d0
f74c
178d
fa14
0ad5
f84f
05d1
04b7
0013
f1b5
04c3
0b43
164c
1767
0be3
e548
fb1c
f9b3
01d3
053c
ffa9
081d
f6e5
f826
f150
fc5c
0e78
e71d
f8f6
0509
fb84
0006
1159
ec42
fdb3
edcd
f67c
f8b3
ff03
fe78
080d
0770
f9d0
00d2
edf2
fe5d
f45a
1671
099f
02bc
08fd
09e9
0975
019d
11cc
1224
fd48
0f47
212b
f806
0442
196c
fbe6
1f6d
f009
fd3f
fa4f
ebb5
0238
00df
0452
1198
091c
f365
fc3a
f387
0b7b
114c
1737
eff6
0381
fff3
09ba
0884
ff06
ef0f
0642
00cf
0262
f436
f043
016d
0172
132a
099d
fa51
fad7
fb8f
f60d
02e0
ff3d
05a5
10d0
fd66
0928
01d5
12a6
f85d
091e
0708
f9cb
120f
f1d8
ef05
1456
14af
1bd2
f391
1a09
1397
fb0e
11ca
143a
056c
f98d
0268
12c1
00ce
fa10
eef8
0e2e
fe17
06c3
ff2d
fb5e
0411
ff05
f2f4
0acc
f3f6
0cbd
0f80
0772
e253
fb3e
fea7
fb85
f754
fef9
0c8d
ff13
f547
026b
fe6b
2049
e877
f105
0bbe
06f4
0bd9
143c
fa9d
fd4e
ecf8
f94e
ffb2
f8e9
06c5
07a2
0512
09a9
0093
f3e2
05bb
dbe3
0432
12cc
1355
0135
1007
0037
fee2
0bd7
10b6
0411
0393
1a11
fa91
06cd
1292
0144
1dcc
0325
0764
0088
ed99
01c4
0232
054c
0f2a
037a
f80a
fa1b
fe06
fb4c
1873
132c
ee0e
0b8e
0445
17c0
00fd
fd1d
f07a
0a4e
0634
0986
fc52
f8b0
01f7
01db
1009
0094
05f4
f9ea
f793
0af0
043c
ffc0
0c9c
04a4
ff77
1219
043a
1076
fb31
08bb
0bbd
031c
ffae
fe8f
f7b2
0b6f
1004
1568
f7f7
106e
0c5e
0b08
0975
0d73
06a6
f341
f459
1639
ff35
0da7
f142
fe30
06a8
0141
0f38
f72d
f733
0196
f55a
058a
f383
0a79
0ace
0e07
eea3
0c0b
0622
064f
ffd1
e92a
0002
fe62
f526
0acc
f9f6
2e11
e602
f7ca
1318
f972
02ea
0f1b
f66e
0f12
f0e6
00ae
fc84
f981
0c09
0e9c
0875
06a2
03e9
fdf5
fba3
c72b
01f0
05c0
0cbe
08e8
f9a5
f887
fe4c
0cb6
140c
00dd
11c9
2192
fdb0
0b27
31d2
fa16
17cd
fb0f
fb3d
f920
ee3b
0dcb
0e07
080f
0c39
0e87
ed26
0432
0405
fcd4
0a12
126a
f394
2152
fc14
130d
055f
f070
003a
08e5
00f7
08cf
0c6c
01b4
f82e
f793
010a
0512
f865
f54d
ee97
fd08
04c9
fdb5
0a5c
ff14
ff79
0d31
06c5
ff9b
faf4
05ff
0e90
080b
28a0
024d
f520
1c00
fa36
1a7c
fcf8
05e9
173c
fba1
ff70
107e
065e
f184
ffbd
08b9
fbe0
072f
ef1a
124a
03fb
0175
fff9
f488
f79f
0609
eb45
0cbd
f446
179d
0b11
121e
f584
0842
0139
05c2
0a4a
f328
fc5d
fbc9
f114
0905
f85a
10d9
e83d
fd6a
11ca
0017
05ba
08d0
efb9
08e3
0611
0398
fcc2
f876
0114
0055
fd73
150b
0083
fce0
f731
e5cd
05ed
127a
02d5
0d68
f3f8
e9cd
fede
06ca
0932
fe91
117f
0f6d
f542
07b5
15da
0464
04ba
0ca8
fe1d
f569
ed18
032b
0414
0c53
ff30
06cf
f32e
f1fb
03e7
faf3
0d27
16c3
f7db
2639
0032
0e48
0c1e
0360
ffa4
089a
0860
0410
fa64
fff8
0153
00c9
164f
1264
0091
f9c4
f802
faca
010f
ff54
febc
0fcb
fe8d
13c9
fdbe
fe62
f606
08fd
159f
048c
1430
0309
f3a7
0636
00cb
17d7
0332
0411
042e
f261
0dae
0bc2
0354
0951
0c4d
0996
fbeb
ffac
fe1e
0283
fa5e
0145
f611
f679
01a7
f73d
f1d6
0bbe
fc49
0dc5
0a19
0f4a
f0bc
ff4d
030b
01bd
020b
f756
0a6a
00f3
ff83
0989
f66d
1b75
e703
f6e0
159f
f1d1
0e28
0a31
e79f
0918
ffd5
01af
f9fc
ffa4
f6b3
00bf
f6b5
0d6c
03dd
f991
0638
d568
0798
12aa
03eb
08a3
eea4
ee7b
07e7
0197
0bb4
0068
036b
2cfe
fcc5
f80d
244e
fb08
1912
f9ca
00b7
f3ee
f452
005d
06e9
0bbd
07f5
0c96
e98b
e42e
fb0d
06ed
1056
0eed
edac
3e87
fda0
0a65
05fd
ff60
fe16
0683
f906
0496
00f4
fa2c
ffbd
fddc
195c
062c
f900
0487
f2a2
f852
fca7
f83f
fd49
f868
f4f6
0b3b
fe95
f9d5
f9ac
0caf
0498
0690
2dc6
04e4
01e1
1784
fbc6
1389
0453
f5ce
1898
f615
0609
0fcd
002b
0942
f674
0ebd
fb81
065a
f60b
ff15
fc34
fe6f
003f
faee
f6f2
fada
edb3
fa73
fb5b
197a
fe98
ff1e
e0ae
091c
0896
0e2e
0994
fb72
0038
fedd
0377
1ca4
f8bc
0616
ee97
fd03
11b1
f62a
f8d6
14ee
d495
0a6c
f7db
0045
effa
0c21
f95a
faba
0a88
042f
06ff
f9bd
0038
fc08
08f5
0c0a
0a97
10bf
0952
ee08
058e
0013
07c7
fbeb
0669
1515
00ce
fa9f
0796
04c0
1012
0129
01a0
0186
f147
039f
fdd8
069b
f8ff
0bcd
f6e6
f3c5
fe1c
fef9
08d8
14e7
eea0
01fe
01e8
0dfd
020e
01eb
002e
0bf3
011b
06c3
03bb
f289
0a9b
f673
1b66
0b93
ffa4
fea2
f05f
0590
019a
fca3
f75d
09f8
f5a7
0e53
04fe
fd51
f1da
0c2b
1c8d
00d4
251d
06ae
edcf
02fb
fc73
108e
f5ad
1713
016a
00a5
0b89
0b47
0465
0c6a
013c
0d48
f396
05d6
f3bc
063f
fc41
03f5
fe2f
fd27
f596
fb46
e225
f228
fce1
1b03
fa47
11a2
e7c3
0264
05d1
039e
fb56
0763
0b85
fac1
efa2
04c2
01c1
156f
e4cb
fb3c
e72f
012a
08bb
0bf9
fd75
0f0e
08bc
00c0
f9cf
f8cd
ff5a
0088
004a
262f
f9b3
f7e6
f586
e773
ff78
f8cf
f78c
02d3
0ece
f417
029c
0060
0ba2
00e2
02e5
1b71
ed64
070b
0ebb
03a5
1e01
f6a8
f12a
fed5
f303
0184
f879
1fef
fc48
092b
ef0b
0d8d
0514
0904
0b3f
1650
1146
0162
fcdf
2c00
fbd4
0568
01b0
04ca
fceb
04de
02c1
017a
111a
f26a
1481
16f5
eb66
f4f9
eca8
e846
fce0
fe06
0a5e
fb21
eb12
051f
f6a1
040c
fc6c
f40c
2b01
0726
1a46
0a7f
ebe6
1b2e
ff75
13f4
03fa
041a
0606
0a12
0154
eb33
fc33
f3cc
fb73
2734
feb4
f314
0373
1902
064d
05c7
0df1
fe7b
f986
0154
07c4
f5c4
e31f
ffe3
0d97
fa12
e753
1736
15f9
15d7
f3d2
0667
16b7
00f8
f59a
f8fd
f864
14c3
f047
f893
f46c
0489
0835
0aa3
ef46
17ce
18bb
fd34
f1dc
08e3
0128
fb7d
0503
1384
fe57
0b43
eede
f58c
0ddb
fa09
f2ea
0dfa
2db0
f004
082e
0a02
112d
fc6b
f725
3402
fa3b
f2df
0787
0ebe
1b88
05d3
ec19
0bdb
fafc
14dc
f81f
14ee
fcb2
0ab3
f2b8
07a1
ef4a
069a
f8ef
141d
12b1
0167
158f
2a17
05b1
169b
039f
15fb
057d
f611
0561
f54a
0420
01a6
0b41
05f8
ee0f
f672
f086
005a
f8d9
02e0
0f05
025d
e7eb
2979
03eb
fdb7
ffbe
0838
1100
0c91
14a6
07bc
0dc0
0802
eddc
0a47
03ee
ea39
11e6
02e3
e4a7
0222
ed11
1093
0cdc
1374
ef05
0b50
1722
1365
16de
ff0e
08e5
fc61
e699
f839
f78d
e933
e515
f8b4
029e
fa5d
f5a8
0fa4
2619
1004
ed10
fe05
1448
0030
f65e
ffed
f752
19a5
f4b6
f178
eda6
0d19
0eab
037d
f288
0c81
2056
06b8
feab
ff8f
0ee7
03b9
fcce
1e0e
faa7
0629
f8ea
eab8
0fbf
04e1
fda6
fb1f
2d9f
efd6
07f6
05ab
0dbe
05bb
f7e4
24f9
0130
fa02
2059
0601
1ddb
0119
e5af
f58d
fede
0e09
f91d
15f0
ebcd
0975
f6a2
f69a
f478
faf2
ffd4
0ebd
177c
f962
083a
2b98
f86b
2333
03ce
23cc
010c
f70d
0c4b
f2f1
ffbc
04a6
1e0f
00f5
f72e
f483
ecea
f98f
efdb
069d
1200
f538
ed03
1bdf
0ec1
fb31
febc
02f7
1f07
1110
020f
0299
f0f4
0a26
f428
02bd
f9b0
fb6c
0dd6
0860
ec81
1ddd
ef77
fae8
0597
1f53
020f
f6e3
0f66
faa6
1954
fb9f
0d20
f468
ebb0
fea6
fc21
e634
ec69
fe53
0f63
07fc
f0d8
f760
01bb
11e7
f938
fed6
1088
0f2c
006c
f4fb
faed
0ab6
fc62
00dd
022a
0866
1375
0ebe
fa41
13d6
fb14
fab3
0482
021d
fec9
096e
fdf8
1924
f89b
048c
02dc
ec7f
0954
f0c4
0c0e
fecb
20f3
e94e
0ed8
0596
08c8
00e5
0390
1e42
fb17
fd76
0b0d
1c17
23a2
0adb
e853
fd6e
fe63
0a32
f552
1077
ebd3
0ada
e7e8
fa3e
0127
0aa2
078b
0a9f
041a
fdd4
ff28
10a1
ff80
08a6
f901
0c49
0857
fd1f
fffb
fc5f
f2aa
fb2f
2c3c
0284
f92d
f56a
f822
06ee
f5cb
057a
0d58
03f0
efd4
1afa
ff87
0abe
fed6
fe37
211e
16e8
1e08
f8d3
0c00
1ad7
f8e9
11ff
e68c
04d4
0645
fd99
0c0a
0de2
f228
f088
0017
1c02
f13b
fd00
fc8e
11e9
16c8
0043
063b
0777
f16b
001e
07bd
f4d0
f17d
07e1
0973
ff9f
ee77
1254
fa9b
0d84
f59a
01b9
0a57
f68e
f3f3
f876
fa1d
0513
fd04
0006
fe1e
f0c9
0db9
12c8
f97f
192e
0b0d
f4c4
0ae5
eea3
ff37
175c
0b5c
1d20
ffad
ff13
064e
eaf7
0eda
fab4
0227
09c7
2051
e949
0347
fcf1
034c
f4b1
00d5
240a
f557
02dd
1205
0d06
104a
0a0d
e777
fd18
f586
0e63
f2e9
24bc
f1ad
0561
ee36
f084
f964
04a4
0904
0d59
0a0d
01ce
01e1
2904
eacb
08f1
ffd6
0b8c
0314
0233
fdaa
f087
1220
06d5
13bb
052d
ecda
fdb4
f830
f765
f521
fe03
0a4c
05cc
f086
12c5
046c
11a6
0912
0504
1e6f
07af
16a8
0265
f00a
0956
f189
0eb2
f8a1
05dd
f313
fc0d
01fd
ff0e
febf
ff2d
f80c
1221
fb9d
fae2
fb51
0da1
1873
fde6
0c19
fe97
f635
fdaa
f12a
01ab
f423
fd4e
0e48
00b6
eda6
1c7f
05e7
14a0
fa2a
0b24
137e
033d
ef03
09b3
f6c2
0a5b
f67a
0cc9
099b
fd7a
0bf7
0519
f678
ff0f
2680
fbb6
0d2a
f375
ffac
0491
fc4d
2237
fca4
0995
f1e5
e69b
02ba
feda
0f87
ff13
0f4a
e818
0f26
06cc
0385
025b
0266
345d
0297
0a93
2071
0c50
13eb
0b6c
fac6
fbe9
ff5c
fe9a
03ff
0e65
eebb
01e2
fccf
f5c4
fe4a
031c
0f6c
0c12
0016
f3bb
fdcc
3741
fc76
0887
0e4f
0813
08b4
fcfb
fffd
0a7c
f40e
08b4
0653
1020
f911
fdf6
ffaa
0199
f41d
e5d8
0f6e
1b79
ffd9
1ee1
0168
fe83
fa3f
e92d
235b
04ca
00c3
fc7d
f882
170d
f3d4
185c
ef6e
16b9
0a32
f8c3
01bf
167f
fcf2
f6e6
0209
283b
e189
f3da
feca
f999
1062
f8c3
1475
09f0
eb34
fdbb
e3fc
fa6a
f065
02c6
14ba
f312
f7f6
0711
0225
183f
0924
01ca
0f8c
0366
f5a4
0327
f467
0158
f7d3
feb2
10a3
efc1
14cb
0955
f6f5
0531
1267
f46d
02bf
f138
fb18
05fc
0358
2e59
f69c
11ef
f641
ea08
1342
f1a4
0915
fbe2
19c4
f33f
0724
071e
037e
06d7
0f55
260f
05a6
0590
25d0
05ee
0e0e
0e8e
f1da
0136
f65a
1151
fdab
06d2
f8e2
19dd
fd2f
ee55
ffee
0356
1aaf
0f54
07a5
f510
09b7
1ba1
fa9a
1834
1482
2437
04ce
ffc6
fadf
f3fa
db90
09e5
f959
0360
fcf9
ffc4
fe25
fd5e
f7d0
fb99
0457
0b52
f7ab
24b7
01b5
0918
fb5b
0004
200e
0433
1a44
eb34
029f
0edf
f9a1
1a4a
fcd1
12a3
10f5
ffa8
f163
0d07
f22b
f93b
01bc
2cc3
eef6
fd5d
00c2
ffad
096b
f637
0c07
0fac
f518
fb68
f1ae
092e
f3fc
fd12
05c7
056d
eb5e
0d4d
07d7
0702
ffc2
0a5b
0b52
0d0f
f7cb
f5d1
fa77
e801
f4a9
0c86
1012
002f
1322
17b9
fd9c
fe94
0724
f39a
03c6
f8f9
fb6c
0b7a
ecbe
135e
01a0
0d90
ec57
face
0da8
076e
0617
edf0
1fe1
fb17
010e
0341
0a5f
f370
0bd6
2724
0544
f586
388d
15d7
0e7a
124d
f97b
f484
02c0
13d2
f0d9
0916
fa4f
235b
061d
0590
f2eb
f89d
0355
0747
f216
e86c
1450
1ee4
fc53
1c1e
1165
1bef
00f8
009b
ff16
0710
f1d4
0b39
f508
f9d9
f372
0682
f82e
0855
f479
f9ef
0639
06f3
ed58
1923
0328
ff4f
06be
0a16
2056
0b68
1b23
efac
042d
0d2d
eb43
0ead
f617
0497
1457
ff96
02bc
0f2f
e0f1
06fd
092f
1fc0
e9b0
0448
1596
f8a5
1293
f9fb
138b
0995
f8c7
f9d9
efa6
f2d6
f9d8
eee7
0388
0e3a
e1a1
11cd
088d
058c
08dd
fe85
090e
107a
fd63
faee
f8ef
ecf4
f238
0248
1035
05bd
f45e
146e
ef49
02f6
1e2f
f6c1
f9fa
ff8b
0180
ff36
045f
fb5e
f361
0f5b
f376
0479
0777
0876
0517
01de
3271
fff8
f92e
10b3
1482
fd88
0b43
20a5
082a
eb90
0ee0
1a51
1125
1147
f2b3
11b9
000a
0937
ecec
08c3
ffea
1883
02b2
da72
ff79
0781
0cb3
08a8
fcbf
ec50
1449
2055
ffb1
0d40
1aa6
20cf
051e
0aa8
0514
1105
f6e1
0deb
f64e
035b
fcb8
0631
f409
09a0
fffc
06a7
0706
1bf6
fdfe
2edc
045e
07c3
0100
08d3
185c
052f
fcda
fc17
0175
1307
f080
0578
f10f
08e8
19a0
0a60
fbc3
1577
ee3c
1838
1503
05d6
e3e9
fc6b
0f5e
0118
0a8f
0301
0a78
0e8b
ffd9
03f8
e150
fb20
fce2
f5c9
fed1
0c21
f2f6
244e
048b
0609
fc70
04e0
0ebf
0ae2
f086
fb01
f57c
07c4
ef4d
f885
12b2
098c
04eb
1358
f526
f6d8
1277
fbe5
f959
0468
fcfe
03aa
02af
1115
02cf
00cc
fd12
fdf0
063e
0ecb
13b0
07cc
299d
0f2a
fe9a
0ae1
0ba1
f86d
0375
1453
05e9
f2e3
0bcf
038d
1b44
1260
f4b9
1097
ff45
1376
f5dc
09f1
0347
149e
fe7a
e6c7
faa7
f869
0b92
1b2e
0901
0362
08e4
1270
fdd3
0b5c
15a7
1d06
082c
0271
012b
fd6e
eef4
090a
f87b
02a1
fc27
0287
fa1f
03f7
fcb9
ffbf
007a
1ccc
f61c
2b10
faba
09a7
03c5
04ae
2c50
045a
1d5b
0585
f51e
0e49
f622
0bc0
f348
042e
1df6
08c5
ef96
0554
f38e
08ed
0e2d
17fd
eadb
fb99
0abf
009a
0ddb
10ba
0b0e
0815
016f
ff61
f134
f07e
fe89
f5a6
0f11
0795
fd4f
1a08
07c0
fe65
01ea
f331
0b79
08ce
e340
ffca
f363
0ee4
eff0
ec29
fcbb
0942
fd39
0b0a
f212
0131
2079
fa23
050d
02f4
fe84
0571
0c18
21f8
fcc9
076f
f169
ef64
066e
1254
0f25
01e7
2225
08c2
08e8
0293
099f
10c3
060b
1ce8
f998
ecf1
0d41
13c9
0fe5
0c91
eccc
004d
f7e8
0b54
ff06
201b
fbc0
1133
fa08
e62f
05f2
fcec
13b0
1ab7
017b
f07d
03ba
2292
048d
ff86
11a4
12ed
1013
0a03
fb24
0600
eebb
f9aa
30e5
0ea5
0052
ff85
e09f
fefd
0982
07e6
07e5
0bfd
0b4c
1a4e
fac0
123e
fe23
f959
309a
0240
0b57
fa29
edd5
2cfe
f694
1435
00e8
0c73
070d
0da3
0352
f850
f97d
09ee
fa32
36e2
0a42
f6ce
f1ad
04aa
0bc3
0f8d
0bf5
092b
04aa
0643
f7bc
04ab
f8bd
01b4
1658
f7a8
f848
f234
1037
03c6
f734
fc55
0ead
0b1b
f853
0acc
f1d2
141c
f035
f1e8
030e
14b2
f4c2
0e6b
02e0
fbd2
1942
fc89
ff83
fe7a
fdc3
079d
0e2e
2560
001a
fb67
de69
e529
fef3
0d0f
0cf3
fb8e
2296
0c64
0004
013e
0b1e
fd5c
1057
137c
0b33
efa5
1a82
0495
133c
049b
fe17
027a
007e
04c2
f31f
1430
03ab
f63d
ffee
eece
fa7c
fed1
0fcf
134e
f9c1
f49c
06b9
2201
03ec
fc8f
fe38
1a55
0e43
0411
05bf
0ee8
f9ce
06f7
0fa9
0594
0146
03ed
f166
0a46
0761
037d
03f7
1610
098c
185f
fa9f
0f10
025f
fe15
1886
094a
0fb9
f9fb
f1be
1904
f397
0b12
03b6
04ff
0d93
0da1
031b
1838
f819
14a4
010d
2006
ed52
f90a
0824
fdc3
046c
ff59
1534
0d16
fc32
ffe5
ec69
f52d
fc4b
f83a
04a2
035f
ed13
0d23
1f85
fcb0
02f9
f6b2
0de4
0023
ec5e
1183
f4e1
2651
e87c
f63c
0ef8
114e
02f4
0fa6
0e9e
f7cd
1c0d
f38d
04f3
03cd
0ddb
06a9
1b85
3a61
0d52
f955
e803
eba8
08e5
215a
1187
f824
0569
014d
0d16
ffa1
0473
fa6c
0f1d
2aa1
0690
028f
26f6
1445
03d9
0031
fd3c
fae1
f93a
fa03
f5fc
0e7d
f5b5
0294
f779
ed13
fe5a
0818
0e14
1323
f7a5
0afc
01d4
2922
0b38
fd56
fd24
2227
0b85
03da
06db
0323
fe71
fb8e
009e
07e1
ff7b
0799
e0a0
f19a
fd89
0349
0748
1beb
01da
1061
09f6
0ee6
f2bf
fd1a
0735
0551
132a
f507
f515
2904
f4b2
1837
09e4
0ea6
0f0a
24b8
18ee
104e
f48f
0b3f
f9c6
2aec
0483
f82a
fdad
f275
0450
0b42
1194
0518
ffc3
0636
dc4e
f5f8
fad8
1a98
0cc3
02a3
ef26
063e
131d
0896
fcc0
f72c
0aa8
0410
f7ea
172c
f757
070b
ecba
07da
09ca
0697
168e
13e5
ff56
ed8b
0a1d
e939
f975
07fe
f7de
043e
1750
0a17
0d99
08f4
fb75
edae
101f
fb50
09a5
009f
1c3d
0cae
0ceb
0701
096d
f0cc
03cf
1216
0b23
f8bd
06d0
1477
0c7f
10fc
f1f7
02e3
01af
0458
e310
0418
09d9
06b7
f74c
e6a9
f7e5
0cf0
0b49
0da3
eed7
f256
1090
2401
0558
1740
ef12
203e
0398
0432
fa3c
f390
0142
0ab6
f2f4
04d7
ee01
0d82
f672
04cb
f996
f4bd
0f0f
324b
fe83
270e
043a
1955
0113
fbbd
13e1
0276
fec0
f7ec
f3bc
16f8
ee81
1117
0694
04e9
147a
043c
07df
13b6
f5f0
13a1
1276
1c23
e463
1b0c
027a
099f
0ce6
0235
0c62
0550
f3d2
0941
d968
012c
febc
06a7
05f9
0942
e80b
0546
0452
226b
fcc7
fbbc
1806
079e
02ce
0109
fa4c
0ce5
00e5
fc6c
1060
02d8
162d
168b
fac3
f24d
012d
e302
eecd
02d4
f483
fe32
216f
fd82
fe60
f698
053c
f0a8
11d2
0b65
023e
027b
279a
0304
0c89
0a06
07d6
f7a2
11d3
2562
f8be
0405
146d
0c59
2011
0c69
ee75
04d8
ff1a
06c7
ea4f
1160
0ab1
0d5f
fb3f
f72d
f80b
0c75
1495
09ef
ec79
082a
0f71
1d94
04bb
10ff
f130
1646
0541
ff30
fbea
ee33
f749
15b4
f528
0125
f450
08d8
f864
0133
ffc1
fc83
1315
177d
035b
1eee
0851
1378
06fb
07e0
1066
075f
0071
f857
f943
161b
ff69
1291
f86a
1581
1deb
f238
0949
1dde
000c
19e8
1b0a
1e65
deaa
0efe
fdc9
fdf2
0b0a
018b
080d
0350
f704
070b
db78
123b
f27a
039a
012a
fe49
edc0
03ef
0cc1
1fc7
ef43
0787
17dc
135b
fe57
0be7
fd48
0bb2
fb35
ffca
1677
0956
21a7
1fe0
fd80
f0d6
0b5c
e941
fb4a
0324
0000
fc65
0cab
1d1d
02f2
02c1
0538
ea33
0440
0d43
0eb3
f515
2fab
fb73
0fc1
03ac
09ef
fc80
f716
1f5f
f1f8
014f
0408
071f
188a
1b45
fec7
0233
0771
116f
edbd
04b1
feb3
ffe8
0460
fe80
f9d2
f8d1
0e53
05cf
eb49
111a
f9af
202b
f77b
0d58
fc16
10c1
0b59
073b
09dc
fa99
f4b1
080d
fccc
00e2
fffc
07d8
ef97
05fb
faf1
faac
0ef6
1b37
fc67
1ab7
0e92
1935
0456
feab
1546
1306
00a2
0462
04f0
06c1
fbad
0fad
f78a
1117
12a7
0b4e
019d
22be
0188
0d70
1328
1eae
e8cf
120e
027f
f639
1309
f9e0
1c6d
001a
e64d
0635
df0f
087d
f538
0577
fe06
08f2
f017
0f92
0db0
1bc1
fbe5
f9c1
0586
06a1
f547
0981
0427
1070
f494
f70a
18ee
0432
08b5
1649
f709
0049
0fa3
f908
ffff
0a66
0731
0785
0d01
2412
05ae
02b9
fc15
e59a
042e
08d5
0b87
01f7
1c32
f521
0e87
06a5
109b
facd
fc54
1d63
f9d4
0006
23ba
043a
22e4
1052
eed4
fec5
f5f7
1b5e
fa5e
15a2
fb1b
0b55
f789
04d7
fd4a
0553
0ceb
141c
f3ee
1b85
fa68
221b
ff5e
ffa4
0bb9
1948
030e
0445
0fe1
06e7
fdd8
009f
f53f
06dc
f500
04b4
ed75
f0a3
fa01
fa25
0d16
1dc5
fadf
1c05
0e63
1597
0213
05e5
1a33
05e1
2dc1
1363
fabc
0af4
ec36
0bef
029d
047b
1585
04e6
fc0d
17ae
f9e9
0e06
17d5
1304
e0e5
0e36
f691
0a72
059e
0242
10a0
f5c1
e623
06a7
d269
06ac
ecc9
180f
0f59
02a2
fa84
0888
0948
0ea4
f8ec
f185
0c9e
0203
fc65
0749
f549
1094
ead7
0085
1f6c
fa68
110c
08b0
eba0
0658
2508
00f0
03de
0a82
1b02
07da
0ce8
3336
0089
0b6f
f63f
dffc
f241
170d
0b13
fb76
fc74
ed86
0a93
0d2b
08ce
08db
fda1
1536
f681
ff1c
290d
0e57
1713
05bb
f07a
efbf
f0f6
0969
fb43
2ae9
eb26
f8bf
f548
f5ce
feaa
f4d5
1580
0c89
f785
1912
fd4c
2481
0a83
08ef
17e2
1226
0a18
0317
0e03
0d3c
f71d
f683
2ef1
0852
fc50
ffee
d745
e6e7
fe1a
010f
0853
0a39
f9c1
1c6c
09fb
004f
f6b9
f2a2
31de
100d
2361
0a29
f4b7
1ac0
ead8
121e
fead
fb86
0598
03c7
16e6
0e32
fee0
fd67
0f45
2a8e
f37f
fe46
f15b
f4e2
021a
0910
1494
f3f7
e860
f733
d6ab
1834
f081
1a30
1517
edad
047e
f117
06fc
0a94
04dc
f913
08ab
0392
f6e1
1647
f734
0fd9
ec93
fbaf
0776
f942
1609
1090
ed68
033c
30c1
09f8
fef4
07ff
0d75
0c4d
fefd
3367
fe39
03a0
fac3
db87
fc25
0b92
168a
f57a
084c
f578
fea6
ffcf
07c8
054e
030b
1c67
f543
f882
27e4
0be8
0b67
0775
f692
fbc4
f01d
0dea
f45b
23c4
fea4
054b
ebbc
e91e
fe39
0aca
0f31
182c
f991
32e4
009b
1ba2
0874
0963
164a
0bfe
fc70
054a
fe63
02fb
f9e9
f1f6
116b
0596
f819
055c
daaf
f13e
fa3e
019f
04d1
030e
f091
1b83
02e6
fdac
fb24
046a
19a0
07e6
1cd3
0f41
f93c
1645
eae3
1012
f9ef
ec2f
03dc
fd2e
02a2
0e0b
fe94
0772
fa23
1e42
04bb
0049
f5af
ff47
02f8
0bab
0729
f738
ec02
faaa
e80d
0afc
ed0a
1889
09bd
0319
eb6a
00ad
146d
0f33
fbee
f502
0894
0492
001d
1f1d
ee03
0801
ee56
0295
1356
f2c5
f79d
2033
d897
ff00
136d
0264
f41e
1cd0
0b76
0196
04e6
2bac
0275
fb54
f6a1
ff8a
00df
1ae8
0c8c
0266
15e4
ef75
0ff6
0477
0888
fa6b
fa25
15ce
f96c
f14e
0084
065d
1a22
0917
f398
0ab4
f663
0ed9
ecd0
0f65
ee03
08e0
00e7
eefd
fd2d
03f8
0eaf
0ee1
f255
0307
038b
21bc
0048
0583
10b4
1959
0102
0430
1116
fe64
0f39
0021
138d
051d
02c7
04d7
df21
e7fa
f53b
f647
0136
fb38
ec07
1a3d
0a20
f35c
f155
0a88
3971
04c8
1103
07f2
f0f5
0c3c
e636
0697
f1c3
0bb4
038f
0372
00f5
0ead
09e5
fe9f
fe56
1e72
0072
06c4
042e
fd61
07d1
062c
1138
f3d3
edf1
f203
d3de
0232
f3c6
1517
fd18
0ef4
e77d
f3c4
1517
27b4
e515
1c91
1c7d
35b8
01ec
f40c
ffd8
15dd
faa8
03e7
fb9d
0c43
ead0
2360
edae
0351
074d
0347
fb92
045e
f0e4
ee68
f63d
33f6
f362
f7f1
ff00
f1dd
08c7
f323
f68c
07be
34d2
0840
12fd
0bc1
1c84
030a
f738
2293
f86b
03c6
1657
10f0
0f91
09ec
ece4
1288
1ca3
f853
f732
14be
ecda
fe0e
fcdc
0ca5
fa1b
10d9
09ca
006a
0a12
f6f2
1310
3b72
fa19
2775
0147
177b
fd85
039b
1169
f30e
15c9
f914
09d6
1305
e5b3
08bc
eaa6
02a6
f7ff
e8a9
0c6e
11d7
e200
1eda
fd28
1992
0606
e59a
2c1c
20de
0b5f
0e7d
e935
0df9
d3be
0375
0e99
0cd2
0b2e
06c6
0a95
1941
fc58
dead
22de
22ac
e1d1
00ac
0f5b
0fc5
1ba7
f208
1f2c
0c0a
eaf8
e198
fa8f
e60c
ea9e
f63c
04f5
03d2
e8aa
1e0b
1b27
2c14
e3da
3318
26ef
293c
04ee
e90a
04cd
110c
0897
0a25
f229
1762
f1e4
1eb5
ec7a
0421
1609
fc4f
f576
020d
f628
f8f1
f804
2cd6
fb4c
00f2
f37e
0019
0ad6
f3a5
fa29
10ed
419f
f36e
13ff
17b1
2172
fead
f5a6
2bde
f295
0480
1507
1ca5
0f06
1677
f06d
126e
1588
1224
f10a
0df6
fe69
0550
04fc
0eeb
f10c
2579
fbb8
0c4d
0678
e769
19b2
3329
fece
251c
fd24
2adf
0466
eb12
0c55
f1db
fff1
f79e
14f9
01ad
fbbd
06e8
ef35
16c3
f348
f4fc
0d96
1ccb
e0da
3524
000f
083a
0ae9
f602
2252
25f4
1075
04b0
0393
1952
d16d
fefc
0a3e
feef
1d5f
0614
e8d6
2dee
fb9f
ffdf
2e07
1120
dcf2
0289
1d46
00ff
2a85
f9e0
2f75
f86d
ddda
e833
f36a
da3e
f31e
e894
02f4
fa19
f872
0a22
2466
133e
dd93
22ad
1793
2455
04ac
f801
0068
2498
01e7
100d
ed32
1d7b
f82e
16a6
e99a
fc64
1040
fbd2
02a2
f35f
0d66
064e
f8f7
513f
f3b9
f232
fc53
eb6a
0c61
0657
05ba
f488
2842
eb67
0bab
0d82
0f0d
13ed
0154
3229
f634
0957
1bce
2575
0f26
fd5b
f2c0
1482
1312
0764
08bc
1d42
db01
f196
f59d
04a4
fd79
06a1
01d8
0bba
140a
e196
f033
2c94
073f
1834
0163
252c
05d0
f529
0a6f
fc2e
fbba
fbd8
26ba
fee1
10ab
0031
e121
0926
03ac
fb49
09ed
1bcb
ebc9
1d9b
f988
fce4
04c4
f347
4961
1f55
0f3a
064e
e6eb
18d8
f3d0
0518
03f1
1128
19df
16b9
0b92
1f1a
0030
e576
270a
2467
f81f
e3c0
1383
f3fc
2388
0662
2419
f539
e4ee
f060
f827
d9d7
f861
fcd0
0ee3
10b5
fd96
eacc
0d26
110b
da36
1682
1564
1d0b
0264
ea51
f88a
fb63
04be
044a
0209
2035
fb45
1eb0
ef53
0792
00ad
f84c
0295
feca
f046
0181
fea8
2b12
fdb6
fd0d
0577
fcbd
0df3
eae6
0401
049f
2deb
ed63
0a60
0eed
0e68
f1c0
fcc0
284d
0c1e
ff8d
16bc
2bc8
17e1
116e
fa14
1ec1
08f6
0895
ed70
117c
ee71
1697
f6b6
e93c
00e7
1901
0918
1232
fd51
e9fd
fc05
113f
0451
1040
f393
1a04
0d6e
f7e8
0178
ee7c
f53d
0b86
191d
f855
fa31
f950
febd
208c
00b0
f453
1158
1d40
ea06
2e63
fcd3
19d2
0d17
f58b
2c94
214e
22ce
0136
0a8a
0ae6
f0db
1327
f4cc
0243
1478
f726
0012
0eaa
f7bb
fe30
1f41
0e98
e91f
f212
119d
1c8a
2e65
f916
1346
00f9
e6de
ee13
106e
e600
0079
fcbc
fb34
0a83
ed6d
1acb
082c
16c4
f023
116f
1674
1449
0ac7
fa99
024d
0cf7
0898
0bb8
048d
ff8e
0e7a
19ad
eeab
0170
174f
f9ea
13d9
ee24
045d
ff2e
14e1
454f
f2cd
ee4c
01e8
e4a2
1663
0df9
07ff
0555
2c0a
e492
058e
f9f4
0b09
0ed8
fb33
22e3
f067
05d1
29d1
1f48
0323
0d33
02d1
0c1d
fef3
fc8a
fc4f
2893
ef10
0d45
f4f1
ea67
00dc
117a
18b0
0212
09dc
e966
00f4
21b1
01c1
16fd
0cf0
1c24
fed7
f89f
f48b
ef54
0982
fbbf
1c64
fe8a
02ea
0b04
ed85
fa67
00e2
fc36
098f
11e2
fe4b
19ff
028d
166f
058d
f182
26e1
11e5
0793
fdc6
e88c
1f03
edba
0c00
0aeb
0d83
f3d0
1288
0dcf
17cc
fff2
fa5b
1741
224b
e0b8
e419
06d9
0a9b
3459
01ec
20f8
f941
e53c
f914
fbab
f352
0436
023f
0ebc
0131
f1a2
0dfa
034b
1bf7
e4ea
1a71
2215
17df
12a2
fd5b
fe30
047f
0b55
1396
0cd9
025d
fa88
1c11
fd13
f562
2342
fb9c
0f19
e900
f509
0358
02e3
3703
0255
08f7
e5f9
f34c
06dd
fa0b
119d
0c7a
27eb
fe79
0d19
183c
19f9
fe49
f292
2ef7
051c
f9f1
2666
2b07
0dc1
272d
fe6e
1646
0e05
0028
f7df
0cde
f04c
0c04
14a0
e86d
fd87
0c9c
0a04
0923
f230
e346
0272
42a8
f721
2650
1402
1eef
0706
f48f
ed49
f86d
ee10
1445
06e7
0390
fd98
1a5a
fbba
0975
f4ea
e170
1d39
1dd0
f229
2997
10ec
15fe
12a2
dd56
0ff0
1495
feb8
0ca7
f93f
1b98
e486
0d60
f71e
09bb
1039
fc1b
fd1a
3bce
f47f
f6a3
1ccb
24bf
e73f
f91c
009a
f583
277f
f30c
33ad
0942
dfde
f15e
da57
ed0e
ff99
03c3
0654
fec5
e4e4
11f4
0071
1585
080f
2079
18d8
1d5a
fc18
01fa
fca5
f515
05fb
0f68
191e
f851
113b
22c4
f71d
f470
0c9f
02f2
0f6f
f01b
f961
ff27
fa3a
1c89
ee0e
0a38
f596
f71a
1054
fb66
120f
04b1
2b90
fa46
0495
0213
0afb
0828
1053
2e69
05cc
fd6c
1b29
1704
03ab
1561
0172
04f5
0c77
03ce
fb5e
1219
f341
17e5
069e
e71c
fe52
1a85
1e52
04ca
f760
ed5e
173c
1f6d
fc5e
2fff
16a4
2b29
0b05
0638
eda8
ef38
dd86
0ca4
f5de
fc1d
159a
1005
f89c
ffb6
0980
f34d
fd5b
2476
f756
33ed
068c
113e
0b8d
eed4
1074
0cf3
14cb
f630
ef8f
13ca
e596
10ee
fe89
1318
1164
fe24
ef3d
12e3
f4b9
0769
1ff0
267c
ec38
02a6
0522
fcaa
1f8c
f744
2933
0f0a
de4a
f264
e9cd
02e1
00a1
e91b
fc16
03de
eeab
1a2f
f4c9
13c4
fb0b
0f3e
0ee0
2b70
f933
e6b7
f870
e694
ebb4
1e50
0d65
0dde
ef96
247b
f43b
ec6c
084c
ff26
07d1
fdd4
fedd
04d7
ea0a
2472
ea42
f1c1
ea8f
ff40
0736
180e
058a
eeff
25e9
f2ce
fb97
0418
1157
0811
0032
2a81
005b
030b
30d9
195e
f609
0194
101b
03a2
0dab
fa3c
f1a0
2610
e776
18ec
0509
0594
fcf5
1042
0c23
2031
f941
ea68
0e07
269b
ffb8
231e
0da9
23b1
0441
fde4
e0ad
0eae
facc
0e31
0210
00c8
0c53
100b
ebbb
028d
02cb
f9e2
0364
11c3
fe9e
25de
ffc1
0a9a
0ac4
f5e2
31b2
162b
13e5
f07d
eab3
207e
ec27
13da
fdce
1008
091c
103b
fa13
14fd
e0c7
fc7b
14b7
2b13
ea58
fcd3
0e2b
f233
18a0
0049
1f29
11bb
e1fe
f6ce
f6d4
f371
0686
eb0a
020f
110a
e351
0e1d
eaff
169d
03ff
049c
0baa
2727
f19a
f448
f6e7
0451
f8af
07ab
1092
1c7e
f0d6
2750
e850
fbe6
1ea6
ff3e
fe06
0ee0
04e6
eded
fb7b
0391
e89b
f2e2
f035
07e7
03a5
08d1
1a38
fbf1
36cd
fea3
fdf9
11f1
15fb
0bb9
0ea3
1ffe
096a
f8b2
1d9a
1ea1
f8b5
fd32
fc54
173d
064a
f995
f38c
1518
f1ce
fe15
ffcc
d5e0
0502
145a
19d2
1b75
fe57
eadf
0ae6
1c39
13ea
2bf6
0ffe
1c3f
052a
0639
eeee
1161
ea13
fe60
06aa
0968
08c9
0f9d
ed82
0b63
0ff7
fe16
02bc
1d61
076e
2f59
ff14
0912
0444
fc30
27e1
ff55
f4a0
f36e
e805
238b
e5cd
08c3
f161
0707
1190
0e25
f6ce
0c55
f25f
0e81
3290
126b
f040
e5af
052d
036e
0918
0e42
0ea9
1947
ebc0
fa90
f002
0440
0d1c
e9b3
0b90
0ba2
fb4e
1787
eebb
09e3
fae4
1053
10be
22e1
ff16
f01b
f588
113f
0646
03cc
0a56
fda1
065c
2131
f58b
ec44
1c5a
f691
03de
0cdd
0126
f316
0439
18cb
f50a
ebd6
07cb
fe04
0504
0feb
1c40
0e78
2192
03a1
0363
10ce
1393
01e4
07ff
1fb7
f0a1
073f
2358
09b9
0959
0811
feba
1281
1159
07e3
04e3
1cc7
e52d
0ade
eda8
de20
03ba
1035
1865
25a5
fdf3
fdd1
06eb
05d7
febd
10fd
063d
1af0
059b
f838
f308
fd68
e99d
01c0
0eca
066e
0b75
0207
e876
f9c5
0d05
0a7b
fe42
1f7c
f602
2515
fdbf
fef6
0d9f
021f
35dc
0668
11a3
058f
e92b
3106
f382
07be
f964
00df
19f4
0a18
fd7d
0fa3
f9b7
0356
2498
22d5
020e
dbe6
f9d8
fd0b
0920
0de6
07a7
1422
fe7e
f7a0
e8a6
02d4
0876
ec4d
0e0c
0e7f
000a
094d
ed5c
fb91
f6a5
0cc5
0fea
2496
f1a7
0e1b
f7c0
1a0a
f756
f53a
02c9
186f
ffe1
2907
e6f3
f5df
1c12
08f5
00f9
097b
ff94
0217
f92e
1c23
fe55
fcac
f94a
eba2
fd0b
07c5
19ee
09e5
38fe
04e3
0eb4
10c0
1237
0d9a
0a6c
1a9b
0958
fe63
1714
2959
01d8
1135
fd7f
1683
0e00
030c
ed02
20da
eae0
06d1
f7f0
ec2d
0dd5
1c21
1d7a
2266
ff3c
e4cf
088c
1a4a
fac3
06de
f8cc
1fd0
0f7c
fec6
e6a5
03a5
efdf
1345
2872
050c
0ea5
0321
fb6f
03fa
fdbb
fe59
0382
2279
1278
314d
097d
1a70
0416
fae2
3072
0cc8
07db
fe76
e718
27df
dd99
1023
10be
073c
0fd3
0506
0211
13a4
febf
0024
1bdf
168a
02fe
edef
f72a
0424
1fd5
099c
1479
07ca
ef8a
f557
ec98
fbe7
f747
e30c
0dda
0270
0358
ff6d
f8ae
0149
edf1
0dcf
0956
1e67
f2bc
0f90
007b
0170
f307
0783
ff84
119e
f39b
2a21
f499
eed6
0f8b
f3a2
f02b
06ac
02cc
fe63
0e80
29c1
ff00
f6c8
f73f
e29c
0093
0e6b
16ed
0418
4095
011a
0755
155b
1854
0ce9
19d8
16e1
0696
060e
22f0
1da5
152c
1363
0a1c
0d93
0605
0653
ee71
2e11
f7b6
fd71
f9ff
e930
0435
11aa
2588
1469
f7aa
e67e
008e
1615
0465
05fe
ef26
1c3a
1434
0542
00e2
fb2f
0d8d
1a02
113b
084d
0949
0419
f6ad
1368
0092
fe70
0aad
27d3
2136
251f
077d
0c87
0d4d
f8b8
1d3f
11a3
075d
f7d6
df13
234d
f447
0e53
140a
0bee
12ef
0863
00d5
24f2
ff0c
feb6
2285
1bf6
e9eb
ebbc
0a67
09e8
210e
05a3
1dab
1b0f
eea2
f74d
e74e
0618
fb18
e64f
06b9
0b1b
f64b
2215
116e
fee8
e693
095d
0f09
19a0
feb8
18b4
ffc3
24f1
f48e
f397
0a7a
04a5
fa01
213d
01d1
f5b6
17c7
fe32
f76f
0ae4
1c66
0550
18fe
2d77
0b75
f30a
eec0
e15b
f883
1d7f
0e16
04c4
263e
f817
139a
1e27
11f9
fbc3
ffdc
1c06
0f92
0246
2938
17c5
0807
0f4f
0d60
16f3
13c1
fd02
ec8b
0adf
efdf
fcab
01f4
eccf
f816
1531
1624
1732
f33f
eefc
1c91
26d6
fa3a
0e41
f887
3492
1828
fdf5
0066
06fa
fe3c
05c9
e1a8
fac1
11d0
0805
e5cc
0893
fce4
fd47
1a32
2887
1b63
1d50
0e49
015c
050b
ee37
0f5c
13c8
1411
fa84
e97d
2afb
da76
0c44
1765
1374
245a
19e5
0803
2f6e
0ba8
f58e
16a8
2662
e89d
f9af
07f6
f822
1405
00c8
2236
0f25
f0ac
f6b2
d99d
02a5
097c
040e
0a18
0339
fa05
1206
01e5
0e6a
0130
029b
144c
1e84
fd60
1e63
01dd
1596
f4b3
087b
021e
057e
04d2
2946
e07e
f283
ff55
f3d1
f0a0
0b39
ffd7
f674
1933
1319
00af
f672
fd32
eedc
0b7b
0f0b
0a99
fffe
2d44
089c
1170
1823
1174
f987
043f
20eb
0a97
029c
25fe
1664
0dca
206b
0c80
1af9
0faf
f68b
e921
1800
0901
00a3
f7da
e687
fda0
1797
1b79
0de8
ee12
f034
1840
1777
0a15
1fc6
fe3e
23df
07a7
0542
eee3
f676
feb8
032a
f74c
0b1b
fffd
0206
f2ed
0786
0387
fc9d
0149
3acd
152d
2e90
0ed5
0c42
023f
edb6
187b
075a
fdcc
f434
e3c1
23d9
df0e
18ef
1bdb
1894
3238
0061
15a4
3646
114b
01c2
289c
19ed
e854
fffa
0ceb
094d
1592
02da
1538
1384
e839
01ef
e0e0
010f
192d
0628
0d05
0135
ef30
01ac
f27a
12a0
f065
0c37
0f2c
125a
f4c2
f465
054d
1415
0adc
07ef
0b7f
0a3f
07e1
27b8
f562
f57a
06cf
ed08
f360
0ea0
01da
02d4
1ab7
0bd2
fc8f
f81f
ff87
ee59
0f7f
13ff
0f87
fc09
2a7a
201e
198a
1ae3
1736
f7cb
05d7
2a72
f7b2
0195
2c64
0ee9
1b63
1ca6
0169
20bb
02f0
fa45
ecd7
18cf
f447
0d43
f4f3
06ab
fe1c
1d53
19f7
0f7f
f04a
f775
089a
1885
f98a
0ad1
f7aa
1a02
0a2d
fcd9
f04f
f842
03d7
0e4c
05b6
0004
0721
08cd
e538
072a
04e2
0244
14a0
2dc3
0ae8
20e5
0f31
0771
123d
04f8
1322
0705
0c2c
f8aa
e3e9
1745
f817
1f22
1062
1ed2
16ec
01dc
0da1
2d1e
16c7
fd26
2849
1d9b
e4ed
fbdd
0ca2
1360
1236
0653
137b
fb74
ec6f
ffae
d785
15d1
f630
07d9
094f
f7bb
faa5
f488
0bde
0d97
da65
1aac
178e
2a1d
036c
0bf4
fbd3
1bd4
04e2
0b06
1205
09e2
1922
2983
eb1a
ed28
0a02
e64e
fca7
05eb
0ecd
0173
0c16
1775
fa11
e744
0b63
f03b
06fc
16ce
113e
f743
34ec
ff2c
0c2e
1097
0d87
0116
ebc9
1f79
f88c
0c2e
1133
142c
15b5
2780
0d25
1bc1
2038
0917
ef52
1d47
ff45
0248
0388
fa1e
fb29
022d
0e26
0c6e
f40c
0a4c
ffd0
2021
f381
114e
fe94
22c2
0f65
f2b8
007f
fa51
0558
107d
f940
facd
08a3
0f60
eb28
0709
0109
f91e
1091
2181
014f
2196
15fb
1741
0b0d
fe61
26f9
21a2
0e37
0b40
04e5
12f3
f2a0
0df0
1071
18c1
1320
0f8f
0922
2cd8
1c7f
fe11
258e
2321
ee86
059b
0291
f0bd
2c49
fd17
3096
f6a4
d36d
fe9b
d919
07a7
fe64
fef5
f2c9
0f96
f565
fcc0
0ae1
1ece
e08c
17e5
1029
20d6
0685
fa9b
0af9
0de5
fffd
105c
17f7
f426
faf1
21fc
f315
035f
fa6f
f2fe
f4c7
0bb9
0e3e
fdb8
0330
2232
010a
ed0a
0886
e54c
14bd
099a
fbb7
02c6
2d26
0eea
0f78
1bf1
1ee8
fbbf
f2f0
0e91
05f8
fad1
10b2
12a3
1ded
1bd6
f964
2d82
07ad
1943
f9b7
2893
043b
143c
fcd3
02af
fdd8
13d0
1151
1cb0
f702
07c4
05d2
2048
fa4f
1459
fb12
1e53
04ce
fc1a
10e2
f3c9
1153
0ee7
e8ed
0377
f14e
0b71
f244
fb11
fdb8
fd96
156a
283f
01b8
37e5
0e53
256f
0cbc
01ff
1e8a
1ec6
37b7
1b90
f8d0
feda
d37d
14e0
1648
02e4
288b
f501
e8dd
2ce7
03f7
fd8f
3a4d
0ba4
dc4b
04f7
097a
181d
27e5
00db
1929
ffae
d981
f855
d8ee
0f98
ef0f
078f
fffb
0b93
f9b8
0cd0
0be0
2940
e649
0a72
18a9
1c77
032c
f2ab
0428
04b2
f726
0bf0
25de
013c
fe3c
238a
ea38
03ab
08da
ee48
f088
0d81
01e2
f016
0552
2721
fc96
f490
04e7
f80b
01bc
17a0
0134
0a7a
1ef4
0b40
11bf
2189
1ada
f60c
f528
19c3
f317
0322
04f5
1bac
171a
29ae
fdc6
105f
0137
0eda
fbd8
3ca4
eab7
063d
fab7
003f
ff6d
0633
0fa7
0783
f613
0de7
0b84
26be
fca8
1bf5
030b
1d19
0563
f69c
163d
f938
1e93
01fb
0627
1049
f521
0e20
ec5f
eff6
f98a
f50c
16e7
24e7
f487
24a9
19ac
0877
056a
013b
2397
1db5
257a
1b9a
f2f5
fadd
c27d
0a29
14fb
fe82
288c
ee01
f9ec
31eb
08f7
01d8
3933
030e
c56b
fd8d
09bb
0788
1bd0
fa66
2d1b
01e9
cdd3
f381
cb3b
1161
f344
feca
00f4
fd55
08b9
09b4
1855
14d3
e20c
1719
2295
1c06
0977
0068
073b
0d2e
f78c
03ce
1ad0
0648
00a0
1f56
e415
fe9c
149c
fc12
f3d2
0d42
0720
f80e
0748
2b5a
f80c
fcef
0341
f13f
0129
017d
10ae
fe41
2f4e
0f77
1483
1834
18cb
fa20
f22e
1240
f8e4
f3b2
20d7
1551
0e40
1eb6
fb58
1a81
0a66
0a18
f567
33ac
fc24
10fb
0066
ee11
fd64
16f7
0f4f
0afb
eb79
1d2a
14ad
1812
f093
27c7
feb8
24dc
fc91
f77b
1047
fc60
0da1
10e3
0d28
0873
f540
10e8
f175
066f
f3d6
f2e2
1693
219e
e90b
456d
144f
0f4b
0f5b
0e8d
10df
194b
226a
122a
05ed
0077
b80d
026e
0dff
ebac
2772
eab3
014f
3adb
fb44
04e1
2c78
0e9e
dd40
06ac
0414
0327
1aba
ed59
240a
12b4
c9d7
e5ce
e0f8
06aa
f6c0
ffb5
f0ae
fe9f
ec8a
077b
18f1
22e5
e59d
29c0
0bcb
2c96
20e2
0cfb
12b7
0cf4
fdb8
081b
16e3
f7c5
d94e
2ae2
e205
fa9b
0c3b
f5a9
ec2a
1792
076e
f5cf
0ccd
355c
0182
e5b3
f924
01db
12a1
2024
0f9e
0e1f
305e
10b7
1426
0b58
14e6
0467
f49e
0933
f4f8
f276
11bb
1218
07d5
1e2e
f9e9
292e
1111
0c6e
ee93
1ba5
e5af
111b
021e
eaaa
0051
09fd
0999
095f
e715
fe55
102f
284b
f83e
1133
0254
23eb
02b0
f7a0
21bf
f5ef
1b4c
0a2e
0ca8
042d
fe56
1342
e797
f15d
f435
e916
1493
0eee
ed2c
307d
10fb
02cb
0dc0
17b9
4a26
19c9
3213
0dba
fa89
03df
bcc0
f792
032d
fe66
17cc
0411
0a9d
2616
0ae4
d85d
254b
13ac
e30e
05dc
0728
1230
2790
fb34
2610
0559
dd2a
e8bf
c948
0a18
fb9f
10cd
f3b6
1573
e203
f9ef
03e8
1c54
e86d
0da6
1185
0fd6
144c
fd77
faab
0c81
e503
230c
c83d
1de9
f0a8
24c9
f355
dfe0
22b6
00a0
f374
fc6b
0b63
0831
fec5
5aa7
e8a0
fdd3
f490
e244
0e30
0447
feb1
0e92
2280
f124
1343
14b5
0e6e
397d
ff30
307a
e1f6
0c50
2d45
1a7f
04cc
0e4a
ef9d
1881
09d5
ffc1
2f0d
3c2b
cf50
05da
ddcd
251e
0044
165d
079b
09f7
23a3
e9cf
f5ec
43d2
1033
02e3
1846
0ae4
0194
f6ed
f3ba
f14a
20c1
f031
2a8d
163d
f796
f3fb
c98e
f1a7
fb8a
01c4
1445
0b9a
e0dd
148a
ee6e
02a2
13a5
e23f
5293
15ca
199c
fec0
e335
277b
f016
14b7
1819
0e2d
0101
1ea5
153b
1398
fbfc
aeb8
02a8
2998
e7a8
dfda
091d
1b00
26b9
0e0b
2700
140b
f4bb
e421
fff9
ffd4
e55a
0b5a
113f
0af3
0587
0694
0778
2a2a
f7bf
01bc
23d5
16a5
06ed
ff1a
0246
3db9
fccf
2652
ce83
17a1
f900
19f3
eb7b
e06a
311f
0e1e
f376
fbdc
255d
085c
02a4
5c0c
e8eb
f954
e4f3
f12a
10af
1286
ff9e
2317
22d2
de76
0792
1718
07b6
34eb
fc40
3e88
d12c
0485
3ba7
18cc
ff72
06cb
fdb8
0e47
02e2
10bd
2d74
2f21
d6fb
fec8
dfc0
2577
fea4
2d19
06e6
139f
1839
f7c8
ef58
4bc1
18f8
06b0
1c13
1c25
0910
f04c
dee6
f885
fb1d
e3b4
3112
07c4
083f
fc7d
cbd0
da90
ede7
1257
080a
119c
e8a8
2754
f881
f70d
06b6
fff8
4548
1e56
2b1a
fca6
e357
2ea2
ebc1
06dd
14e8
08cf
05f1
3067
0d83
2d89
fc65
c98c
090f
2a85
f095
f615
039b
f1de
1fa3
1d99
296f
f8a3
efef
e7db
0187
f1b6
f5da
0892
0bd6
f2bd
0fbc
f787
1c03
1bc9
eca6
f945
1ac3
1afa
0581
0db8
fe64
320e
131a
1bad
bfdb
29a4
ff1f
2536
e816
e9aa
1f16
1345
f170
eb45
3924
140a
f8cd
3d26
e163
ed75
dec8
f098
f82c
222d
2244
f139
2973
e196
0472
1476
0895
3033
ffc4
3d65
ed8b
1293
2e70
1a83
f75d
1f67
03aa
0b52
0349
f4d8
3198
207f
b1e4
dc08
e791
0360
0367
115a
0ac9
16c5
1f46
e8bb
ea3a
36f9
1b16
12d6
1130
272f
108b
ed37
f8de
0b66
0c07
e19b
37ee
06cb
2463
fea9
cdd3
ebaf
046e
17df
15e0
322d
d85b
2b8b
01fb
ebe5
007d
e9c7
53ae
2a20
28fd
13fc
cb4d
3375
f16f
0d8f
1026
1f69
12b2
25cb
1944
3f82
fc40
aab0
0fad
3719
fd21
d8e7
fe4d
c184
3f96
12bd
3a61
0195
e95d
e974
1692
cfad
f296
0669
13ae
0a5b
15bb
d625
0ac9
0740
dd1e
0f26
1e45
078e
0b8f
e3b9
fd97
184d
1895
2c86
e0f6
25f1
fbc2
22d6
fccf
f3ab
1685
044f
0120
0131
129b
0b86
fb41
385d
f51f
e80c
e6e1
fa10
f473
04dd
2218
fb72
35dc
ea85
13d4
188c
0c6d
147b
106d
2d9e
f53d
fb74
3e4c
195d
0c3a
274c
036b
1d9b
f1ac
f728
26df
2982
c6f0
010b
e50d
fc3e
0b51
1766
0a5c
0c86
0a52
eccc
e8e3
295e
0ed6
10a3
0af7
1a6c
1354
f17a
eb6f
1160
ffc1
ff32
32b9
feb4
0f0d
fd34
ea54
1911
fc94
1889
18ef
30f8
d668
3cb0
05db
0934
158e
e83d
2f76
29d1
36f2
fc2e
f6e9
1de8
e5e5
1081
f1e5
2bd8
10d8
0e6b
153d
2add
0444
d05d
1a37
25a3
f75d
e103
093b
0b64
3c0f
19dd
1d06
12f1
f258
f55a
102b
e300
0a17
192f
073a
f943
0950
ecd6
fffe
1af3
ef1e
1bda
1941
169e
03c4
dd45
005d
fd33
2492
3ba5
fc2c
0f2c
04de
3482
fdca
fb24
25d4
f209
0e14
f632
06ed
0aeb
1169
4911
efcc
fb9c
00d1
036c
049d
207c
09df
0cd5
40f5
f216
082f
1142
0ee2
179e
0085
2daa
da3f
0ab7
3b2b
1ee5
0a5d
207c
077e
182a
037e
0b84
120d
36bf
de84
0312
f6f9
0648
062b
1b9c
1fee
08d5
0bb0
e4d6
e8ab
3ee5
f4aa
1f77
0a1a
2758
f7f6
f1a6
eaa7
e40d
24fb
04b0
168d
03fc
fb97
1a33
051e
06fd
fb2b
04d9
1417
2e6d
df0d
2e78
1496
1bb0
0c69
f762
2763
1c1e
1c32
f6a4
dd00
fea6
ea6f
145f
fe69
2909
fbb7
1bcf
0bbf
2a3a
f793
d927
1be1
1117
df0e
e9b7
ea1f
ecd1
42ec
059e
3748
2bb4
e41a
f584
f88b
f861
085f
fc2e
0a3b
0a05
f650
08d2
0515
13d3
ec90
1a17
2cc8
15e1
0b47
f2f1
fb1f
0c9e
0f63
31d9
fcd1
107d
fb90
20ba
02c1
eb70
3812
0bf7
0cba
f5e5
0647
1731
093a
3eae
f406
0409
de40
0236
0379
1760
1efd
0ccd
3bbd
f481
153f
1b58
0c43
2050
ffc2
3c65
e681
1880
3f64
2cc4
0c86
1a5a
fe4f
18a2
14ba
0626
2de1
290e
d0a4
e442
f78d
fb61
0db8
0fe5
1d5d
0e0d
07e9
e6ce
e844
3f7e
0fac
1bb9
1c5e
29bf
ffd1
f67d
f552
04e4
f9a0
f1a8
3282
0ef6
fe33
0b66
e671
0213
f4d7
f3e3
2667
322b
eb24
351e
10bf
08c8
06be
d463
32d1
1606
0ae8
f6cc
f87b
26e7
f0eb
1ae0
e9b1
34f9
0d54
1eb6
f74c
4552
f217
cbf8
23ca
2c3e
ecb9
ce01
fe7d
f1d9
2db4
0056
4849
2d10
dca8
ed06
eb21
f3b6
09ac
f34b
1ea9
0813
f74a
fbe7
0c86
1aee
fea3
1462
2b1d
205e
0293
f87d
edc5
f557
0c64
2202
0832
fe71
faf7
2e5c
06b2
f8f4
25ae
1551
0276
ecac
02c9
0a00
ffef
3483
f449
fedc
dc03
005c
1695
f243
06e2
0063
4bd8
f832
0b51
10d3
0f6c
1d0a
0b2d
342e
f665
0a70
2b8d
089d
0cf2
1577
020b
1289
1db4
13c6
0ddd
1265
dd7f
fd4a
eabe
e737
0713
1bda
276a
0fd8
f94f
dd83
12ac
29e8
046a
322b
0842
384e
040a
03b4
ed5b
e76f
ea81
0dd8
02e1
f946
0d5d
0fc1
0105
0cea
041d
06fc
0e79
3efb
cfbd
49e5
0564
16a1
0ece
e400
2e1e
2146
2d69
e817
0d37
1395
da2e
1cb0
fdf3
2e36
141e
1051
ede4
31cb
eb23
de9a
33b2
2e6f
e70a
e994
0075
0c9b
2e73
edb1
3a3c
1f28
d7fa
f030
ea67
05a5
fd57
e45a
1784
0b64
e7c1
0673
16ef
1c15
f882
162e
17bb
1595
0431
f2f2
fd86
f902
fa03
354b
031e
082b
ffb0
3146
02dd
e0d9
17b4
0261
0d38
f487
03cf
0afd
063e
3467
ed2a
fcbf
e5a0
ffd8
07b3
1718
0c85
fce6
2c60
ddf7
fe05
0c6e
1081
2a3f
09db
3764
f4a3
194e
4724
1492
0822
ff4a
1f44
0a71
09c5
f0a8
1d2a
345c
d5ec
ff29
e6e1
f033
060b
1322
09ac
19f6
0203
de0d
fe6e
3355
04c8
1e36
1699
212c
0200
f9e5
dde7
0e5c
0851
0b01
0c85
0ed3
219e
0fa3
e6dd
0d0a
f73c
11e9
1b1c
32c2
ec6a
34d6
0c8c
eabf
10aa
ee5f
38a9
1f80
23c1
f297
fadb
1db2
e9e7
135b
0de6
30ab
1058
20fe
ed99
1cac
e0b4
d955
1893
28cc
f878
f426
08fb
fc45
293f
0aaf
3743
3786
e1dd
0486
f96e
f7f0
015d
edee
2712
0fac
ed1b
00b7
f648
2855
0050
1a4f
2a27
2e70
0ab7
eccc
f636
07b2
0b75
1b58
0b76
1773
ed85
3106
f2b3
e856
31ba
faef
f64b
ff27
0037
01c3
07d5
2314
f56a
0628
df3e
1120
020a
18d0
091c
0fd1
49ef
10ea
0876
235e
2813
19f0
0a1d
30ba
0801
f20b
2c01
1f14
04d8
2715
07c5
2add
18e2
fe14
f699
18b5
e2e3
fbc3
eb54
e62b
fa19
22e5
0e5b
14fb
0729
dd1d
0afc
2c93
0afd
21fd
0fa8
3045
f9f4
ff48
ecdd
0d6a
f1cb
020c
0cbd
0afb
0752
16ac
f3a0
217b
0392
00fd
218d
4014
e748
42f6
14c5
0a28
1d7d
f16e
38be
2dfa
1cdc
01a5
0066
1b47
f003
0828
02ce
1529
1af4
2db0
ea07
30c1
ea4b
f230
3785
2fea
d999
f39c
0900
0e59
343a
045b
33c5
25e0
e2c4
0068
0175
fddc
082d
fae6
12b9
112b
100d
1c69
dfec
1663
09fc
11f0
16b8
2144
fa18
f056
ec18
1787
0383
1fb7
0af4
150d
2671
2d9e
f629
d4af
38ab
0031
0a19
fe4e
0bc4
0836
18a0
2927
fd31
e84d
128b
0d09
fa8c
127e
1991
1a92
27d2
0429
0bab
23d7
09c8
0bbb
1358
2401
ed6e
0464
2683
0bf4
06ac
1c20
0b55
1076
0e1f
0039
1d7e
453d
df12
f9f0
e18c
f83c
111a
0a81
14b1
101a
ff1c
f646
efc0
1b69
090a
f74c
0943
16c7
04c5
fd90
dcd0
fe21
ec51
faa2
14f9
041e
07ff
03bf
e5b8
10b9
07cf
1847
0e66
3cda
de25
1a83
02ea
0190
16c9
e479
4284
16b3
3eae
0af1
fb7c
2d9d
e9d7
18b3
ff38
1890
1ae3
19bb
fe92
028f
fe61
eec4
2e34
135b
0438
d951
f3ab
ff62
274b
1422
17ab
16cc
0e5b
05e4
eefa
09a0
016b
f47a
1484
f686
0bf9
fec3
e76f
25da
fb4f
101c
27ab
2d25
fd9a
0151
f396
12e9
0709
fe20
fbd1
25f8
f660
4320
f8cc
d7cc
4133
f171
07f5
0760
0fc5
fd91
0d26
3d18
005e
04ed
f6fc
047f
f375
044c
1db0
1a60
429b
1850
08d6
23a3
1ac1
16f0
f98d
29e0
f451
f7a3
33f1
243e
fd79
1823
013b
2dff
2237
0446
f5bd
4fd9
d9b2
0be0
efc9
02f2
fc37
1fdf
1e69
2031
01a8
f66a
f663
2fbe
0a06
1405
fba2
3037
0a8b
011b
eb45
06cb
ead3
0b0c
267c
01dd
111e
0d24
f673
11df
00c9
088b
19b8
4049
fd64
2d3d
06bc
1eaa
0e44
ea40
3db7
23b2
23d9
fa34
ea5f
220e
d470
17d8
0e55
1df2
253d
142a
0ab0
27da
01d2
e254
2587
1541
fad6
ec8c
f37a
f79f
461c
0a06
3854
1789
efbe
0406
f9ef
fb11
f07f
f5f4
12db
0986
10dd
faf0
f19a
1263
f999
15f0
2b15
19a8
fa20
0742
f7d6
02a6
08d3
0540
fece
1f65
e388
3b1c
f4c2
dbaf
445d
0853
f4ef
02cd
1b78
fc6c
1884
4857
f704
f893
ef67
ebda
0b0d
0a3e
0d78
1af4
2618
1d6c
0c42
26f9
1107
0bd5
05a6
1a56
fce0
01be
30e3
1866
11df
10b1
114a
1b57
0bea
04dd
1007
3efa
d06e
f95b
fe88
f929
f73e
092a
165a
1ad8
fa69
f369
ff02
28cf
128e
0828
08a9
1aad
12db
f2ec
f5d7
f624
feac
0327
18ef
0ed3
0127
ffd8
ffd6
1e52
035e
0bd8
1aa5
2ed7
f8e7
2b4b
03d0
047a
10eb
ef9e
320b
23ae
282c
011a
ea79
0553
ef84
15ab
2136
2327
2096
18e6
18b1
3b65
fda0
d9eb
2acb
207b
d972
dd03
03d4
0692
2ebc
ff67
3936
1860
ee46
f5ca
01af
0d5a
fb39
ec0d
0c09
0771
f363
11c2
0c06
1fe9
f30a
16e9
264f
311f
0935
1b2e
1823
2ee4
1287
06bc
04dd
267e
ecd1
1dae
02fe
e69a
3ee6
01b3
fce5
0ce1
2caf
0bf9
3cb9
5753
fef3
0512
f71f
e485
fedd
30de
0c30
0d7a
24ef
02c3
1124
2575
0e95
150e
0149
16cf
fa83
0451
2670
14cf
0ab1
1be4
0af5
106a
2181
027d
0f69
271a
ceb4
02d1
e963
01f4
f5f5
1da0
1786
0db6
eb7a
f55f
0095
2880
1844
0425
1fee
4b2a
12d7
f28a
e48d
0e1f
08d8
ec50
05fc
fffe
1197
068d
e9e9
0e3a
044d
0b98
1911
32aa
0f4f
27da
1245
001e
0986
e465
3903
2716
1a1c
f906
00da
1fa1
ee21
1b77
292c
2337
3bb8
2385
1bd3
3efc
052e
c6fa
194c
4785
dea7
e96f
19dd
f83c
31e6
105d
3be2
164a
e78b
fd70
eb1e
0520
f18c
1bf7
092b
f797
0352
feba
10fc
1c0d
07f9
02fc
22d4
30a6
0c37
0fec
0f8b
2a46
04a0
2313
07dd
1228
e357
4950
e89d
dc52
248c
fcf5
f6a8
0c7e
fbe0
fc7d
1e98
338c
fbac
f0e0
ed5b
f57b
07b7
1554
0541
04e4
1341
053f
0a1c
22d1
0a3e
1b51
029a
1391
fe21
f171
1480
189a
1ae4
13d8
0d6c
20d6
1ab3
0402
0ecb
1d21
ed12
009d
f06e
fae6
fb4c
1de3
210b
14aa
f213
e7c5
1676
2063
1c0d
0d20
f5d6
34d4
0961
0d4b
ef14
fe71
1838
fddf
080e
11f4
f63c
0a66
f82d
08bc
0cd1
06e6
fea6
430f
f78a
3f47
08c4
0a40
0d75
f131
3aec
29f5
1035
f8d3
ead1
0fd8
e882
1704
2005
39a0
37a8
1300
194d
29bf
09df
eb7a
2df2
0937
cf92
c919
1cbe
ff42
2e2a
13e2
289e
2d67
e523
f429
d65e
0722
0c61
03cf
165c
f4af
0c00
f00f
f1b2
1ac1
07cf
0596
11d2
0a5a
f095
0110
10b2
10b4
0fb1
0e98
0290
136f
0a98
34e3
ec69
f81a
184e
f4a5
f5e7
f90e
00f2
0b29
25bb
24ee
f381
ef27
e533
ea0b
06e4
1fa8
0e53
feea
35ca
faca
0f28
1737
0b37
2d7f
1680
1f95
e4c6
0425
0a28
20ce
14f2
0402
2667
2249
f7d9
f010
082e
40e3
e7f0
075e
ee53
144e
015e
13b0
1d3d
284d
fb9a
fb70
fab5
2bda
0d1b
06e6
05fc
0d06
190b
fcdc
f5ae
fa80
1295
0fe5
0ad3
1597
0be5
f66c
fba8
0245
1170
13f9
0383
32bf
f8ca
39b8
0bdc
0824
14c2
f8aa
38ff
0afa
218c
ff2d
f420
1d04
046a
169d
0d1d
4179
282e
0dbe
0fcc
1ae0
221d
f3ea
260f
1baa
edec
d676
ec85
16fd
18c5
1d4b
1336
129d
f324
102f
dbd8
0541
f9a9
1c11
07fd
ecdd
fe40
f3a2
20f3
24e7
e65c
149b
2d7f
1f3e
f1ed
1438
0ac8
13ad
141b
1b6c
02ec
20b4
0e44
468e
e052
f09d
23ce
e90a
0565
fd7a
05b1
0295
1f8d
3b3b
eb93
ed73
ed0d
0551
06c2
183e
1c47
f898
30ca
f4a1
02bb
035d
0959
3165
f41c
1582
cd82
fd50
ea15
1cc0
0d21
0ce0
25e7
1b03
0b35
fbdd
0984
3a43
f6e1
f0f3
006e
fa20
0874
0734
0eab
1a95
fd3d
1032
f422
2466
0f07
f783
ece9
131f
1ded
08db
0bdf
027b
19be
1246
1562
0b1c
2e7b
ffc6
e7cc
0aca
10cc
0377
f27d
3cc3
0016
3205
1f59
14d1
1481
07fb
438d
2848
3736
f82a
fb4f
058f
fae0
15e9
ff2c
3c56
30ca
074f
097a
1a4c
2130
f176
3f3f
2608
ea69
cf2a
fb9c
f180
3507
1973
419f
28d8
c383
02f2
d9dc
0e16
11de
0838
f989
f9da
fd3c
fea7
04d2
2744
fb52
05d0
1aa1
123e
fd78
ead1
0b34
1bf0
18aa
1f06
0141
f0b3
08fa
25ed
e10f
fa5c
314f
0213
0738
09b0
0d1a
0e5f
1833
36d1
ed47
e1ae
e635
e5a0
f5a3
128b
1b61
f806
2697
eeae
0ec8
147c
0e43
2ee2
0a3d
1a18
d00f
04a2
156e
0d6b
1513
f61a
17fb
1662
0bcb
f331
2491
4dfe
e5dd
eed2
e9c4
0ac1
0d56
1931
19ee
1807
08fc
1c3b
e1ee
0e8a
1919
faad
065c
19b8
1785
f944
0490
134e
0784
f69b
0de6
193c
1683
04f6
d556
efeb
0840
1c8e
00ac
2c5b
0096
294c
08ec
0ff3
0e42
f8d5
3b8f
1f74
4b5d
130d
e4e5
1bd9
ee8a
1d2f
0c7a
2648
29cf
0bf5
ec51
23af
1d66
de4c
27e8
1be2
f4c7
cd6f
f39f
169e
29d0
21ae
27e0
2663
dcb1
02b6
d7c2
2bde
f4e4
36b7
020e
e360
ff5f
f1cb
1cfb
3a63
ea35
069c
2e6c
3905
1e2a
ff8e
0bc2
18c3
136d
0f91
2429
0b91
13c0
2881
e676
05ac
3ba1
f3ec
079d
1213
0a58
eb6e
0d0c
7332
e820
f99b
dfd8
f901
f39f
238e
18e0
01ee
24c9
f416
1d69
1709
1ca5
27fe
fc28
0dfb
e2a3
fd68
0b92
3226
fc6e
0a80
0d1a
0709
1d60
f8ad
0da6
6ae9
e6f3
f3d9
135c
f432
0a99
0e4e
2576
ffe9
f712
0c69
f09d
281d
1ac6
0f12
1652
3102
1442
f1b9
1785
00cb
284d
f73d
2e3d
16f2
1adb
fc9f
f205
dde0
f487
0ac8
06fc
39cf
e347
2fcd
1c22
0479
1ab0
f981
4f7b
44af
5388
1ca1
f104
fd0e
c43e
f724
ff96
1cb9
2ec0
0a42
0b8c
470b
2b46
ea82
4652
1a0f
dc62
cd4f
ff9e
ebf0
30b3
208e
4a67
22c0
b8b2
ed18
d498
2557
fb89
16bb
f94a
eabe
1dec
fef5
0772
2da0
e8ab
16d3
2131
2698
1b5d
0798
0de8
11d8
1296
16a1
0ecc
02f5
0612
2cd2
e6ef
ec8c
3dbc
fbcd
fcdb
14e8
ff56
04ed
0667
6103
f478
f522
f700
0177
ffb3
0b0e
0e74
f845
22db
0e4e
11af
080d
1d65
19de
fec3
0658
e4a7
e8ac
3036
1e9e
0f15
1299
fb29
0bec
15a5
0ff1
1325
5cda
e76b
0d64
f4f1
ecaa
06c5
29dc
1aba
12a7
f8b2
2a29
f177
23ba
0441
1070
ffb4
156b
0b5a
ee4c
0f77
fb02
10f3
0d84
2bc4
0ec6
0726
05ee
fa72
f9a7
f2d5
0694
0f0b
2b85
e176
2a3d
0fd9
0b26
12ee
0682
4c64
30e3
56d4
15c6
fd7a
064c
d885
0a55
04c6
0097
371f
efb0
0d03
2856
0ada
f5d3
2a57
1813
f41a
e845
f324
0e04
38fc
0633
2709
3027
cf02
ea1b
e77b
1dda
e730
2c85
e49a
fab3
f106
f868
f9b1
2196
e6f5
095e
11f3
1d18
1ceb
134c
1039
13ee
0014
15ff
115b
fde8
f321
2d0f
c813
f55b
3139
02f7
f290
1d74
1eb6
09b3
1678
58c0
f669
c405
ee42
0797
fc40
324e
283e
0e5f
35e1
fb0e
1a8b
0153
1460
3ff2
065f
1e7f
c806
fe5c
2f5d
28ba
0428
09db
1836
08ef
0efa
fd1a
2819
6dc7
bec7
f7e5
eb50
fcf9
1604
211b
143a
17f7
fb30
0c3f
d4cc
2eea
1777
06fc
117b
07ad
0c07
090b
0ad9
07ce
12ff
f375
2f7a
23c4
2e23
fab8
e24f
cff1
0ef0
0ada
feb5
1fb6
fa6a
2058
10fd
e51a
10ca
0cf1
625e
30fa
530e
10e5
d926
10fd
ea1d
fd65
0404
2c40
15e2
1da8
1fd2
3809
301d
b948
22d6
1fc8
f27f
dccf
dfe1
096d
33ca
1551
496a
23a3
d918
f4f0
d7fe
20c6
06d3
1e19
fa6b
0e28
f8b5
f57d
