// 640x32 weights, scale=5925.0451, width=16
df3f
b8eb
0577
f994
d151
db20
de01
c8e2
aacd
d178
8cce
db56
b767
0c25
fbbf
e9a7
c016
d890
ed77
cc84
268c
ee4e
109d
be2c
edba
de0e
b9f6
da4d
e638
d147
df16
dfb7
ec73
d1a3
12b0
0746
dbbb
deff
edfa
dc5a
c95d
fb24
9d8b
e07f
d8de
f194
137b
f7aa
d400
e293
e998
d1be
2f41
db30
0274
d76a
ea55
e126
ce15
df19
f02c
ddc1
ecb3
e26b
e300
f046
16bc
0deb
e7df
e352
0720
e38a
e63e
15b5
d053
e6a5
eebe
000f
1f1b
f140
e7a6
f233
e331
dbcf
2049
dcb8
ead1
e9ef
e0d4
ef7e
e19f
f3eb
fd92
d9ff
ed4d
e1a1
e76f
d9ab
fd57
fb92
e201
e28e
e19b
d6ca
ccb0
f0c2
b37a
e23a
dd01
0122
0c64
ef2f
dbad
eb69
f026
d370
0eee
fabf
f75f
d9cf
ee42
e856
d4fd
e19b
fbfd
db94
e044
dd3f
ef9e
d0c5
f04e
247c
db7d
f191
e9ac
e469
da67
f0fc
c6d4
e7ef
f410
0d4a
fca1
f585
e788
f25b
eeb2
e4ef
071a
ece3
e3dc
d360
ec10
e863
d621
eb2c
ff7f
e4e5
eb95
e49f
ef82
d3a4
ffee
1ef6
df12
e92d
cbc2
e801
c5c8
d4c7
c1b6
e795
eb98
22d8
fe1a
f8cb
e8b4
ff90
effc
e4b8
06c4
08da
ed1e
d1dc
ed69
e250
dbfa
ee33
f9b9
e10d
ee66
e1af
f468
d7df
278f
fdd6
dc54
f674
1070
ec97
cddf
e7ab
e245
ecf1
fba9
ec63
2157
f17a
ef28
f8de
ecf0
e6dd
460f
e912
e2d4
e374
ed53
e5d9
e4b8
f9bc
fa07
e4d0
f42d
eeb1
eec7
c239
0a66
18b3
dd23
e7ee
d5e0
d4ec
b26b
d8f3
ac8b
e9ac
def9
1ede
03f4
ee86
d764
eb93
f1a3
dbcc
0c36
fdb8
efbe
cdee
f7b0
d849
cc08
e6b6
ea7b
e80a
ed1a
f3c3
ef95
dafd
fff6
131f
e47a
f44d
e74e
e2ae
bced
cb7e
c4bf
ec5c
f33e
0554
0731
eaa9
ed5d
f601
e96d
e57b
1b66
e69c
ea25
e714
eba0
e44b
c3f2
f271
eaa2
e893
f26d
ea3e
f2e2
e552
f9e2
f584
e4ff
eb7b
e624
eb46
c1f3
d614
c27b
efb1
f85e
fed7
fbd1
e246
f5c1
fbb7
eff8
e6e1
1732
f9ad
eada
e704
f083
ee53
cc6f
f94a
f094
e56d
f80b
ef44
e4a0
dc32
07f6
f9ab
e941
e78f
130a
e176
d20d
0157
ccc6
ed6a
ee6a
f6a0
0a8b
ded4
f7a4
03a6
e439
e7fa
3192
c40a
e8a4
eec9
eb7a
e474
d38e
f093
f2be
e442
ebf6
e9a3
e4a5
c3ba
fd1c
17ab
dded
ef4a
d3e3
e0dc
b055
d3c9
ce18
ed7f
dc13
160a
eef6
e9e7
e969
129f
ebbb
dac8
fe85
ebaa
d49f
ddf7
f432
e236
c130
f21c
e4e4
e39c
f27e
e165
e8b4
cc80
f382
14a9
e16e
e7e2
f89f
ec13
c0a5
e32f
dced
f119
e736
11e2
e178
eff3
f1cd
0655
e956
e362
fdf9
e0fa
f688
f1a4
f25b
dfa8
ccd3
e8fa
ec26
e422
f3ee
ea09
e973
ca36
2959
ef0c
df71
ee0b
f9c4
f015
c231
cb61
dee1
ea26
e3ac
fa5b
0d72
e219
fa31
1e88
e65a
dd5e
31da
e4e4
e051
f71c
e61e
e8de
cb84
eb37
fdc9
e31c
ed8a
e857
e297
d2fc
22cc
0938
df91
e81e
ce02
ef64
bde8
c42c
d1f3
f24d
e0c7
f588
1cbe
ebf4
f91a
23d4
e9e1
dd7a
0f33
ec80
cbe9
f1b9
df17
ebb0
c87a
f0a5
0f65
e4a1
ec54
e79a
dd63
ddf1
1943
17c5
dfed
eb65
fbb0
ec03
d2aa
cf3e
ddfa
e92f
db74
0768
20c3
e919
f871
1749
e374
e733
0562
cb67
d44c
fe14
e0e4
e075
d5be
ed17
1bcd
e116
ecb3
e7e3
dee4
cd82
fa2c
2a77
dbbc
e642
fa35
e42d
b5d8
af66
c95a
e2d1
c948
2884
05d5
ec68
f40f
00db
ec3c
df05
e6e5
cc46
ebdb
f38c
e3fc
da03
d29c
e2ec
0738
d644
e9b3
e706
ebb2
c55a
1305
0e46
e1e5
da48
19df
e5ff
b312
ae2f
b7d4
e45c
bba9
f036
17bb
ed9e
e7ed
e674
e8ac
db92
1d90
dc91
ef44
f8c4
eee8
dece
d07b
e5f8
fcb1
e21e
e5e9
ea7a
e7c6
c12c
2a69
075f
d7fa
e21e
0273
e595
a919
9d10
bc39
e682
a51a
0081
0e42
ef73
e96a
da43
ea87
d5e7
2519
e1bd
f044
e9b9
f0a0
d4fb
c9e5
e2f0
fe6e
db9c
dcd6
dfd5
e1ca
c58e
34c5
f224
d728
e19c
0c79
d4c7
b442
af37
c802
e35e
b796
034d
16e0
e9d2
e265
e1c6
e54d
d912
2bad
f0f3
fd88
ef76
f2f8
d80c
d31b
d913
fcc2
de49
d864
de2b
0c06
027f
ffbc
f702
0089
fced
0a46
0178
1fee
39a2
02f4
023a
04e1
0606
2139
0665
08bf
0043
fdf6
0a31
f9ef
ea8d
17c8
1067
fecd
0403
11af
07d2
0e03
0095
fa0e
09a5
0ca9
0315
f59f
0267
0228
00b8
0b1b
0798
27f6
4481
1037
06e0
0d7e
06c0
1956
0926
0cbb
0f80
019b
0d93
ff38
ebda
0d27
191b
ffc3
064f
15fe
07ab
0a3a
0230
fd34
0ddf
0f48
03bc
d430
1056
048a
0187
0ba7
02d7
1ee8
3064
f7b4
0601
ff9d
1a1b
0067
0eaf
05f7
f8a0
0487
0b6e
df3d
edd0
3316
0fc1
0c87
0339
127e
0621
0002
05d2
fe32
0be5
09e2
0a97
e282
0174
041c
055d
1bd1
0761
24c8
4046
fe5b
0808
1457
0c87
0bf5
0800
0e15
0034
086b
0e1c
f823
f167
16c6
1b9c
05bc
0922
1689
080f
0a06
025d
038a
0a4a
0cdb
04f5
ead2
fbab
0520
0693
2bff
0a52
20c7
30c8
fff1
0ce4
1c6c
ff44
fb3e
07c4
0d85
01e6
05ef
0c37
fd28
f092
2330
21aa
073f
0921
19e6
074c
04ed
022c
0437
0e84
111e
0899
0123
02b8
0400
0a01
1859
0a07
1c67
207c
0f4c
0d6c
1ea5
0647
0836
0a76
0d67
fc28
07e2
099b
fa01
f7ce
15f5
1a12
0d50
0b57
13dc
0973
08b2
0a7e
0b30
10f5
0e3d
04e1
0342
f351
0296
0222
29b7
07f9
1c1f
2ad5
0b12
05ec
197b
f6fc
15bc
0a37
090d
f5d7
038f
0823
0ad5
f24c
1271
1614
079a
0803
11da
0a19
0425
05fa
fff5
0cc2
0e25
0446
09a6
e9e3
0379
ff82
3201
0747
14b4
2cda
0814
0267
1e42
ef31
1116
0482
0808
01a0
02ad
0951
12a4
e7f0
0f6b
19e2
0427
07eb
0da6
075e
fd2d
0616
01d6
0ea4
15c8
02ea
ef21
0836
07fd
03d7
1f38
fd41
0cdf
2071
fe3e
03d5
1182
1308
fde4
09cd
0363
f82a
05d4
06a9
f75a
f266
2094
0f2a
0c29
04f0
07fa
0378
f859
0a99
02cb
0ebc
10cb
07b9
f507
ffed
1091
0ad8
1db7
0714
18be
35c8
037c
0833
1473
084d
0671
0706
11bb
092e
0333
0c3b
f993
ec4a
089d
1a89
0677
098d
0f0a
0c48
020d
0a6b
0314
0b9b
0d70
fa3f
fa98
026d
04b7
feb2
151a
014c
0784
24f9
f908
05ff
00cd
020f
fd70
0d95
feb6
f650
0a32
0b7b
fc67
f16d
2109
0f30
1151
04a1
096a
00e3
f4c7
0c33
06d7
097e
0ac4
f844
f82f
0155
0325
fd05
0b2f
fe64
0ba9
2b86
05ca
01f2
04a5
0d07
f666
0714
0058
0023
0119
06ba
f580
e6b2
0cde
1fa9
0cb6
fe93
08bd
04a2
f197
060b
0081
0877
0b79
fa26
013a
fa2c
0763
fbd5
273e
04ee
0738
1e4b
0627
00ac
048d
0276
f1d7
0b73
095b
00b4
fea3
0618
f91c
f036
1814
259d
0c44
02a2
098a
05d6
f368
fffb
ff47
0ace
0716
fdd2
0280
f287
050a
fbfa
1933
015e
1456
1d15
0776
004b
0adb
ffa4
fe33
088b
0b7d
0c6e
fc8e
0b1c
fc8f
e878
1590
27ff
069a
ff45
0c63
02bb
fa8b
030d
fc66
0a18
078c
0482
003e
0955
0539
fc2e
178c
0ec7
13fd
1bcc
10ee
01f6
07ad
06a0
0969
09c5
12fe
1774
0045
0ad4
e181
e970
123e
24a0
0138
013b
0f40
0430
0407
036d
ff5d
0970
018f
0232
1050
f2c0
0286
fb76
2c96
09bc
15fe
1a8c
0868
0030
0271
08a2
0b30
08f1
1461
1030
fd5d
0805
fc48
e5cb
0d15
298a
01bf
0066
09d2
0067
0be5
022f
ff8c
09a1
003d
087a
1338
ed96
00b4
fc93
37da
0938
1645
25b3
0d90
061b
0bb2
eac0
1698
0292
18b3
120c
ff02
068f
feca
ebde
ff79
2bbe
ff73
0371
10ec
0877
1123
fac7
fdf1
03dd
07b5
ff6b
fb90
088a
0088
fdd5
17b8
0669
06e0
0dd2
01a0
05f3
fc01
0321
0f18
045f
0b9b
fb47
00f0
0686
e85c
f5f4
113f
19a9
087e
02f8
095c
0576
0654
02f2
fcb0
0681
0dd4
fa77
0ad1
fd19
fbe1
fae1
1bb0
fed6
ff17
03cc
f64d
0365
e92f
1038
05a0
06db
0882
e9c7
02d7
081a
f068
f53b
25e5
15c2
0c09
fcc2
06b4
fe99
fb83
0745
fa35
1034
087b
f4d8
1ff6
ec10
013e
fb6e
1e5a
01e7
033b
0ef0
f9a0
0077
e9f4
f938
0e47
01af
04df
f054
fd2e
05d8
042d
f497
1892
1d46
055b
fc26
0ab7
feca
01f3
0181
f825
074e
ff5b
f7d4
d999
13d2
01dc
00eb
dce8
fac1
fa6e
0e9a
f991
ff01
e11d
197e
0b10
0dc7
f315
f0b4
0756
f51c
e0ae
1173
feeb
f6b4
08e5
fac1
f576
fdfd
0737
ff85
fd11
019a
0424
feef
df71
07a8
061c
0743
d934
00a1
fa1f
0cf4
fd47
006d
f886
08d7
0ecd
1229
f6b2
fe69
0915
fcd7
e9fd
1a7c
f9aa
f7bb
08f2
faa3
fe97
feae
042b
0564
0544
05b0
08cf
2056
eb66
fe7f
0ef9
1821
edac
13d1
21b1
2525
193e
0b06
1288
ff29
203f
1086
1112
1287
088d
1105
f3cc
0c00
e6cf
0640
03fc
0c7b
15c9
1370
1f4f
135c
0d10
0505
05dc
1300
e7e1
f97a
0c7f
0e58
f3bd
18a5
1a78
2272
138f
0b85
0f8d
0302
15e4
0f91
0d9c
093f
096d
0c92
f151
09e6
f356
040f
0624
0727
11a3
0ce9
144a
11a0
07c6
056d
0b0d
130b
e3d7
0176
0f69
0bb5
0721
1a10
160a
0f9a
17eb
0be9
2868
0eb3
0551
0841
1353
0b52
0c76
0c07
ea16
056c
f03a
088f
0594
0ff1
1aa1
0ab7
136b
0ffd
087f
07a8
0bad
06bd
ee47
145b
0bad
0a04
ffe9
0961
0f04
f861
0fea
070a
274d
1d11
fdff
0b23
0503
fea5
08c9
055b
d896
0d1f
f331
0674
0296
0761
08d6
013a
0c3b
0976
0421
0480
05f9
ef34
f0db
025c
fcd1
fecb
0aa5
f917
eb2a
f1a1
f947
fd30
0c8c
fee3
faef
0e97
f00c
f544
04d5
f7d9
f3b1
1fea
e969
fd18
0805
fe4f
f2f8
f79e
033b
fdce
fa5e
000e
ffa9
ecc1
ed24
009c
fd7f
fb58
f5af
f565
e479
f449
eeda
fadf
0996
ffc2
fd29
04ff
eb5c
f262
0293
f064
ea49
1659
f19f
fc99
00b2
0085
f51a
f79f
ff8f
0045
f53d
fafc
010a
ff94
e22f
f771
08ff
fd8b
0706
fa9c
ed73
fbc2
00eb
0097
1fd4
05b5
e490
04e3
f6a7
f5bd
fe51
fb14
f28f
077e
fc55
02de
05b1
0223
fb40
f5be
f108
05b7
01da
015c
0956
146b
f545
eb34
1483
0626
08d5
0907
0a39
144a
0e4b
0bb2
2857
f6d7
e69f
0ad7
0d00
0807
02fa
09fc
f892
03a8
f450
123f
fd57
08cb
067a
0291
f8ba
08a4
0b5c
0573
11e2
0405
f605
ff9a
0a86
0518
f2fc
087e
002d
0e80
045a
083a
1b8b
0179
e3c9
155c
fc0a
fea2
08a0
067c
e877
158b
fa93
0c0a
09b6
fe54
ff8e
fd92
f5d3
0caf
0884
0429
0db0
f43f
fb27
eb7d
06e2
fc94
f998
f822
e739
ffbb
f18d
02fb
ffc3
f493
d8ab
1792
f1cc
f5b6
010d
f852
ec94
18a3
0254
0c20
086c
fbc3
f1b0
f7a2
ed06
0437
039d
0417
fe84
f9b6
0cdf
ee5e
07ef
01aa
0721
04fc
ef24
fa44
fdf3
feb4
09b9
0ff7
ea19
0c4f
fcbb
0767
fad3
01a6
f98b
0edc
ece0
110c
fa13
fb5b
fa96
f50c
f2de
fa91
fa1e
fea1
035b
f83a
f95c
f265
05c5
feb5
fd2d
046a
f8f6
fcc9
0755
0640
0048
02bb
d84f
0abb
04eb
0b9c
01f9
ffbd
dfc8
0eea
0c0a
1baa
0286
fbc8
fd15
f713
ee46
043a
fa70
f8d7
04d1
f19b
f0bd
f815
0543
f54f
094c
02a5
f750
fc87
f7f7
06a6
ee21
0c80
e4a6
1252
fce9
00ef
0716
f9d5
de7c
1550
0ba8
1726
0ed4
ffb2
f8f2
ee66
f960
0a98
f493
fa56
04d1
f300
ece3
fc63
0d6b
fdcc
05ae
0734
ff0b
fd0a
f0eb
03a0
eb11
1a3a
e8d0
0b3e
073b
00fb
09a4
fab9
dd5f
14f9
0791
1819
09c7
00e9
fe01
f34c
f675
045a
f830
f665
0383
0815
fb86
0051
0f51
05c6
16c6
0abd
fc4a
f245
161d
0683
fe7a
2176
ece8
0946
1218
ffd0
0b13
0399
dd93
1427
ff06
1807
073e
0599
0343
faba
f895
0157
0239
fa94
09da
0d78
f3f8
0fa5
0bcc
0b3f
0123
0ae2
f6d6
ed19
17cf
0e0c
0045
193c
f165
0ef9
0e39
f0c7
08c8
07ab
d83a
1d93
f885
1672
074d
04e9
029c
fe73
f93d
087c
05b4
0933
0174
0fcf
f72b
0a9e
0c95
0ad5
10fb
072c
0557
0c35
1ad2
0cd7
00c4
1335
fd67
058e
1454
fba0
04b3
08e0
e330
1a23
cf28
2b06
030f
fd95
0898
fdfb
f864
ffcb
fecd
039a
0a65
0bbc
0a8c
ef0f
0d91
05e8
1e23
04ad
fb66
f9b6
147e
08e5
002e
f5c3
f589
06d9
0f09
fad8
04b3
0367
fb42
18d4
e5dd
1be4
0657
fc4e
0505
f9df
f9b2
fc2f
0016
0021
fddc
f8f9
eff4
083c
f2df
f23f
ee09
f0a1
f223
f423
f5d2
f638
dc39
fb7d
fe49
0013
f194
ed8e
f616
f3a6
0a26
f9c5
0fa5
e1be
012b
f6e8
eed4
f67e
fc3e
fa4c
f393
0101
ffef
04f3
0bf7
f91a
fb40
fa60
ebe4
fef2
fdd6
f9a6
fc78
fb64
f0bd
fbd1
130c
0440
01ef
0de5
f7fe
0489
1e2c
fefd
f4fc
e67f
ff42
fe28
fbab
00d8
0c4c
fac5
fc52
0020
0166
1673
eff4
ec88
045c
044d
f72f
0584
12dc
fcde
047e
073d
fc81
f44a
025b
04a6
0c72
fd48
f913
0560
03bf
eec2
204e
ed4d
fe8e
0a34
07ff
0af6
0409
023f
f943
019c
0899
0e8f
eabc
fb6a
0b1e
0345
fb69
1100
13a5
fce1
ff51
0671
01fc
eff8
f07a
07ab
0d80
f678
07ed
0a8c
fa4c
0001
18bb
f6a8
067b
0bf7
0d99
0713
0333
0563
01ff
0519
ff51
0dba
e945
f7e9
06de
0122
01ab
0e2b
1a23
0d26
06f4
0732
11b8
0273
047b
fccd
158e
03a1
ff82
06f6
01ee
f2dc
0e5e
fbd0
ff31
0cf4
10fb
03c4
0ee4
0392
fcda
02e6
01de
07c0
fa71
0178
059e
04da
1174
0ac9
0f1d
fa90
0d0f
fed8
099d
eb99
fa85
053c
10b7
fefa
009d
0207
0831
fe09
f59d
fc6f
fdfb
0bda
08c7
0332
0f31
f643
04c1
0373
feb0
f15d
ea11
0b04
ef57
f3b7
f902
ef68
e9bf
eaa3
f5fd
f34d
ec44
069c
f435
01fc
f680
eb78
fa5e
f577
f796
fa4a
0d14
e3c4
f971
00bc
f59d
f76a
058d
f2ea
f5b6
01ae
f561
f326
0102
e905
f4aa
eefc
0537
f353
ef5e
f778
ea11
f56e
f1f6
e338
02c1
f311
feeb
f6ea
fc23
f694
1903
f804
0875
ec6f
f6a9
fe0e
fb62
fb81
0892
f3a8
ebd0
fb50
04cf
0916
f0b1
f616
03ca
fc58
fc25
03d1
03cd
048c
fc26
fe9c
0120
d923
f0ec
023d
0d16
f8ef
04a5
03c5
08da
eed3
1213
efc0
f9b7
071d
fbfd
0379
007c
03e9
fe50
ffde
05f3
0dfd
e3af
0657
0900
fee6
faf6
0488
1944
16ea
0faf
014a
07d3
f11a
f108
039f
0a27
fae1
0159
066b
f685
eddf
1214
f8ed
f4dd
0d23
0795
077e
0081
063b
028f
029c
0384
0fc8
1d22
f518
0820
0366
f9dd
02a0
1377
0e9a
0c42
03ce
ff7d
fbd0
0c73
027f
08be
0a59
0230
0b3a
16b5
f9af
f7c2
fa3a
f7e0
067b
044c
0b8b
06a8
0406
0430
0201
030b
f515
fd98
fe22
0114
f53d
edd0
ef32
f64f
fa91
06ee
fc94
e80d
fd0d
e081
069c
f791
f86f
f88c
f7e6
fb20
fdb5
0dfa
eb5a
fcc9
ffa1
f02e
004a
f2a4
fbf8
014f
02b4
fe70
08c0
1a68
f765
0700
0098
f58f
ffab
089a
f789
16eb
00db
012c
f0a5
fdd2
0307
0b9e
109c
f871
0d79
081b
03ea
eaf2
f802
f3e5
0397
fe4a
07bc
064b
fae9
0684
0365
0071
04f1
ff77
01ff
fb25
fb03
e175
fe23
064f
f70e
106e
fb4f
f542
feb6
f53a
033f
0b69
1b2f
fd73
0591
fb59
f31e
0867
f18b
f9c5
06d7
fae2
09f5
01ce
fe83
f82b
fc4d
0f53
fdd5
132f
f6dc
fe76
f2e0
0307
f72c
fa6f
e78d
f597
f725
d9d2
de6e
ef18
0e0d
0498
0959
08fe
fe40
1472
029d
1281
ee1e
0508
0493
f27c
0489
00fd
0f21
fcd2
fdae
0b49
0089
0d29
f579
0021
fbff
f99c
0399
05c7
f044
f4cc
fc13
e04d
e899
fb48
07a8
0c4b
0ce5
0863
07c5
1293
ff18
062b
f15b
f916
078c
ff18
03ac
0644
0537
fe0e
007c
07d2
0875
0b12
f97c
03c3
fd0d
0485
0325
fa27
ea62
0225
ff58
df89
f2c6
f949
03e5
1081
fd55
0325
0901
0ded
fc89
1056
f1c1
02a3
08d5
fe78
05a5
02c3
05fd
fef1
fe65
0889
1745
22f0
ef51
0586
0a8f
0e47
06be
01a4
e58e
1b67
076c
ea84
ee82
0dcb
031d
1985
07b7
ff02
0a7c
1a4d
f81b
e526
f76b
fc46
0dfb
06f2
0c14
0620
0964
061a
04ef
07af
0a8b
05f4
f896
0525
fcb7
0bd4
fcf1
0192
edb3
0070
0137
e20d
ed76
fe5f
0079
0b44
eb11
080a
05cc
0151
ef49
0ffc
f87a
022e
082d
009c
048f
fb37
0715
0003
0836
05a7
03ce
1143
f3e1
07e3
fe25
0e32
f72f
fe2c
eb00
fea9
015a
dccd
ece0
043c
fd41
0756
f214
04ee
024b
08a4
f725
094a
f436
0023
0088
02b2
ff5f
fd52
01eb
f72b
0492
1089
ff87
0bff
1345
0373
ffd2
100c
00f6
0deb
0d45
f979
0540
eafb
ea84
02e4
00c5
08c8
006b
0457
008c
11ba
fdd1
fc7c
0429
0f26
04ee
fa9d
03ae
09b3
06fa
01c5
0c36
08ce
fa54
fbfb
104e
027f
fcfb
1217
fb1e
073c
fa91
f9c8
ff5b
e5a4
f34b
ecf2
074e
06dd
02dc
074c
02fa
0a53
049f
0fc1
065f
0ede
0455
f43d
0073
fbd9
05d8
0b90
0afc
0e4d
032f
0018
ff79
0e2f
0751
1b6e
01e4
0cc2
037c
0b96
0100
f578
d074
086c
08d8
09b3
02a9
0a26
05e0
1650
fd24
fb09
01f6
0bc6
0527
06d2
0813
1103
04df
0b40
08b6
1156
103a
054b
ff1a
1376
0eeb
21bb
0ea4
23bc
0cf8
112b
0b24
1432
cf7c
0af3
04ef
1b37
0ba3
0c75
10b5
189d
fcc5
e74c
04bb
0b4e
1087
14ce
0d20
1400
105a
1148
07b1
08db
0021
03aa
0505
146d
00a7
136d
0ab3
1525
f95f
f25e
01ca
033d
fe77
0e69
065d
0b1f
fe4a
105b
0ba3
0fec
0386
0961
01c9
0935
1045
1246
059a
1218
0c65
0435
0864
03e3
02f2
0707
112d
0630
fb33
19e8
0d92
170f
0479
feed
01e8
0425
ebe5
0c9e
083b
14c3
072a
05ed
0d84
0f1d
074c
e56c
0766
0a11
0e4b
0487
04bb
1903
083f
0f00
0c5c
fb37
ee8e
fc42
0da3
f7a2
f1ba
169c
f5f6
e7de
e643
e413
f7ce
e96f
0700
ff09
05d0
f9fc
ee3d
feab
fc2d
0e72
024b
0429
f53f
04ee
029c
ef8e
f52e
0dcd
f84e
fb96
fda0
ffcc
fb26
02fc
057f
f920
f0c8
1f43
f185
e985
e8f1
edcc
fbfb
f28b
eaf7
0cdf
fc5c
0329
fbda
fd9f
f856
1070
f465
edad
f679
0519
048b
ef1e
f969
17c0
013c
fa97
fa6f
06cc
0b88
f436
0d89
0480
008a
03f7
05e1
0b03
0723
0119
0934
0855
f609
07c1
fdc7
12df
03c2
022a
0a1c
fc86
f5af
f828
fdea
0c93
111d
0135
033e
1845
0d16
0751
011a
080d
138d
06ba
03f9
0e8e
05d5
1636
0e2e
2baf
2485
0bea
0948
1dae
f3af
115b
02c4
1d79
0c9b
08f1
194e
11ed
f537
dbdb
147b
03e5
148b
116c
0c6d
1467
0753
1644
0525
07f6
0b9b
fda8
1f1f
0a2b
0a1c
f6cb
0b7a
1476
0a3d
f875
068d
0768
0e4a
f406
093b
0ffe
0639
08e1
0f1b
f702
0419
ee35
0ab5
07c6
14ee
fe97
0ac3
0432
0781
0f28
045a
0c61
fd65
e323
2f68
044c
0280
f023
f711
fe92
066f
f8a0
071c
f623
f73f
df8b
0b0a
01e5
f63f
05f9
0347
e604
0084
f05e
05e8
11b6
0a0f
f0cd
00a1
f8ec
025c
0fe5
0626
03f1
066e
10ba
09fa
0c88
06d0
10ff
098b
1129
0d14
0e47
0a83
0bfb
e731
f319
05f3
1c58
0aa8
0192
0fe9
03fa
049d
dc63
1866
0a5a
1128
00f7
079f
040c
0031
0ff5
0ba8
050b
0a7d
0560
0078
04af
02f0
11fc
072e
1c00
12e9
001c
0a7c
0632
e894
f34f
05bd
184d
16a0
0575
0d7d
0186
f3d1
fe4b
1daa
0afd
131e
03e1
04ab
064d
08b3
0847
0300
0b6e
01b1
15be
07f1
080e
fcc0
215b
07da
158b
0f7d
fc1f
0484
f4f7
ee6d
fea8
0861
14ae
1dbf
089e
0d33
0d8b
025b
ed37
1565
034a
0db2
0405
0074
1063
0878
0334
ff78
0f1c
0dab
01bc
086c
09fd
087a
1f2e
1275
1e01
1150
03e7
0974
fba3
f7de
fe48
0617
2294
1ae7
0a71
0e45
034b
fb5b
eea0
180e
0613
1343
09ef
0b64
1155
0d22
0e62
098d
0c0b
1b6e
0150
18e3
1116
11b1
196d
1621
1cd9
10bd
1d63
0c49
11cd
f60b
0af9
0223
25d2
13e1
092a
1811
fee2
07a5
db49
21f6
0c57
11c9
0ca0
0ece
15fd
111e
0979
0e95
0ddb
1d57
02b1
157d
0e65
1377
10cb
1be6
1c45
0d98
1598
0b9f
0eab
029f
0a10
0349
27d7
08bf
03c0
16f0
0455
026d
dadb
192c
0a77
136b
0d1a
117f
151d
0fd9
0d17
0f3d
116b
1e42
0d78
0968
0f51
107e
2d4b
16c4
1db3
082e
0dd8
0d29
02a9
ddea
0489
0430
285a
0021
09c6
1109
00f8
fd23
e332
1afa
0d23
11bd
0ac5
0b9b
06e0
0ddb
13b8
129f
0a1f
057a
1f33
f050
0ef6
fec6
3a47
085e
0ff7
fb31
ff83
043e
eace
c8b7
05c1
04a6
125a
f8f4
0630
0a43
2323
05d5
f2cf
1409
10e8
04b0
fff7
02bd
0560
03d6
0817
02ce
04ff
fe42
17b5
1372
0001
064e
f144
008d
11f0
186a
f706
0339
02a0
fc07
1b82
ffac
0ee7
0f9b
fd51
fcd2
02f1
01fd
e3dd
1148
022a
0425
fb1a
0669
13df
0305
0a78
0bee
03a0
fa4f
f97b
273e
00bf
fd22
e4a0
01ea
007a
f996
e4ea
02b7
f7ae
08fb
0cc9
0aeb
0898
0c3f
020f
03f6
f110
0b4a
00d8
fc7d
0518
0825
f465
fb0c
0835
0786
1041
0e95
fe7b
230b
1324
03d3
0ac8
0bc1
f661
1089
2e99
1b41
1702
0ab6
1b66
ff83
290c
001a
1bb8
1f55
0601
0c69
06f7
fa72
ec92
1824
ffed
0e42
103b
1161
1ac8
062e
0d12
0775
07cc
0c1f
ff16
10db
0d2d
07ab
017a
169a
2273
0d85
fdb2
08d6
168b
0b72
0bfc
0dd6
151e
0759
0df3
0a2f
fcc1
0011
0e27
10fc
13eb
1799
12ff
0811
05e7
139c
0aba
0534
0479
0271
e405
1b52
0b19
0469
faab
14d2
1d63
076e
feca
0470
19af
144a
025a
019e
10ef
001d
0f13
059e
f370
01a9
0c56
052b
10d8
0fd9
0b6a
035c
fe02
0996
0bd6
0bf2
040a
00cc
07fa
016c
05f4
006d
072f
158a
161b
05b3
ff09
07bc
1ef0
f2b7
1ad8
0841
1331
03f3
04b2
000f
0e75
08d6
ed1d
0a69
0db2
0df8
0785
028e
1683
0823
084c
09de
0429
e77d
f797
1c67
f423
f82e
ee2a
fb2d
e8f8
de51
db5d
ff6c
f094
11c7
f822
0925
fe4a
fb64
0800
f2d0
ebc4
0432
0f5d
f21a
09d0
0a5e
ecc2
f13b
fd3f
0502
fafe
05f9
01eb
ea62
02d0
1648
f77e
f8b5
e2e2
fb1c
e3cb
db93
e371
f77e
f17d
14bc
147c
ff5f
0530
085e
04f9
ecef
f51e
082f
006c
eb6e
02e3
0859
e692
f402
0cd6
015c
ef85
f931
fbcd
fed4
0658
0cd0
00ab
0435
d58b
0973
0fec
f786
ecb5
0340
0bdb
13e1
1ba4
f89a
1a49
19a7
fdf9
fbab
f2ce
0181
f135
fb5a
0124
0b15
f848
ff38
1438
0466
fd5a
fe6e
0537
0a1b
ef92
1513
0a29
0bac
dd6d
0eef
239f
1bd6
fbcb
1084
1e4e
12db
0903
03a9
1db8
0c5d
04a3
0913
e2ed
f9ca
0380
103b
0a5f
129a
067d
04bb
03bd
092d
0944
08f3
07a2
11b0
0a53
ff24
0771
0ca9
e1ab
17f8
2984
2187
0feb
0f92
21af
05ec
091a
0624
21c4
1ec4
ffef
0e5b
f83b
fb29
f16f
1564
fcea
11f6
053a
0987
0d4f
0a4c
0bd0
0814
0af4
fb8f
f2d1
217c
00e8
04a0
caa7
037f
0d5f
0e3a
0d6e
09dd
0f7e
2255
e93e
09ed
1b73
09c9
009e
feec
e02b
fe66
11b4
0c8b
0579
0939
f742
ff8e
f66b
ff14
0da9
0c24
0539
087b
16c4
02a8
0118
0ca9
de3b
0b9e
1d97
0943
1ebd
02b1
1c1d
0b5b
f894
021b
23cb
2362
f90d
082b
f830
ff84
f389
0f4e
f483
05d2
0144
033d
06d1
faa4
06e3
0cb6
0691
f9f3
0b2f
fd4f
ff88
01c3
ee97
04b0
08c5
08bd
0220
017e
0c01
1279
f134
05ce
1441
249a
0527
012b
f4f7
fb1f
1252
146d
046e
0c19
0200
0342
fedd
098c
fedd
0310
0766
f4b4
faf2
1d21
f982
f8b9
e6df
03be
0704
0fdf
eee1
ffa6
e7ea
1f96
fa41
0ab3
0b53
26fe
0bd6
fc0f
e043
0e32
08b6
1358
05ad
0d73
fb76
fecd
0815
06ea
f616
fa43
0f5d
fc58
f3e1
14e9
0015
0797
eab4
0d8a
06e1
0d9f
fad2
06c7
eff3
0f24
f7fe
0354
17e7
142a
0f49
fd39
ef1b
051b
0a26
0c13
02b7
03dd
fe78
fab9
fe08
0966
04fe
0041
091d
067c
f560
1022
04bd
0427
ee41
0c42
065a
126c
0854
07e6
0045
11c8
fd3a
fccc
164f
0ec1
048f
03c2
e9a9
07d4
0530
107e
ff16
00c9
0098
fcc1
03ee
04bd
0386
07e4
0234
059e
fbc2
0cff
063e
09b2
ecf4
1412
0cf6
1428
094b
0957
0751
2baf
0afc
fb04
155c
0ded
ff7c
062a
eb00
08b4
fac0
16db
fd39
031a
ff8f
04bc
096a
004e
0262
0aae
0cea
15af
0e95
18e2
108b
1024
fafe
119b
0f54
0bdb
0995
0cd8
ff8c
1ab9
15f1
049a
215f
0a81
08cf
0c31
eb7c
0b49
f7d5
16ab
03ad
0acc
042e
02df
06f7
06a6
099d
0c33
06c4
1520
0717
0e79
0f0d
0c58
071c
1149
1159
0c85
14e0
0a30
f7ab
f8c1
0e85
fa74
1de1
0218
0662
081a
0420
00c8
fda7
162a
0275
0229
0152
0281
06b1
0636
0de4
0b04
0c8d
04e9
26c9
e682
fa10
f7b8
036e
face
047b
08e6
f608
fbcb
f9e6
d7d5
270f
fa75
ff3b
fe84
f79d
fdac
3868
f914
030b
fbd0
0678
fbd9
0080
072b
14af
06d4
0576
0569
0194
04d6
1d0b
ef52
feb9
f3eb
fbb7
f7da
ffff
033c
f9fd
00b1
0a54
e418
181e
fb4d
0727
1149
f438
ff96
2b13
018d
0096
068d
fb88
fb09
fc9a
05e7
1473
fbd9
0838
00cb
fc42
158d
09e1
ebe6
0549
fe43
09ad
0526
1947
09aa
f9de
032b
1a0d
e97c
10d7
f76e
0f50
021f
f547
0647
1c55
f01d
0961
017f
fa01
0534
0a2f
0c25
11b7
018c
069d
0278
097e
04fb
03a6
fb7f
0548
fdcc
fef1
0f34
15da
f8a7
f29e
ff55
0e13
fd9e
0b40
0672
085c
fdab
fedb
0936
15a2
0125
1041
f83b
056e
05df
0975
03ab
0be9
0229
0b63
0645
0862
06c1
012d
f167
09c5
f541
fe5b
0866
0d3f
f88d
f4df
016e
18d7
fc81
193b
03ae
0417
f868
0107
06eb
2524
f1cf
103a
f671
ffe3
0516
0a4e
0363
0e4e
0821
0aa9
02ac
054e
fe2e
1651
e89e
04c4
ed97
178d
09c6
0b44
ef9c
f79c
01b8
0e34
f3f1
0f71
fd36
0475
f4ed
fd01
fde8
339d
f98e
0bd0
02ae
01b0
02d4
0579
0023
0e38
03dd
09b2
08d1
0244
eca4
f269
fbd8
f14c
ec3b
00e3
f907
e821
d4ad
e80c
f9b8
eb98
0c34
f5da
045d
f1ff
e8bd
fc3b
f684
0772
fda2
1f51
e2bd
fae3
0072
f433
f433
02cb
0182
fa31
028d
0133
ea2a
1337
efb3
f388
eaec
fbd7
f170
da66
d302
d8e7
fbb6
e72f
ed8d
0f32
fb7f
f424
f303
0388
f40f
2a9b
fffe
1eae
df99
fea4
0544
f54c
f65d
097e
006a
f320
f596
f691
0306
03fc
ef71
048c
f50d
f01b
fe68
0726
f6f2
e4ce
0265
030e
f5c1
12c3
f807
097a
fff0
006c
02a2
177c
fb2b
1b61
f288
f78d
0619
fb4c
0022
0aba
0085
0080
fc20
0b73
07b3
fc6e
0661
0430
fd28
e472
fc98
0a06
f82b
f239
0779
0e3d
0c95
0ca5
0329
0257
fa14
0556
097c
04c1
fed8
0e42
f670
0a70
0977
0343
0301
0656
0f8b
0ce1
0112
0953
11a6
129d
ee09
0090
fb6d
f561
007a
0f3c
0807
fa19
08c0
1b77
ebdf
057e
0678
fcaf
f120
06d5
0780
1ab2
f0ac
197d
fac2
09a2
0d9f
ffac
0aa8
00a7
1178
0f36
0456
10a4
fc96
00bf
f778
fe86
ed29
ed13
f1ea
eabb
e454
e907
fc67
f2dc
ee32
dfa2
0f31
ecbf
e2ac
03bd
0272
163e
fcc0
307e
ee0f
135b
041a
e7cf
ffed
ebd8
08ac
0cb4
0db0
0bff
12e7
2cdf
e518
00a0
0497
02fd
036a
0fb4
f017
01ef
047f
14ef
deeb
01a4
03b9
07c1
046f
fef9
0c87
2bbd
ef01
fc77
fa64
013e
0b16
fefc
110d
0487
091d
0d8b
09be
0857
ff23
1057
ef1c
00a9
f7d2
fab0
ffa6
0362
f127
eda4
0125
08dc
ecee
f1be
0777
f71a
063c
033e
0622
1634
f8ed
242e
fb32
0cca
08bc
fcc7
09a2
fe2a
0e1e
0369
0774
0a00
fc3b
1835
e9ef
052a
f7f7
0e7f
fc10
0bc2
00d3
ec56
00ec
f2b0
dcc2
0456
020b
00dd
0b78
06b0
fffd
231f
f986
0e0f
05a8
0446
09c5
0111
041b
1156
104a
0160
fda7
0a4f
0790
0fb3
ead2
03c7
fe3c
0bfa
0b6a
1807
116a
f887
054b
023b
e25f
0881
fec6
0b1a
0ca1
0772
07c1
2570
f8df
0a2d
0a30
06bb
0da1
07db
07c4
0ec1
1062
0d53
05dc
0be0
0ce7
0036
f5f5
05b3
ff32
0477
0475
0909
0129
fd44
0264
00b4
e00a
08d4
ff65
0512
fbcd
07ed
03f8
0cc4
f8ee
1f8d
ff65
0811
0da7
03ce
07da
0d1c
11df
0ba2
08d4
0f64
0efe
21af
d989
04ad
06d8
0a14
04d4
05df
f0ec
f7f8
0427
06b7
d275
1af7
0021
ffb0
fd44
fef2
046b
2c01
f627
0c3c
f650
059e
08b6
ffbf
08d2
0ad8
0d2a
0373
0a1f
0dee
1796
13bf
ee9b
0751
0499
07d6
06de
0b7f
022c
02d9
08f2
fb7a
e467
1b33
04db
0bc1
fa4b
08f3
09bd
0f54
f7af
09e8
0135
078e
01c2
0553
0c15
0f84
0bf0
099f
1124
12a1
0d5c
1eda
db80
08c8
03c2
0e80
060d
09ae
f8ff
0f7f
fb56
ff9b
d54e
1bbe
fc63
05f2
fdd0
0653
0740
2be5
f3e9
0b69
0035
0322
fd16
0650
094a
0c6d
07c4
005f
0b84
0417
0817
18cd
25f8
fe06
1166
dd65
fb0c
0535
07aa
0542
0438
fdd2
0414
2253
fc62
0c8b
0a8d
02c3
01b0
fe99
0553
de4e
0bcb
07bb
0220
0c63
0604
1492
06b8
fcf7
04e9
fec7
fd42
f7ad
30b5
f40e
006f
d390
f7d1
f55a
f5ed
02e8
fc0c
ffdf
1160
fc9a
fc82
0839
03b5
0516
fa3f
e906
0e5f
fba0
fe5f
039e
fba8
fc10
f7d2
00f0
03cd
fcf2
00c0
fe8b
06c3
ed44
1039
fd73
0813
e329
0225
00db
eec2
020b
fe9b
ff09
0d74
0fc0
047e
0308
fdf9
0042
000d
ef4c
fdb3
10fa
f5d3
078f
01ae
0769
fcb4
0ab3
0541
0232
fddd
0920
01a7
e2d2
30d5
fdaa
0943
ca26
0845
0294
e413
0a99
0120
06db
2147
15d5
074f
010d
f970
09df
0352
de25
0cfe
f9f8
ee66
1338
09d1
0bf2
0202
0e0b
10c3
057a
fbd1
fa02
05ec
fac4
16a1
0294
0569
e562
0d5e
0d40
eff5
07b1
ff4c
1426
13b0
1c96
0568
0d76
0333
0290
0a85
f6fa
0770
00ea
03a0
0405
0bdb
10dd
0468
153a
fcba
03ec
ff29
fe1d
fd8c
fbe1
15b9
0077
ff19
e8be
031f
038c
f1f5
ff74
fe7a
2255
fbfe
2520
02ff
fe6b
ffe1
fdac
02a9
faad
0381
dfae
0534
0231
ffaf
0872
fd6a
1bee
018c
0537
0207
fe89
f055
ef50
195a
f36b
f77d
ef18
f5c1
e84e
f199
ef40
fc8b
11b9
047e
11f1
069b
f5aa
f663
fbaf
f835
f16f
0c1c
dd62
f0d4
0028
0013
f6e8
f0df
0ca2
fbd5
f66f
f86a
f43c
f082
ef6a
0b4f
f3f7
f30a
d9d6
f32d
e42b
ec3c
f64f
fa9a
1560
0200
0d72
f9ae
f886
f883
fe5f
f729
f379
0187
f585
ef35
f5dc
0488
f943
f431
0079
fcf2
ef6f
f4af
fa78
06ef
ea39
12d1
0a6a
0518
dd73
0a01
07b9
0cec
0494
0393
46a6
fda1
145b
f9aa
133e
0d72
fa7d
049e
e2a9
057b
e1a5
05c6
f6d8
09d8
070b
ff3f
0a42
0489
06c4
f531
0180
ff47
eb07
2126
04f4
0361
ce46
fdf6
0dc8
0f95
04a6
0a3b
29d5
067a
098b
0257
00ab
0516
034f
0570
e9bb
0783
f933
0875
0578
0a9e
09c6
fe21
fe21
08c9
041b
f894
064a
f995
e9f9
2031
ff0c
03c6
d75e
fb76
0038
1438
febb
066c
236a
02b1
f10a
ffe4
f34e
f66b
0500
00f5
ec45
0258
fee7
f9e4
0ce0
05cf
fea6
fcfd
f1cc
0a37
071c
f8be
fdb1
ef05
fbfe
fdfc
0089
fd07
e6f1
fb5d
f735
0c79
0488
ff69
1eaa
fc5c
f04a
fb21
ee97
f692
f476
fa28
0e66
07e1
f617
07f5
fcc6
0008
f9fd
f52d
e93e
ff8b
f932
ffb0
f75a
02d6
08f9
046f
ff82
0c71
e020
fe53
0169
fd6e
1ff0
03fe
2d88
03b5
0002
f6fc
08ab
1272
f776
061b
fb14
fc9a
ea71
144c
f95c
04e2
081b
ff4a
f82f
0004
0274
0039
fbfc
06bb
ed2f
0f37
fdaf
0495
dfcd
fea5
fee2
f798
1814
06e2
297f
f7cc
eef1
006b
0c43
176e
00ee
074d
df99
015c
f813
0fe6
0431
0805
01f9
000d
f5e5
09eb
0132
0019
fcd9
12a8
1ac6
f0db
08d5
04bd
f8b8
0be8
18bd
0d62
2467
021a
2d36
d81c
18c8
fa5e
2226
2bfa
fd00
0a44
0e52
f448
d57f
2d6f
f4e4
0a29
0ebb
06b9
1121
0584
fe39
f6fa
0261
fb1e
fa60
0ad5
08cd
015e
f33d
078e
ff74
f9e8
0b37
0294
15b0
f3fc
ff09
fcd2
16ca
1001
04e7
06e4
eaa0
0374
f69b
1668
02e0
07c2
0c12
fc34
fcd8
07a7
01fe
fcce
fd7c
0e15
e364
081b
065d
ffbf
fbba
faef
fe77
127b
1997
0817
18a3
f964
01c8
f8e4
0f5b
f9cb
fbbf
0221
ee6c
f6be
e8bc
114b
0512
020d
07e3
fe75
fe22
0807
0331
fd18
0180
0079
e1ec
1625
01b7
02ed
dca6
010d
eea3
f72d
0da3
0773
0975
04d8
f8d1
00bd
04d2
f519
01f4
0677
e160
07ac
fa2e
02ca
0946
0511
0980
0157
f989
03da
0458
fbf9
04cd
fc03
dc65
2674
04dd
0461
e7d4
017b
f646
029f
09e6
0724
0240
118e
f083
fe4a
0e31
f79d
0987
032a
d3ab
0419
02e4
0bd6
0d28
0120
05d3
fd74
f17e
f8a2
fe64
fefc
01d4
fad7
ebf4
0979
0902
ffd4
e6b3
f9c0
f649
0556
1271
06db
08c0
f32c
f27d
fb93
08ec
fefe
07d8
ff83
ef3e
f577
11e9
095d
02c9
fa7d
0c32
f86e
f0e4
f798
fd5f
f6bd
f9a4
f926
234c
ec28
f785
f63d
00c2
f9ee
f573
f665
f03c
f53d
028b
e7db
2351
fab3
ee32
e9c0
ef26
f4ac
20ef
fbbd
fe34
fc06
ee59
f5f5
0b1c
fde2
01ee
f8d3
f650
fcc6
f540
fab2
0d71
eb1e
fa05
efb2
f9ec
fb31
f7d0
ff95
f63d
f519
0fdf
ed56
176e
fb64
f1bc
fa7a
ecbf
f758
2786
ff93
fe35
ffff
f02d
f620
0a62
f85d
003c
ef83
fbf9
fb5b
f1a4
0769
0c1c
eae3
0944
fb72
103c
0a24
0db8
fb37
f97f
f8da
1bd5
f760
1ce8
f858
00b3
f5a2
f763
099d
1fdc
fa66
fddd
fff8
eede
fb67
1bbd
ffc1
07bf
ec77
fbaf
0182
ffb2
f99f
fbbd
e4c2
0684
ee5a
0277
04dc
f9c5
ee7c
e92d
f940
0ff8
f628
10a8
00ab
f2ff
e908
ffdd
fab4
1bca
fa4d
234f
f52e
f4a4
fc87
150e
f69b
0063
fd35
ffc8
0557
f991
f928
f8ad
ef4a
0852
f0f2
043b
ff84
025c
fdd7
f136
f745
1cd6
f947
1669
f95e
f66e
ee7e
fd3b
0487
12bf
fee7
086a
01d6
f372
ff58
2175
f829
086c
f6e9
ffda
fbc9
fbbb
ef35
f2b6
f4b9
02cb
e971
0a66
fd8d
eafb
e7cb
ed47
f856
0833
f6db
ff1e
033c
ebfd
e14c
fd69
fb7b
0c71
07fc
0660
fb44
f8e1
faba
12f0
f17f
fb9c
f40d
f6b2
0044
f8c5
ecb8
ea70
ec48
f8cd
eb6d
0f89
f3a3
dadb
f184
ea62
f4fc
125d
f9af
0068
03a8
e724
e1b0
fc37
f4e2
0384
fae6
119c
fc25
f9f9
fe5a
0bb0
efe0
f691
f4cf
f621
fbd8
f8c2
ece8
edc1
f8be
f290
ed4c
eefc
ee2d
c5d6
de5e
e190
f02d
fa0d
03bf
0889
0307
dc31
dfd3
fc42
ed5a
0cab
0275
1838
e8e0
fcf4
fdc4
069c
e902
f931
fca6
ea69
f8ee
f707
0b8e
f4f8
ef24
0a26
ff3a
fa2f
fefa
f40d
ff85
fa01
fcca
22b2
0165
0fba
fd6f
f1a6
f506
f764
015c
077b
f8cb
022e
feb4
fa8d
0343
14c8
fce7
062f
f8b1
01bb
fb61
fca2
02d2
eddc
f2f7
03d0
fce1
f5c0
fa9e
f2d9
f9e6
f5bc
00f4
0bfb
0dae
035e
fd27
e9a0
e7e7
00b8
047a
1376
f931
1a4d
f600
fe8e
0578
1386
f58f
f222
fc28
0270
0142
0558
0432
0821
e103
f9ed
f86b
f803
0011
f923
f340
00ab
0000
16a7
f4c7
fdb8
0651
efe6
eb2b
0444
07bf
146f
f318
0986
f9e8
01da
03f9
146e
fc8f
f186
078f
0b41
0596
fc24
fad8
ed54
f183
f8c5
f313
e730
eb1f
e773
e2cb
ff6a
ffcc
03d0
01dd
e691
ff07
e3b3
e298
fe02
ffa3
1031
f47c
199e
f0f6
f9ff
fd35
0905
f658
e626
f9d2
02b4
0369
f6d1
f642
0217
f07d
fa6c
f59e
e79a
f173
eaaa
d9ed
f65a
fbd0
0836
0102
f4d3
fd47
e4f1
e44f
fb11
001c
0f50
fa8f
195a
ec6b
ff19
fb8b
06fa
f85e
e861
f8b2
fd66
fddb
0666
fc19
0881
fa0b
fcfd
fa1e
ed89
f915
ebf1
d26c
fd23
fc0d
ff99
0004
fba9
04db
e860
00e5
0538
04a8
08de
003f
04b9
edc2
00de
05d6
04cd
fc4d
f2e7
0908
0050
05ba
ff2f
f82b
1b05
e819
fdce
f668
04e2
f6d1
ec4e
e027
f3a3
f6fd
fb81
f60e
11af
00e3
ea03
ff78
044b
fd6d
2a5a
fa86
076e
f4b2
fb41
018e
027b
fbca
01d1
0bc6
0078
face
007a
f965
fd68
f4e0
0127
f713
0474
0005
f0fb
e3ce
e6c5
fbc9
01ac
fa8b
f9de
ff2e
ee4c
f2df
08b9
0503
0d3e
02a6
13be
f6ee
fd08
01ec
08c2
f995
f340
051b
04fa
fab6
fcc6
01fe
1299
ece0
fdef
fac8
0b5a
faaf
f6a8
f35b
f8b2
fb9f
156b
f5f7
1aac
f71d
f1b6
f90b
fc10
034f
2336
0049
e348
fcaa
f418
f97b
0cc5
fb81
0575
ff65
f44f
f914
017e
15fa
09f5
eec7
0284
fd79
fedb
0030
f20a
e131
047a
0450
1b56
0b1e
03ee
003d
ec28
e3d9
008b
0919
1d5e
fddf
12d4
f3ed
fdd6
079b
195b
0593
f455
068a
01ff
06ef
0538
0b67
0b30
eb40
062a
fc30
0baa
0586
f38b
db7f
f16c
ff1a
ff56
f684
01ff
fd35
edf8
e089
00cf
00eb
201e
fb3e
17f9
faa0
ff74
02d7
10ab
fbba
f2b7
fd76
f952
fc10
070f
fe0d
0139
edd1
0213
efbe
fdb9
fbd5
ec4d
dc5e
f659
f81c
fdb5
ffb1
0041
fe0d
eacc
e9f4
0144
00dc
199f
fbe3
1db2
f09b
fb58
fa23
0ea5
f5bf
f42d
ffde
f6a0
fcde
0675
ef53
172a
058d
f750
f18b
0a45
ed14
e4ad
fecf
e398
ed8c
ead6
f252
04ca
f732
da47
d663
ef4e
f12a
1a8d
eb55
fce7
f48b
fb70
f2c9
ff3c
f3f3
f2e6
faf2
f776
f42b
03ad
ec26
0c26
fb5d
fa52
f205
0de8
f11c
e9fd
f2ea
ebcc
f01d
f4fe
f9d7
ef16
fa70
de68
e343
f742
fcc3
1dd1
f75c
0d23
f59f
f7e5
f36d
ff89
f3c2
e5f8
fce3
fc70
01f5
fbf0
ec6e
ff04
12f4
f6bd
faa6
0c71
f7a5
f192
eb6a
ec41
f15d
f862
06c6
f733
fd33
e753
dae2
f8ba
fb12
0238
0120
04bf
f36e
023a
f75f
02dd
f607
e9d9
fb26
f6c7
f73f
ffb7
f011
ea45
079a
fa50
f687
04ef
f70e
ee4b
ee3c
f6eb
ef12
f6e4
175d
ec89
f728
e306
da6c
fc72
f558
feb4
023c
11a0
f0a2
fd7c
f458
0141
f50c
ebe4
faa6
f8c1
f699
031d
f95f
0423
f3e1
01f2
fa76
1918
0292
fdc5
0162
02c9
f526
056f
f372
0712
fce4
f4fa
e9c3
f955
fe7d
1739
ee50
f92b
037b
f8fc
f69d
08bc
f81c
f5c4
f9ab
fb14
f73e
02b2
e9dc
e49d
0c8e
f8ec
ee73
12b2
f2c8
dbba
dac7
ea9d
f720
ef10
0be1
e502
fdc0
d91a
cbdc
fb40
eae9
f103
fd2d
1470
f459
ffc5
f66a
f9b1
ea42
e48a
faa5
f854
f900
fad2
f54b
ee65
fa81
f4c1
f746
2181
f0fa
e281
f693
f183
f8a6
f680
e3c8
ef29
fb75
e1aa
d58c
f8e6
f106
036b
f26a
1256
f949
fb41
f970
f9dc
ee9d
e8c3
fc7e
f5bc
f2f4
045e
f08b
f503
02c5
f421
f48b
0b55
f2fa
e5e7
f8f8
f200
fa63
f516
0344
0388
f6a6
e94a
e19b
fbe1
f795
0c68
fcc2
0785
f123
fc9e
fee8
ff10
ef1d
f53e
fb0e
f087
f64f
fe7d
1474
047c
f895
05ad
0a00
0b42
03a9
051f
141b
0167
042d
170e
fb84
0a85
f426
fec2
f567
f893
fbd9
0873
ec04
f933
1179
f631
079c
00aa
032f
ff7f
fb8d
00bb
f3ce
fd4d
00d3
0cc8
f5de
fe0a
fa28
14ba
f79c
0305
192b
f779
028f
0109
f922
00f3
f7f1
f4b5
ee44
f99c
fc44
13eb
f203
ff1f
064b
f9a8
0348
fea8
f8d2
efd8
fa65
fe42
fb67
0111
0851
12e3
0196
fd06
fd93
0cdf
fe29
0760
0d81
0c24
ff7a
0efa
f9e0
f3b7
fd28
f82d
f272
fc8f
0479
0b3a
f790
f82e
0c16
fa0e
0426
fa5e
0031
eef1
fa3a
0616
ffab
fde8
f94f
041e
fa04
f9d8
f80a
fdd4
f63f
f476
0021
f9c4
fa0b
0381
05a2
e4e7
f9ff
ec10
e95b
f9ef
fadd
0bf8
f204
046f
fa0c
f623
f9a2
fcc5
f887
e0f7
ff12
fc36
0171
ef92
f070
ffbe
0122
f44f
f4cf
0f4d
ef8d
f976
ffa4
f763
fbc2
fed7
03ce
e65d
f8a9
e716
e1f6
f742
f8fe
05e8
f710
1070
022b
fc6b
f88f
f7d7
f9a2
e904
fadc
f6ec
fe3b
fefa
ee73
0044
07cf
f673
f151
00a9
edd1
e66c
eff1
dfc7
f940
edaa
07aa
e4c7
0140
d8e7
ede9
fe89
f1d2
0991
fd1e
19af
fa54
05f7
fb59
ee70
f36f
e424
0227
f5ea
f976
0271
f1e9
1ef3
01cf
f528
f7f2
1266
f391
ee70
feca
eda8
f95a
f258
fc79
049f
02b2
e9f6
f9ea
02a2
f7c2
1d8d
07cb
f07d
fe11
009d
fc22
fa17
f7bf
fd7e
0337
f63a
fc84
01d2
00c6
0a85
0e06
0033
061b
1057
fe55
04e9
023c
eb56
fcc8
07db
0cbe
03bf
fff2
fa42
f7d7
01d7
fc50
0ee3
0181
ee32
ffca
0027
0130
0310
fc18
f781
02a5
ff92
fcfe
f894
fd3e
04ed
0d88
fdf4
fb99
1547
fa88
f9b2
079a
fe93
ff15
0510
0aa7
0d56
fa63
f10a
ede1
f9e8
f870
1697
0847
dd64
fa8d
fa58
f9a8
01c0
f697
fec7
01a4
f304
fbde
04ae
0296
feca
0357
0239
f9dd
1364
fece
f0a6
075f
ed88
0279
020a
eda2
0041
fc47
ec86
de49
f935
f893
0d44
01ac
fbff
fbfb
fb9e
0012
fd33
f686
f3fc
0617
f9fc
fdf6
0795
00f6
0ca9
faac
033c
fc89
1313
f782
f480
fb11
eb77
01a0
f60f
fff8
02e2
f983
e95e
dd16
0000
f702
0de6
f17b
1673
fc8e
fbcb
f78d
ff7d
f646
f3f9
00ae
f550
fcee
fec7
f2cf
02c4
fcb9
fa9e
f32d
039a
efd0
edde
f566
f8ef
f797
ec53
10a0
fefe
f736
dd32
dbcc
fb0c
f658
1527
0239
0aa3
f879
f878
f296
fffb
f2c6
ea8b
f4bb
ef9e
fbde
0170
0f9a
1633
05ef
0191
035b
eee0
02b6
0658
0308
1111
fdb9
f19f
0227
137b
00bb
fd71
f72b
fbb5
00c1
0645
f5bc
1812
fff8
f7da
ff72
0607
0274
08c0
fab3
fe90
fd6f
02b4
0f1b
1e49
ed36
0289
0b83
f8e8
0a10
1639
06f7
0df4
00f7
fec6
0b5e
1f65
0304
008b
04ec
00a3
0f2e
1727
f8f7
0c37
0ee0
fb93
02a2
085a
0fdc
0b7a
f84e
ff7c
092c
09fa
1689
05b9
fee3
078d
0571
fd47
10bd
1282
f1ed
1546
015b
fd53
fe2a
11af
03b8
01a0
fb38
fba7
0afd
f996
046f
0d11
0298
ff3b
0965
085e
0474
0e46
03d6
041a
06b1
fe98
0af2
0169
0115
0a04
fe4a
fbee
172a
1193
f64d
1247
0003
07e6
0c47
0a4a
feef
0454
fa3f
0090
03a6
fb92
02bd
08d5
06ed
f4ca
02bf
0b45
0aae
0981
f86b
093d
fc5f
fee1
fd73
f825
07bd
0660
f9b4
0174
0b17
08fc
f246
0c08
015d
0b1e
0346
085a
0631
f9cd
f047
07e2
08c9
f288
08fb
1808
0486
04c9
0690
06b4
042f
074c
0571
08a4
fd49
f804
0780
fd38
01ee
0777
fb76
fd61
0f14
0cd1
eb07
0d2a
0851
0d4e
0294
09e2
039f
f807
f256
0239
031c
f33c
0722
0c9b
034e
045e
061b
1080
0bd0
0aeb
0368
01ca
f7b2
fb81
07c1
0c9a
02ee
0368
0634
1274
07ff
041b
ef40
1bc4
0a25
0cf0
fd9d
138d
faa0
fd6f
fdb4
04e7
fe36
00dc
0042
fe35
0367
fc5d
064b
0a27
0830
07eb
fd18
0244
f5c0
f8ce
101b
1f45
f1dc
098a
05c6
0719
05ee
0a88
f5cb
2068
0b41
1842
f636
30d6
f9a9
0142
0507
fd0a
0482
1259
04fe
f3aa
052e
f5d4
07d5
0fcb
087d
1064
f253
fec8
f6df
fec0
1216
1b0a
ff06
141f
08eb
0348
09c3
15ee
032d
0829
0e0b
16fb
f6b7
1c1e
fb66
0902
077e
065e
01ba
fe4f
05cf
ffc2
043a
f81e
0a67
02a7
0bd7
1022
f9d9
02f9
00e3
fbc6
081e
1185
fe22
10e7
0642
05e6
045c
12a2
0cb5
fddc
0e73
031d
04b7
0946
03c1
04e0
06ea
06bd
0039
12d2
0cc7
0876
07cb
fe23
0934
05fd
03d7
fbe1
f9db
002a
fd42
0148
09d5
08ba
fe5f
0d10
0639
f8de
0638
18d8
07e9
0a0f
0c99
052b
07c3
fad8
03b9
024e
f122
0427
fe70
fc24
083d
0ed9
fd3f
02f5
0802
05c9
06e6
fba2
ffad
0209
fb9c
f338
0c23
13aa
0424
088a
0005
f187
0606
151b
03af
182b
03e4
06ea
11c3
ffab
f981
0338
fe46
fd46
fc8d
0cec
0b60
f58c
fbc6
f271
0144
071d
0341
fde6
f05f
fa78
fbbf
fb9c
0023
031e
0714
07e4
ff86
f682
fd2a
05f1
f6f4
1473
0205
fae5
140c
f99f
0367
0269
f7a1
01fc
0115
f941
123c
0ef3
0115
03f2
0417
06e0
fdfb
f9c1
f9a3
fb04
00e6
ff89
0724
03d8
0c25
0f07
04c3
e9d1
02ad
0542
f04f
1e89
010a
fcd3
0074
f8b5
0367
0291
13c1
061f
ffac
f23e
0a70
0307
fdb0
f95d
094c
fe84
0794
fb93
016a
ff4b
02a1
056f
01b3
0222
1540
07b1
fb39
fccf
fa9d
fdb6
fb30
1165
05bc
fc53
030c
f044
02db
03dd
0322
0fab
ffee
eff9
03a5
0bfe
f8c1
04e7
0b87
fbe2
fe4c
ffb3
08e7
0b62
01a9
faae
0566
eb07
17b4
09a3
038c
0056
04ff
0b5a
0b7a
0b7d
0368
0cc6
0449
fd22
fe26
08f1
f629
00cf
fc27
ec9e
0b19
febc
fdcc
044a
ff7e
0096
0642
00c6
fd3a
09a0
f9dc
f34f
0baa
eb4e
0082
0ac3
fe93
093e
020b
0def
0bab
0d08
08d3
167d
030f
0374
ffc2
098e
f0c3
fe9c
049b
fd3b
090a
05be
07d7
fb2e
0361
fef4
0768
0274
ff06
fec2
fbd0
fcd6
047b
d342
2478
00dd
f7ef
f007
fe16
00f3
ff23
f60f
0844
0555
1b44
f28f
00bb
f17a
e06d
065c
0044
dce8
1a3e
23c7
f669
0fa7
fe0c
ff86
0a5c
f8cc
0511
fee3
ff05
fb54
1803
fc23
09c0
0875
02e3
0138
0058
038c
059e
0735
05aa
00d1
04cf
0c33
fb5c
ffb8
e505
fe7f
02ce
fe06
0491
067a
06f1
03c3
ffe6
fbdc
0be5
069e
fcd1
ff79
fbc9
f95f
0ebd
e89c
0d86
0b79
fa36
fde8
05ca
033b
fcb3
f8b1
06e8
f826
0f4e
ee0d
fbfd
fa2b
dc6e
02e6
fce6
ff64
0438
2900
01dc
03aa
fa3c
00b1
0557
f6ff
fd48
ff61
fd7e
0a47
21d4
2e10
de52
08ab
0c01
f965
09ff
1f1c
0d58
1bb8
ff27
0800
ff16
29cb
fd56
0f76
09d5
fd67
0a87
1d53
f518
01ab
145d
f6c7
0492
218d
19e8
108c
fd80
008c
ff99
027c
0fe9
1d09
e2bb
0075
06db
f5f0
0062
1d3f
0ac9
100e
ffa0
0e0c
0039
1aa5
fa9e
06be
0db1
019b
0564
15f8
fa5f
0bee
14cb
f958
ff72
15d6
15dc
097b
f8fe
fe5c
fbe5
f750
1591
1baa
eade
0622
0767
fc57
0b38
29d8
fd18
1a14
02d3
0e39
0901
1ef8
f2f3
1a00
1303
f9f8
0a5a
09c5
faf4
fbf2
1555
ed38
0362
157a
1ad7
116d
f168
fd5b
fe14
fd08
11e4
21d9
e11d
081f
05ef
057f
0cc8
18fa
efc7
197e
077f
0da0
01d7
1a53
ffd4
1025
0bdc
fc25
0796
0bd2
fd2e
0aea
0b3d
f8d5
ff44
0f5d
1382
18a3
ff32
0581
fc07
09b3
09bc
0121
debe
05cc
0187
09ab
084c
145b
f916
19c8
0517
1987
f296
0a6e
febf
0de4
fe3d
feb8
09cd
fd95
ed8f
2109
0b91
02af
0445
11b1
0cbe
0ad2
0545
069b
0022
030e
0ba0
0f8e
f580
0940
05db
ff5c
0bab
1112
ecd0
1a3a
0297
07d5
fae5
15e4
fdaa
0913
03e6
fe58
00b0
fd9f
02f8
fb4c
0ca0
044f
07c3
1512
1429
1069
02f0
0443
fbcc
f3c4
17b4
13d2
e048
075f
0893
0835
0fc0
1c38
051a
2086
0018
1a14
f4ae
1ea9
f715
164a
0c5f
f8f5
0c90
0344
fd43
0044
15b6
f329
08eb
1358
134a
18ac
f7f2
fe10
fe21
fff6
07a4
0790
f241
0353
ff45
f886
fbe2
fb69
f08c
15ca
0217
0126
fcd7
1d0e
fcbf
ff19
008a
06bd
000a
fe0a
fd29
0e48
fc14
0587
05ff
0c71
fe84
0358
0081
02e2
f9ea
090c
18cb
fdb0
ec42
090f
0585
f4a4
0603
18a3
ff36
212e
0657
1535
f082
049f
fc6c
070a
00f0
fd77
ffd6
ec73
f626
16e6
03c4
0011
0a77
09c0
07d1
0334
fcb3
064d
ffe0
00ed
1101
0dd2
ef9d
0856
085f
0218
ff56
147b
1357
188e
08ff
fcc8
f37a
140e
016c
0674
0e48
0053
03c1
0e41
f998
f71c
0f99
faee
0989
10a2
0b4e
fdbd
fe53
0182
fc2e
0d5e
1231
1b8d
e654
0714
0c0b
f4ac
0c34
1799
077b
1307
04f0
0f7e
f74e
0caf
09b6
0a03
0a70
ffbb
0796
0d5f
fd37
0024
09c0
0032
0ab4
0605
0d28
ffb2
01e5
028a
ff03
ffbb
1775
3af0
d732
0229
0c62
f3be
0bbd
187e
0b79
1650
02d0
0a19
0009
1a92
0279
0d9a
1856
f849
0dfc
252c
f7ef
f7a1
0be1
f8b8
0757
0c15
120f
0a11
f7cf
0065
03e5
03f0
13ca
2eb4
ebe3
0a6e
1282
018f
0704
1a8c
05f8
122f
0aba
11c6
f6a5
13a3
031f
08dc
1086
03c4
0dec
0cf2
fd14
0241
1351
027b
0b22
10ca
1246
088f
074c
0918
0258
0b6e
0ed7
1548
ede1
0b85
0b1c
fca4
0321
1155
fe8d
1ee8
0b59
053f
f3cd
fb98
06e0
062a
141f
04d6
0593
080b
ff23
1373
0588
05a5
04f9
0550
097b
fd33
0c1a
0b3b
03db
05ba
12ac
22f6
f43d
043b
0b84
03b6
07d6
1097
09a8
1756
03d7
0443
0026
0cd9
047f
12f5
19c3
0505
09f5
f9da
ff17
ff7e
092a
0868
04c2
0aa7
0fdb
0ee5
0fff
1243
fba7
0aa4
0e31
fab8
0139
01ef
096d
054f
069c
100a
03e9
ff0a
070c
02ef
f43d
050b
05f0
012b
f6b3
09a0
04ec
f2ef
fe63
1b06
01c5
12bf
0632
052a
0964
047e
11f7
0bc0
fb2a
0891
0aef
085f
f205
0821
0c1a
141b
068e
0ea8
051e
0b69
0b5a
04e0
f055
1b73
03f2
fded
f970
03dc
0556
0828
fb73
fab1
0128
09bd
014b
0398
09fc
125f
0c18
012e
0474
0a2e
120f
164b
ecbe
05cc
0b43
076e
0d6a
0d16
08a2
102d
0a33
0e5f
edff
1615
fa8d
0058
fe0d
fd2d
0630
070d
feb3
0605
029d
07ee
050e
037c
1307
0632
02ab
0188
0681
09e9
2c29
249f
f596
14ba
150e
024b
0dea
0e3f
095c
2174
10e7
06e3
f2d5
1fcd
fed2
14fc
0317
0375
0724
0394
fcc7
f741
0836
0019
0566
0811
1848
0a46
03e7
05a5
0acb
003a
2929
1edd
ef49
09fe
095d
00d3
1145
17f6
178a
37db
068c
06d3
fbf8
2552
f8db
19b8
0ba7
fd7a
0bca
0feb
fe5a
ec96
1291
ecde
0067
10f1
12a2
0f69
fdab
022e
01e7
0b4c
1879
fc42
2838
0219
0bd2
e0d1
0867
1158
0381
037e
05c1
f126
2a5e
0646
0398
0884
fd95
0c78
0c77
d712
06d4
063f
fd81
0f3b
01c0
0693
0b81
05de
0211
0c68
fd4b
077e
0b16
0fc7
1e31
fe0c
0308
e54c
ff72
0acb
0099
0362
0692
f391
0638
fd17
0286
0217
0b02
0dfe
0a50
ee7b
0ea8
0ae3
f82b
099d
f9c5
0317
04bf
ff02
02c0
0fb6
fc42
031c
1016
1294
1438
feab
0e3c
e82b
0810
0b77
f00a
101e
034d
f57f
008e
10de
0491
0522
096f
0888
0aae
e976
0f04
fd2d
ee3e
1402
fb23
04e2
0df6
0b49
0a37
0d30
fcf8
091a
095a
0ca0
10c5
fba2
038a
dcb9
0491
0025
e849
159b
ff36
f1c0
fd80
10c0
10f8
feb9
0317
0d67
0607
e824
0690
009e
e3a5
12ee
00c4
fdf9
0452
0df3
10b2
11b9
0323
06b5
0de1
03d7
1eab
032d
fc09
e274
0518
005f
f81f
17d4
029a
00c4
106c
2175
07f3
fcee
08dd
0a79
08ac
f464
ff33
f691
e3e5
118f
009d
ffea
0377
1537
04a7
090d
f7c0
03c5
017b
06e3
1589
fa40
ff8b
e3ba
0a71
f196
e859
16f3
02cc
f2e6
1b2e
07b9
05b9
f7bb
056e
fe87
028b
e8c9
100a
fbe9
e4fe
042a
fdbb
03ac
07a1
0703
faac
fb86
f680
f93d
0e71
00f3
0eca
0511
06a8
ecc2
0417
03fc
06bc
2a6a
0452
0937
0da2
1086
fd26
02b3
09f9
fbd2
0085
e5c9
fccc
ef8d
eb23
021d
fe8f
0059
0a9c
095c
fe72
0437
f484
ffe7
181e
fdfc
0693
01ac
0830
edd0
f666
05ac
1cba
163a
0cc9
0961
ee9d
3330
fc4c
01c1
ff97
035f
0593
f597
f725
f456
f191
094b
0435
06ed
084f
1641
0269
0286
f5df
f801
0510
f72d
0f75
0b07
0395
e143
f926
fecf
0b4a
014d
0a58
fe0b
0e3c
0fa4
fb5c
fc3a
00b6
0094
febf
e036
02d9
1246
ed3d
04a2
fc27
f1de
fbca
0291
fb86
fe65
f38e
f780
063a
e472
182f
07c0
ff7e
e947
fa28
0e05
1fc1
03b2
08ef
062a
0735
0667
fdc4
0025
088c
0042
fc00
dee3
fb3a
0aec
f58a
0209
0349
f6ca
ff8e
f938
ff23
fcda
f72c
0300
0a56
072b
0f85
0a4c
03b4
d9c4
0714
10f1
1678
05e1
0a00
0c75
0eb1
f6e4
08b3
0515
1036
0056
0357
ed1c
0788
f53c
f214
ffa1
01f7
f4ed
0bec
fa99
fe0e
fc62
ffea
049e
0609
069e
2047
067c
f7db
dd76
02fc
fd1e
0a18
14bf
0862
00af
124c
f0fe
058a
fbc7
0322
02d4
0308
ead4
0eb0
f34e
e6b6
07de
ff26
feb9
0440
f61d
05e2
ffa9
fb5d
03fc
120f
1b96
15b8
0c64
0c6f
f568
0744
0c64
0b3d
3035
0f73
1036
0b4a
f850
f857
17c4
2240
0215
08fe
e4d1
0380
edde
fd52
fa56
084e
0106
0c60
0272
06c1
09c2
068b
09b4
0245
11ea
0deb
11e7
0601
f714
052f
09b3
1541
1eaf
0854
0533
eeb9
f176
f551
0b36
219e
04ee
0794
ede5
fed5
ee18
f5c7
0510
fcfb
f486
ff57
f8f2
0947
083d
01d3
ff8d
14fe
fb45
2700
032e
0394
f20a
04f4
0bee
195e
2f2d
0956
02d0
09c0
f597
f972
1178
1399
00b7
0df9
cb00
0702
fb15
ff03
0883
fe86
ff60
02c9
0072
07e0
06d8
025b
01b7
0395
e7bf
1eb5
0191
ffad
ff4d
03d0
ff38
075f
040b
09d1
fc78
0063
e8da
02c1
0784
fb4b
0e71
fec1
d3b8
07ea
22ae
eecd
0d67
fc7a
f3bc
fcfb
f908
0838
066b
fbc5
fff5
0990
018f
100a
08bf
02c7
0456
0929
01ff
142c
0bda
0b8b
fb18
fb07
0452
00cd
0cb6
04d2
08c2
037d
dbd1
07ea
fb29
f5cf
0247
0097
f964
036d
0659
0959
ffda
00c9
0351
0db2
ef8b
18fe
018b
faca
020c
001a
f8b0
0654
001e
0983
edc1
f66a
f47b
fddd
fdcf
f357
0874
007d
cddf
04e0
1631
ee22
0e72
0324
f166
0b63
f78c
09f9
03cb
fd80
fd31
1705
0fcf
1d36
09e8
0863
f3f4
0059
fd1c
fdc1
160f
0c69
ea88
1133
109f
fb2b
07b0
fe67
0668
0088
d2fa
0a5e
06b8
fdc7
04a8
fc1b
fc9b
0bb5
00ec
0319
02fa
0329
0496
1b01
1337
12ae
0fe6
0844
ee04
07e9
fe90
07c5
243f
11e7
ec84
028f
17c3
0224
0dbe
0c8b
0504
0620
e4bf
14d1
f3b2
f87d
08a9
04fa
03c5
09f7
0887
005e
0123
fbb2
06ef
2229
296a
f1bd
0240
0947
ed30
09f3
0ede
1b43
1071
0256
02f6
0850
10b8
fb1c
1071
1432
fdbe
017e
eb89
f3ba
f2ff
0c92
eeca
0177
12f8
0c13
04ff
02c6
042d
00a2
035a
0e5b
194c
dd60
016d
0520
f6d3
09d7
0728
0933
f590
ffdc
f40e
ffa2
00c2
0153
08fe
09ee
fcb2
fb33
f245
f89b
165b
0cf6
ee84
0180
02a8
028e
fdd5
0520
fdee
0636
0423
0679
ff1e
f347
fefa
fdd5
f546
03a5
01c3
07b2
f83b
f94c
f0a7
fed2
f003
01b0
04e2
01fa
fdc6
f7d8
de59
0184
2019
0000
0277
020b
052c
fdaf
f982
0165
f9ec
ff6a
ff3c
18ac
1377
f33e
032a
01b0
fed5
115e
04bf
07ce
1fe2
0037
f737
0ded
fbf8
fc99
191a
1204
fd3b
024d
f82d
febc
fd94
061d
f335
04d6
0da8
0a02
0fb2
faec
0c38
08c4
01a1
0f24
0736
f307
fff1
fbe5
fd96
0580
f457
f4c2
19c5
fe1c
f827
fabb
f9e0
027b
0bd5
0568
019d
fab0
f791
fc2d
10c1
0678
f78a
fb96
05ab
012a
050d
faf8
0346
fb09
f78a
11c6
0a08
f109
fa4a
fdec
0380
076c
fb20
f490
29ff
0332
fbdd
0948
f6c4
ef74
0fc8
080d
f83e
f39b
f440
fb69
006c
0615
f3d7
0066
06e8
0377
ff56
f797
fd95
f3f5
f570
0678
f0c4
f8eb
0037
fe5c
0e8c
ff79
ed92
ec69
0f16
0000
f996
fe74
f154
fef1
01d5
fad7
006a
f710
e3a9
fbf9
1375
f793
fe39
00e6
0032
fbd4
f574
01db
ffff
f83d
0117
1816
1670
e7a1
0680
07ee
06e0
0568
f841
ffa6
167a
056b
fdd5
0079
1706
f798
0820
10f6
0232
fdcb
fc81
f00d
f61e
ff6e
f31a
063a
02ad
0655
0841
fa7c
febe
f808
fc98
0e74
082f
ecba
08dd
0094
f648
ff93
f592
0509
0b88
ffb4
f989
f656
09b7
f645
0325
0cbc
fec9
fb92
e59e
020d
05ec
fa6a
fccf
097d
fa2b
fe6e
0281
fe91
fcc6
028d
f4e2
f94b
fca1
e4f7
0637
f8ba
f300
f5b4
eca2
0358
dd49
fd99
dd24
05c1
fc2d
02fa
ed6e
0753
0607
f97d
fce5
fef8
19a6
f86f
0d55
ffb9
f9c4
f17f
f455
f9cd
f901
ffb0
0314
1741
246b
e2b4
0c45
0a08
f459
0513
045a
168d
0628
0700
f276
ea49
0a40
07ae
0359
104d
065d
fe29
0192
f372
ffaf
00ce
051f
0842
fe10
0335
02ec
0456
02f6
0164
044a
1d3a
3485
e325
0b77
0df6
ee4d
0a65
fefd
158f
2218
091b
0784
df9f
1017
01b9
0fa5
2651
fcc2
06d4
051b
f523
ea87
0067
f6b2
0764
00f8
0ef7
0a9a
08ce
0acc
0575
00c5
19a7
2e9e
e77d
07dc
09e0
0248
0527
013b
0080
0e8b
08ab
fc84
fa02
fb95
0688
0b24
12ff
ffbd
090b
fa8e
ffec
0d85
0124
feb4
0da8
0098
047d
044c
08dd
088c
09c9
021d
0944
1c64
e938
0fb6
056b
021f
01de
f7ed
ff89
0bd6
00cb
f0bc
fc21
f848
04ba
068b
1f9b
fb36
faf2
f53e
0082
00a3
f95b
fdd7
feba
f9ad
002d
fa3d
0978
06ec
017e
fe69
07e7
1592
f4c1
0bb9
fc6b
0b9b
05bb
fa72
04f1
045b
fed0
f591
103b
066f
fc96
0803
1598
fffd
025b
f308
0037
feee
fb59
fc3a
00e0
fe0e
0364
0529
078f
07dd
0091
03de
fda9
0e27
f22b
076d
ff4f
0a63
ff34
f025
f72e
f65e
fca6
f151
1120
ffec
04cc
fd9b
0176
063a
f799
edbf
091d
0fda
ed5b
f886
fc73
f106
fb46
faeb
0707
0437
008d
0f0d
0c8f
0509
e530
0399
ff8b
13ff
06cd
f65e
0aca
fe53
02cb
f99f
e460
ff70
0748
089b
f98c
0182
02ad
f143
fd81
0c61
f6c8
03cc
ff34
f7ff
fee6
0558
0f0d
0a1a
03fb
ff45
12bb
1422
e693
0c04
0343
1663
0fc6
fce3
0d7b
0202
fc71
fbf6
e685
0ccb
f939
0cee
0659
fc9e
fff6
f9d6
f9d9
f69f
fc31
f4e4
fed6
feae
095b
0b09
05dc
feb4
0623
feef
204f
2285
ea93
0871
0866
041c
0a74
026e
0260
1da0
0562
eff4
fbc6
1155
fd7d
1880
0f54
ffe1
0371
ef65
03cc
f994
0a55
fb34
fd24
0523
0b54
0d44
020a
044a
0921
05a4
1626
2d14
ed47
05b6
0fbd
fe07
134c
fe29
00b6
22e4
0ab5
fb91
fea9
1107
fc15
1851
1425
fd8c
027d
0774
0591
f230
0362
f5a0
ffe3
1070
0bd9
0fd0
ff65
061d
0079
f8a4
0b8f
1a99
0393
faa4
056c
e287
fa71
0215
121b
07d8
fa8f
e9ab
160f
0dbf
0583
06a6
187c
feac
01e9
f8d2
09d5
0903
fa8a
ffaa
f69d
07af
06ce
ffec
026a
f9bf
0375
0189
0348
1996
f983
f7db
ff18
e6e7
fbb3
082a
176c
0b47
f616
fb9a
0dc8
099c
faa9
0992
25e3
fa46
0136
fcc7
0355
feb4
01fd
f3af
f871
02df
04b4
0985
fd6c
f7e2
fc24
f85c
04fa
0013
feb9
f954
ff20
f664
0022
0eac
1773
04e3
f6aa
f556
00ca
0e93
fe1e
18c4
196b
f8eb
feea
ea55
0476
f503
0013
fe34
f391
038d
fd1d
130e
f906
f82b
fa99
034d
f63f
f2cb
0065
f5b0
f46a
f933
0191
0180
0d3c
10a2
faa4
ec0e
fc90
f014
001c
0558
0787
fa05
faf9
e49d
0020
0824
e7d7
09b3
f573
ff40
f647
03d8
0358
fecc
029f
ffc9
f950
ec0c
f56c
fbea
f5c2
fb31
0018
f03b
eb9b
060e
f741
f17c
0a60
ea36
041b
0603
fd90
fce1
002d
e436
02bf
2d5f
f01b
0fcb
033c
ff48
fb06
fcdf
fffc
0355
0263
f5c5
fbdc
091b
efe0
0083
fa9e
f6e7
fc0f
f573
06c0
1ced
fde5
ed93
fcfe
0d4b
f4d2
0b46
2063
f2fa
f619
f6fe
048b
ec98
f687
faee
fe62
0312
02de
1147
f84b
f0b5
fbb5
fdc6
fc17
e7c0
f7f6
fc6c
fd79
09cb
f6f2
eca5
0680
1b19
0047
f15c
09a3
f3e3
f7ff
fd31
0d02
f947
f790
eaaf
f5f5
0261
f604
0294
feae
fab1
f84a
fa26
0090
fb67
fc5d
fc2f
fff3
dd0b
f927
f763
f803
fc8c
f554
e61e
ffd8
193f
fb71
f6a3
0006
f734
0074
f586
ff70
fe08
f66e
efd7
f3eb
0b70
e868
077d
f813
fd0b
ec7a
f747
f7c6
f72b
f782
fbb5
06dc
f1ae
feac
fd70
00fc
f689
f903
f39a
1c44
17bf
fc98
fd63
fed0
03fd
f015
027b
15ea
f8a2
f72d
f86b
0105
f05e
f223
fa43
f72b
f59a
f662
04d2
fb1a
f907
f9e2
fc50
f87e
f9df
f8fc
fcbc
02d3
fa93
ee25
fc12
20fb
0520
03a1
e2a0
f310
fea7
0272
00d1
1b93
fadb
f8d4
02d4
0217
f8ae
f0db
08e7
fa46
fb0b
f485
f7ca
01d6
f423
fac4
f999
fc19
f5f2
089e
fafa
fd50
edea
efa5
f0ea
19fc
0337
02ae
e35a
05fb
e0db
0094
f9cc
fd48
002a
ef7e
f08c
fdcc
0efb
edba
05f7
fb6e
ee5b
f3e8
f4e0
f8f3
f29f
f334
f71e
eea5
01a5
0a47
f7e6
f610
e88f
f436
e6d7
1391
068c
fd9d
e7d6
1406
e0d5
f888
fb47
0c69
fb53
f226
f4ac
fa59
15ce
e3b4
fda0
f459
f45c
f004
f7bf
f813
f48c
f80c
efbc
fe60
1601
f8c2
fbbd
07d4
fed4
f688
fb22
0d66
1022
02d8
e851
f4cf
f3ce
f8a7
0781
1c47
fd06
fbbb
fee0
f9d1
0426
f1dd
ff0b
faae
fa45
f4a7
0190
fb3b
fb49
faba
fea8
f899
0b82
07e3
fdc0
06d4
ef0c
ff03
f5f3
0bcf
2ab8
fe14
f519
1352
f252
fc65
0a52
3148
ff99
f583
052c
00e3
f0db
ed20
ff00
f54f
fce9
f431
fb38
03ca
00c0
0045
fb4a
eca5
fdbf
01b4
0284
f5f5
f0b4
f7c3
e630
fc5d
0537
fa21
e44e
1af1
f206
fbbf
fd26
1764
fdb2
f1ea
f0cf
00c3
1149
e553
0040
f657
f499
ee89
0055
05b1
fa9b
fd99
0304
ed23
0393
f9ec
fa8e
fe1b
ff7c
f8ee
edb0
0595
096c
0218
f5f7
0650
ee79
f7ab
03c3
1daa
00f6
f87c
0179
071c
fd6c
ee40
00c6
f712
e9cb
f044
fb69
0801
fcd7
fa1e
023d
e430
e928
0297
f84f
f2ce
040e
fbef
cdbf
033e
018b
fa51
ddeb
0a6d
e9c9
0482
f66f
fc88
fb64
e9d7
fa02
139c
066e
db90
0fa3
f68c
e9bd
ed83
fc58
0952
f977
fcae
00d0
fbb4
0dce
f874
fd25
013f
003f
fe8e
e19a
1169
0f9b
ffd0
ed8a
fd83
fcec
f655
0286
131d
fa25
f60c
f346
0b62
f319
eb55
facf
f7d7
f59a
f700
0385
03cd
f046
fd94
fcaf
fdf6
fe8e
06ce
f9ec
f49b
e6d6
f8a3
dd70
f9da
1a29
f909
de84
197b
eeb9
fc71
001a
0bb5
fecc
ef06
da9c
0d92
1436
e492
fc2e
f3dd
f514
f40c
f5fe
0152
f67c
0265
fd51
f932
0fac
0405
ff78
f836
f6b2
ffb1
de75
0530
1bb2
fbff
d838
0e27
edd2
00b1
0aec
0c1a
fe37
f4ef
fc1a
06b5
0507
ebef
fbe6
f1e6
f7fa
f21a
fa9b
f53e
f72e
ffdd
049c
fdc4
e156
1e4a
f104
06f4
d51b
fe37
f5bc
1911
0112
f652
e1a7
24bc
f09a
0561
ff14
1473
031d
fca6
d092
0062
024c
f4a9
0a1d
f96c
05ec
0655
0710
0e9e
fcce
00f2
0870
0581
039d
fd41
fa95
08bf
f37d
0745
0c42
1619
0bcf
fc55
f381
fdb1
fb23
0bed
1046
13c2
06b5
09e2
01c7
fff2
08ac
fb1c
07a0
0642
0a3d
0ba9
0c86
0e4a
0ec0
04d3
0483
04b0
f813
02cc
facc
08b3
fcfb
008c
0d3b
0f0f
01e6
fbdf
f7a3
fb8c
f854
f56b
1348
085c
fba7
00ec
dfd8
ea2d
031f
fc3d
f55e
fd83
02ab
0458
16c5
00f0
07fa
fc5f
f878
037a
0049
fb56
fcc7
0a1f
009c
0685
1863
23b7
1db1
fbfc
f4eb
0fb6
1b88
fc8e
1c70
1869
fa42
fc43
f9f9
fd5b
e470
027a
f511
fa01
12e5
ff46
22d5
fed1
ff0e
fbfb
fcc3
faa7
e0d9
09dd
f547
fcab
0322
f80a
f203
0289
06bd
f2cc
f33b
1ac7
07ae
ffec
05e1
049e
01b8
fddf
f193
fecf
116b
f2a8
0416
f2c9
fe85
fe15
0bfe
0442
fffa
fa78
03a4
f72c
f04a
fc1f
01ff
fbb4
0181
fbec
e5d2
f835
0bb3
fd62
e683
1008
f4ec
05ee
0538
0849
06e5
f478
fd5b
fe70
0b49
f2b5
0843
ff58
fc9f
f6fd
00f4
0865
03dc
fecf
f9ce
ea82
e397
f795
fffe
fe16
1245
f60f
e891
fe69
fd6e
fc8e
f18f
0caa
f6b6
008c
f54b
06dd
fc17
f455
f66d
faf3
f7f5
ea12
0288
f2fa
f5e4
f549
fa41
0184
fb4b
f987
fc0d
ff7b
e65f
efcc
fda3
0089
034a
f582
ed53
05e9
ff88
02d6
f9aa
0206
0c9d
fe62
fc50
02c3
010d
ff55
fe96
f87b
0813
f270
0540
fcdb
ffce
faa3
0245
ff29
fc39
f732
f001
ea40
fc02
0535
00ba
00d2
f4eb
f19c
f61d
18cb
e8de
fd97
f326
2454
0c74
fd35
fcb1
1096
fd40
f99c
fcf1
0800
ff58
f7b2
f866
f7b3
f663
f323
0133
f86d
f1c0
f3ba
f433
ea4b
e6e8
faf6
01f7
01ca
fb0a
f444
f168
1cd3
e7e8
fd63
e68b
0db0
fa7b
047e
f5e1
0436
0851
f0ea
fe7a
0253
070e
f9bc
065f
f860
f58d
ede4
f381
ff53
f2b0
fe45
021a
ef9e
f792
0035
fb4a
041d
faea
028c
fc64
13db
f2cf
0483
e65f
f4bb
e84a
0ffa
fd39
021d
08a4
ff14
f013
03c6
0638
f8ae
174e
07fe
f572
fa19
edef
0e9b
001c
00ae
f44d
f2ab
03a1
09a3
fb64
08e6
eeb8
fe8d
f3da
0d91
ff27
ff33
e969
12fc
e9a3
0426
058b
153f
0547
fb31
f5e1
0532
f826
f7be
0bd9
ffe4
fa41
fcb8
f9e0
ffe9
f78b
f693
fa08
fbfb
f912
06e6
fe51
0f84
f356
fd96
0502
10c9
196c
092d
f0d3
0446
e3ae
050f
11ed
13fa
0990
010a
edf5
f9fb
06a0
fa2b
0a09
0080
044b
fc59
fc10
08b5
01c9
016a
0058
f3df
0304
fc31
0376
0927
0165
fe63
f87a
0888
1b90
fc6b
e769
16e4
e589
fbb2
0f65
2ad5
ff66
00d3
fc50
ff38
f674
f5f2
0028
f5eb
0282
f816
fcec
0159
023d
fcca
0cb0
f228
f099
0a97
fce8
01ac
1154
ff0d
f665
0ee1
13ba
fc8c
e9fa
04cb
f206
06b3
0708
2052
0788
fb17
eda6
f77d
eb50
f1f6
0b78
f7e6
f40b
f70a
07fb
0a48
0642
fe9d
fcdb
fbd8
f812
e782
f7e8
06c7
0739
045b
f67e
04b5
0bae
fd54
fe24
023c
0089
0163
0b2a
151a
016a
facc
fc8c
f82f
fc51
f407
fe2d
f6cf
f1c5
f9f0
0b3a
06b1
0332
f744
ff31
f01b
bf92
121a
f505
f3c3
01e2
f7d9
dc3f
fd91
06d4
fd0a
dccd
163d
deac
0575
f900
f962
0315
f58c
e42d
0f43
086b
e156
0d2e
ef5a
ed6c
f28e
fda5
0882
01eb
f7e6
f99e
f7bc
fb33
f6d1
f8da
fd75
f6fa
fd67
e609
04e2
0ae4
fda0
f32e
120c
f894
00e5
fece
1407
fd77
fb75
02bf
0fba
f77d
f2c2
fb52
f9aa
fb79
0386
07d6
01b0
fd56
fcaf
f9c1
046a
054f
fd5d
fcce
0012
fa6a
02af
e947
f8c0
1068
01e2
e6bc
1087
092a
ff23
08de
0cba
03bf
fe60
fd93
0558
f7d0
ebfd
fbfe
fc9e
fde0
04b0
0e06
0346
039e
fb52
fef4
fd8e
eae8
02ce
ffa6
ff69
017e
00b9
efd2
0953
1e9e
ff40
e595
0d55
e9f8
fc29
04e9
05e4
fea6
f710
ee8b
fe9c
0cf9
f1fe
0191
f6a0
ffca
fc1d
05ba
0418
04ee
0397
fc4a
f306
f91d
df5f
f899
f793
ff4f
f774
06ce
1883
f742
fc80
f909
08f2
fb5a
fdfd
f607
fe03
fcbf
f577
17b0
ed49
220c
0c98
f521
fa72
1071
fcdd
04a3
0014
f371
02cb
ff5c
ee92
feb2
e29a
f5c6
f939
0232
ff6a
0ca1
1908
fab1
fb7a
faeb
f553
f958
02af
01aa
0ba0
fbc1
fb60
1846
f6c6
163c
07f0
f679
0065
0937
032e
056a
ff6e
fe33
0527
005a
efe6
e233
eec3
fda7
fc19
0a46
024c
0d97
10c5
fe44
fdad
f7fc
f53f
fe0e
fe3c
0700
05e5
f984
fbd9
ffbf
f609
00d3
feb1
f29e
fd43
05ad
ff42
13b2
ff00
fd25
004a
0874
f7f3
f749
e51b
ff0b
fd2b
15e3
042c
12ee
1b5b
fec3
fae3
0531
ec86
141f
014b
09a2
0634
fd1d
fd7d
0e3b
eeee
fea0
fce8
f4a1
0112
08e7
087d
1c11
049b
055a
05d7
ff19
f614
f69b
efb1
f5f6
ffdd
1105
f9e8
ff1f
116e
085c
f094
019c
fd18
1633
fac6
0275
11f9
fbe4
fdc6
1090
f7ba
fcd2
ffd3
f42c
fa92
0c5a
fdac
1399
fc40
fae6
0901
070e
ebef
ede6
f8c1
f7fd
fb27
06e7
fc6d
eee8
f933
fb74
fcba
f4de
0fac
016a
0544
fa6c
0d4d
03b8
f828
058a
08ed
0743
f1ca
01cf
0368
034f
fa01
0af6
055e
fd00
0982
0197
055a
fb99
e9ac
fcfe
1233
10d8
fb5b
fa2e
05fa
0e5a
0199
060b
f61d
1857
f9e3
01d5
140a
fde4
fa53
0edb
eed2
fc80
f639
f22f
0235
0015
0765
13ae
07fc
038b
0a53
f8c3
fa85
ed40
dd21
0119
fdab
093a
f4f1
f44b
08ee
f220
fe63
05be
fadc
18a6
f9e7
00e7
068c
f836
fd31
064a
f4c2
096a
fc34
f5e5
fe81
03fd
fa23
09f3
fe73
fa8e
0068
f536
ff70
0c96
e2b7
05a3
0cd7
ff19
fe68
fa44
13df
efe1
fe26
0f31
f9ba
17a9
fa33
05bb
1a40
fb03
fb1b
1b91
ff68
0626
04c3
fa13
0298
00cc
fbac
10f4
f7f2
f787
0265
f5c0
f1b6
0a29
e4fe
fffe
006e
f83b
f9c1
f417
140d
e8f0
fa00
f461
ff3d
10ea
fd03
fc18
0f11
ffab
fc9e
1b6e
018b
003a
05b8
f2e0
fe88
009e
f559
0305
f766
edcc
0295
f403
e8b0
f625
f27c
fa29
f0ea
027e
fa45
f98e
0a33
f17c
f1f5
ec05
1075
ed95
003e
f190
fdea
ffe2
f4e2
020b
fe9f
1f54
fba9
fdfa
ffaf
ebfd
edb3
f60e
ed81
edff
04e4
01a8
f46d
18c7
ea8d
0037
0077
04b6
08ae
fcaf
12e9
01c9
f836
faa0
f719
fc89
02aa
01ca
17a0
ffa3
00c7
1b3e
fb7d
f87d
ff6e
fccf
04a8
f969
f982
02e9
f93f
f7a0
074f
f93c
e8e8
0921
f289
f8fa
074c
fc0c
f236
e728
f67c
fe15
f2f6
e6c7
06c9
ecb0
0496
f6b7
0a89
0342
f8a6
0ac6
0455
1509
f874
feb1
fce0
f9f0
eaac
f0f3
f997
f262
05c7
f738
f624
15ae
ec00
04ea
0413
0e6e
0828
f998
0d48
15c5
f2f8
02df
063e
fdd2
fba1
0f04
2c6a
f64d
00eb
25e4
fdd9
e721
02bf
f54f
fc53
00e9
fb60
0325
fa47
f6dc
013f
fc5d
f135
fb86
f4fc
00e7
01ae
0aeb
fa3b
ee57
f846
fc57
f5c1
f7a3
0919
f604
f90f
0078
117f
016b
004b
fa0d
f290
0c59
f91c
ffe4
fd1d
f2db
f5a8
ff49
0306
03ed
fd85
f3c1
ed2c
ff52
deb1
fa13
fb6d
0ef2
005f
f612
f147
fe28
f451
f3de
053e
f50f
fcc0
0428
0d41
f9a7
f483
12af
f785
0ea7
fcfd
f657
fb86
f0d7
f23a
ff68
f483
f269
f9ce
001a
ec3b
db93
fbf5
f5f2
f4c4
095a
ff50
e507
fb43
02c7
f99d
e027
0fbb
ef82
0015
f7aa
f9c9
fce1
f21b
022d
0a04
1b74
f343
fee0
f7d9
eb1f
ee58
02bc
fd28
f893
ff27
fae3
e449
e444
f597
f903
f9e2
10ff
f982
f0bd
f77d
ff5a
f582
deb7
01bb
eaad
fc5e
ee1d
f01c
fb5e
f2b3
e359
0a96
250a
f501
ffb6
f9d4
ef3b
f13c
f4d8
0563
f0fb
0544
f999
f45f
d5ae
ff92
f720
f1ec
0c28
fb98
ee60
017b
08f1
fd29
e409
06a5
eb26
fc86
f0e4
ed2b
fad1
f57e
e603
f982
1459
f4b7
fc4c
f5bb
f1f2
f59d
f668
fd4c
f326
019f
f377
f4f6
eeee
0492
fa66
f28f
0f90
fa06
f7d9
0520
1703
fb15
e4fe
0e29
ef57
f43d
fc6a
f802
f613
f7d6
fba0
faea
0e30
fdac
f368
f6fb
fb4f
f06d
0257
f299
f1b1
fda1
058c
f345
d7d0
04e8
fd19
f8f4
df3f
f378
f7ff
f9da
f8cb
f86e
f034
10d9
e578
fed3
f0ce
f120
ffb0
f8b0
f97b
f212
13c9
fa4b
01b1
f418
0bc0
f595
f081
fd68
f429
f83d
0c22
e135
c283
0cd3
f008
fa48
d7a3
e624
e9c5
edc0
ebdf
f134
de44
23de
e32b
f82b
edf2
f06b
fff7
f140
f5ba
f97c
1eb6
ee87
0d35
f477
f509
e547
ebab
00c5
f75a
f6f4
fea7
fdd3
d514
04dd
f9a8
0075
e9c3
f99e
1958
fd8e
01bb
f77a
01b3
01ef
078a
f66f
03b1
02ac
f655
0481
e6e5
ea5b
f4bb
fa32
f249
f775
010c
f284
1111
fa46
f453
fa11
ff6f
f21f
da5d
00cc
f962
f8d5
ff45
fe95
f982
f3b2
f4bd
f520
efb6
05b8
00cc
071b
f899
ef14
fd08
f3d9
01a9
eebc
08a6
e855
fe2d
f7fe
fbf3
ef8a
083f
0036
fb96
fd06
0b92
f2ec
d92b
04b5
004d
ff61
ff72
fa76
faef
faf5
fdfd
f678
0128
fa9d
030a
0633
f367
f6ac
03ad
fe58
0ad8
faf7
fdaa
f92b
0236
facd
027d
edbf
0bc3
04b7
0286
06f7
f9bf
ef2d
bbdf
ffaa
fd30
f64e
fb51
fa62
f47b
ec75
f48c
f428
f7de
09a8
ee01
fc9a
ec42
ecce
fb36
f270
f902
f882
1163
f006
0190
f52a
f93f
eb47
fcd2
fd1c
f14b
fb7c
f433
e9c6
be93
f94d
0311
f7ca
07d6
ea93
e124
ed2d
efb9
f517
f599
06cf
f213
f81d
e104
e96e
f9c7
ee7b
ffde
ea7d
13a5
ea0a
fd85
f018
eb4f
e56c
f5f4
f5ba
e77e
f323
fd9f
0042
ce8d
03b0
0023
0699
f4a8
edd6
e454
ebd2
fd24
f9fa
0a88
0baa
fc78
0040
eed8
f0b6
fd42
f3b2
f447
ee6a
1957
f062
ff0d
f86f
f250
eb9f
f7ce
f800
ed73
f4f3
fb45
f9c3
cee8
f037
00d7
069b
e98f
f16d
eda4
f849
e40e
fa84
04d3
0a21
fa9f
0269
ef5e
f63b
fc40
f46e
fb1a
efe7
2776
fbf7
ffe9
f9ec
e8ac
e87f
fc8d
f4c4
f0be
f7b4
fcdf
f958
da86
edc4
0273
0943
e37e
ee94
f854
f7d7
f0e0
f7aa
fb32
08bd
0983
f86b
f575
07d4
f723
fb23
ff36
f66a
fddf
fd8d
f6d4
00c0
ef1c
ee25
f13b
f748
f3ed
fc35
f424
f250
d79a
f594
fd18
fa1d
eb13
f544
fcdc
0ab0
f0fa
f950
004d
0d46
f56e
fb01
e97d
f8cc
fa93
f343
0b43
ef4e
0619
f836
ffc1
f67a
e761
e74f
f50c
edeb
f465
f29e
ef32
f0c5
da31
0ae2
faba
fcf8
e56c
f904
fa27
05b5
f102
f92f
012d
13c1
e274
f5e0
ec97
fefb
f8ba
fb49
0b82
ef4a
ffe4
fb8c
f888
fc03
ef62
eee6
eb52
f13a
efc3
f6c0
ef01
fa4d
dff3
00a7
fe41
0689
f0fa
f62f
01b8
ff77
046c
fb96
08bb
064f
db35
fc89
fe56
07c4
f7dc
019b
06f6
f6fe
0c3a
060b
01d7
ff66
f1fd
f62e
f75f
ef33
f796
f83f
f8cf
e71c
d9e5
13cf
05d9
ff49
eae1
f73a
ee21
e676
026d
eeb0
f444
1535
cf14
0596
f8af
0731
020d
fd69
09a7
fd8e
f7f6
f02f
03df
f274
f3ac
f046
eb5d
f44c
f680
fc0c
f6e0
eff7
d5ff
fd30
0721
05c4
efee
f4d9
f19d
e841
0830
f3cd
fbf5
0b59
ec30
fd1b
0087
11c4
fe1c
fc2a
f586
ecbf
f7f2
fbc7
f6c0
f8f3
f038
f254
ff93
f161
fb37
f63a
f9f7
f2d2
dcc4
0bfe
036a
0200
ea29
f3d6
f775
dbfc
f9c7
f531
fb71
11c8
ec35
0025
0221
033b
0229
f66e
fdfa
eff6
012d
0278
ff91
febe
ed55
ee39
00d6
ff70
fd44
f632
fde8
f105
cdca
0990
ff4c
fe63
f249
f7ce
ec82
e81b
fa1f
f5c2
ef15
0b48
eab8
ff81
fa3d
f770
fc9a
f715
f82d
ef5c
0bbd
febe
fbec
f558
e9e2
f02c
f4ed
f439
eebe
ff52
01ef
f2b6
dbfc
fa67
fe04
f747
f36a
f6b4
ec38
ed70
f873
f501
f504
f9d4
e5a4
003a
fe62
f7ee
f88d
fa34
fc75
fce3
0f92
fdfe
f658
fc0f
e7e1
f2df
ec49
fa0e
f37b
0160
fe97
05d4
d4f2
0a81
00e5
ffe9
0297
f7c1
f3b3
eb98
0ac8
006c
f4d8
f825
ec49
00f2
f9db
ead1
fe6b
f9b4
fac1
ee15
051f
0103
fd6e
fac5
ee53
fb8a
f4ad
080b
fdb2
fca1
feb9
f84e
ceb0
117c
ff2a
fdce
ee91
f045
e480
dd7b
058a
f88c
e4b9
1cc0
eb7c
0195
f1a9
e6f0
0210
f82a
f561
f769
25e2
f337
0b06
f8fd
fa3e
f6c7
ef29
0700
ff9f
fd77
f7d0
0013
e04f
10c0
f3b4
f70c
e69f
eca5
fca4
0e52
06ef
ef95
f15f
1472
e73d
f5e1
ff8f
f43b
f5cf
f84c
e611
fa1f
0043
04ed
ee36
f48a
fe0a
0069
f808
fa50
eec0
eef2
fe45
fbd6
ea9d
ff14
f237
febd
e85e
f06e
011e
f45c
0c9b
ee7e
ec82
0a2e
f1bc
f806
03e6
020c
f665
fb7f
f736
fde0
07b6
fc99
ed84
f594
01a2
fc77
01c7
fb5a
fb96
fb0e
fe28
f47c
eb0b
0875
f3a6
f9c6
024f
f30f
02e1
e992
f95d
f0a4
ec8a
03de
e4ab
ef8a
095f
ff4e
f3c5
fc01
e6cf
f506
0f46
f698
ee92
f3a4
f771
f633
fe28
f863
f9b6
f0b8
03d9
f792
f849
fc4f
f99c
fd0d
09a6
02b2
099f
ff5a
031d
f6d8
f575
f3bf
048c
fb08
0ae7
f85d
f747
fd1c
ff48
f6a0
f6e3
f75c
fbfa
f8b6
043a
fca2
0e28
fd74
fd40
fab6
fdb9
eb13
f795
fd1e
f50b
fe82
0540
fb0b
f73b
f4dc
fe6a
f911
f883
07e5
0adc
fdae
f926
f9c0
f9a1
ff56
0f66
07b3
fc9e
faf8
fdf4
f522
005d
f5b7
05ba
fb6d
f595
f6ba
f999
f8f5
f8ea
efac
fd8d
f9cd
178f
ffcc
f6fd
ecb4
0e95
f4da
f187
fe0f
0373
f8ee
ff24
fc2c
f316
f7ae
1911
fadc
f3b6
fcd8
f29e
f45e
fa0c
fe86
06f8
f69b
f41c
f5d7
f94e
fa67
e967
f725
fc6b
f4a8
1a56
ef77
e6f8
e73a
0182
f2dc
fac6
ffef
f61e
f377
f41c
f2a6
f480
f169
10e1
f564
073b
f2cd
f518
f3af
f3ed
f1de
feb0
f7de
f0e1
f671
0262
f97d
dbff
01cd
fb5d
fa63
0830
ec3e
e673
e0dd
fa32
f198
ff06
0798
fa55
fb4c
ee9e
ee2a
fdab
f3de
0090
fa0e
1254
eee6
049c
f611
f84e
ef77
f477
fac3
f83f
f957
f6b0
f124
ea7e
0380
f9fb
0058
f8e4
f3bb
eac0
e911
db57
f44b
f514
0f47
fed5
fe06
f141
ecc4
0010
f9c9
fa35
0798
1dc1
f4f7
0828
fa65
ef76
f5f3
f4c9
f4d8
f72a
f57f
f963
f437
ffcc
f5c0
f634
fc0e
ff69
f4d0
fcd2
0d45
ea66
f6f7
fa56
f27f
0bef
fbe0
f331
070d
fa69
fe2b
1155
fecc
f178
fda8
0013
fe46
f50b
f24b
f869
f216
ef98
f879
fc00
fced
faad
f6d7
f90c
fd37
fe81
f914
fde2
0e99
f2cd
f6c5
fde5
fde2
005d
fba2
f3f0
f716
fb48
fb5d
05ea
fa19
fa3c
00c5
f9a7
fc28
e965
f99e
f63f
fafb
f7c8
f88c
ffc5
ec6e
f339
016c
f868
f489
f699
f5bb
efa4
1027
f1f8
f4ca
f0a1
fb84
e453
f929
f447
f8a9
f65e
f813
0870
ffb6
04ac
ff58
01fc
fa20
e842
f13f
efc5
f866
f30f
f6c5
fc51
f9fb
ecd6
0150
f529
fcd4
04a5
f3ca
f363
0743
1245
f8c3
fdd7
f3c2
db82
fa0e
fb21
0101
f661
fc23
0866
f9f7
08de
03d2
fa7c
fd47
f2e0
f43c
f506
f99b
fbac
fb4c
fa66
f625
faf9
fc57
fbfe
fc18
ff06
fdb9
fc39
002c
02f0
f8da
03c4
0187
f3c2
f7c7
0360
127e
f45d
0339
0ee2
f689
f098
fe28
ef90
f6d3
f99e
000c
ff38
f578
fe43
faaf
f2da
f1c7
fccd
0711
fd33
028e
0522
f933
fcc7
f626
016f
f8ae
fbf5
03a0
fcd1
fa03
0986
11bd
f6e2
040f
f0b4
fd43
fbf3
0085
f35a
fbae
f279
fc35
04dd
fc80
03ca
f8b9
f6b4
e957
f77b
f144
f696
f2cc
06c1
f4cf
f0e0
e472
e838
ee7b
ebec
09d2
ef53
012e
fde1
f9e7
f8c1
f9b4
0cd5
fd07
13b4
f4e9
ff58
fa17
eb22
efff
f972
f69a
fc43
f5ab
fe1d
03a4
f7ec
f5df
fdda
0837
0017
02a0
f69e
f7d8
04b5
fec2
fc5f
f8d9
06b8
022f
12fb
06e5
f945
fdde
0bd3
faa3
fe09
07b4
01a3
0098
f3ba
0270
09b3
04ec
0316
f24c
fc41
020f
f224
eba2
ff45
00c5
096c
00b1
fca5
ff37
1026
fad0
01cc
f309
fd04
fa13
01b5
fb93
f21b
fe62
12f3
f998
01cf
0a8a
f2c2
fedf
fa34
0061
0622
f8f0
fbe1
f8df
fdee
0fec
eea7
ef96
ff27
0144
19ed
fc09
00d3
fb33
1e53
0008
0282
f0a8
0247
f46e
081e
f691
fbc3
05a0
091a
efb3
fb44
0502
fc3d
fab7
02e6
0b7b
0204
07f3
0524
f39e
f871
fae7
e87a
f6ca
fb13
f968
1059
f12f
f4b0
eedb
0d8a
f93e
f06f
facb
f566
f5d3
f1b8
ebae
f5f9
f57e
0737
f973
0b57
0073
f7f0
efa2
f843
fa47
f602
fe1e
f1ea
f5e0
00e4
129c
0f9b
0125
f1e7
fbb1
f192
f830
0d11
1920
22fa
fb7f
f48e
d03c
0359
fb96
0723
079d
023e
fef0
f68d
1a70
c51c
09e4
f597
03c9
0e3a
051d
0c9c
0639
ffc6
041a
02ec
0b59
138c
0159
f55f
0327
f8f1
fcb1
1130
1577
2763
f89d
f357
c70d
1080
f47f
1566
1566
feb8
0824
0982
1ace
a055
0879
f1fb
0375
095f
0195
102e
01a7
0697
0271
f90e
040f
fef0
f9c4
f22b
001d
0dcb
f8a7
0c31
0e2a
115e
f74d
fe3f
b895
fe9d
ee31
0e21
095a
f55e
fe37
fbb3
0818
c492
0719
e8f9
fb28
f932
fca0
0d91
0017
fff7
fb36
f89e
f010
f357
069d
ead3
f5eb
0116
f83f
fb7b
05af
082a
f56f
e2b4
d9de
eb3b
f517
028d
f1dc
f698
f728
0325
1bd7
e740
f6f3
f72e
fa72
f916
f159
03d2
fe88
fc2c
f95e
f62b
f11c
f6d9
fdd1
ead6
fdd4
0557
f79a
f2e5
fba0
1623
f009
f0eb
d78d
0260
f22d
f77a
0343
f8f5
fbe4
0936
195c
dec7
f789
f809
fcb8
fed1
f3e9
0187
fb87
f8b9
fae3
f281
014d
f6d1
00fd
f131
fb7d
0742
ffdb
ee8b
ffae
1e7f
f9a4
fa44
db66
f839
f5f5
ff22
02ce
f561
f877
0c4a
1766
e2cd
fc75
ef29
f86d
fa52
f991
0619
f9f7
feee
f8e4
f8df
fec1
fccc
fbf0
f7ef
faff
0a81
fa88
ef3d
f8fb
1378
f98c
fe37
d39e
0d1a
f418
f842
0325
f54b
fc14
0e95
1caf
cda6
f7eb
f2e2
fffd
f40e
f82b
0750
fd62
fcaf
ff1d
fed0
fedd
f65a
02ed
f7ef
f5bb
0cab
f822
f6af
fe3b
1349
f987
fd48
c606
077f
fabe
f922
f71a
f7be
fc42
014e
1bb6
d626
f0c8
f9a3
fd23
f762
f1c8
0074
00bb
fc31
fec4
0300
0448
f1cf
fcb3
f734
fbe4
02a8
f071
e90a
e763
05dd
f798
eeed
cf3f
eef1
f629
f652
ee59
f8c4
f829
fc71
1771
fb77
f1e2
f985
0227
ef27
edcd
f198
fdb7
ff33
f95e
0093
f023
ea0a
028f
f287
f789
f0f3
f02f
e815
f7e4
f8e2
ef94
d707
d798
f3da
f8bd
ec08
f4cf
fb8e
f844
fd07
1f34
eadc
ea49
fc48
f794
ee21
e5ec
ed63
f2cb
f3ec
fbb5
0313
f1e8
f269
f42c
f091
f9b3
fc11
f6f3
f3f3
06e4
02a1
f9ef
e9d2
c7c5
e17a
ff3a
f7dc
ed1e
fdf9
f773
0623
0ff5
f507
ed61
ff83
fd39
eac7
ed94
ed52
fa18
f648
fc4b
f914
f801
ff94
f848
f5a0
f690
f13c
fb89
f15d
0af6
0bc2
f3ad
ee5d
c618
e7b9
f971
0275
016b
f65e
f71d
1348
199d
d5e4
fb88
f1aa
fa1b
f4f2
ef37
f1ac
f184
f26d
f6fb
f311
0373
fad3
fe47
f478
fc59
f002
f463
f0ec
0601
0e9c
f8d1
ee6c
d70e
edcc
f717
fc28
07eb
fbae
faf0
08f7
1964
e188
f8fb
f4a3
fa30
f2df
f642
fd28
ee8a
f242
f589
fc2f
fdc8
fbff
02e8
fc39
fbe2
fe73
02bd
fe5b
127b
1bef
f8f2
f7c3
d6fc
f74a
f6ed
0702
1979
fdc4
04ec
042e
1189
be82
f7da
f38c
fa9e
f434
fb2f
fdbf
faf7
039f
011a
f59b
fd09
f981
03de
f4d4
f886
fe95
fe84
f90c
03ff
187b
f451
f040
c36f
00bf
f548
070a
1469
fc17
01c5
ef91
1ada
cb0f
fee2
f5cd
f551
f4fc
eec5
07bd
f573
fbe3
fc36
fc12
ff1f
f3d8
f5f3
f5fe
01f6
0329
051e
f5e1
f878
0d70
f68f
f5ba
d43d
fbdf
02d0
0625
06c0
fd29
fdef
ff5e
1dde
d731
fbde
fd46
fb8e
f668
f744
04d4
fbdb
f990
fb0b
efee
f5ea
eb74
0743
f598
f437
f9cd
f4ca
e2ea
f7d0
fbef
f04a
e0c6
dfd1
feee
fedc
f665
ef4b
f9f9
f365
0304
27ce
e464
f5fd
f87e
f26f
ee90
ed83
fc8b
f2da
ef19
f9f5
0071
021c
0033
f7f1
fb07
0124
06b7
fcef
f2bf
fb67
0dbc
fbdf
f22a
c097
fd9d
f681
fcd2
fbea
0592
fc88
0a99
18ad
d8a0
f561
f9e2
fabe
f57a
faf5
001f
fe57
f872
f7ec
039b
021f
ff18
f9d0
faa1
004c
01ba
fcef
f20f
f109
0cf4
f9ca
e9c8
bf02
fc3b
f71c
fd91
ff85
fe5d
fb1e
06b9
18d2
d312
f411
f982
f896
f8eb
fac4
fd15
0457
ffad
0080
f7ea
0710
08a5
f235
f6e8
fc4c
fc3a
01a1
f789
f7ca
23d1
fd19
e98d
d044
1316
f650
0349
08ca
00ff
fe36
0ca0
1be9
d4a6
ff4c
f606
fc31
fd2e
fc82
011f
fcea
f72b
fbc4
0e27
085f
1788
1a83
f7b8
04a8
ff2a
fca2
02e1
ff87
00b7
ff8d
f768
f317
fb52
0460
0a33
01fd
0128
ff8f
f77e
01d3
f50b
0aba
038c
047e
06c3
0c55
fee3
1299
0803
fd45
0a9c
1219
0bbe
0af0
080a
0d5c
00ac
016d
14cf
0f57
273a
00a1
06e2
d060
fae2
fbed
2287
163b
031a
086b
0ec4
fcb1
c6ab
07e8
fde1
0933
1099
128a
0b94
0da9
0d7c
fd57
fbb3
0634
ee22
01da
fb27
039d
13ba
fc0c
089f
f823
0dd6
fdcf
fbaf
f0f8
d940
f951
12ba
fe1d
fd91
01d4
fe61
f205
0ed3
01ba
fc00
ff35
fb98
068e
011c
03e7
099d
fb2e
fd16
0165
057b
0adc
f6b5
04a0
071d
ff4a
089a
fddc
13d0
feed
f416
eb26
f8b3
f6a6
0fdb
08f3
f857
0152
02b3
00b3
e784
f48c
f8b5
0145
fefc
02ea
0925
0421
ff71
f664
fb4c
ef2a
f377
0c0d
fbca
0089
017c
0133
fc1c
efcf
08ff
fa5b
fb3a
fda0
f860
f948
04e4
ffcf
f6c6
01d5
085a
02ae
f930
f75c
ff8f
fe26
fe6c
f700
00c6
ffbf
fe18
fcb0
fe80
fab5
060f
0970
fcdc
06d6
09c8
0571
f8e6
f312
11e3
0299
f7b1
f1b1
f8e3
f65c
10a3
0d1d
fc02
fef3
f794
01b3
f742
018e
f9d0
0592
06fc
037e
fb72
01c6
fdb6
fff3
fa1f
0105
ee96
0ea8
0098
0573
035c
fbd4
ee57
e8af
0dad
fd46
fd72
f570
f87d
fc59
fb53
fef5
f6da
ff7c
fc31
0b33
f8db
fc21
0041
042d
f462
02cd
0001
feca
fc96
00d7
fac7
1030
fc8b
11aa
0071
116a
057e
f8d5
f69d
f108
0fab
ffe7
10ca
f313
13a9
fa12
0a42
0c38
fe09
08a0
fd50
fd42
eadd
026c
f6ff
0539
ff8d
04a0
0438
01d7
096b
fe35
fa8b
fd4d
f514
0750
fd2a
068b
fab1
fc50
fda8
f997
ff89
fe9a
fb65
04cc
0b20
f9b4
0354
076c
f512
037c
f0f8
0dbb
fb86
051b
001b
01bc
f737
fcb7
fd06
fefe
f2ef
fc7b
fa8a
f8c5
ebf7
1083
0327
01fe
f9a5
f48b
efcf
f397
0046
ff2d
dd1e
0739
00c9
fcbd
f78c
015f
fe4c
006b
fd52
1346
ed38
f7b0
fd80
fe30
fc62
fac2
0035
02e2
fa0b
fec2
01ae
0864
f902
0158
fdf5
076b
fd02
0174
0be0
0593
128f
065f
018f
e464
f8df
0009
08b6
0793
ffbd
0ce6
0015
ffb0
ed03
fc82
fc94
06b1
fbf8
0677
fcc9
0794
04ce
008f
f5c5
f86b
fd70
0788
fcdb
00c4
eda6
fece
f873
f20f
fe05
fc07
f02e
fa3b
eeb5
fe93
fe64
01f2
f648
0a4d
022a
12c8
f62b
fd62
f734
020e
f6f0
03a5
fb94
0088
fa6e
ffbc
fc04
f1f7
0605
0791
fe02
015b
0720
fb52
fbaf
fb04
0b5d
03d7
f537
ee60
e364
039c
019d
0dcb
f9ad
0b0b
feaa
11c1
f910
0129
0684
ffd3
fd49
0176
f699
0611
fb3a
00fa
0003
fb38
0f2c
faa1
0a39
0eac
08b9
0565
0941
f4b0
1ff6
08ad
f8d5
f0ca
fe34
ff80
1481
3389
fe63
131e
08af
00f6
d099
077f
f824
0834
0462
10a3
09d7
072e
0a52
0245
fb0c
f154
05d8
0488
fe1a
0907
0eb5
fed9
fdeb
ef6d
0245
ff3f
f050
e938
f62d
0269
0a24
09af
fe34
04e0
e6a3
0ed0
fe27
031c
fea0
04c6
f3e5
06e5
01c3
0b92
02d0
012c
04c9
0e10
2bbf
e9f6
0656
136a
1c1c
0df0
0eb4
fa5d
088f
05ce
088a
db85
19b0
010f
1d8e
2426
0120
160d
0bb0
017f
dddb
102b
037f
0a7b
0770
131c
19df
0b07
106e
fef8
fc99
0b11
1338
0655
06fc
0f2e
0e3e
0795
ff7c
f5a6
0a7f
05b6
f5c4
ea29
1da9
0585
1b9e
135c
0530
0bc2
0c4d
10c5
df28
0c20
03ee
04ae
0392
0575
1234
0b63
0604
fa10
fdbc
14c7
1abc
f622
0acf
12f1
114c
105e
122f
06f3
0841
09bd
0df7
d108
17fb
04d3
1ec4
0ded
0382
1655
09bf
05cc
eb9f
14b5
08e8
0de7
05bd
1b0f
185a
13f9
0ec0
0177
f922
19ea
0748
fbb7
04ff
0d8f
08a4
06e6
0121
ea1a
0bc8
06a8
f261
fa20
0c56
038c
0a2f
fd91
fd14
0ea7
016a
fea5
ff54
07ca
fb23
076e
0736
1461
0f32
122b
0e59
02d2
fa14
fa5c
fbd9
0546
fdec
012d
f505
fdc1
fac3
e2be
fbe4
0375
e95d
fe04
0619
027c
0003
0034
056b
05c9
f313
0da3
fb28
fbe4
0621
0549
fe5c
08ca
f92c
0f47
0457
fda2
0069
0e14
1070
fb15
f4b2
0575
fe69
fb07
0f95
0208
fedc
00c0
0618
121d
f343
feba
0bed
fdaf
fb49
fdcb
f8c9
f3d3
0f1f
1554
f6a3
fc65
05aa
10ed
f09b
0119
fe6a
ffda
f9a2
04f0
0fdb
fdd6
f45b
03c2
0932
f96e
18ca
043b
f5fd
f93e
03b3
0544
0868
fff3
0f1a
09f5
f84b
0458
04e6
fc09
e7e0
14e4
f4a1
fdca
0778
11b5
01f7
0377
fbb9
011b
feee
f60d
f3bf
008d
efec
fdfc
050b
fb8a
077b
f6ea
e321
f455
f026
15fd
dd61
02c6
0b23
efea
fca3
fa88
f083
011d
1a46
0344
fe6b
ff3a
f886
fcd7
f03c
f6c2
f621
fc69
f93b
f746
fe36
05f2
edbe
ffdb
ffae
fd1c
0e98
facd
0a2a
f5c4
fac4
0d91
fb15
fd33
09bd
fa7b
f6d1
03eb
fea3
04ca
f19c
0307
f805
f8e3
0aba
050e
0251
fc59
fcb3
ff29
0416
fb6a
0b88
0635
f988
0280
0e34
02fd
0db5
fc85
0101
fe85
17cd
ff4c
04b3
07fb
0d21
fad0
009f
06d9
052d
f860
f62a
0adc
fd4b
06f9
0867
07ac
0630
0803
0874
0e24
089a
f7db
f385
0258
f79e
00c9
0ffe
006a
038d
f37a
fb8f
ffdb
0a6f
fa4b
f25a
06da
05b5
f882
00fd
fe2c
f58e
ff98
0b1e
ffb3
010b
fe3a
0486
0b8b
feeb
0ac9
01ee
041b
fc9e
0818
fc68
02b2
02c2
0f8c
0bc3
053f
04f0
f60f
0e5f
055e
1bd3
061d
0d09
00c7
0bda
02f9
f9a9
0727
0831
055d
f280
0b45
f757
0366
026f
0f19
09f8
0173
fcc7
0661
0d4b
ffd0
ffda
00e5
f6b3
0802
00ba
f776
f972
e56a
fe0a
f881
1301
08a6
1238
0344
0215
04b8
0382
fbcc
f60b
fc6d
f5ec
f9b1
feed
fa7e
fc4c
019a
fb73
0363
023e
0766
0758
f248
ee41
087f
ff49
f945
024d
f946
f3ea
f01a
dcb6
f87d
10b2
0075
f86f
09d7
f8e1
e702
05e9
fd9b
f6cd
05f3
1650
f840
0415
f647
f011
fb2b
f502
07e9
f7b0
0188
04d6
f4c7
dec5
08ee
0200
fa28
0a2a
fa1f
f4ed
f199
dd80
fc03
04ed
0541
e79c
0cbf
fd25
e4d8
04b2
fc6a
f19d
fb65
26d4
f393
064c
fc2a
efda
fc29
ec5d
0da6
014f
053e
0b02
ff96
0d5a
ef32
ffc1
0c48
01a1
084a
0b14
00ad
f90a
fbee
145d
fe2c
0aa6
0bdc
0c28
02b5
fe51
0582
09a1
f97f
fac6
0238
f238
0692
f40a
0c89
fcad
0961
fde0
0667
0a98
f813
fe03
0fb3
fd3d
02db
f6d7
0501
f8ae
fc2e
f1c9
019b
0eed
16a3
e48e
0d5e
0419
ed3c
04c4
01d9
f981
0030
1d04
fdeb
0116
004b
f2c4
0418
f193
05e3
ffdf
0441
0016
f146
fdd8
0dbb
fdd4
faf4
f86e
fc95
f2e6
f615
f51d
fb76
05a8
1d56
e97a
01bc
fc86
fba2
0289
0178
e5a3
fca4
0ab1
03b5
0446
ff4d
f816
fb72
f007
fe86
04d9
0258
0ac6
f3b5
f9a5
0601
ffc8
f858
f6dd
0371
fe3e
f638
fc60
fe97
052c
0d69
eeb5
04bd
027f
0730
0402
0a0c
f7f7
f76f
fe0c
f5bf
01e4
f9b5
fc37
04ea
f6e4
086c
07bc
0158
ed39
fcd7
1a35
10ff
0030
03ed
0200
fed8
fec8
f980
f9d1
f54b
053a
fa19
0d21
0002
114f
0ca5
f8a3
0318
fc77
08c0
dcb7
0df9
f125
fd39
f872
06e6
04b3
f6c5
fbd5
fc79
fb78
0d16
2221
f50c
0422
0c28
132d
0c3e
0d22
f0d6
f5f2
fe8f
1359
0bb2
197d
03ed
1a3d
056b
01f6
0a1f
0509
f8c0
fece
0d2c
f75b
04cb
001a
0b35
0a41
03d3
01fd
001b
f578
0597
002b
0885
041f
fdf9
0d1a
0134
fa83
00cf
ffeb
ff60
fd6c
089b
139c
ffcb
0fd9
feac
feaa
01fb
fcd2
046a
f6aa
0beb
fc55
fdb8
fb3f
ffac
0483
00e5
fb59
f58c
fd51
0983
21dd
fa8e
04e2
ffe3
0b50
0969
04e3
fe54
f9f9
03e7
0eb5
ffc4
1ff1
09b4
0ee6
018a
00f3
0785
0346
fd34
f8b4
0c12
fb2d
0706
fc34
134d
0453
0bf8
0486
0228
f70f
1741
039f
11d4
01e1
0239
fcb4
09e7
008c
f449
0682
0056
0462
172c
0c02
fa42
0b31
f625
fda3
fee4
f464
fc38
f8bc
06df
f665
005f
fda0
10d5
0173
073f
00c2
f6b8
f688
13e1
1221
13cc
01a7
0d85
01bf
004f
098b
f2f2
01e3
0dfe
1009
0190
0a68
f70c
08dc
ff97
fe4e
043b
036a
fa49
e94e
12a2
fa31
ff7f
fbcd
14a8
fbf3
050f
fdd8
fbc7
0564
03a3
048b
11aa
efcf
00b1
fe11
f66c
f7c4
03d0
fd6d
0513
f5cd
0d86
f063
0692
fde7
f4e5
0896
f83f
e7d5
fd8e
1047
0959
0df3
fa14
ff93
0a00
f529
01a5
01fa
faa4
0aec
f455
f7c7
07fd
f637
fbf0
07fd
f7d9
0620
ff50
ea2b
fd6f
f31c
033e
eecf
04d6
0534
f3f1
0993
f527
eaed
fe54
0dd3
0895
0ba6
fb73
02ec
fd6e
f614
033c
fb04
0162
1282
01b8
1266
fcab
f2d9
048b
13a4
fb32
0053
f04b
eb9b
fd97
f169
f8ce
fc80
178f
048b
ee3c
0636
00f9
038e
fd0d
0d1a
0062
0e4f
034b
fbd4
0395
fa56
03d4
fed6
0b9a
09d0
f549
04a8
0aed
f140
03d6
fd2b
ff9c
fc51
ea87
f5a0
fe77
f878
0bbd
fd83
06d2
0080
eb16
03f2
f9ae
fc3b
f976
14bc
f764
0ab6
fe7b
fa98
066e
01b4
0a01
046a
09e3
0039
e8d4
f2bc
0d93
f612
fb55
0464
00ed
f625
f59f
ea9b
fea1
0283
114a
fc24
0c6a
ff1c
f346
06c1
fc0f
fc46
050a
083e
f62e
139f
f804
09c1
fba2
f36d
044a
fc61
087c
fcee
ea3e
f67d
fe96
f5cc
fd83
11b7
fe17
f2e4
e04f
ebaf
fefa
f31c
1b09
f24b
fef8
f2b1
eba9
fc6d
f52b
f8f8
06fe
1626
f822
0319
f675
fdaf
ff41
f588
004f
f868
0654
ff6a
f85d
fb10
0576
f978
079c
21ae
fcf0
f44b
eb98
f7e3
fcb7
0d79
0823
ff85
faf8
f9d9
f1ab
0218
f1ab
02d6
f4b7
fd46
fcff
093e
fa9c
f2f0
fed2
f853
051b
fa3e
04af
066f
f31e
0258
fe2a
fd33
038f
0ef9
fcad
ec5f
e34b
e7d4
fbaf
0a00
13e0
12cb
02d5
f5d7
f2a0
0495
f9ae
0eaa
ff6e
099e
ed6e
1042
f648
f902
fad1
f448
03ae
fbd5
0714
0690
0103
fe06
082e
01c9
08bd
0fad
fd66
f859
fbd0
ed72
fb44
1c63
f97b
030a
06ff
fca9
f025
0af9
0088
f8f9
f85d
061e
fe54
0746
fbe5
fb5e
065f
f99b
040f
0204
09f5
01af
0a0b
f6c3
0de3
fe15
00d1
15e5
0197
0b93
0bb6
f01c
0220
1292
fa45
0e76
06ca
0304
f4f7
fe5e
0994
0897
fe63
ee3e
fd5d
fb91
05d3
fe78
067b
059d
06f8
fdaf
093a
019b
03c1
fe42
01d3
fe2b
04b5
0f7c
0a87
111c
0d69
f51d
ffc2
10d9
095b
fec2
0bb3
0866
f8f3
01f7
01f2
020f
f85a
fdca
ffca
010c
05cf
fe9b
07ab
f8d2
0366
fd8c
089e
00ab
e907
1826
01ae
fd85
fec7
0d51
02c0
fe8a
f6f2
e6eb
ff8d
0681
0a86
f01e
0868
fdbb
fa77
03e4
05db
05e7
0372
081d
fc54
0892
0564
007e
0177
eff6
030e
fd50
0855
fff3
f812
0bfd
03cb
fca5
02a4
0b7e
0562
08d7
0359
fe75
fd88
103f
fe72
fd79
04a2
0096
0f7a
fd11
0187
08ce
f564
ec87
0c09
0151
ff27
0599
0197
f56a
f95c
fd0b
0932
0224
e409
f293
0b8d
023a
f8bd
f626
02cb
ecbe
ec7c
ec40
fb4d
f473
2d9b
e71d
0c1c
f23e
fc0b
08ed
fb08
f57c
029a
0e29
f7a1
046c
f7d6
f7a0
faa5
eef4
0169
fc4c
062c
fa9e
ebe6
134f
f9d1
f904
fcb7
098a
fe27
f363
ee8a
e495
fa74
f949
0edf
06bb
050e
f99e
0071
0338
fcab
feed
fd58
fac6
01c0
0296
fcd2
f38b
0084
f755
00de
fc1b
0112
0c9b
f0e7
0ea5
fde9
f6e9
039f
1295
ff6c
f535
de6c
e0a7
f8a4
049d
1724
ff07
0cdb
fc27
f6fd
0b3c
fdc6
f64e
f590
1601
fef3
1404
fec9
f719
ff7a
f8c7
0c86
02eb
0a09
0059
ef9d
e7ca
0a4c
fb8e
fb24
0c49
f58a
e360
e15a
e6f3
f643
f0c6
13fe
04c0
048a
f1de
e69d
011d
f7fc
0330
035d
08f8
fb2c
0d77
faa7
f054
f68b
efa0
02f3
f774
03e1
fc13
09fc
161d
fdaa
02b0
0250
123d
047a
007e
fc23
fd3d
063d
079e
fcb7
15f9
0af8
03e8
f61a
01eb
03c7
01cb
ff3d
e9d0
0717
fc66
028d
fb54
097b
fb93
0521
0144
0127
efe4
0400
f4e6
12a6
fd42
f177
0363
f7ba
f46e
efdb
e406
fa08
e6b1
10c4
f9fc
056d
f1a6
d6c1
fcea
f5ad
f49c
0495
1e51
fb03
fceb
f043
ed31
f8ee
f1f5
faa5
f2a6
fb55
00e0
087f
06e5
0f7f
f878
0417
f9db
ff6f
03cd
f319
01de
0055
f8af
030d
ff0f
fd45
ff5e
ec8f
fe49
fd7c
f2a8
0627
06bc
07dc
092b
fcbc
fe76
0bc6
f808
08e4
004a
029c
fd31
19b0
1438
028f
fd14
02cd
1178
0230
19fa
23c4
12a4
0414
0bc5
f7ac
feec
015e
08c4
fd22
fe77
ff1f
e41a
f19b
f84b
21da
f8de
f8c6
18d6
166b
0275
040e
0635
fac3
0034
ffdf
0a73
0813
fa7a
f8e0
0bf8
f6a2
05c3
158c
f6f2
ff30
f011
0024
00f3
fea8
0495
fdd0
01e1
fd0a
eec3
098d
dda4
107d
f87e
f753
081b
0489
f883
fcc6
f9ca
f87b
fd6c
ff72
015a
fe8c
f797
fc53
1e72
f05e
f6aa
f3a6
f761
f64b
ed96
01f1
f364
fcc3
fdc2
ed0c
f6f3
f6d9
ed1c
fa8d
febd
064d
f815
f467
f95a
ff3c
f349
f6de
fb16
f86f
f405
f7d6
04e3
023d
f793
0026
0b7b
fd5a
fc2b
edf3
f56b
f7b9
f0c2
048b
f9cb
fa4e
0124
ec13
fa17
f974
f2aa
0493
fddc
024c
f71a
f652
00b3
01c6
fc0b
fc36
01c6
fa8a
f982
f4d8
0065
0ba8
f74d
ff9f
075e
f98a
f965
ef7d
fd49
fb01
05d4
12b9
014e
fafc
030b
0258
f9ba
0328
eafb
0a3c
f174
0b86
fa3a
fb1e
062e
fb5e
f8a3
fb3d
f68c
fbd0
f3ca
ec6e
f32d
033f
f7cf
fbfe
0537
f63f
ea85
e2a7
ec2e
fc5c
f40b
10d5
e9e9
f4f1
f78e
f057
f944
f6ab
ea0b
1237
04bb
ff2f
f665
f412
fe67
fd4c
eb51
f89f
f807
f951
0353
fb2d
f40f
fff2
ff53
fe8c
1c7f
f8f4
dffd
e1de
f852
f7b2
fedf
fe54
f801
ffff
f480
ec5a
ffb2
f0bc
f491
fdaf
f434
f628
0ae7
fc80
efcb
fcb6
eca6
093b
0043
ff9c
f933
0985
0e68
f777
fe01
0957
1a53
fb93
f872
ed7f
f912
f88b
172c
fc17
19a2
fa5c
05ac
05ee
fe08
01eb
0382
fc34
d30a
07e9
fe39
fa3b
fc85
0c3e
f3a0
04bc
0033
fe71
fce4
07e9
0d1a
07d7
036a
04aa
026c
f9c4
036b
fdcb
f88c
038d
1b44
0228
0a34
fd1f
0116
0435
05fc
064d
e9a2
fec7
ef4c
0924
f985
fc65
fcca
0449
fd41
fca4
0632
fa5f
f73d
0113
fcd1
0ac4
f8c3
fd3f
0339
fe56
0262
0609
feb4
ff34
0322
07df
0d1b
fe8c
02b3
00d5
fdef
01d5
f868
08f5
d1da
0528
f2bb
fef6
fc25
0260
fd1b
fd59
f8b3
fd0f
0028
0178
00de
fd81
fd1e
00c0
0f2e
feba
f9ac
0946
01db
fb46
046a
ff70
fef2
0143
06fa
07ec
fd9a
fe3c
04de
fb9b
d746
f8d2
ff8a
004d
f822
006a
f986
fd2d
f955
fb7e
f77c
f2b0
0959
fdf3
f120
fbd9
02da
f68a
ed57
f92c
f25e
f43b
ffeb
0709
eb24
ff08
f9f4
fdc8
f897
f9ab
0061
fef4
fcdf
fe7e
f53a
fc32
f2ab
fbf7
ee9a
fb13
fb08
ff8f
fd4d
f61b
0a97
1223
f710
f9e4
faed
fb16
effd
ea8f
f382
fd92
fd14
13b9
e867
0331
f4df
fb38
037f
fa5c
f142
0284
f449
fdae
0092
fa13
f787
00e7
ec8e
fde6
01ef
fd0e
08c8
eea9
052a
fd6b
039c
f9c3
0168
0137
eee0
e32a
f584
fb28
f956
0136
ef1c
0025
f487
064d
0334
f778
f219
fe02
ed7e
ff02
00e7
fa4a
fa9c
f987
eba6
09a2
fd44
f8e3
fafc
ea61
edac
0818
fb1e
f3ee
08e4
0037
e998
ecb7
e9b5
f28e
ebbf
11e8
ee73
04e0
f6c1
fa96
ff9b
f60e
e12d
0c15
0a5e
f6db
064e
f7da
f2d5
efae
f0ad
f524
f351
fb31
061f
fdbd
0c20
fd76
0312
02e2
17aa
0d45
ff40
f557
ed0d
fc5a
1c08
0492
fe76
0212
0765
f5d6
04fd
fd89
f0ff
f325
f4f4
08a4
fc43
00bd
f6aa
ff1f
fab7
fda0
01d2
01fa
f543
f214
f0c1
fe9b
f525
f3cb
081a
010f
e76c
e679
eb08
f183
f366
17ef
fedd
fcdb
f01d
eb4a
fa4d
f638
fed7
0c72
0511
fbf8
0540
f5bb
ef94
f918
f0ab
f94f
f938
ff30
f51b
024c
0d43
074c
fc84
fc71
f57b
01b0
f349
f2ca
f943
ff23
ff74
07a5
004a
ffdb
fa05
f92b
fcff
faca
ee77
1114
ee64
fe57
f605
f82f
f441
08b9
fc16
00ac
f7cb
f704
f294
0dcf
1371
f1f7
fd34
004c
18be
ff67
fbd0
ef29
01bc
f95c
ff32
fc46
0a39
f3bc
02dd
f80b
fc27
fa48
0445
f4c4
f271
0304
f134
fa4b
023e
0950
ff95
018d
facf
f86e
f698
fa86
efdd
0d30
fb67
f831
fd9d
f839
e972
e34f
f882
f726
ecd9
1257
ea2b
010a
f6f3
e5a2
01de
f49e
e6f6
0e68
143d
ff39
0394
f52c
fa38
f9b1
e546
fd42
f9ca
fd17
0307
0289
057b
0584
f2eb
033b
ffed
f512
07ca
0b4a
f1ae
0369
f808
0fff
f800
03fb
eb8f
ed93
083c
ff4a
ee09
f81e
200f
101b
0361
fbd8
0e7a
064c
f261
ff7b
fd35
f7b5
fff4
fe77
f9b3
0739
f8dc
fec6
0342
f858
0713
066b
e4e5
002f
fea1
1180
f033
0230
f556
ef14
055a
fa35
eedd
ff92
20d7
083e
0723
fa26
04e0
01ee
fa2d
018c
fc55
f969
0251
0aa8
1088
fde3
fc6b
03ca
1e09
057b
11dd
02b3
ee91
ffcd
0233
ec8c
077f
08b6
0798
f8f7
f646
01c8
ffd3
04f0
f2d2
0d13
024b
ff12
06e4
09c7
0a21
055d
faf6
fb8c
fd28
fd70
085d
f4d0
f931
01e7
2567
0223
0b9d
0323
f232
0209
05f1
f600
006b
002b
01c8
f5ff
fd55
fb4a
fb92
fa2a
1206
0691
0079
ffdd
0305
02ad
059a
fe79
fca9
0317
0297
0986
058a
ed6d
fd3d
0871
26df
10a8
05d6
0493
024a
ffa1
188b
f372
092a
0454
0824
0693
fcaa
0615
0e99
f25f
ffb1
083f
086c
055a
10a9
062b
0977
ffe4
0882
fc22
fdf6
f1d7
ecc4
f160
f812
fc49
162a
02bb
f3ba
e7b0
e6c9
fceb
fcbc
1353
e70e
fe15
f494
f507
fe1b
f6f9
f125
0aeb
1c71
0651
06df
fa60
05ee
fe44
f320
fd85
feae
fc9e
0a2a
0ef3
ebe5
f275
09da
0a39
2ae6
064e
fd1f
0135
0f5b
072e
1a57
fa16
f687
f921
fe64
00ff
011d
0085
06df
f31a
f8b1
06fe
05cc
0681
052e
08bd
f90e
086c
0af4
04ff
f963
0de8
fab7
fecb
005b
0e75
1a23
00c5
fec9
0502
03f7
0468
2160
fa10
12bf
fd25
0ba0
091b
032a
04ad
07bb
fc1a
e2cb
08d4
0481
01c2
0339
0816
fed8
fd13
03e2
fd13
03ad
1a9d
097f
01cf
00ec
12f1
1866
fe84
05b8
195b
07f4
07b1
2547
ee71
10bf
f9fe
0a61
08a4
00b6
0976
048b
f711
db70
0f07
fa43
00ed
038a
0b7a
083d
021f
0592
fd25
05bf
17fe
0488
0cf1
0741
0db1
230a
ffd9
06d6
09da
0616
093d
143c
f7fe
0e2b
fdf8
0be8
ff5c
0ae7
11a0
055c
f81b
d127
0850
024d
08bf
04c8
0da4
039c
095c
09d3
056e
0037
048a
fd06
0948
03f1
0697
1af2
0746
0138
01d2
00c7
085f
024f
0196
f329
fe05
062a
0026
fdc6
ff6d
feef
0299
ecab
ff68
ffe7
05fa
f23b
fe2b
ec58
fd28
ff4a
0341
f9d8
f865
03cd
fbad
02d2
0229
171a
066c
f62a
f6f1
01eb
fc32
066c
0c85
e4e1
ffb4
051c
f8de
fa56
fb55
0926
fc88
0b80
ffec
04c2
0224
002c
f940
f3aa
fd2b
fd25
046e
07bc
f8e7
fc29
018b
fedb
03be
14e2
fe35
f739
f5ba
ff14
024f
0098
fbea
e3b1
017c
035c
febd
02a4
f943
fc6b
f903
011a
f483
0611
0059
feed
f89b
ee51
fe10
fee7
fc60
0159
f3eb
f9e2
f93a
0516
001d
05ad
04c5
f761
fcb5
0670
fad1
04c4
08a9
f11b
fa77
fc03
0fa9
fa34
026e
fc54
f96b
edf8
fcd1
f7df
f770
04b2
0040
f673
fbbb
fbb7
fec4
04e4
f05d
e826
0393
0313
f7f6
01df
000f
e662
f01a
e605
fd74
f4ef
1683
eaf2
ff68
f449
fcfd
fd06
fc1b
ef24
0554
1021
f75d
02f6
f4c8
f160
efc9
f50a
ffb9
f7b7
fb9f
1307
02e5
0bb8
f408
087c
11d7
22ac
172d
0abc
fb08
fd96
0103
1e18
fa9f
00d8
ff12
0ae3
0461
01b5
048c
039c
e940
02d5
0398
fe38
05fc
0158
0773
ffcd
07af
0368
01ea
fd9f
0454
01bb
f99a
febd
0342
1a85
0961
f71e
01b7
fedb
0246
0cca
03b1
0666
fb19
08d6
00ed
fe15
fb80
0cae
f93e
f7a3
06b1
0418
ff2f
fb51
fe8a
fd87
04e0
fefa
fd23
fb02
0e43
159c
05cc
036b
027c
0e21
044e
f9c0
fe5f
ff6c
0419
06fc
042f
0abf
ff2f
f898
f928
033e
ff11
0710
ffba
f33d
09f6
043f
01f8
0371
0956
005f
03bb
f883
fd66
0247
0214
050b
0f4b
fce3
04ec
1a6b
feb5
f721
ea62
fdd3
071f
fca4
09c1
0241
fec1
f9c9
f520
fed3
fbd3
0251
00cf
fd07
fc87
fd5c
f976
05c6
053a
f756
fb7a
fa4a
0a5b
fdc7
0e6b
0650
1cf8
006e
0c13
0bf5
0555
07b5
0051
0da7
0cc3
0ca7
ff32
fa11
fd16
065f
f584
0472
0245
0074
fcc8
ffc3
0e70
0558
0774
09c6
0d43
f678
0120
0e20
0710
0b80
24ba
0d24
f2db
031b
0dee
0e14
096b
2c9c
268f
0f03
09ac
2086
e0a0
0435
025c
0c27
06dc
055f
0a6c
f64b
f39c
f0b3
2ad7
03d7
04e9
19bd
165f
103d
10f0
100b
fd7c
06c6
fa1c
f070
02e5
fd75
0338
fc56
02f6
14dd
fa87
ee73
f809
0563
0d1b
ee88
03d6
0074
f807
fe4f
01c4
e268
0d19
0ee6
120b
ff30
fdee
0781
07ea
02db
0713
0016
f9d7
fe9e
0013
ffde
0285
ff46
07a3
08e7
0017
0ed0
eeac
f04e
f8e3
f388
1724
f461
04cf
0849
0208
f96d
fb80
f3dc
10f9
0578
0c3b
fbae
f787
ffe8
fd9e
05fc
fbf2
f5e4
fa4f
f880
fc71
f227
0c1c
fcfe
070b
f28f
08b7
0f62
f16f
fa8c
fa93
0344
0a71
f7e1
012d
0129
f4d6
fc05
fe19
ed05
1103
0704
045f
fa67
ff12
0b9f
0336
0669
0113
fecf
fa63
0090
022d
0736
0199
037e
0829
0f61
09c7
1530
0064
fbff
0428
1cce
0113
0ed4
ff0f
10ab
0428
fe23
0a2e
f896
ff96
022a
1386
fabb
09b6
0862
0be1
0c37
08f8
ff36
012a
0785
f4b0
f66f
fdf5
0767
0984
195a
098c
0380
e645
ea69
05d5
0330
077b
ebf7
06a1
faa7
f7ff
0044
0360
00ea
1880
0bc0
0a24
056a
02bd
0538
0255
fcbb
0b56
07d6
0556
072e
ff73
f099
f5d5
0b3c
072d
1c12
0b87
fd62
f39d
04fc
0221
156e
f617
f9d8
063c
fd39
0278
f9b7
0462
0ab0
1059
f3ea
01a1
057a
06fa
f98d
0bcb
fea9
0e1d
0b12
064c
01e4
0622
dd26
01c2
05ad
0831
fd3f
f8ac
ec19
e169
f79a
ff14
07e2
11d6
f5d4
fd4c
faf0
f437
fb29
fd9c
f2c3
0b78
1315
f3d0
0292
f59d
f8c7
facd
f8b5
0077
050e
fd86
fdff
1767
fa41
071d
093b
1248
0911
03f6
1984
029b
fe07
0842
25b1
e92c
fe18
005a
0b37
08ea
fce1
0db5
f3d2
00e2
ed2d
12f8
f9b4
0780
040b
0ef0
0e74
0405
081f
01a0
f99f
0601
f29b
0814
fff1
0673
05bf
ff39
fd88
f8bf
f9ec
029a
0d52
efb3
ff69
055d
0174
f812
0289
0580
06a3
058d
f091
ffb0
0701
fe51
feff
0292
fbec
0490
0922
01af
0236
06bc
fd28
f632
029a
0c94
07b9
0cc6
1811
0b47
064f
0b65
1906
ef7d
fcc9
049a
0dea
0432
0034
0633
03fe
060d
e85e
016a
faef
056d
05d8
0acd
03d2
0ad9
08ef
030d
fbb0
10a0
1632
ecc2
0bde
0c2e
0e46
12d8
2ac4
0988
1577
09e7
2b9f
e098
0709
fd59
196a
1107
fe79
1197
0d66
f971
e6a2
19dc
f48f
0e2e
1389
1277
0f7a
03b0
04f7
ff75
f60d
feb2
05f3
04aa
fcbc
079d
01d0
0377
1109
ea0b
fa16
03fe
1a42
e9ea
f0ac
0334
fd6f
0173
fddb
100f
0413
0b79
f484
03b2
05d4
03ad
08d9
02ae
fc2b
0403
00a7
0080
f76c
f4a4
f649
099d
fcf1
fcfa
f66b
05ef
05ce
ee60
05ed
f9fc
1367
067e
ecaa
fd05
fb98
11fa
f65b
09d8
f204
0731
fac3
fe37
0096
f8b5
04e0
faba
fa45
0315
fbe9
f717
09f0
ed03
f32d
f44a
0773
fdb5
fdc4
0d44
001e
ed67
e631
025b
03be
fa65
05e1
06a8
ff4c
0772
0452
0318
f2a6
055f
018b
0293
0d0f
0a99
f8d4
03b5
018d
10d2
024e
0356
0a12
f1f5
f2a3
f956
fd2e
087f
0ea7
09b2
0511
ec64
f1e8
ff99
0f6b
f60c
f253
0d0c
05f8
fe8c
052b
02be
f92b
0ccc
0f46
fc25
0741
00a3
f736
fbda
038f
06f9
0316
ffd5
f7ca
1436
f35d
048d
09b9
03fe
05cc
1182
1714
08c2
13cf
0e0d
1eb7
06b9
11b4
00a0
10f9
097a
f647
0933
12ec
0115
eaa5
15de
f0c9
0c5f
0525
11f3
154e
0ab3
033a
fad9
f7a5
0ea3
1b4b
f237
02f8
082f
0d62
1441
11da
fea3
078b
0e78
1cd1
ef6e
11f7
02bd
0ee2
01b2
f9c8
0c3c
0c72
0288
ed28
1373
f685
0596
00fd
13ff
0646
0ab3
0265
fc52
fd26
f8bf
fe8a
fb9e
05c3
019f
1227
08d1
f1bd
e0fb
e84f
0722
ff45
044b
f856
0bc7
f68a
e8b1
0456
f9fe
0791
11ee
18a9
0491
0dd2
013f
fbc1
041b
f84f
0cdb
045c
0011
ffff
0cfd
0028
0487
0991
0e5a
09a0
08a8
1464
f7b5
0fed
0a14
116a
f36e
f864
0033
1133
fe4f
fab9
05fc
f8c0
0f91
f7c6
1929
fdd5
03a7
09cb
091d
fb1b
0b6f
01e8
0120
f74f
feb2
f8e3
0ddd
f8f5
f342
ebf3
fb70
1139
0bcf
e343
fa07
0704
0121
e7ec
0163
f644
ef34
ff1d
f625
dbeb
096d
1267
1175
f4f1
f866
0526
0607
f8bc
0775
00e0
fabe
fde7
ec6d
f851
0ad8
fed6
f888
fd18
fcc6
1050
0093
db25
f328
0168
fe1d
ec52
fff9
fa3c
ea39
00eb
f6e0
ef61
0664
1576
05d6
f862
f68f
fb15
fc8b
f87b
04a7
f7fc
fed7
fc42
fd94
f587
fbc5
0204
ff9e
134f
051b
1d6b
0767
fb0b
f45b
042a
125d
f00c
0300
0a57
f7f1
f6c6
00dc
ed28
02ee
f80e
16b7
fa05
f82e
069f
0394
02bd
f892
f907
ffc4
fa09
f247
f1b2
1324
f8f0
f516
f1ba
fe80
1065
f411
e7f2
f498
04cf
1214
ed90
fbfe
026c
ef81
f9db
f9ea
f085
0bef
fd24
049e
fe60
fac4
02da
f829
f8af
f9e6
fa59
f86d
f8e7
ec52
ee97
f824
f9cb
f40f
08e2
00ca
0b69
f7bb
e1b2
f71d
0f3e
0a70
f72b
fa1b
f97a
ef10
fd3b
ff03
f34c
fab2
0f88
056d
fdb9
fb37
0463
fa4e
f4f7
fb89
f984
02b3
fc06
f6d0
ec3f
fc7d
fd90
fd52
09f6
0212
02e1
f227
eb9d
002e
0ad9
089f
e44c
fb9a
f494
e8af
f840
f707
f222
08e5
13fa
0dc1
0576
fdb8
0068
fb0e
f263
fc95
0045
fd78
fab3
052c
e7cf
04be
0285
05a3
048d
048f
02d7
fc5e
ff90
015b
1dab
0ce7
fda7
040b
f975
eeb8
f8d1
fe74
f8a0
07b5
03ee
05b0
04ec
045c
f9ca
0dca
04ec
0563
07d7
0360
f91b
0ded
0457
f800
005e
1104
0a48
ff64
0b96
f536
f587
f9b7
2392
fbe3
1abf
0312
0c99
fce2
0111
0704
fe59
01d7
f961
087f
024d
fbae
f82d
032d
fc9a
0610
0648
00fd
05f0
0a56
fc04
036d
08d7
0b36
05e9
01b1
08b4
f9a8
e254
048e
2d35
fc46
0108
09a5
0824
f006
0b74
07e3
f3c2
f410
0a16
0aaf
0646
051f
f17f
071f
fbbd
0aff
0a16
0193
fb9f
f76c
ed74
face
02a6
feab
0075
fde3
ffde
fbe9
e287
f99a
00f2
096f
020f
ffc7
f768
e5da
05fb
faf9
fba6
f8b6
0299
073e
f9f9
f681
facb
fcd2
fc2e
042b
fbef
fc23
fc49
f4a0
efcc
fa89
fc73
fc61
0add
046d
0f74
0159
e78a
ff7c
0bdc
1995
f0e0
0396
f6e6
e9ab
fdba
fc3c
017c
fbd9
0ab2
0229
fcfc
fc93
fb3e
f894
f2b2
fda2
fa3f
fdb5
fbf8
ecfe
0696
fb43
037a
f4ae
0550
0be1
12df
fd20
e437
f807
193a
fc8e
f416
01ab
fec0
f085
fafd
00d3
fdae
00a5
fa0b
074a
fc3c
00c7
0245
ff07
f823
feb7
f902
0585
0483
f55f
033b
f8d0
ff94
fe65
093a
0846
12ba
fb22
ec96
feff
17f6
fb25
f8a1
037d
fdff
f7b2
f990
02d7
fad5
0383
f981
0a24
00d0
0064
01eb
0087
faf6
02a2
f913
0358
fdc4
e2fc
ebf4
02fc
0154
f3db
ed15
fdf4
f856
eb45
e99a
f267
ffb9
17b1
eb9e
02f2
f150
f8f1
fe5a
f860
eb84
0153
0b4e
fbc5
00b3
f752
fe9c
f291
f2e9
007e
eb34
ff9c
fcb7
fa16
f10e
f6a0
01d7
f98d
fcb2
087f
0d16
022f
f5c8
f35e
0b90
0ac2
0607
fd08
0972
05cc
f719
f87b
faff
f9dc
f086
0afb
f3da
ffee
f4fc
fc45
03a1
fa64
f627
f796
0121
f10a
ffb6
edfa
01f8
ffa2
0302
0a9c
0a21
ecf6
ea25
f978
16ae
046d
051e
0619
026d
ffb6
0195
03c7
0013
ff57
18f2
0423
0019
fadc
fa34
fd0b
0087
0215
010d
f7e3
f017
04d0
fba9
f81a
025d
fe9f
02d1
ffe7
1012
0824
fb82
02ee
132c
0a4d
124e
ef7e
0348
f441
f165
fb4a
0b95
f5d2
fd1d
1263
e3cc
fcce
0291
fe20
066a
0243
fa2a
f07a
f4ff
f6b9
f73d
f983
00d7
fbeb
ee42
f9ae
fb88
ef63
e9bf
fddb
0225
20b5
f11b
fa26
f630
e181
f99d
f62c
f7c5
0724
2c04
0261
f9b0
f913
fc0d
fd1f
f9de
ff64
f479
f21f
eef4
044f
f24c
0a78
fdcd
f937
fd12
ff90
071c
ed19
f58e
fdb3
0580
1251
f9ab
f7cd
f9b4
e1d7
f903
f88b
e85c
f93e
1608
060f
f4a0
f9f9
02c7
00f3
f655
0049
f73f
f02f
fd05
012d
e895
1550
f918
fde2
ef2a
fe20
16fc
fae8
0547
ff28
0d7d
0b21
e811
fa18
0680
f054
f9bb
fd60
e4c8
066d
ffe2
16df
fb9f
fcf9
0898
0261
f7c1
fec7
ff9c
f9d8
017f
05e8
f74c
12d5
f978
f78b
e5b9
fb7a
0f09
1eff
f1b3
0083
01d6
1964
effa
03b3
f98a
ee3c
fe27
fae8
d9cb
014b
123c
1946
f962
faa5
07cc
023f
fbd9
04b8
0735
0052
06c2
fa57
fc3b
1384
facd
f3f6
eb43
f3f1
1065
1399
e2b3
f8f9
f723
09f2
efc6
0042
fb90
ec03
f8e4
ff64
ea5a
04c6
0547
0661
0071
f390
fd97
f8e9
0488
035b
fa76
fb9b
04da
fcd1
0441
0bc7
f7ae
fb00
f1c5
fa2b
0aa8
f9c4
ead5
fe83
fabc
07fc
f957
0b32
04be
f661
0132
008c
ebdc
0518
131a
009e
0898
fbb1
f83e
f71e
0267
ffcd
0223
fce5
0986
fada
13b2
edb1
f6f1
f854
f815
0631
1114
fe1a
e9dd
fd12
02f2
018e
0344
04eb
0457
f8df
f8cd
0359
06b1
fb1f
0558
0066
07f9
f86a
0190
fcc8
115c
05e5
0550
fc9e
fc18
eb53
054c
fa4e
f848
f7ae
0087
fd66
fcf9
eae8
e2e8
f34d
016e
16d6
fb37
0191
f4b4
ea44
fcd1
fbdc
0453
0048
1a85
fd3f
07bd
fa04
01c2
f28a
f830
fd5e
f9a1
fcae
f878
fd92
1dd1
e1dc
0320
078b
10c8
054d
07eb
f556
f747
ffff
1303
fb93
0114
f921
077b
0282
f414
ff9f
0abe
f693
053f
12b0
f906
020f
047f
0bf6
0552
ff02
00d8
04af
f5d4
f655
f4d9
f90d
0254
fafc
16ab
f5de
f53c
fb29
e0fb
f61f
07ed
07f6
fc27
f7b3
f403
e418
f4e6
f15b
0a5e
0290
1aea
0565
00ef
00aa
f0d0
f737
f85d
ff09
f6d5
fcbe
fe5d
0ca4
0273
f0bd
04f5
fbf3
091c
f95f
03e2
fc50
f5d1
fb72
12ad
f730
0f6b
f906
067b
f3c0
fab4
fb7e
0cf3
f8ac
f41e
fe3a
00f7
f964
fa5a
fd8b
04eb
fec4
0a3b
fbaf
06b6
0287
054a
07cd
05a7
00c2
fa24
f9c3
0a01
02b1
e7c3
fdd8
1d1c
0703
091b
f75b
0332
fa05
ff04
fcc0
f96a
fe77
02bc
1049
f8f6
fa26
fc46
f9cf
fa6d
f806
fa06
fcd7
f881
0778
f751
eda4
05a8
0355
f736
fb60
062e
0460
e959
fd69
0d86
0e7c
0a62
fa9a
0880
f351
fef6
fafe
ff02
f3bd
024c
0686
f9e3
fa64
fede
067f
0068
f9aa
fb6d
f914
035b
1043
02af
ee15
052d
fee5
0466
0307
189e
06b0
fa33
048b
1c75
05e7
032d
fa90
05ea
f421
fd40
fc85
fa59
e099
0591
0ee8
f874
0600
fae0
03ac
fb0c
01ac
fceb
fbe5
f758
f0cc
fe62
f643
02db
f6ad
f039
f8fe
024f
f464
df98
fa27
00b6
192b
fff7
fcda
fd83
ee87
0278
f324
f833
fbcb
1097
00d5
f979
f9db
0332
f5b4
f5eb
fa85
f2aa
ffc3
fa94
f9ed
0ca1
fe20
f608
fcb1
fcbf
f573
0fcc
fae7
effb
fb9a
135f
fc9a
faac
f59b
0506
faf3
fc19
ff43
fc48
fbf1
0d01
077c
feee
fb76
fc13
fba0
f63b
0238
fcc5
03b4
fbf6
f45d
f76a
f5db
fd25
f91e
edea
fbaa
0012
f520
f3a4
f9b3
fb68
13a5
f91f
fda9
f81a
0578
f5c7
f45f
f355
f58f
04db
f24a
fe73
f280
fac1
f5d4
f506
fd6c
f53a
fdcc
efba
e928
fc04
017d
03d7
fd64
f0e9
f59b
f77b
f242
e1b7
f188
f464
2449
0097
f3d0
fe3d
ffdb
f2b5
ef43
ef1e
f22f
13e7
fcc6
f09c
f757
f3e3
f12a
faab
f724
eec7
f76b
fd12
f2e1
ff64
fc34
fad6
0309
e331
fb47
fcd2
f111
e8b5
fba4
0673
0e17
0577
fc2c
fcf0
fc47
faa0
f855
f086
0166
0ff6
f700
fc91
f97c
fbec
fa7a
03f7
001b
00c4
01cb
00d5
092d
ff17
0252
0d6c
ffd6
ecb9
0531
0011
01dc
02ce
0567
0ca8
1593
14bc
02e7
04ad
0153
fb31
0073
0aab
fb56
f36c
0496
f906
05f3
052d
0452
0b5e
0b25
0641
00e7
f654
f495
1e1c
fe1e
fa2f
fa57
f5a4
f7d0
f6e9
f6e1
ebb2
fca1
0014
0f6e
0b45
fbf0
fc8d
f038
f942
fe61
0785
0edf
08e0
049a
f976
f93f
0042
03b9
f8f8
015b
f7ed
f660
05f0
0e00
1c8c
e8ea
0425
f811
0bed
0bf3
0f1a
fa06
fc56
05da
0dec
f123
1236
0900
ffc1
ee90
f744
ffba
186f
ee3f
0cf6
072a
004f
0128
02b8
0cfd
0054
0588
017c
0709
fd17
0243
0695
0e4b
fe98
f74e
f675
f75f
0be5
f905
0614
060d
0282
1429
fa33
f559
04bb
f1d4
0014
f8e5
fb91
fcd5
07f4
0a68
f310
fc66
01d9
fec3
f722
fff5
0585
00ce
fd9f
10ec
1746
0030
066a
f6d5
df99
06e7
1d2d
2a84
fe5a
0861
0d57
fd3e
1ab5
007f
0933
fa67
0252
042e
02fc
feb2
ed52
130f
03b2
0768
136b
17e6
1675
0b85
0aef
0071
fee3
f4ac
0895
0294
fd06
ee59
e139
fd7b
13e1
11a5
dea9
fa25
f4f3
01a8
fa4b
ffad
ff19
ee63
fd80
ff57
f790
0fc4
f5f6
fd51
ff6e
f6cb
f74d
fb58
056b
fde7
f67d
026d
ff9f
f78e
2301
155d
fb4a
04ae
f75e
f54d
0e5e
1286
ec85
ff06
ff0e
f731
089a
ff6e
0059
01c8
fb1f
fe5e
f32e
0aff
ef4e
0651
0372
fa53
faee
feed
03a0
fcdc
018b
f943
fe52
f56e
176c
fc9c
f4e6
fce2
efa3
0117
0b99
1989
efd4
0394
fa2d
045c
07b3
0350
fe26
f29f
f6ad
fe57
05d4
0828
f70f
ff2e
0010
fab1
ff91
fe82
01b6
0508
0447
fec3
fa0e
e759
1eb8
00db
f928
fa13
0a36
fbbd
00e7
069a
db49
f6d4
fa8e
01a4
ff38
ff80
f8a9
edb7
f688
ff9c
0702
0d61
ec3d
fa7f
0086
f7df
f80d
f41c
f4f3
04e5
f633
03b7
faa2
ec48
1700
fd88
fbee
fc2f
022b
fc7f
ffac
fcee
e5d2
fb86
fc0c
075e
f6a7
fd6b
f84b
f87f
fd12
fa58
f870
15da
ff7f
062c
066a
fcb9
fc54
fa7d
f311
fc81
0094
fd48
fc02
f804
fd06
0ff7
fdbd
fb5e
f67a
03c0
f867
0802
f370
fe8d
0749
0140
f211
0499
f67b
e872
fee5
f850
fbd0
1626
019b
f8f1
0a76
fef6
f0b0
f8ff
f6b8
0322
0213
0349
04ab
0819
05d3
0972
fe63
021f
f7ab
f761
f7b3
0a2b
f293
0317
0cce
f52a
0133
fde5
ffa4
f1c5
0162
fa49
fb0d
086f
f2b3
f9d6
08bf
fb28
fb8a
f7ac
f505
0137
0c48
0240
fdc4
fc55
0aca
0757
031c
fedd
f62e
f39e
ffc2
0ca3
dcb4
feb4
0b14
0b8d
fe65
fbea
f76a
ee10
f8ba
fa6a
fa03
0ded
ff32
0163
fa04
f629
f683
f685
f679
f551
fbdc
016b
f8ff
f903
1c3c
f9f1
fd99
0450
0c63
f4bc
fc90
08be
da0d
fb75
fc0d
f8ad
06d2
fefa
f6bc
e86e
0396
ff58
0a9b
07b4
02a3
03d8
05e8
fc84
f889
fd51
fb3f
01db
0414
fc18
02d0
f4f8
fdea
fd9f
fd48
fa4f
f281
fbdc
fdfc
0a26
d208
f8a3
f871
07de
f526
029a
f36a
de83
fec7
f9e9
f250
0e81
0846
f9ec
143f
fd56
f3af
f710
f54b
0360
f8e5
01ce
011d
fd93
1a75
e4fd
05ab
0802
050d
fbd4
06ab
085e
e9e4
ff90
0d28
f8ec
03fc
fccd
016a
f6d5
fe22
ffe0
09eb
f505
09b9
febc
09b4
04c2
06a0
0168
ffcf
04c0
02a3
0862
0b40
00aa
1828
f907
02c7
0798
08d7
f5e9
0321
fe61
ea1b
0658
10f1
e846
f890
fbcb
046b
fa82
fc5b
01f6
ff43
f440
0a39
07eb
03a9
0283
fb18
0279
ffa5
08a8
039e
016a
f886
e626
facb
fa29
0238
f230
ee4f
f336
ea48
fb8f
dd60
f687
f4ef
0723
e768
fc4a
ee24
f4e6
fc48
f3f7
fb23
fe35
16e3
eef8
fc4f
f619
f6cd
f1c2
f345
fd65
f4f9
f94e
0236
e7fd
03c3
fe24
fc9e
f73c
f068
f63c
e91c
f928
ecd9
fe48
f9b6
f8d3
02ee
f890
f593
fb9f
fcdb
f31c
ef03
055a
fd7d
f7b2
f6f5
f925
f4a4
f57b
001b
09e3
fb38
fa59
f931
ea0d
0559
e827
fc58
f593
f53d
ffc9
f4c3
ec02
d2f4
ff50
00da
0961
f0fa
fe35
f4e5
f170
00fe
f938
efc1
07aa
3509
f296
00f1
fa29
f1d7
f51b
f840
024c
fe58
0160
0531
00f6
156b
ebd2
0fc1
ffd5
0222
02f0
04c1
06c7
ecb9
04cf
17cb
01a3
178e
f853
0482
fbb2
fd98
f693
186d
f4ab
0ce8
0163
fa93
ff3c
014b
ff33
0870
0ae7
0b9c
ff18
fe12
f52d
1505
fa61
0227
f307
0424
ffa9
f9dd
fa00
eb99
0000
04f4
0199
028d
0040
f78a
e5c7
fe79
f633
0084
1021
1555
fdef
ffd2
fd88
f5da
fe34
f7f0
0781
fdd9
fda3
09c9
0b30
2151
ed3b
0611
fab7
0dc0
09ba
07f4
fa1c
f9d7
031e
13f0
f0e4
0e30
04fc
029e
ea28
fd91
fbd3
19c2
eb0e
0eba
00e8
03bf
0409
fdb8
0991
0284
1008
03f5
098f
fd4c
012c
08fd
ff0d
fc3d
fa3e
f2a5
0195
03a5
fbaf
f907
01df
0eb2
fe4c
ed46
fb42
068c
f26c
ff4b
faa2
06aa
fdf1
1d29
00a9
05c4
00c5
fbd7
ff9e
f312
01cd
03f0
ff9b
f085
0b19
0d4d
f81d
024d
f326
ec96
f898
fc8b
2cfa
fea8
050d
e933
18c0
09bf
01ff
f9ff
fa97
f887
003f
02ff
0355
00c8
0222
fb3c
016e
0770
10ba
070f
05a8
0877
fdbd
fb7d
0523
2c21
fd36
f9e1
05d9
fea3
0084
0f36
2126
f731
fdfa
f03c
fd11
17ea
fd52
047e
0705
fea9
0c85
1038
fc1b
f01c
0102
f736
fa5e
fe4f
0cd6
12bb
01f0
ff6f
fd5f
fed7
f275
169e
019f
fcec
025a
0261
f819
0401
16cf
ed3e
00da
e458
1a20
fd97
001f
0125
fcdc
f453
ff6a
01ce
0ce3
1708
f7c5
fac4
f060
f762
f41f
0830
f517
f74f
fdb1
face
006a
21ef
036c
f5ed
ff8a
fd8d
0d53
11d6
2198
037a
0395
f6ca
04da
1f37
0065
1275
0d68
fd04
0951
0801
09b6
dbf9
fc9b
fa47
fc02
fca7
069d
1a3e
fcd7
fefb
016c
f801
eb4d
fa09
0879
fa33
f7d0
0523
ff7f
eeec
04f5
ed27
fec9
eb45
283a
fe71
fe34
f2f4
f70b
ffaa
fa2a
064c
10fe
026a
ed72
fba5
f5b0
fcef
f075
f6e1
f26c
f823
fb4c
f7c8
0418
0811
0a77
02b0
0218
035c
0914
f7ea
112f
0f6b
0470
ff6c
190c
01ac
f5bd
002a
fe32
fd2b
f74b
faf8
011a
e7c8
0029
f357
0657
0329
04a5
febf
fe01
06dc
032c
f7b8
f661
e99f
0faf
ff26
fa17
110e
fcfa
f09c
1291
07ca
0745
fb30
1747
f5c8
f48a
f235
fb3b
fcb8
f2fa
fd9c
042e
fb2e
ee99
f8bb
facf
f45f
fb99
f11a
fb52
0022
03d5
f998
05f2
f76b
0ac6
098d
ffca
050c
fbd4
f76c
12d0
04fe
0045
0be7
1b0f
0899
ff83
012b
01f9
feb7
015c
03ef
031b
f75c
f7d9
02bf
fdf2
fce4
fa68
f777
001f
0578
025d
003c
1591
0ef3
fd33
17ca
1299
0ad4
01bc
0d4c
22d9
0fd5
0ac5
2123
f214
0657
f2ce
0ca3
0e98
fd93
033a
00a7
ef8b
edea
068f
f236
02d8
fb52
0acd
069d
fa2e
0079
0c43
01b7
fadf
072d
0587
06c8
fdd4
0782
f418
fbc5
15c7
f2cc
fce4
00c5
010e
01f6
fc58
fe5e
ff20
0463
03fa
ffa7
013f
f2ed
0078
fd20
fdce
fe38
038f
f641
002d
0536
0558
fb7e
efad
037b
02bf
0122
fd0b
fc0c
01ca
fe76
1412
f350
fd63
fc1e
16e4
f625
fcfc
fd94
039d
fe60
fb5c
fcca
0567
f4b8
f8a2
0444
fee0
fee3
f8a4
f1c8
fd28
fe00
07c3
0165
f486
1439
02e1
0094
fa5e
fd6d
fc21
fda4
10c8
f042
0324
02a2
033b
f26f
fd2b
fda0
f840
01dd
fd4d
07cb
f677
0cc4
f7de
07eb
014e
f70c
fb0a
f542
fc49
0160
04c8
fbbe
f568
0e0f
fed4
0306
0217
fa1c
fce9
fd50
02b5
fbd6
fd01
ffe6
0ccc
f6ed
ffc9
f98d
0671
03e3
ffaa
fa09
fed2
093f
fe1c
fd48
ff5e
f919
ffc3
f8df
02d2
fa74
077e
fc21
ec3f
0aed
f414
03f8
f8ae
fd67
fd13
f246
0f76
03c8
f94a
f58d
03e7
fc4b
fe73
f7be
0a61
001d
f4b3
099a
f58d
ff46
ec66
edac
f770
01e8
f628
f0fc
fd84
f694
ff77
fe90
f700
f7fe
f77d
03cf
fcd4
fcb7
04e7
f63b
15bc
082f
fe63
f187
00c4
0962
f438
0599
086b
f728
f677
f907
f981
f5e8
f2cc
efb4
f925
f4d1
f90f
fda5
0409
fc23
fad5
fbc3
06b4
1d0f
f4af
0a11
135f
17ea
0eba
13ee
1ef0
1317
09e5
16b0
f35f
1041
f3cb
1cfe
2035
00d4
0577
03e9
e9ac
e2e9
0689
ef3e
0797
fc60
0a25
0713
ffe7
0a89
fa71
fca1
f9a5
fef1
fae3
0429
faee
0d56
fed4
eb01
0809
fca3
fdd4
ff35
14c0
ffff
fed0
02b0
fc7e
0135
f9ae
1788
0971
0744
f24c
fe44
0224
fb82
fcd1
f6af
fe73
fe94
fc74
0e04
f978
22da
f1da
04db
038f
18a5
f6e4
e3a9
069f
f312
0461
fe19
066d
0b2f
0957
fe5e
ff98
0375
03dd
17a9
0a00
156d
f941
06f4
0535
fbf2
02b0
010b
0a23
003d
0a03
fd8c
021f
f83a
014e
0031
fcff
0a0d
f5b8
e462
fd20
0679
fbf7
ed18
18de
0600
fc59
f9c8
f758
04e4
f4c8
06ed
fc94
0c83
f0c9
04e2
f76b
fc0c
feb9
f92b
0411
f976
0191
0213
044f
0cc9
f1e9
0802
0947
0359
0373
0066
0923
1672
07e5
00cb
fc5d
f488
f4e8
09fb
0cc5
0126
f629
0b58
ed6a
0dbd
fce5
0180
043c
0523
0902
f78b
034d
04d7
fc00
01f2
2a78
18f5
e45e
1510
0fd7
e22d
1792
1102
2860
1b66
0edb
fdaa
013b
2b1a
1240
0b6c
1306
0685
10b6
31c3
fb2a
edbf
0ec9
0dc6
1793
1c63
2660
29eb
12f0
174b
13b6
09bb
1c19
2915
f2f6
13e0
1288
e9db
15a1
10be
0db0
0b14
14f5
f1fb
ef21
2ea2
16fa
0ebe
198a
116c
16d1
32d2
0475
eea3
03d7
14d3
171f
1091
2495
27c4
146b
1c3e
1755
14bf
2cf1
1b0e
06c1
1641
14e3
f42c
1f2a
1edd
17f3
2c92
12b7
0775
fbb6
25b7
14c5
1ffe
1ad9
0e25
1798
1e5a
09a1
d28f
0787
0e11
1280
0fbb
1aeb
30ba
112d
164c
0fa5
10b6
2ae8
276a
e6b3
057f
10b5
006a
1ce5
1e34
12b9
184c
1278
0ceb
dfef
2da0
0dd5
17fd
124a
0a20
1bfc
3542
fb33
f2ae
0c9c
0841
1380
1735
20db
2f92
1087
19d7
10dc
099f
0e2e
035e
04bd
0212
07d1
f94c
0f26
032c
0346
11aa
069a
0550
01f7
0a4b
06b9
08c0
0a54
0d24
06f0
283f
052f
f16f
fcbf
069c
0444
0a39
0688
1667
0b14
0dfe
0cca
0672
1658
08ce
f915
0cdb
1234
f88f
16ca
0f11
0b4a
18f8
156d
f958
ff45
1435
081d
00f4
10cf
0811
0fcb
16b5
093c
f0ee
0bb5
01e9
1103
17b1
1530
18a4
0995
1d72
11d1
0521
0e8b
e746
ff48
102d
0716
fd53
0a35
f93f
f9e2
0478
088e
f9e2
1b9f
f63c
0776
f624
f7f5
0a91
0020
2b2b
0aa6
1074
f4ba
13f5
06a8
fc35
02c3
0455
0821
10e3
117d
0964
1dc6
f745
018f
0917
0a63
fa6f
0dfc
fd44
ed69
054b
00fb
0663
1349
138c
0cc1
058b
fe49
0d90
015c
1f6e
037c
09c6
f8da
1854
0435
02c0
ffa5
01dd
035a
0cd2
08d7
0bf7
26fb
fcf7
fe46
19ad
113d
f92c
0ae5
0dbd
031b
14f0
176e
26be
1093
02ae
005d
0970
0748
1a71
1415
1d94
ecf5
ff29
047f
fe26
1115
0da4
1567
0ccd
0def
23b8
0aef
1140
2395
04d8
0c29
1150
0e99
0a89
0bd5
1811
1502
236d
0d0d
1ad0
f004
13a0
ff94
10d6
147c
14c1
1a0d
172e
f324
cf9c
09a9
0342
0d26
1c11
1e8e
155f
07f9
16ac
0d7f
1609
1b3a
05d4
f93f
0e48
0ecc
f861
1013
1989
0ff9
104d
0f88
188c
ffea
08ea
09e2
0f22
1414
0ffb
1934
1638
fb83
0b0e
09c8
0b8e
125f
0d14
13f2
11dc
154d
18af
0aba
0729
1874
084e
0b7a
0d89
0ee8
e558
119f
10eb
fd99
1c78
0ed9
1b5d
fdb6
11f2
fb4f
1126
140b
10fb
12c4
08e7
f618
f277
05f4
ff0e
10cb
121c
09d2
18b4
02fb
13ce
09cf
0aaa
0bf0
1167
f742
1349
0be4
ee10
0d56
01eb
f89c
0f1c
036d
08db
14b0
0d6c
015e
0439
1547
086a
0c1e
110b
fd2e
f8a5
ff13
0771
0b37
1015
0ba8
0e04
04d5
061b
0af2
048b
0d48
07c6
e36f
0f23
0f9b
f5ff
0ad1
0289
f4fa
1056
0071
fb1f
122d
145f
033f
066c
168a
03ae
0464
199e
f1d2
fffe
07ae
ff68
058a
1266
1116
095c
03e6
04d7
ffb7
fc31
046f
f208
ed1c
01ac
06da
f853
1629
ffb4
06cb
04cd
fd9c
f0b2
09b9
10ef
0378
0aed
1712
05be
fda1
fb87
035a
f9a9
0341
03d5
0d18
064d
0474
04fe
fb5e
f852
fceb
083a
2440
0b3a
f039
12a5
1fc2
0281
16f2
1aa3
0ca6
1fe2
07a6
0c8f
0274
2464
0657
1abe
1b9e
1081
0dd4
079b
f5ca
e972
0b5b
0796
0f32
11a3
0b61
1982
0913
079c
ff28
0fbc
16a1
f733
edf0
138b
0a95
fc99
0e7c
f7f8
0e23
1320
09bf
fceb
068c
14b5
0ba6
0cc8
10a3
0ed2
0639
1d90
0331
0172
f63a
15f6
147e
11ba
0b33
0ead
0acf
0597
0885
07f4
1366
1f32
0704
1066
1121
0538
0af7
0585
13f7
0fac
0baf
1a9b
0062
1547
0415
fd44
0609
1473
0b80
13ae
fcb5
f3b1
117b
0610
1743
0d1c
124d
0438
15ef
0c95
0245
05a5
136d
1583
0168
0e18
03bb
015b
049c
f237
fb2d
1040
0bc6
f8ba
f8ca
19cf
0d4a
fc05
0411
0a4b
0c86
2402
06db
e99b
0110
0e2a
0b79
0b1a
1559
0d14
11d5
0c7d
120c
0689
1f1d
1d78
fafc
1088
13d2
fc43
1752
0e0a
0a05
33a4
11bd
0c94
e4bc
1f1a
0494
11a1
1dfb
0c36
0f53
2a23
f430
deed
0a50
0833
18bd
16ce
16ad
1380
1185
1693
0c50
06b7
1716
f21c
1063
0f16
ff14
cf04
0310
fcad
114b
fa6a
0fc7
e2ff
2967
058d
13a4
f3f7
0196
12be
0604
2060
1a4a
28a1
f97f
1e5c
0e66
1225
04ad
1b14
0b2c
0352
10e9
02eb
3161
028e
181d
1217
176d
dd1a
156b
0f5d
0147
17f5
1a50
024a
0cda
162d
0a8a
0f59
1a76
1a26
139d
178a
02fa
1382
0238
0d9f
197e
0543
1586
2422
0b9a
1982
0027
0b15
1697
f2d1
1427
000d
0dc4
f314
fcde
0dd7
0577
0712
13ef
eb79
1199
0fd1
147e
067f
06cc
0fa4
1232
1343
19a1
2007
131f
176f
047e
0561
0062
22eb
015f
0809
027b
05ba
2860
f9bd
1056
0088
0c26
ebfb
0b34
1150
0406
12ad
0937
f2a8
154e
1473
05a3
05a9
0815
129f
1211
0bf6
0902
1daa
08db
020a
1074
0e4c
0bf9
24df
02a5
086e
0506
094f
2b63
f734
14c9
0561
1134
04e8
124a
158c
06c7
1c5c
0a17
1288
0bde
1659
fffd
12c0
1328
0a98
1557
fefa
0866
148f
13e0
0ee3
150f
10ad
09b0
1ac2
0939
0bf2
064e
0737
2939
0692
1a18
0d21
1740
ebb4
1817
0e55
026f
20d6
1c53
f27a
0df1
1357
11c8
04d6
1929
0d86
1c01
171f
1ad4
0ba9
042a
1264
1328
1e95
17e5
2ee3
17a7
23d9
11ec
168a
19b4
eef1
1e07
1275
0be5
f56d
1043
ef95
f667
07b4
168b
fac5
115c
0ddc
1687
f935
0e00
0ae9
0bb9
28bc
1c80
2047
ef78
25bc
1194
052d
060b
1cf9
121f
1efb
1771
0208
2150
eda0
3a19
09f4
0213
dcc9
0a89
ff68
fcfa
0c82
0cc8
09bb
2e61
040d
12d3
0371
088b
1457
1578
0283
1f34
10a0
f64a
0d44
0fd4
0052
fa7a
0240
0398
0b99
0a54
0dfc
4a43
0630
178b
1f51
1525
eae6
14f9
131e
0ba0
2194
256e
1f5f
0498
1cf1
082c
147d
130b
194e
25ae
1ba6
0596
f8d1
0de0
0542
237d
127b
16c4
265c
1586
1de2
17e2
014a
29d4
ea52
2754
11a7
107f
e10c
0f57
0403
0933
1281
17aa
0090
24a1
1af0
ff70
f97e
fb9d
126d
13ee
0733
10de
f691
00bc
0597
0e0a
0ce3
0b64
15ab
0a43
0f49
127f
0be5
3574
f9d5
19d0
1481
06f4
e4a1
18b4
18c7
1cc5
3392
1b83
17e3
0a32
175d
06e7
063c
1f12
08a6
1ffb
1d3b
0864
e335
0675
0c88
1a55
149b
1070
2375
1141
1dd5
1211
06a1
3212
0122
2fd9
126f
094d
d665
14cb
106d
0d9b
1c2d
1e3c
1d9f
0657
137c
fe2c
0cbc
10e9
0bca
18b7
0593
0923
f85a
0c74
06be
1a0c
0d15
131b
240d
0b2f
1cf1
112c
13ec
3154
0c69
1377
1513
16b7
fd38
27d6
2452
11ca
271d
1c42
29a3
e58b
1b76
0daf
1466
129b
101b
2016
1aeb
00c3
f77b
1153
16aa
2457
0655
1379
224a
1d0b
1af6
1342
01ea
343a
114d
088f
1856
154f
0c68
2469
1256
09a1
46e4
1153
1116
f352
2357
0824
107c
1b6d
121c
185d
169a
fafc
ce63
17df
0294
18f3
1389
1be4
25a6
0cb7
167b
0f3c
fe5d
12a9
e3cd
313d
0a3f
fac2
da31
0f3a
f93a
036f
14ea
0d1e
f9f1
1a8c
1248
ffc4
0795
0776
0d58
0a32
f309
12df
fdd4
0254
fc14
0ee5
001d
fe50
19b0
03d8
0729
0403
ff02
15a3
fc3b
247f
0e69
10dd
ea9a
1bb2
094d
edb5
1df9
1232
0ad7
22b4
1555
0c91
0e88
0ea0
14e4
1017
fefc
1616
fefb
0130
0498
18a2
fdf0
0264
1537
0d29
12ee
04fe
029c
1736
e648
3746
0f68
fec0
dc8a
0a99
0218
f80a
1b01
1435
0371
1ee2
0ee1
09b4
0735
fe85
097a
1a87
ffe6
23e1
f8fa
0aac
0440
11d7
0af3
08b5
10fc
1170
0d98
0756
0f15
31e6
10c5
0af7
1c55
1acd
069b
1b4d
1830
ff88
19a8
186a
2899
04d8
1125
1036
12a5
1743
0f7e
19fc
101f
1368
09ff
167d
1154
31a2
0eb6
1b2d
1b65
1b86
1a83
19e6
04be
2af0
fe7f
2c07
0b36
0638
f165
1412
0656
fd1b
3156
1057
12b3
04cf
13be
0c44
09d5
0992
10b6
1d20
1407
1a4f
e5a8
0ca1
0804
184e
14d0
1061
1409
149e
0ed4
0e60
06a8
2c6c
01ba
19b1
13fc
0745
ddf7
1839
0eed
f8d5
28d3
181f
0c4b
0f69
0797
0e34
0b4e
1576
0e70
192c
10d1
19ff
0825
0212
0e81
1dca
1891
191f
165a
138f
174c
19dc
