// 640x32 weights, scale=2405.4327, width=16
f0fd
16d5
f733
0e90
0991
f8b1
1c24
fc82
0c42
d80d
e221
0477
e62f
097e
fd09
feb2
e3fa
f579
22a0
11ef
0f82
1e93
0f27
1e42
12d9
ee92
dc86
dde3
f93f
e830
c2f0
ea00
ed20
241a
efc4
11aa
0082
ecfd
0ed2
04e1
036f
06f3
0326
09a6
10d3
fce4
2a45
2aee
0bcf
2505
2165
d4cd
0dcf
0da0
06d0
20bd
0346
f8fe
dfcc
e2dd
ffb5
d359
e81c
e51d
f52c
17c7
06d6
2ac9
1d49
d628
f8d1
f732
2981
e326
0b28
f044
f2d5
250d
12e8
2d14
f03a
e829
1cde
c675
e03f
1451
192a
3081
009d
09a6
e813
0855
f04f
cead
ccf3
feff
f0e2
0d33
d66c
f64f
1640
fd31
d2f1
db37
2606
d7ca
e143
1c58
e043
1181
0825
20dd
ec70
e95f
25f7
cd8a
2551
222a
254b
2a22
15a8
fbfc
f229
d57c
ee9b
cc57
bf9a
f1f9
e643
095d
db41
11b6
0d48
0154
0608
fd59
2f93
0110
c608
1032
1221
0bf5
17bc
0ef3
f306
079e
fa9b
e8a2
0246
1466
17a5
1b3a
f142
e4e5
eeef
d58c
0b33
dfd0
c016
c686
f7f6
1565
e2fe
0909
1ec9
eb53
0915
d24b
3688
fcf2
fee6
00fb
1da2
1017
1ce2
0c1e
d3d7
232b
f3d8
efa0
0e09
efc7
29f1
1620
fa21
f5a1
e8c4
0551
f766
de03
ad21
d6a8
01d5
1bd1
e6d0
2ec8
f832
ebee
d693
f571
0d94
e359
d0e1
132a
12dc
0937
149a
0a35
e526
f9e1
1975
f779
003b
15d4
1bf1
24d5
0910
e3c4
d239
2152
03f6
c0b7
c212
f8dc
e7b4
33b7
fd72
05ff
0406
df3d
f799
d380
2dda
0887
d800
f156
f1b5
f8a4
ddbf
fa5a
0321
0790
25c8
e51e
2ecf
09fe
0f88
4584
001f
d8b8
edc3
ed40
132f
d0d9
dc54
fc20
e39f
1c47
df2b
3559
fd81
dfef
f6e8
e6f8
18fd
faa2
e2e9
fbc5
f631
f69e
408a
261d
e05b
f744
11b1
e59a
0fa9
fa70
0c6b
306b
075a
e6d2
e51d
e4da
d68d
ebec
bc58
dcbe
e51a
2a00
d8ea
e7fe
050b
f47c
f533
f575
12ed
f322
d860
033d
2397
06e5
1b17
c31c
f1f0
0f6a
0e0c
fa49
112d
020f
067a
1513
0d68
db19
1267
f0ac
fb9b
ef7a
c97e
f939
f48d
0ea0
d972
0936
1143
e95f
0538
e5d1
1968
e834
f1cc
e494
18d3
0048
188e
1209
f2a0
fab0
2b79
ca2e
fec0
049c
3b56
1c22
f660
d42f
e7a7
ed12
2389
f14d
b473
1031
e9ae
0bbf
0524
05dd
002f
ed92
0c43
fd08
0050
0f21
fcae
f55c
ff0e
f6d2
13b8
0d68
e10d
1d90
2be9
d268
1c2c
1816
0dbe
0efb
1033
f979
e8ce
0163
f647
c27a
b9ef
f00e
e27b
11e4
dcfd
fa40
eb02
ee73
1f32
e4f5
1318
e3fa
f676
fef9
2c33
ed51
182e
0968
e789
18d6
0db6
11f5
fa68
0a43
053f
2b74
f24b
f041
f5ed
0093
0886
bb6e
c67b
f0d3
e725
249d
fe3c
09a4
ec0c
0104
04ff
e775
3b03
e753
d961
08c6
1eb6
fb48
33f3
15f1
fdb0
0f0a
0f5b
0825
f449
1c3e
2238
0d1e
112b
ff47
ef9a
0fe6
1bf9
f73e
bd8e
ef2c
f8e1
190c
f1cc
0ee3
1b55
ec33
eccf
dec5
099c
0160
ebc1
0de5
f7b3
e571
0051
216b
ff8e
1378
0257
d033
0a85
ffb9
f78f
0a1b
fd61
06a3
e7c5
0558
021b
d058
8cce
f58b
f8da
3a12
e406
07fc
f852
d806
f721
e630
3182
ed6c
df3c
01b0
12b7
fb96
2577
ecc6
e9d1
1b6c
fe4e
eb9f
2661
0c3f
038e
0eac
15a6
f207
ed18
f523
1096
dba8
cd03
efb0
e724
172f
0265
f05a
19ef
0ea9
ed25
ea68
1d59
e210
e17e
f4ca
1a4b
f352
2f43
06b5
ec48
26fa
113a
0bc8
0a79
15ad
1fa2
14c1
e0a3
f3e0
e93f
d255
0577
fd19
e769
f315
fd8a
05f4
eb9e
0df2
0cd8
e938
0f0e
e34e
1f9a
f466
d6f9
03e4
0887
e821
22f2
04b4
de9c
0d10
2736
02b0
0fb6
0cf3
2c98
2331
0f8b
e49c
f15e
ec71
1a2f
d00b
c382
0300
ec94
1692
ee80
f649
118c
d14b
05b9
f2b2
1844
e0a6
df3e
04d8
ff14
07fe
f86d
fe13
eeb1
fc05
1677
ff07
ff8c
e669
026c
1b8f
e867
d6e5
f827
13f4
0c36
fc73
da26
fafc
d884
1406
f184
1a5c
0cd6
dc5a
081c
dfe7
ede2
d997
f569
1c37
2f8d
130c
2123
27b5
e1fc
f2b3
29eb
b776
0a76
13a8
072c
1acb
1339
f3b5
fd66
fd18
0fed
e21d
df09
ec7e
f3a4
0b9d
f2de
0df1
0936
f3e2
f346
edc4
09b1
02d1
f396
0b8d
00a7
14f8
ff3b
0cd3
fd70
f0b5
0a18
f5e6
f110
1504
2148
fc12
0c1d
0010
ea2c
00a6
ed34
ef16
e4f6
f8c2
fa24
ffbc
ee88
1deb
110a
07bd
f281
fa0b
01be
ef39
01b9
111d
fbe3
0ba5
026c
12d2
fb2f
faad
08f7
e187
ec7f
1c2f
1964
06a3
0e8f
ff75
e76e
ece2
fb81
ef2e
d08d
f4cc
f8c0
0d59
f870
0d4c
0e40
0a7e
efab
f42d
1574
efb1
f476
013a
f94f
180a
fbc7
186c
fadd
f85b
1316
ef1b
feab
0be2
0499
1034
2086
ef58
e93a
f1e3
f07a
edf8
dc99
f51e
ec83
04dd
ee4e
0ad1
0109
0fd5
f6dd
e89f
05bd
f270
f233
04d9
fb08
0da2
fb4d
12b5
0248
e8ae
1d11
fa56
f996
208b
1003
0f77
0b24
003a
ee4d
f42d
0180
e9eb
e550
f621
f108
0df7
fd1a
1642
fc1a
0eb5
ee30
ecf9
0f9b
fbc4
ee78
272e
ea12
03c2
eda0
1c32
f5a5
f09e
0fb8
eb0b
edfc
0b3c
1550
11dd
0a20
f8e2
f0a5
ee39
ed44
e20b
dab7
f7fb
f22c
0ddf
f74f
1532
0b70
02e6
f37c
f77b
0440
faf7
fd53
10a7
0257
0a53
fbb8
0a74
f973
f062
1645
f3ff
fdfc
02e6
0af9
01f9
0bf1
f21f
ebf0
f791
f359
e949
e5ab
fe73
f031
09b5
f687
1928
0ef7
0628
ea5f
f740
0395
fb67
f65a
1153
ee39
17f0
fce6
18cf
0945
f50b
19b6
ee38
f748
127b
12b2
0edc
1062
f74b
ee2d
0570
ecff
db71
e0c3
f800
f906
0a0a
00bc
1da6
10f0
ff8e
ebdc
f474
0865
eae0
f3af
1264
f163
1386
fcc9
0d09
f3ed
f74a
0f5d
ed22
fb09
1559
125b
079a
18fb
f8a2
e35f
f640
e895
de86
d53f
f205
023c
04e1
fd9c
1146
089a
1091
f7e5
e98e
129d
eefd
f608
1652
f2f7
18e4
fd88
0275
f3c2
f868
0a83
edce
fb20
1105
0691
0a81
0cc0
edb6
e0dc
f9c9
f187
e9e6
dae0
f60c
eed7
021c
f5b5
09ef
186b
17da
f1f1
ee7a
094b
ea67
f403
1693
f772
0c19
f9a5
1ba4
0588
ee0b
0a17
edc2
db5a
0d4d
0dea
05c8
07d3
f4e2
df94
fd65
ea48
e692
e416
fbd3
e493
064e
fd71
0e47
0235
0837
f367
f594
0154
f21a
f552
0a08
e5e9
0aad
f757
0b17
f732
f716
172c
fd94
fb40
04bc
fa07
0818
1130
eeb4
ea54
f1f4
f3b0
e7d2
e98a
ea7f
f3e6
087b
eb75
2767
0d6d
0f5a
ec0f
f52f
1479
f9a8
f8b6
16fd
e907
1337
ef6a
1465
f2c2
f57e
1009
ee61
f3fe
0b80
07ca
041b
1ea0
fa13
ea9f
027d
e737
ed9c
d98b
f47a
fb8a
15d1
f14a
0ec1
14b4
faaa
f72b
f503
0337
f8a9
fc26
05e8
f92f
0eec
edd0
1991
001c
f07f
07cb
f85d
f260
fdd5
154d
091d
1ca8
fa36
f00e
0e1f
f3d5
e71d
e5fb
0075
ee77
0238
fafd
f766
0441
0b8d
f052
ea9b
19a1
ec5e
f355
0d27
f6c7
0bfb
f6e5
0e90
f6d3
f78a
fa95
f5e7
eaf0
fd2a
1853
ff08
1197
f153
e68b
fb58
ec46
f05a
e831
00b1
f4a0
1273
052c
2274
1687
0819
08e7
095a
04d7
feb6
fc0b
1443
f5c4
16ca
fedd
12f6
f9f5
01a8
13c4
f43d
fd4b
1f0f
195d
0cbe
1504
ed05
e924
eeae
ea73
ef6c
e321
fb0b
f325
1249
f8c1
1a61
1415
076d
eed4
f7e0
10ef
fd0c
ee8e
16be
f434
14ea
f270
140f
f1ab
f7ab
0c53
ef19
f216
0d6e
0068
0fa9
15ff
f433
df1e
f2d4
fbbb
f1cd
e2ef
fe9e
eece
04e2
fadf
15ab
0c41
ef76
f4fa
f99a
fcea
fc06
f6e9
1771
fb15
0ea4
fd04
1772
fd67
020c
166d
e84e
0235
0891
0c14
01ce
149e
ffd7
f06a
faf5
e9e2
e27b
de66
fef8
f0d6
0fed
f73d
121b
18db
0319
ffdb
ec7e
03d2
eb48
f1b4
144f
fc06
1183
f9b7
05e0
ed47
f8af
18c3
ed73
ec36
0106
098d
1556
0e04
ef4c
e457
f3e2
f778
e4b4
dc0f
f624
fb5d
0f02
fbab
0ff1
0158
ff8c
f32a
ecd0
0c40
f2da
f2d1
1a4e
f663
1c5d
f01e
18e3
fea2
de6b
0fcd
fe18
faf5
0b82
0cf4
fef2
1377
e922
e5ba
0055
f007
e98f
e4d9
0d22
ffd1
036d
04b3
1134
14ad
01b6
ec8e
fd9a
04ea
f0c4
fe74
058d
e9ee
14d1
e729
091e
f42f
eb6d
08c0
f6d5
f8b3
069a
13f1
160c
05b2
f774
fbda
fc33
f886
ea40
de79
008c
fbed
0c40
efa8
057c
17a1
00e5
e534
fb78
1842
fc4a
0c45
184c
e66a
1072
0d23
0f90
f431
0261
2638
e840
f1fe
053d
09ec
08a5
0f15
f0de
e22d
0bb3
edf9
e5fe
de9e
f2f0
020d
0285
f285
1141
1970
09ab
f7fa
010c
171b
0611
0590
1fc4
f44c
04d9
f7a3
19e3
e160
ed5f
2034
e208
fd5d
188b
1220
0b90
26f8
e3dd
f943
eb1b
e43e
f1cf
e30f
02c8
ffea
113a
e5d0
11c1
1980
09b4
d593
ff74
2210
044c
e8b9
1d86
d956
298d
de95
1efc
00ef
0002
17c3
d997
effe
1164
1231
17b6
2168
0b4a
e5aa
efcb
01b5
e099
e1ff
f61a
dcbe
0f6e
f777
1445
14b2
f836
e90b
0433
0ced
ef16
ee20
2e35
de01
2047
f5d6
26d5
026c
f52a
05ae
f33e
0a58
0a54
1c2b
03f4
0545
e33c
ea3e
f780
f0b9
ee9e
e6b7
facd
fc80
0246
f301
10a2
0c35
0276
f5ef
0b08
0453
f58f
f2a2
234c
f5c2
2075
e872
1f4c
fdcd
ea96
30b2
e156
e790
1e6a
13c5
fe4c
1f61
0584
f3cc
ed14
f480
de15
db3d
0235
fdf6
0e8e
ea54
0ebc
13a9
0d21
f3a7
fc89
1a0d
daaf
fe02
097a
fe58
1a2c
fb3a
0f91
f777
deb0
208d
e7d2
d6aa
1ee0
277e
0357
254c
ebef
c9ae
f0a9
f2d8
e5d1
da7c
f7a3
f6b4
0b5a
ecee
1aed
15d5
0447
e047
ed86
10cd
f745
f304
18a3
f42c
25e4
fb8c
02df
eebf
f8f9
1e08
ee92
f24a
0e44
23cb
fe30
26fc
f34f
ccc5
ef80
f43d
d738
c9f6
f0a5
ebc6
ffa6
f8cf
25d3
0f86
0ca6
e6af
f2db
1122
0484
f9b1
1317
f544
18ef
ef3f
0e64
f3f2
f0bd
114c
dd1c
ddf6
195b
11dd
24b9
1a1e
fed6
ee3d
f3a0
ed26
d9ac
ecd3
e3e7
f42a
1be7
f2f1
132c
14ef
0ccd
f2d8
f723
16e2
fe78
e83a
1491
fc05
1aba
f6dd
1e1b
fea4
e93c
0614
de2f
0709
0982
11c2
0ac0
22c2
e117
e0c7
017f
f930
e64d
d902
075c
e11e
18cb
f96d
24f2
1aa2
0659
f691
e691
01a7
f58f
f44a
1fa4
012c
1591
fc56
1d15
0e9e
e368
0fa7
e19a
0013
1175
28c7
1f7a
2882
f892
cd98
f5e4
dedb
da16
dd71
f049
fefc
0b96
e44a
1403
0b40
0007
f4a5
f9c1
11f0
e73a
0d61
1d4c
0a08
13f1
eecb
3446
e96e
f4fc
144b
dd82
0665
0e6f
1e83
182e
12c3
e081
cf21
ec60
f13c
e36a
d9f3
f3a0
ff11
1648
f7e4
16b1
20dc
082a
e505
ed0d
1d77
08a3
edaf
0289
f7c9
11f8
fc1b
12be
0d05
f351
2220
de7d
d2b1
19de
17e2
158d
1678
e4cc
c8c7
fa13
eb84
d5f9
d486
eb8f
e032
0f7b
fd4c
1577
039d
04ac
fcd8
0b28
1295
ebc5
dec2
05ea
f14a
1b08
f724
1284
e3a8
e26e
1797
e21c
00e8
0579
2704
05e4
1bc5
f66b
e1bb
de99
ebeb
f1e1
cf95
e072
f241
08dc
e64e
15c0
0fea
ffb7
ee1d
fbd1
132c
f812
0667
24bb
d144
17ec
e369
117f
fcab
f00e
163d
f6d0
e0e8
16e5
1bc0
0d34
0e7f
f3e0
eacf
f841
f336
e487
dd32
e706
f0b3
12eb
d03a
23bb
18a3
fd60
e2de
f12e
1518
ef83
00d2
1bd1
e75a
13ba
f663
1ddc
fb74
f187
17be
e894
f9de
0a40
1c6e
f8be
1e3d
f655
e1da
dbaa
002e
ee37
d7bd
f900
eb38
11ca
04d6
0cb3
3154
049e
f76a
ebe4
1223
e74d
edb1
16c0
e9ca
15ce
fef3
0501
e830
f2a4
0fca
d940
f208
0f0a
1636
0bc9
1514
f3b8
eb80
0281
e73b
d568
cb48
dd5e
e636
043d
f2b7
0772
29f7
152b
f83c
ed63
12c6
e895
0552
0e42
ea2e
2d2a
105d
176e
eeb1
caf6
2c3f
e35a
d8a3
2456
1cb9
09ac
1511
fbae
e285
f932
faac
eee2
e3ff
fa52
e6f5
00b5
fd0f
236d
19ac
0ecc
e52f
fa50
03fa
f4fd
fe48
120f
052b
241b
032b
1853
e57c
ea6b
1853
e630
f96e
17e3
0fb7
1689
2845
ec49
e001
f623
ec55
e31c
d166
038e
e8fd
03a1
fb16
1eb1
0ff6
01be
e44c
eefc
1696
e73b
f7f1
2a54
f272
10a2
ec27
184e
ed2a
fc4d
02e9
fccd
dc12
153b
0a4f
1614
12eb
e710
dc5d
ef9b
d81e
e5fd
c164
0119
f069
1886
ec8d
11f5
1dd5
03bd
d8ce
f260
00d7
f387
033a
29a8
efa4
1973
f030
0e34
f7bd
f146
12cc
e830
d753
2da5
1cb7
fdc9
1b22
e654
d587
e98e
f388
c92e
d4eb
e0fd
f19b
1146
db59
2336
20c2
ec3d
efbc
ed2b
0a52
236b
ebe3
1c83
02e2
0b14
0b8c
118f
d34d
0c1b
08d2
be84
fabc
0fae
077c
0104
00d8
0cee
ddc9
de05
ce1c
d5d1
e61f
feaf
fd6d
1460
f060
36ae
1287
12da
c7e6
f811
0679
fca6
fa8b
0fa2
dc2c
3999
e017
12fb
e51e
f57c
024d
eddf
e549
1889
10d2
13b8
36fc
073a
c883
ea80
e930
d48d
cc71
f8b3
f68f
0661
d209
21b7
41fa
ef42
e1f0
030e
23d6
11de
0243
2698
dcb0
0bf5
e1f4
2cee
f5b4
e2cb
0e0c
c914
e08d
2295
0719
147f
0547
036e
fb8c
f070
dbbf
d177
bb73
0407
ff1a
128d
f232
1793
1a6c
ea2b
f222
03dc
1546
058b
fd01
310a
f754
20ec
e532
1a3d
0b84
e99a
30d3
de70
1f07
1b95
fe8d
34f6
01d3
0f0c
dbfa
f005
e0a1
cb4f
d17f
f4ee
fd8c
1cc1
f34e
3d85
0f9c
fcf6
e4cf
fe39
0bc0
11ac
e969
3baa
df6d
34d3
edca
201f
dc22
e897
2439
c251
de89
2060
03f1
057c
29c8
fc7e
c734
d9d4
f380
df9a
d6b7
f09e
eae7
134a
e5d1
2e21
2a1c
15ed
00e7
f964
172f
17bc
d9c1
2192
d729
370c
e9b1
36b5
ff5a
e738
06aa
d143
fbe5
1ba2
05af
12a4
3ca4
1aa4
ce9c
f515
f1f2
c2bd
c82b
ea9b
f6b4
10f7
d879
2d0b
14a1
f917
d3ce
ea53
1c79
0c16
feee
fd51
dfb1
0ff2
eb62
27af
e6ea
db90
2ee6
d389
ee95
1484
21e0
11b8
2ffd
145f
fc92
ee33
dc90
c71b
c622
f50b
e657
2da4
f1ed
0987
1974
e81e
e592
dfd1
25e8
fcac
ec31
21f9
dadc
1a9b
0a9b
1030
f460
0642
0e10
f95b
0c78
30a9
fe5f
28a0
07d0
e8ac
f99b
f672
1372
b9eb
ce7f
0e5f
ee4d
1dd8
ec3f
1f7d
09d4
f8bd
f942
ed29
00df
f49d
fc0a
13fa
e18d
1720
dd4d
2d12
ed9e
e8dd
173e
e798
ef4b
2324
1eba
125d
1e37
e44a
cae2
1016
ccb9
d928
d0e8
0187
1b2c
10be
dfa5
3059
1cbc
2efb
eb3c
e2ad
062f
15a7
f619
120b
cd14
065c
f8cd
1bdc
d216
e258
fe83
d2da
de4c
12f2
1dff
19e4
1fac
2004
fb11
fc51
e755
debf
c4d7
e1e1
e654
18be
016a
308d
252d
044f
e27c
f096
17a3
0b39
0aa5
163f
ed94
19ec
0ce6
03d3
e4f5
15a6
14d2
f935
e1fc
2e5f
1bd7
1a51
079d
e171
f12b
e98b
d991
c8b2
c349
03c9
e22e
142d
0c67
258e
258a
0578
dc73
e220
177a
14d5
e383
1669
d1f8
1c20
ccaf
354c
f008
f1af
0b5c
d328
fb4b
2c47
1870
0691
2da3
198f
d590
ff56
f2c9
e67f
cd86
e9aa
e9d2
2440
e555
1886
24e8
0a37
f506
e313
0d7c
1c2b
e8ab
2091
e6fa
39b5
fd5c
0b31
d99e
f697
199e
f067
f18a
2f89
00f4
0daf
27b2
11f6
d1e3
e858
e22c
dd5e
da85
ebe9
eff6
fc33
dec1
3fa3
0719
1d7c
dd5d
d189
24b3
1dad
e766
2f13
e2f6
25b4
f2ca
18b4
f785
0d75
1713
df5f
e227
2170
1405
1ae7
3ab2
f65e
c290
0761
ec75
cc9f
ce77
e2b8
ff89
2770
f6a8
2774
020d
f42b
e2ea
c376
0633
ff81
f7a5
217f
f766
2c63
f0e2
0226
f89c
1943
0476
c307
1f27
2a4e
1426
27a9
1f89
0201
c701
fc3c
e775
e4cb
d996
e540
06f5
0738
e9fa
1874
0af0
1163
d32f
e6b7
2c02
fc8f
e7c5
0215
e6f6
0c94
e2fc
19e8
eea5
e1d6
1a0a
f788
0d8b
3294
27ae
1616
00b8
db53
d748
eb6c
d79e
de33
e47f
f022
f3b9
1422
e10d
3afa
1076
01a9
dfd4
e9c0
1cf7
1dcb
ea9a
2d4d
daa7
2e7a
0b10
176d
f169
0f53
13a4
dc32
fd7e
115b
264d
0eee
2dd4
0605
d157
ef85
ec94
cf43
cabb
e53b
e9fb
1d2a
cf7f
087c
1d95
02cd
e60f
f117
0407
f285
fd70
26d9
d92b
3044
fa26
1142
0064
161a
294c
cf7d
0253
1542
0e75
f301
24c2
f789
e0ff
dd11
0a13
cc02
d0c7
d883
e90b
2084
f252
26af
0ff5
e81f
d70b
e776
2297
1480
f42a
1cc0
e1d8
2c80
eaae
1ba2
0c21
de40
14b8
e249
e2e7
0908
2e44
00cf
1716
068c
c544
ede1
e672
da54
cf53
db4c
e851
2b9e
003e
133f
2f04
f05d
c935
ced5
ff29
0b69
e983
46ea
f1b3
1982
ebc9
219b
fe5e
fcd0
109f
c31d
177a
22e7
150c
fea9
26f0
d63e
d27e
e8f9
fa6f
acf7
c4ba
de57
25aa
047f
1138
21b2
13b7
dfce
d2a6
0f42
f43e
0ebd
02be
117b
0259
136d
0457
03a9
12ee
1d42
1e83
03f3
0d50
0139
22ca
fb62
0365
06d7
df45
0a59
1cc2
ef4c
cfb6
098d
0a32
ee96
1391
1ae8
1f58
0e58
f30b
f400
f707
04c8
189b
2084
e8a8
110a
e5d2
0e22
0fe9
002e
183f
f280
fb80
12b7
23bf
e52a
1b0f
0638
cdab
1f68
d63f
e8a2
eda1
09f3
0b3f
df29
0964
2a98
0e43
f53a
d938
1b2f
f91a
08fa
1873
fb42
ee49
321f
e92d
0954
0ef6
036c
180b
dfa4
fd5f
154c
f779
eafb
0090
030b
fcbf
0cda
1659
f66a
de13
0639
0ac5
f165
0c4b
2113
0359
f54a
dc4b
faa8
f426
07c1
0ed8
0f62
04bd
fe5b
fed7
106a
0d3d
0b8d
2a13
d403
0318
10ce
19c8
e932
136a
06e0
ed5a
052c
0def
f960
e02e
0f16
0876
e724
205e
fa3d
fc67
e37f
f28c
0d5c
f731
0087
0b17
07b5
1b5f
0b74
ffb5
1430
04b0
0549
0cc9
f668
fcbb
017a
0192
ebba
f56f
078a
091f
2815
109e
eaad
ed47
11a0
05da
ff64
069c
ffd0
011b
fcd4
00c7
1055
dff9
0fec
06ab
f5fc
eb7f
eeac
df0e
12a7
01a4
0e18
1047
f66f
fdaa
0a08
0baf
e65c
0421
0493
fa8d
1630
fcde
01c5
c03e
12e3
f5fc
123f
107a
040e
166f
ed47
049e
08e0
f516
05ed
1177
f85d
0842
0fd9
ec7b
11fc
121e
05b3
109f
e4f4
03b4
fc2c
0cef
f20d
0165
1ce8
fbca
167a
f2e7
e6ed
d387
09d0
1afe
035d
fb11
f852
174f
04ef
eaf2
0b63
f63b
19c2
06b5
0fc9
0ce1
097a
ffc7
0ff7
fd6c
1461
054c
029e
0cce
f98e
115a
ed6d
0a3a
079e
fe1f
0443
03d2
e510
d7ac
097d
0f91
fbe7
0d30
0d9f
ef18
f4b0
fc31
113b
e87e
1ec1
14de
f5b2
0cf7
129f
f113
f57d
1225
215d
f506
029d
07ac
0015
11c6
f4ff
09f0
febd
f38d
01a2
fb53
132b
d667
1217
101c
de13
fef0
0403
1792
f68f
ddbc
fa6b
fc9c
134c
1d75
019e
0425
1ad1
0bd2
fb89
0308
010d
03e8
f057
0d4d
0564
0944
f7e9
00ee
0ef1
e1f2
18ae
f6fe
cfa2
fa17
06cf
ff77
fc37
00c9
f43c
fa2d
03e7
ef1a
0017
e244
fe80
0a82
ed54
0f50
021e
fbe5
1fcf
00e2
061e
fccd
f96d
10fb
07f6
0f30
0468
fd96
0acd
eab0
1401
12f5
f429
cf22
0990
1400
ef22
0b7e
0db8
0291
ff45
e8c5
0dc5
fbfe
06ca
125e
1783
026f
02e0
fc9a
078b
140e
fd97
108b
dd90
fcf3
ff56
fd3b
ed2a
f82c
0d78
f0ab
114a
ff63
db17
e5ff
0842
0288
e74f
0cf2
064f
02e3
f777
0ca3
17ea
f585
0e34
1956
f6e7
10ca
0a99
fe19
05c5
139e
08e7
25e7
f911
0662
fa18
061c
076c
0c86
1b0b
04cc
0e34
f880
eff3
e474
202a
1374
f91b
12ee
02bd
009a
071b
f381
053f
fc17
f691
1225
209d
f5d3
086f
1278
19e5
1c7b
0354
01b1
ce53
13fc
039d
fed1
ed93
0c00
090e
d040
0314
03fa
d374
e5cc
1376
1d4b
fa3f
1a5c
0cc1
19bb
f47b
10fb
13c4
ef65
0ef7
f7f1
1478
04ca
1759
0d82
0748
0d4b
0b21
1767
0764
1d07
1094
1b60
dc46
0552
eae5
09b6
f2e2
0948
dff3
0b0a
fdae
08c7
08eb
119d
0b50
14dc
f388
f441
0a72
f46b
1533
0d59
0a23
f1c3
13db
f8af
18ae
12c6
05b3
193a
ddc2
03dc
0687
16c7
e162
04db
00c7
edcd
169a
f1f8
f389
e688
12f8
ff4c
e297
f3fc
16c3
0563
07be
01ea
199c
f0a3
fdb9
166f
f92e
0d98
00b6
f9ca
00d6
f15c
fd0c
0980
1ab2
0adb
0cb2
f133
0629
ef60
007c
f1dc
1022
fa10
05ce
d3e7
0e38
0262
f75b
f4a0
f105
e9d9
f84e
ed47
210f
ed87
0ef1
ee59
ee7d
13d4
0c29
e768
0525
0eb5
142e
f85e
1957
f6d1
ffce
0f41
fd7a
f5f3
12d0
021e
0979
166a
116d
dacd
22b1
0db2
f319
1768
ff1e
09d5
eec3
031d
10e2
f543
08d8
1ab8
04f8
0e32
1038
da4c
1133
27ea
fe7f
274e
efaf
0284
00b6
091c
ea28
027a
119f
0258
0982
e926
fa36
f1e5
0747
1638
e3ec
03eb
ebda
fb0f
e506
1bbc
1297
f4bf
153d
1bcd
fb8f
0249
f998
ee03
0375
0815
0d89
134f
fbb3
0b33
f5ca
f9d7
128f
05d9
04c1
fcb6
10ca
1892
fcc3
f2ed
f7f7
0d1b
0297
0acb
f569
021b
ed01
0557
0ec0
efc2
20a3
07b7
ea58
1238
fdab
091b
00f6
0f12
080f
033f
0a14
1184
f61f
f952
fc7f
ffe1
0930
05db
11e2
ff92
f71b
f7be
0cd9
035d
f483
02d2
f39c
0297
f46f
0039
0e0d
fb97
08e5
08d0
fe7f
0fcc
f6f9
0478
f602
11fc
0fde
f44a
1ad8
1efa
efa8
ff70
ee15
f70e
1718
08fa
fef8
0dcd
ef05
ed4d
09b6
0240
04e9
0a72
084e
faa6
f5dc
08e3
1a6a
061d
ff97
070a
0869
fb76
0a6e
0ede
f370
f5fe
0984
0c5b
048c
0e29
fefc
f98f
fa87
f439
0440
f4cf
0618
03af
01c0
ed11
faeb
ffb8
f462
0e0e
fba1
00ee
e923
116b
055e
efe9
09c9
0d5c
f708
0d28
eb91
0892
01e1
0da5
0721
06dd
1375
fce9
fd4d
fe7d
fcd7
f092
1782
0ae7
1dd5
0809
ffb0
e866
054b
fe64
e588
01cd
f986
f83f
0b7c
135f
0b0a
fd99
061c
05bf
feab
0782
0905
0fe9
f28e
fc61
0a64
0256
fc37
00ab
0d4c
fbf2
f407
11bf
06ca
f76e
0a1a
fe2e
f4c8
fc61
0487
0dcf
ed21
0750
f61f
f493
04c1
0d67
0f70
f732
066c
093a
f514
0e85
fb49
0b37
172e
0971
00a9
133b
f83b
007e
0b36
06cc
edf3
fc18
15e4
fa64
0b5e
2063
fe35
decb
0624
0714
f27a
18cd
fe7b
fba3
faf2
08a6
f86f
fdde
0e57
0ce1
0049
136c
0836
fb6c
f713
007d
0580
ffa4
fb2b
0f5e
ecb3
fb23
ec3c
f7d9
0c1d
f1bc
1727
010f
1736
e3df
1109
0e54
f4bf
fce2
f3e2
030f
fd61
0ebd
1666
fb92
08d8
1109
fe12
1560
fbb2
0eb6
034e
0963
ff77
f83a
07e7
1313
fec8
f6bb
f8c9
f516
050b
0d2c
003f
122a
03d0
ff18
05e4
03b6
f171
10da
ebc4
fae1
f05a
029e
1971
f17c
02f4
fbca
e9e6
062c
f392
0f8a
ff06
016c
1554
083d
042c
0fc5
0869
0224
f20f
fa90
0ae2
0280
138e
08c4
f62e
ec0c
0010
0c80
f485
0c8a
f5a4
f3a4
ff40
0dd5
0753
e8c8
fe23
ff09
f906
0126
026c
0ff2
f8a5
01f1
04cc
006b
09bc
07d9
03f9
f8c0
f599
fe75
0bc6
10dc
051b
023f
0c0d
fd19
1062
0fe8
fd0e
00df
f725
f23e
f157
0bc2
16e6
098a
022d
091a
f192
029d
f4de
fb29
fcfb
ff86
0831
f176
0d26
10df
fd96
f563
e880
ede1
0d63
fefd
06ac
0db0
1911
f050
0d4b
046e
ed54
0651
fb58
f9ad
f6d1
045a
f761
fc27
0d84
fcdf
f741
05a4
0177
072d
098e
02c6
110e
0d43
f7d0
107e
071f
0a60
f5ef
031a
13b8
00c4
0a47
fd73
f776
f9e3
0106
0c45
f692
179c
fb35
e9ce
f160
0ada
0e9b
faf8
146b
0b8e
e7c1
03e2
fb31
0366
fca8
0bd2
17ce
f41f
fa06
fe3c
f4df
fdd2
f57f
f2f9
ffbb
028a
0eba
1465
0f36
fce1
0bfe
03f2
f974
1662
f897
fe1d
f63f
0e25
014d
eb8e
00d1
f858
ff16
1e58
f533
0276
faa8
175a
0a2a
0520
07ac
0bbe
ea9b
fb35
ee90
ee0a
fbae
0bbd
1d68
02e8
043f
f90c
0d44
11ff
f6f0
05d2
efcd
0280
f76b
f865
ff06
efb4
0574
017c
02b8
00d7
f826
003e
058d
058f
08bd
0667
0681
083c
01d5
0d70
f820
f94e
0a8f
f5e6
166b
0a61
0176
e685
076a
0f5a
e5f9
06ee
f5cb
f002
fb73
019d
0040
ff58
f8fe
124b
006b
f75d
f7ec
0bdb
ff9f
04b6
085c
0217
fd11
0e14
0170
f301
f97f
fa72
0027
0320
071d
03e7
fdfd
e7a3
0cd4
0d22
fdbc
0a40
fccb
f569
fc63
0243
0e52
f3bd
029a
0cce
088c
105c
f689
fd36
eebb
0be4
0a60
ed8a
03c0
1254
f8fc
0362
ecbf
00b4
0311
fd5d
138d
ffb0
0039
f2dd
0cd7
1741
f6e2
0e2b
fcec
ee36
fd6d
0e2f
1432
eed0
0aca
1a72
1148
0a85
ff7f
0106
fe8e
02c2
1359
fe68
06ed
10ee
fccb
07da
f579
0296
0083
01e7
fc6c
0280
fafa
02c5
0021
1ab9
fcb7
0d8a
f929
0298
0574
0dfe
0cf4
f78a
0faa
0add
f716
0e5c
fa97
1160
0ce0
1201
0401
fc73
0d3a
ffac
08a1
fc93
f7ff
0147
264d
fe05
0472
0547
02e6
fe5e
0085
066b
f4f5
060b
06d0
014d
022d
0371
ffbf
f701
02e3
0b58
01bb
f5d5
ffa6
1c58
ef82
0c4e
feed
f1ca
075a
18ca
069a
001e
ffdc
e118
064c
005a
0e85
02d4
fca1
ee11
0e7d
0b91
f4bd
1012
ff0e
f62a
f201
f308
09ea
fdff
0ca6
1df1
f76f
fd60
0a6e
152a
f8e0
0827
0609
ff05
0400
0e58
03dc
11c8
f45a
02b5
10fd
0afa
159e
0c50
066d
0cfb
0276
1288
f17b
0d8f
01cf
014e
02d4
01ee
fe8c
f960
0b6c
0815
0cf5
0990
efdc
02f3
fc7b
0802
1329
072f
0fab
0fc1
ff80
fb91
0438
02b2
0308
0cef
1140
1501
071d
ff81
f8e3
06bb
f796
0075
fa82
f68e
ecbd
0d38
0359
f4b2
10a5
037d
048e
0c6c
f2b2
fcf0
fc07
02c8
ffdc
ee6d
0452
0548
f9e5
f151
f329
f3e3
0293
10f6
0aee
19b6
0bea
fb8c
12f2
1246
ea9a
022a
fb66
fcec
f8ce
fc1f
0bbe
fbcb
0171
ff38
ff71
056d
026b
10ed
fe86
fd11
017e
ecc8
048a
01d8
0711
0833
f59b
f14e
174b
ff01
f85e
0332
f6b7
ff39
0065
0cbc
03df
013e
fa4f
08cd
f321
04cf
0620
f1c5
024c
110b
0376
005c
09fc
15e6
f965
fb4e
ff5b
f989
031d
1582
efa2
01b5
f60b
00af
06bf
ff98
087e
0383
08e2
fd6d
01a7
0ff3
fa14
07ec
0026
00fa
ec0c
0201
09cc
0508
0c2c
0ad9
09ae
0731
0038
0349
fa12
1074
02d0
f3b2
0102
15c3
ece5
eda5
ff7c
e501
1892
0836
1970
00ea
0a5c
f54b
0b3b
02a9
f28c
fada
e1e6
f728
086f
062c
04ba
fbbe
0337
047c
ee83
0222
00ab
01c7
fe27
05a8
0209
fbfb
0c59
ffce
fcf2
f8a7
f52a
f78c
08a4
0751
ff91
062c
0997
f417
07e5
07fe
f12a
09ae
0130
f15e
f2ab
0770
fef3
f290
fcbc
f9aa
f9e7
0f64
04fe
0750
fee9
063c
02c6
fc73
05ce
0d9f
f9a6
f049
ee93
ef03
0356
0d1b
07b3
149a
0d0e
0a74
01bf
f8da
003c
1334
f686
05e2
f68f
08c3
11e3
f732
0506
05c0
e9d6
07df
f819
128b
fab7
02a4
0f61
fb6d
1484
0fdf
f64b
01cd
f462
f019
0aa5
0b4c
1125
0858
069d
06ce
081a
15a5
ebdb
fe6c
f81b
024f
f5fb
fd61
0edd
ef6b
12ef
0fe1
06c5
12b5
02a3
0e64
fa1a
07d0
0853
fea1
0174
0303
05d5
f27a
0063
09e1
0068
0ec8
07ba
140a
0001
017d
031b
fe2e
05cc
01f1
ee6a
f852
f2bf
1211
01b1
f3f6
0f0a
02da
00a5
1132
086f
1993
f260
02e6
0186
f4e2
0194
0694
ef14
0169
eb89
f379
0f22
0986
06fd
10e1
034e
0be3
1119
02b7
feca
06e0
ff4a
0378
ef48
12ff
0678
0132
0c45
0432
f022
fe39
fcd3
ffe5
f7fc
06b0
02d8
f88c
0a71
1179
fe28
0a55
fc0d
f687
0a17
f4aa
0961
0396
09bb
df92
0004
1b0d
fd9f
13c4
f5d8
ef22
f988
0730
0d01
0475
0f8c
fc28
f5cc
f5b5
fe5a
04ea
f36a
0b8e
fff8
0370
0839
1974
f35e
0775
f3f9
efff
179e
f81d
15f6
05cf
0895
f1c7
026d
016b
f40d
0ab4
0599
f251
f795
04eb
0806
efb2
fd89
04eb
f7fd
1bd9
0540
0570
f0e3
fad5
1020
05dd
1a04
0669
fc7d
fc47
02fb
0064
0267
0a3a
009a
0847
fcc2
fcee
126a
1306
ed56
0926
ef1c
0180
fa49
fe88
014d
fc30
fafd
0955
fab7
036e
f66b
0976
fed8
fe98
0407
fdd8
f313
110b
028d
0e84
e433
f4e5
0376
1454
0e26
1174
0cc2
f249
0c2c
f6f8
fb28
0a65
fec2
feaf
fbcb
f9da
0baa
03c4
0c08
0aa6
fb23
fe61
09a2
056a
00cf
0651
05a2
f8d6
0363
1001
07c4
06e0
ee0c
fe32
1ad7
064f
072b
020b
07d6
f21f
1348
1175
fbc9
0945
fdce
fbc5
f3f9
132c
07e9
f375
fb17
06e9
ecc6
0f40
f2ef
014b
e7ea
0ae8
0634
0914
f85e
10ee
0043
0644
f3e5
02e1
0205
0236
06c8
14f9
03a8
05fe
0be7
0a0e
f725
0ad7
f3f3
ef77
f132
061b
0492
08fd
073e
0651
037c
1017
f3ec
0f83
ffd1
0202
07e3
fdce
10d1
02cc
02f1
fb04
f049
f734
177d
0f41
f980
ff2f
1364
fffd
0a03
ff4e
0415
07a3
f847
faf7
1011
06bc
0b8f
ed35
0386
f9a4
036d
0319
f90e
09a3
001f
1925
097c
0c7d
fe53
001d
f690
fe63
f9d5
051e
0fea
0009
0afb
1439
f6ab
ee44
fe66
0da6
f732
01a2
fcb8
f532
ff56
0626
0b5a
ec21
0c61
05a1
e9a1
fa1c
f07d
0f0b
e6a4
1234
0745
fb00
0f0c
0258
f737
f8e4
f294
fee2
09a7
0d6e
0fa8
0898
0d6e
f648
fe1b
1493
f46b
0e04
0317
fbce
fe48
fe36
fe05
eecc
03c4
f391
f6fe
f996
0187
0c3e
0097
f8f9
053b
07fd
0220
1004
f27a
ffc0
0cf5
fe5f
135c
050c
fc42
f9f4
0d2b
fa7a
148d
04dd
fa21
0315
fc7f
e6a6
f846
0257
07ae
ffc8
0bdf
0dd4
f15d
f33e
edc0
0ade
f126
0bc3
fa37
f57c
1255
0d00
f089
ff87
f630
f217
11e1
09dc
f8ce
0409
161b
0972
18d3
0eed
ff46
fb30
f5a6
04bf
012f
09e8
035b
f0c5
068a
07e7
f124
00b6
fd97
1321
fe69
09bc
13b8
f062
075b
0558
f55c
f15e
ffa1
fe09
06dd
142e
fc93
06ea
00d6
08b5
074c
0b25
f4d7
117e
0036
fe7a
f755
0e58
0cc5
fd06
fd24
1276
028a
0dff
f83c
08fe
f53c
04d0
186d
01f0
fc1b
0aa2
f9d9
0652
fb9b
f6ae
092b
0d7e
0adf
1335
08dc
f33e
0295
096d
ef57
0c53
08f1
fb23
f60d
147c
0fcd
fc33
1088
0a15
04b1
0fc5
e91c
0ece
ff3f
fc84
1270
fc9b
021d
f6d0
f87c
0f5d
fc92
fe2b
0884
ffd0
062a
10eb
f8ef
f1f9
08a9
0844
fce8
1732
f87d
f953
f5f4
f6f9
124c
faaa
0e54
08ea
ff49
0723
ffd9
03b8
0824
ff68
0f4a
fe29
124c
06cd
f428
feb5
f556
f96a
00fe
071a
f9d2
0676
0748
14d3
155f
127a
fdbb
0868
ec7d
f6e1
f453
027f
0feb
f5f8
0256
fb70
03bc
1064
f8a8
0c2b
fb6c
0ea9
0ba4
f781
034d
fe3b
f63b
03f9
e940
fd4e
0c58
0103
fbf8
0414
035d
0237
0cb0
0669
fc54
0212
face
01a7
f2ef
07cc
fdc5
f685
0c87
04d9
05c8
0e57
fa06
104d
05ea
12b9
00ad
fc18
079c
02fe
0a4f
e972
f935
edb4
ffef
11b5
07b7
0a26
08d3
f1e4
0d6d
0dc3
f790
05ca
fd91
0219
f533
0621
fde3
fe7c
03ab
1051
fdb5
1183
fe72
0191
0b76
12ec
07c2
f8fd
faf1
13eb
f6f8
0d37
fe6d
fc62
0d2e
035d
0ec2
0f21
ff43
f3d7
0614
0ac5
025e
0bbb
f62f
fae9
ee0d
0782
12ee
04a3
fac4
0e6b
fac2
fc5d
fc25
0baf
0365
fe9a
0541
0e6e
faec
14c1
fdbe
f428
0248
02c5
0598
fe5a
0eda
229e
0cde
fc75
ffbc
0f1a
ed51
0dd8
0aa9
fb79
f322
1ce8
095e
069f
0dc1
13d4
f784
0efd
fb9b
0722
f024
09ad
1e62
09fa
0868
1a4d
fbb2
f08f
f70d
fd37
0efa
0b68
0901
0fd3
072f
f0e0
07b4
08bf
f3ff
0c54
fad3
f561
01c1
0613
0ab1
f6f7
02c5
0d2a
faa5
0eed
08a9
0944
f8db
f197
0d3b
f77f
0490
04a8
fc7d
fb85
f57a
f6ea
0867
041d
02df
000e
0e83
fe44
085f
035e
055e
056d
fdfb
ee7a
ff4e
0dff
0198
f852
005e
0620
edda
0aa8
00cd
036d
f5aa
0b43
fa9a
faae
04d5
098c
e2fb
ee84
f4b2
feb4
fde9
fc20
0615
04aa
06ac
f233
0921
0041
f7c2
0fb9
f3ae
f31e
0224
024e
ffdf
ea7f
0198
077a
f57e
1aa4
f138
00d5
feab
11c4
044f
0a7f
053b
05bc
fb40
f7fb
e2ea
f41f
0f6a
051b
0006
05a4
0d28
ec29
08ea
0936
fe49
0340
fff6
f2b4
fd56
0eff
165a
05e1
00ac
143e
eabc
0459
f8b2
fdfc
fa36
0c9e
0f10
f9fb
1098
0955
ff49
ff5d
0646
f5ce
0d18
061a
0734
00c6
0d55
f975
fed4
0775
f31d
1b4b
01b0
13e0
ec45
0168
13b8
f360
0337
0d02
f93e
008f
04c9
0670
02cf
120f
12f9
0a2b
12cf
055d
f866
0ffc
faa9
fc9a
f74d
04ae
0fa9
fe08
ffb3
fb7a
fde0
0ea6
f941
014d
f58e
f610
f489
0599
f973
f645
16fa
0b4a
f301
0d1b
fe1a
0c8a
046a
0099
10b5
fd05
06f6
fcc9
fa62
0071
f8fe
0f61
fa57
038d
0a34
073f
09b3
f32f
1564
0ce4
fcee
0825
fea6
ec35
fe53
039a
0bae
fd4f
0ea4
0fec
fb8c
fdd9
005a
0b6c
fb1f
fd7a
08b2
fc3c
0bbb
0a7c
0144
ed7d
ecb9
e803
0acf
0b5f
0a66
09df
f55f
fcf0
0638
1694
edab
ffba
fe30
ec14
f0ce
1207
0c16
f51b
16ed
0be2
fadc
0460
0450
fb3a
0477
104a
0930
0ec1
09f8
0b75
f2b5
f950
fc97
fed0
0b1d
05d9
12e3
073c
05c7
eb02
0f71
06a3
04f1
0dde
00dc
eb2d
e832
078f
036f
f39b
05d9
01cf
019e
0cda
088e
008c
0d90
0447
0b14
0b7b
11dd
fced
01b9
0978
fb2d
0099
00e2
05b8
04c8
fdf5
fcc9
f1be
01f1
029a
f1f7
1425
0a92
10cf
ef73
0b5e
09bb
f423
0249
104c
070e
189b
f46d
1478
0033
0050
10aa
fcea
0e4c
f974
054c
06be
f19d
ec7c
0db3
faf8
130e
0bdc
f4a2
ebb8
ff9c
fe02
fbaf
ffcb
f4d3
f8d4
f3e3
095e
0e08
fb81
ffc8
0865
ecfd
0645
fc52
05b3
fc4f
138b
1373
e675
0256
078b
009d
f623
055b
fdfa
0178
ff2e
0261
fbdc
0410
0154
0bd6
12a2
f27d
01f6
f6d3
f1b9
0723
045d
10ef
fa98
042a
10f9
fcf4
0bc3
f93b
0af8
fe1c
16cd
0646
fb08
fd9d
07f2
fc13
12e2
ee90
e835
043a
036b
02d6
19b5
ead5
eefc
0459
0c5e
fdbe
0916
fed8
f670
eb39
07c2
ffba
e50a
01b4
054e
f830
085d
f971
157a
fc27
0ad3
1445
051e
ff93
0bc2
f22f
fd80
03ca
f9cc
05ca
f7ac
0be5
0735
0a29
01e9
0f01
1213
f61b
13bc
e74d
fec3
ee01
fdbd
06f1
f499
0ff7
0271
edb1
09cf
f955
01ed
f638
ff09
0971
f5ee
f45f
0c9b
f5f7
e846
065c
f8be
0532
086e
0abe
0ece
0e23
1305
00fb
06f7
ffc1
09b0
fd19
f628
0225
034e
0232
ec7f
0b2b
079f
fe8d
0469
eb39
0915
efb4
0368
110c
fcf7
03ff
07d2
edef
fa08
fbc5
0175
0c02
ff72
07b5
0791
079e
fc76
0c83
070b
ee84
f9b7
f1c8
f4bb
f9d0
0d5f
fc09
fd0c
0f0b
027f
f24c
1690
f888
0d71
f6ed
063e
fc7b
00f3
fb51
ffb3
fbcd
fa0b
08d3
f850
0f1c
07b3
fcde
f549
fa20
fbf3
1148
036a
f8e3
09fa
107e
f44b
f116
0756
09af
e53a
0876
03c1
f847
003e
0028
112f
fe8f
0fb0
014b
f90d
017b
0e1f
01c5
00c1
f8eb
fc06
0f4a
00e2
05c5
0ab7
104a
fa82
0865
04bb
f89f
f29b
feb5
fc0e
efb6
094a
0916
ef8e
13a8
0a0d
f046
1a50
f837
033e
0121
0fd4
0b49
e254
0504
0819
f7d0
0cd7
f985
f65d
fccd
09d4
069f
0a48
0c0f
faab
0a2b
016e
f0bc
fe27
fc3f
089c
f66e
0569
0924
fcb5
123a
06f7
ff98
2182
e6e2
0632
fae2
08eb
0a43
f7cb
2178
05a4
fc48
fd7c
fbd9
ff91
0b10
115d
0782
102e
f6c4
f949
0cfe
0d6d
f88b
060c
e5f8
f3e3
f523
0128
0c1b
f515
0d13
03ea
fdfc
0a1c
f777
ffa2
08f1
05b2
ffe6
0770
004e
02b2
fc8e
f6d6
f20e
ea15
f950
066f
0700
1360
1584
ff74
0c0c
ff28
f415
094e
0304
ff05
f65e
05ee
01f5
ed2d
0151
0802
fb70
0642
fcb5
1706
fd06
061b
0761
ebb6
0bce
0a05
fba2
fc78
f141
eecf
08ca
1c3a
0c21
1800
fd8d
f4bb
10c3
1253
e938
04c9
ff9b
045d
f11e
029f
fd21
f650
02a9
165a
02d7
0aab
01d6
0eaa
f93f
0e86
0f35
f715
0493
07c1
f932
0096
f258
f603
124a
052c
103c
0091
0680
00da
143b
0960
edc7
fe8c
0b5b
fd60
f297
0e51
0323
fb13
0387
0999
f095
0afb
021b
0725
ffa8
0280
0637
fb18
0ae8
0897
f555
f2f5
f68e
ef96
0f00
f50f
0a6f
055a
01a4
f4e9
0daa
0b47
ecab
1127
f14b
f5bc
fba5
064c
013c
f1fd
04c3
1473
ef54
1129
ed93
046b
024a
0253
073b
f8b7
f975
1622
f807
0b66
e655
005f
0871
fd65
11b5
0e9d
0ac4
f9e7
06a4
051f
f2f3
ff44
ffac
ff04
fa6d
0505
024f
f454
06f1
0cfb
fd33
fc0b
f845
0a0a
fc05
002c
0b3a
f3d5
0ddb
0bdd
fe65
057c
fb29
fc8a
106f
006b
04a9
09a6
0691
1364
092c
fee3
ea67
1dd2
fcef
043d
ff2f
14f4
080a
e55a
fe83
06dc
f676
0cea
f889
17b1
fbaa
0bd1
fa4a
06e4
fabc
08ba
f7ff
fa22
f09a
0187
02fd
020b
04c4
08ff
fe80
fdb2
0518
feed
f9b8
10c4
f1d1
f6f2
f41f
115a
033e
f0ff
02f6
0f29
f758
100c
f640
08c4
f1cd
07b1
fc0d
f7a4
fea2
091b
f910
fcfd
f6a2
f3be
1a82
0d31
0bbf
0174
0abd
f736
1025
0640
f6a4
166e
02ab
fb5c
f3d4
011c
1053
f6f4
0839
f840
f001
f8e6
f915
07a2
e8b2
081b
0161
e689
0d7a
1839
f32d
fa27
f744
f4f6
19b1
ffcb
0de7
fdf6
0087
031c
00a2
0897
f314
0a65
f419
fca8
f063
0810
05c3
eec1
fd92
039c
e5f7
1b32
0065
0c20
074e
f6c4
0e56
ee32
09cc
0867
ebaf
0290
009c
fae3
0a13
08f6
fde3
0780
0c80
fc59
1549
0a3c
f090
0bed
00ab
f620
fa5c
0e3d
03e6
ff09
10c5
ff19
fb37
0e8e
fbbd
0ef0
fb76
fe9e
0983
ee3b
0539
1455
fe8e
fdfe
f2ce
fa64
1936
0952
07b9
0590
041d
0213
0082
0317
f342
0819
fb39
090a
fcdb
f946
fd82
f5b2
0906
0bad
f308
05f5
f005
006c
fa4a
1097
fe24
043e
00c3
00f7
ff20
f7b9
f8fa
f785
0740
0210
0ce0
02a8
1229
0585
0e61
0bf1
f957
12ab
fffc
f98f
f8b0
1486
15cc
039d
0751
1488
f844
0ffe
fdd1
0864
ffe4
0f23
0722
fb66
fa61
1d11
f342
f946
f899
0008
04a4
0a14
13ca
0ba7
ffc4
fa26
ff61
0a22
020d
0a65
e7a2
f33c
f828
02ca
f92d
edbc
0f33
0918
e1fe
108e
f726
07d3
eee5
0c87
02eb
f878
fdc9
f6ff
02ee
f857
f0fb
f86d
0e58
008e
0cba
17a5
0664
f7f4
121d
01a1
f43d
0ce6
fc2a
ec59
072a
0e49
12fd
f826
1452
03ef
f8c8
0891
fe4f
fdaa
002f
05c7
0484
fd46
f94e
0de0
f20f
fc5a
fbba
1146
f364
ff42
17fe
009c
03f9
fc84
0381
1899
f75f
0528
043a
f425
f5f9
0487
1794
f422
fdec
0e0d
f119
027f
fad6
05ec
f16b
0885
feef
fc91
fbf1
04ad
08d8
f3e7
f787
0105
11b1
0fb5
085c
116b
0401
0f66
0a68
fc12
0bad
04f3
fec0
00fc
febd
023e
045d
f948
20b2
0c73
fabf
0a14
01d1
1710
fc7f
03b4
0375
f768
0dbd
0c4b
0015
0acf
f5e7
02e7
0c60
01c4
04bf
04f9
0618
fb1f
10f4
0b6b
0021
0aea
fc0a
f75a
06de
1555
04b6
fef7
0aab
06de
0033
09a8
fa0d
06e8
f933
fdbe
0319
f875
0b6a
150b
fbb9
f02a
f180
fc12
04b3
fa6c
0640
07f5
09a5
ee98
0794
0dc1
fcf5
11c9
0010
fa5d
0a6b
06ad
15e1
f3ab
1201
fcf5
febb
023c
f678
0692
ff97
f26a
1803
f721
fe7b
1194
0597
07a7
f5b6
efd4
0bc9
fe2b
1819
05a9
0e27
fc68
03e9
0bfb
eead
0fc6
f56b
fca9
ee37
0ebd
fcf5
f761
07e4
f929
f52c
0948
f14b
067a
e4ee
0955
0127
f32b
fe05
052b
f74b
feb6
feba
fd60
06e7
1114
00fe
04f6
eb33
fe3f
0492
11ec
f3b7
03c7
0c09
fb4b
eea3
fd52
fddc
00c0
08e1
0cf0
fb9d
0387
f3a5
0f10
f736
05cf
0673
fa1f
13cb
0c48
001f
eef9
ef7e
02db
0c79
09f0
071f
15a4
0a81
fd85
058a
0686
feee
0df4
00d5
0ab2
f9c5
054d
0e79
fd09
fb45
0079
0043
0f7b
f9ad
0537
f18b
0a06
0b70
04ab
fec1
035f
035b
fbdb
f88b
edf6
04e5
120e
13b3
071d
04a6
f536
19ca
f3ea
f6a4
edf4
fd3b
038e
f5d5
0a81
0cfa
0156
f741
05f0
fadc
05b9
f175
016d
f606
0ac2
125f
f9ac
feb9
0a6b
00c8
f053
f69e
fd37
03b5
03ec
0904
0ccf
f3fe
fd81
055c
07f9
ff83
0d3f
0ab5
fd92
e5d9
02f1
0bdf
f7e9
130b
f9ab
fac7
08e9
fabf
0732
f398
fd0b
1746
f5c1
11b7
060c
f73a
16ad
f5b7
02e2
07d7
0d41
0590
ff74
ffcc
0499
0c87
0b92
f5be
0a7e
0052
fa5d
f97c
fa9a
03ad
f1d2
01a1
0ab7
0586
130a
fd7e
00c6
fc2d
15fe
008c
f1c4
ef64
fba1
0749
0b07
fde3
fba9
044b
0e80
073c
19e3
0ec4
0d19
0a2c
03bd
016a
057d
f0e8
03ca
fe62
07de
0c9c
0ca1
f5c9
0811
fd33
05df
f3b2
1504
0e22
10c2
12fe
f50c
02e8
0ad2
0023
fe63
0297
fcc4
100c
1287
0dcd
0152
fc9c
f6f8
0800
085c
f3e3
0b0d
f96c
fd36
f4b8
11c2
f630
fa85
0967
0d8f
0668
108f
fa10
055b
fec9
06f2
05af
00e2
0a5d
0cd3
f80a
f339
e6e9
fc22
0e2d
07ce
0003
053b
0519
f58b
0784
0a61
f74e
ff23
f5d0
f330
ece9
fd69
0813
f1b8
1945
09b5
fa8e
08f3
f2fa
0f48
fec2
0da9
0c5e
ea14
0cf6
073b
f8fa
0223
f512
ee67
0c78
156a
fe5b
0bcf
0385
0441
08c6
fe3b
e742
1450
fb2b
f382
f32b
039b
0227
f677
0e78
fe8e
0350
03ba
fc77
149b
fb59
086b
0b0d
03ea
f85b
1460
eca1
fdf6
eeed
f89a
0f04
ff02
10dd
0a7c
0648
f8f5
f78b
15c3
eb4e
0a5b
ff6a
ece1
f5bc
00c0
018f
fa62
0a7a
0940
fa9a
fcdd
fddb
ff1e
f8e5
042d
fd55
0a64
1044
0530
ff8c
ff75
fc04
06e8
0ea7
f926
0979
0431
0053
0655
0426
0272
fcff
01c2
eec8
e639
eb22
047d
033a
fb12
0a0d
149b
fca8
06ba
f889
1a8a
f97b
0f43
1480
f444
0a7c
0ca3
f62e
0025
f09e
f4f4
0626
f9c7
1176
084d
fb0e
f424
026b
13bd
fc92
1237
f97f
f9e5
edae
0ac7
05af
fb4b
0779
0007
0508
01f3
0885
09ec
f848
0d75
0d11
feea
001d
0afc
f2d2
fc97
05bd
fb49
0968
fc77
1309
0355
fcd2
f44d
0ee4
0aa7
0127
ed94
0292
f45d
f9bc
0632
0d32
fd7e
1179
0a40
fe89
0cc5
f3e4
0869
01d8
f811
1546
fa95
107c
0750
eda2
ebd5
f267
ed8c
0f18
fc80
f9cc
0f93
03f3
f271
02e3
06c6
f6ba
050e
e571
f23e
ec76
04b9
0b16
f73e
0620
06a9
e8b3
0e22
ff01
0da5
fbde
0121
05df
fb9c
ffcd
1433
fca3
091e
ff58
fbcd
0635
0690
049b
0146
fe16
fd52
fe79
0732
ec9d
1241
fb98
f90c
f83a
08dd
fdaf
f4bc
1432
0ae1
056f
1d3b
fd6a
0724
0782
091f
00b3
f5df
fd71
0b76
f7fa
fc18
ee83
f7ca
08ff
efe2
01e6
1a76
0880
fcb1
f82d
079a
fb59
084a
009d
fc0c
fb54
1039
faa9
fade
ff34
0c4c
0329
0836
ec1c
fd97
f96d
03a0
15a5
f930
1837
0892
f0c4
0b1c
f50e
0566
14c0
0957
0e60
1177
13f5
fcd1
fffb
1210
fc89
f9b1
02d1
eeab
f3b8
052a
0669
f7bd
012e
10ed
fea1
0da9
0453
12d0
fc8a
0a39
0392
0bf9
04ff
fada
fd37
f514
0395
0884
0ebb
fdf2
0969
ff32
ffa8
edfe
07b2
0972
f718
0b06
f328
0203
ffba
0174
0bf6
f2de
01ed
081e
010f
05b3
fbd8
0ae7
f145
f1d6
fcd1
f5e4
ffa9
00c7
eaa7
012d
fff4
0460
0cf9
fa89
0cc1
f764
095a
fac1
01aa
0b22
fa06
09de
0990
f9f4
eb97
fd66
11e4
eabf
0a57
fc09
fe77
0759
01a6
fcab
ee74
0656
0439
0668
0613
08f2
f7af
044e
e56c
f772
fd83
fa6e
1818
1285
0b19
f0fa
0cd0
0c4a
f81e
0dcc
022f
fd9a
febf
1134
067f
fc6a
ff54
fbd1
02fd
0136
fbd5
02f5
f8be
12e5
11da
f753
0aae
0689
fe8c
ec2d
fefd
fc0e
02a8
127d
0579
fd4d
062c
0218
0ea6
07bc
00b0
0c1c
f671
f94a
01ff
f931
12fd
f2dc
0fc0
0504
0218
0e76
ec1f
fa6c
ff39
ff76
0079
0414
02ad
037b
f570
f85b
f305
f3ad
165d
0ead
095b
1280
0825
f5ad
0884
0784
0551
10d7
f956
f1d8
ef7d
0979
0d08
faba
019c
0a84
00a8
f8a2
f2a2
ffed
f738
06f0
030d
ff8d
f1f6
0a1e
f44a
0bc2
ea79
efae
0128
12bd
fd0e
0a47
0beb
f843
fd52
0828
f68f
05b3
f37e
fe44
f896
125a
0fa9
f199
03c9
16f2
e962
12cf
0622
08d6
001e
216c
0168
0797
0d48
04b6
01d5
094c
f35d
03e8
04f6
0541
0b3d
161e
0fff
fe34
06b1
11e2
e95a
01ff
0177
fe78
01ec
145b
0792
ee40
fcc8
0cfc
fbf2
1b31
f731
1090
0994
0ff5
1c1a
0571
039c
fe74
fac4
0042
f4d5
02e6
0c1b
0b2e
07ff
0618
063f
fe93
0d08
fe37
f338
001d
ecd9
f886
e013
fbeb
0367
ea09
0851
108b
f6e0
fed5
010c
0d70
f04d
0ef5
0913
fbdf
01d4
0440
f220
fe82
f224
f552
0cad
0002
fd93
00cd
0b79
fd8a
082e
0596
f44f
0b01
fb03
0cc5
f62c
06fd
0d24
00e3
0564
02aa
f937
09d6
f92d
17b4
00ea
135e
11e2
ee69
022f
06eb
f8d7
02ce
f066
fd61
00b5
090c
13bc
0a09
0894
0793
09cc
0368
f03a
049d
fcd9
f397
fd68
0281
ff7d
f310
0c0c
06c8
fd11
0c4e
0965
180f
fdef
108e
0a07
f594
0cd6
fc3f
1291
f912
f329
f6bf
04e1
f354
15d6
0079
fa45
f3ba
0c01
12eb
f9bb
17b5
0556
f932
ef88
0cce
0975
fac6
0dda
0a8d
f6cc
01b1
0654
0dcd
ffcf
03a2
0e48
f8b6
ff18
14d6
0aa7
03b6
e823
fec2
002c
0bc9
1487
06b6
ef16
f614
0000
07e7
f428
14a4
e8a3
f48e
f314
018b
078f
fb53
1753
0865
eb39
06a7
f7c5
1030
f90d
12a5
fd19
eb1f
0bae
11c4
f5c0
0143
f59a
0b57
1094
07dc
0a12
140d
0705
fa43
0974
0ccc
0b15
067b
00e1
f16d
fa18
fa37
1572
ffa6
0986
fed5
0a8e
175f
f07c
0311
f325
0403
0571
0370
fb65
1037
f8ef
ff5a
02de
02ef
094f
036b
0c1a
0493
0bb6
f036
0501
0514
f5c7
08da
f6c4
ee70
f547
0e65
f706
f956
0a04
1093
f4f2
0853
fe77
0523
fd55
060f
fd45
0424
09be
0939
f489
ff80
f95c
f50e
fce4
0960
088e
0c42
fade
e21d
0b44
06e4
ee65
0441
fb56
f702
fda0
f6a3
f901
e74b
0b22
ef5c
fce2
0ac6
fd0a
0925
06ce
0473
07fc
1129
0473
05f4
02cc
0a77
f798
ffa3
0339
030f
1054
0927
f5cf
e864
fc2d
0ad4
000b
039f
0643
f524
ea8a
036e
0adf
f8b7
0864
fd23
fc5e
0410
eedc
0a54
ff67
0fc5
0624
0d41
1273
0f6e
ebe8
efbf
f777
0078
12a7
fcc2
1692
fdf1
027d
f81a
0e47
0559
017d
02ad
0a46
fbe3
f314
0670
0ee2
f3cd
0221
1058
03ed
1407
f143
0b82
0426
fc23
0d0c
0079
16d5
00a7
fa26
18c7
f0a5
f816
0487
f39e
0f70
1cf4
073c
fab6
fd7d
06b2
f14c
feb5
ed36
ffd9
ee1a
0be4
0d3d
fb07
ffe4
144c
fefc
154c
04a6
0c43
068b
0b45
0643
f869
055b
08ff
eb8a
fe2d
0215
f5a6
1ba4
fc45
0c68
11f7
0d57
f6ea
0a71
0d5e
ed73
05d8
f2f7
fd67
03e4
04aa
0931
074a
07eb
0b1b
fb79
0b62
ec34
0faa
0108
f9ab
1849
fc6d
fc21
0814
ff67
faef
fc9e
f7be
0f81
06b0
0c88
0edc
05ae
ffb9
08e1
0b7e
036d
04de
ffd5
e87f
f600
0e35
0c5c
f1b9
097c
0738
0120
0d94
f561
1aaa
f7ba
107e
05ae
0776
1905
1230
fe7a
ff16
f4fe
faf8
115c
09c9
0c40
1346
09fd
f1f3
00c4
fe1f
ef75
0222
fc6b
f0cd
f257
f85d
00bf
f622
0970
124e
f85b
1521
e893
1120
fa4d
1124
12da
fd68
007d
0b45
0091
f558
fca8
ffbc
0a02
fbfe
0341
05c1
0d49
f747
01e3
126b
fd5a
116a
f452
f16c
fc94
07ac
f51c
fa4e
0226
103b
0009
0be1
f243
0fdd
ed85
00a5
fa88
e972
fe97
09d5
f6c7
07df
e7f3
f58b
0104
04d9
02f5
0cb9
04d4
fac4
f4b5
08bb
f03e
0857
f146
fdfc
f202
0e8e
0b0e
f5dc
099d
020e
ecd0
fd3f
ff6b
01a1
faf6
0495
0a55
fed7
0884
137a
ede2
f169
0107
f00e
0482
1d79
0fee
f266
0e77
04d2
f7b6
10c6
002b
0077
00f2
01db
ed8d
0535
0eca
fd0a
06f1
fe32
f34f
0be5
f529
13b9
f856
fd46
ef79
fe24
0ffe
06bf
fa27
f71e
f227
f3cd
1095
0844
0ad2
0cef
1696
01d2
083a
1235
007d
12bb
f796
ebde
f142
f21c
fb50
0876
0fa9
0447
f308
0040
f08f
0b50
fe35
074f
12b3
e4d0
0b34
16c8
fd7e
f82d
f3cd
ed96
00e2
f349
0a8b
0502
04de
ff3d
0a58
0187
efe1
0a09
f2f5
fd58
f9e1
066b
09a9
f5d8
0db3
0516
fae8
19c1
f1de
06ad
0bb3
04d4
0a40
02fd
010f
0c92
0a71
16a8
fdd1
01d7
0ad8
0b34
0387
0415
0719
f59a
0405
04d1
f742
ff6a
f58f
f762
f145
0cd9
03d9
fd84
fc45
095d
0613
02fd
071f
1641
ff95
0743
0e18
ebc9
065b
1050
fca3
fcec
fae1
f602
04fb
07e9
0762
051e
f6af
fddf
ffe1
025f
f8b3
07da
eb86
f1dc
f498
139d
024a
efb1
0a51
044f
f04f
0cef
f569
0862
01da
091c
04c1
ef01
ff75
0545
f521
eb80
f3f9
f41c
fb6a
0612
fbfb
faee
12f9
0a43
f7d3
ff2e
f632
04a2
f5c9
f686
fa50
fb53
07ed
f94e
fe0a
0a1b
0045
03d6
f9db
080a
0b94
10a3
05d8
e793
0c02
0603
05d5
03ca
0318
fa3f
feac
13cf
0895
1329
0a4b
fc49
fa1e
ffb8
ff48
fcb2
f9e9
f35e
0163
0852
00d0
f8d0
1306
0b85
fb64
fbb3
019e
0a0a
024f
067a
048c
0884
fc98
01b9
faef
fcb9
f6a5
048b
ff83
f9f9
0541
1370
ffb4
ec1a
1024
075c
f93b
1f31
fb8f
ec42
fbed
1134
09b5
fcac
0c31
0db6
0920
faac
fa22
0cc7
04b8
fb6d
091f
fc4b
fa34
13aa
0013
08f2
005f
fd99
0034
f503
0a7d
0848
fa23
f4e0
0489
0ba3
09bc
09ae
0115
0011
0660
0418
0037
f534
0040
0f45
f9ca
fd14
ff18
fbdb
f54c
0ce0
fbcc
05de
ff7b
f855
fe71
0347
f482
fd42
fedd
0b1e
17f8
0110
fccd
f31a
139f
01db
f6c1
0464
ee84
ef1d
fa43
05e2
18bb
f201
157d
108b
ef80
11e6
fc50
0657
f1d3
0f73
07dd
ff47
0888
1373
f477
efd5
023c
f000
139f
092d
030f
0c09
0abb
0ec2
0076
1a07
f5bd
06fa
f98d
fba0
f2c4
055f
057f
0316
fcbc
00a8
f5f1
0716
ee45
0272
f352
0e96
0bec
000f
024a
ff36
fde9
f422
ed45
f2a2
08c6
f789
0530
10ec
ff9b
fd7d
1400
0b3c
f80c
089b
0bc3
fba5
f985
11e0
0574
fee8
f8be
0c1a
0216
0997
f4ff
0737
05e6
0d7b
0bbc
fc78
fe43
020a
f7dd
ff9e
0115
e879
0129
0351
179e
fc24
ffc4
03d4
0d6d
f7cc
e6ae
02bd
eac2
f7cd
00e3
0376
0a70
ed87
020f
0e05
fd1e
1068
fc4c
133a
f379
128a
f36c
fd65
1896
04fc
fc86
00b9
ee66
f6f7
0bf8
0470
0d4b
06ef
faed
0d96
0833
fe89
f070
021d
f406
f72f
f12d
f959
03b6
0433
09b8
1203
ed1e
0a15
f5de
1b99
02e0
faea
046a
00ff
fff0
f600
f6a9
0713
f7ae
f4a8
1331
1020
02e3
0648
0982
0e8f
0b89
fb84
fbdf
fe40
f943
0656
e968
000c
04e3
ee56
122e
0416
fb26
069a
02a2
0bf6
064d
000c
05f1
096a
06e7
0d5f
fd6e
fd8a
f975
f9ef
0beb
fad1
011b
05f2
0880
f9e1
021e
0d35
faa2
f9cb
f499
feac
fe0e
0186
0795
ef89
fdec
041f
fe59
01c5
f6c2
fbf1
f762
f781
08c1
0a79
090f
053e
01f0
f495
01a6
f8d2
0636
147d
0258
0b84
0278
f99b
158e
0765
f482
1947
fc41
0779
00f3
103b
0221
0234
03a3
1015
f991
1347
ff0d
0038
ffcf
0543
0cef
fbe2
0715
07ea
fdb8
fd75
ffc7
eea9
0a3e
135a
1e2f
05a1
0829
0e0d
047f
0545
03c9
0f36
fdb4
f85c
ee33
07b9
07cc
e9a6
0725
0772
fbff
0648
fd9b
0505
03d3
1b92
0275
01e9
0dc4
1080
f6c7
f7f3
fac4
f97a
1479
181d
046b
ff5b
fe8c
0908
0c7d
09bd
eb96
068a
f59c
05fb
f869
106e
055b
fe14
0722
0ef0
0020
fd66
0337
180a
0796
0a63
101a
fef5
04a9
01e0
f422
0035
f793
0142
03cc
0ee9
fb8d
0493
03c6
087a
1725
ff6f
f061
0588
e3b4
023e
f388
1720
00d2
f74a
fc04
f588
f76b
1243
f25a
1adc
079e
056e
045b
0530
ffe3
0609
0966
0425
f8ab
fb6f
15a4
0c50
1215
fc3b
07ce
fa04
0c2d
0d45
ec70
0844
e81a
fffe
f29d
0895
109f
0006
07dc
0e9b
f21b
104e
fef4
084b
f2ce
0485
0994
f6bd
01d6
08ee
fd66
f725
ef80
f151
08dc
08b1
12c7
0b10
fe00
e80a
0cf6
0a3e
f551
15b2
f0fe
fcbd
ede2
0c2f
0cfe
ee18
1c18
12ba
eb1f
0aa6
fc4f
1126
f54c
0284
0263
f2b7
05f3
04d6
fa88
f120
f57d
f974
0ecd
0c00
1296
08bf
0731
011c
003b
01d0
e9a0
0038
f8bb
052c
ff69
0901
0271
0083
0d12
0731
ffbb
ff57
f9ac
0f0c
ecfb
0678
067b
ee25
0929
0696
f1d8
f558
017f
efa7
1257
05bc
0d5b
02a1
11e3
fdac
102c
1213
efb2
0e65
f72d
0425
fd71
0441
09c0
fa66
fe36
17d6
f9bb
0f8a
05b1
003c
f1ce
ff29
0ea3
fec1
1142
1093
f9d9
1075
fa9a
f49c
0f9f
02f6
0d83
0361
0afa
f5f4
0853
052d
0791
0892
096b
e313
f6ac
07c0
0c34
ffc8
005d
1c22
042c
0c19
fbd6
0b40
f7d8
0687
0596
fd92
0ee0
0669
ff2e
07c0
fde7
0571
0796
0bd2
039e
0064
06d0
f516
06e7
0dea
f2d7
fdd9
f160
f98d
fbb6
1056
0c4a
f3ac
0256
f964
f7f7
1497
f89d
0e4b
fffe
0ed8
10cc
06e3
0512
f77c
028b
02a4
f9f3
fd43
0569
f633
04d4
11aa
038b
f477
0863
11af
f19c
0c0c
f825
01bc
ef38
1892
0e5d
03cd
0eed
fee6
fcd0
0ed2
00c1
09ec
0549
0486
08d3
02d9
025c
feaa
0bb1
061c
eca9
feeb
097e
0302
069e
0ad9
0bde
f7b2
0b4c
0e99
fd88
02e6
f357
f702
ee8a
fa8f
0bba
013e
0b11
0163
e2d5
09f5
faa4
fc22
09c9
0fc7
0b70
084c
021a
0e66
fb00
fc5e
0d51
001f
fd8c
0279
1074
fd70
fbe6
ee03
0699
11af
fdc5
0ad9
fb1b
014f
e9a6
09ab
0c30
f5a0
0422
12ce
f895
12e4
00d0
0347
f7c4
05fd
0743
f36f
fbed
f6dd
ebe0
f2dd
fd6b
edb9
07cf
0826
060a
fd1f
03cc
0168
0891
1421
0880
16ba
fc4b
0b67
ed38
0899
0d19
f7ed
06f3
07fb
00f5
0acc
ff69
1181
f71f
08b9
0813
f118
03c4
063d
f4a5
0b0e
f0b7
f6be
0deb
f9c2
fd87
0eae
06ea
f193
0099
f86b
f132
105c
f865
03f4
f223
004f
f8ee
e518
f234
f992
04c2
0e39
f7c6
0840
021c
0fde
00d4
f801
ffcd
0562
0189
fb13
f40f
f096
fb72
118a
0177
0358
0ef8
035d
0520
1182
0c61
1652
f6f7
0372
f03d
0460
0b67
f195
fd26
046e
0134
0dbb
fe03
06f1
fe5a
07e6
062f
f242
fdd3
01d2
0010
0148
ff60
e30f
08ce
ffe0
f09e
02f1
09c8
f483
065d
0794
fa27
047b
f663
f1a3
00e2
0d1c
fef4
ece3
0e17
0a28
efa8
fb82
ead4
1208
0622
0fec
04bd
f3e5
03eb
f503
00db
08f4
f2b0
f280
0f06
0154
0b75
fd99
1114
f910
f371
0e6b
0222
0487
082d
045e
f9c7
0995
109a
f8f0
0efd
05fa
f901
091e
00e2
05ae
f393
130c
02af
058e
0229
039d
f337
f6cd
f743
f297
110c
0515
0a95
0fb4
0e14
0213
0891
0a0b
0458
fd45
0145
00b3
f217
fe3c
0b76
f535
0d4d
f85d
0170
16f3
f075
00a5
0b6e
0ebd
0a07
06aa
fca2
052e
0609
f5e4
fc15
f357
f8ed
0bc8
10d1
0302
1a72
1282
03cc
076c
fcbc
0c09
f472
fb90
f90b
f449
08d9
f961
010e
06c2
ffd0
02ab
ebbd
fc0f
fa7e
136e
157d
f0ba
02d2
0764
fef5
f762
faef
f0ee
fd2c
ffe9
0a5d
0ab9
ff9c
ef77
0d6a
0362
f17e
100e
f672
eb65
fa63
132d
0726
fc58
0ac8
1694
ea36
0505
ff49
0a99
01a6
0837
0c8a
fda9
0dd8
0da6
fbe2
ff77
0031
f741
01b6
1042
01c9
0d64
1795
f797
0d43
1afd
f3b7
0a6d
02d7
fffe
fa69
f4fd
0523
fbdf
0b19
05b5
fcb9
04c1
0a87
0b14
fa58
0246
0bfc
02b8
0bd0
0fe8
e630
0474
00e1
03c6
0a92
0316
03ca
13f4
02e6
f652
f398
fdfb
f28d
0605
f910
fa81
fe23
0b31
0827
f77f
124b
0d29
eaa3
0838
fa98
0d26
ed7e
0743
0d40
f5b9
046b
04de
ff9a
f566
effe
edd0
19e9
0c65
0939
0b04
1b7a
06ac
16e1
02e1
ee32
05f1
fd11
fd1b
f641
12ae
1223
076b
05cf
ff4c
fc25
05ff
fba3
0271
fef3
10b1
0fd8
00b3
09c8
08f5
ea82
f194
f9ec
ff87
fad4
16d8
097b
12cf
00d5
0612
01d5
1937
f36a
1468
f816
fd24
ff56
0d83
0a9f
f3e3
0e8d
0de5
f281
07f7
ee50
09ff
f7d7
0097
ff2f
02a2
fb78
0ba1
e843
08fd
f30d
02ce
02b2
0d73
0762
033b
0a79
fdd7
042f
0bd7
eebc
0322
fb1d
0525
e54c
fbbe
f9d5
e6e5
0f76
0385
f361
0bb5
fe8c
0ddb
0748
02a1
0641
f419
116b
065f
f543
0179
f851
00af
1042
0688
0624
02b9
046e
112c
0a19
03ad
01a3
06c2
e72f
f59d
f495
134f
14ad
fdb6
1398
0461
f503
0734
f9e3
0aa4
fa46
0a73
0cd2
f360
ff0e
07f1
f6d5
f9db
02a3
ffd0
0e45
ff3a
fae8
082f
f9bd
f7c3
07d2
0704
f53e
0438
025c
fae5
f899
f3a5
0be1
f6f5
034e
0ca4
fe6f
045f
03af
00d5
fc8c
f3f2
0989
05d6
fbb0
00de
f81e
01d4
fd30
0814
0306
0409
0259
eee3
f5cb
032d
025b
077c
fe0c
ffdc
04bb
fb20
f4d6
112a
09db
f0ab
0a45
08c6
fcb3
02a5
01bc
1759
f788
102c
15bf
077d
0919
01bb
fa6c
15de
ee8c
fe90
0fee
fe51
093a
05ad
f731
fe60
1291
1007
f63a
07fb
055a
00ba
efc8
08f4
07a5
ed34
096d
0a8a
f752
0298
09aa
0673
fbbc
04fd
019b
0652
0b19
028b
f950
f90d
f2ec
0029
0365
03c0
0a92
06f0
091d
0137
0b6d
1555
f7a7
0b4f
056a
ee44
ef74
049a
0bc4
ff06
0082
0a81
f650
0089
f797
08ad
f465
0d34
f5f3
fcf0
0dc7
0a79
f54e
f0f6
f3c2
f679
fb5c
0753
0e07
04e9
04e8
f8ca
1238
ffc8
ff6e
0b13
fc57
0ad6
f606
f561
0f29
f692
085a
0063
faec
1494
029c
0866
fbb1
11d8
0fb2
071e
0531
0c10
faf3
ff16
f683
fe5f
1375
00f6
1105
032c
1051
f7c8
01f5
f992
f556
12b0
f7eb
fd7f
f49b
0784
0bfe
f669
0ec1
0cd1
f8d4
159f
fe1e
00d3
0a57
14d3
0d9d
0fe7
0206
108f
f159
0d85
fd1c
04cf
01b8
0481
0922
07c4
0475
f855
1595
141b
fe8f
004b
f9dc
ed2e
f8c9
1853
0e8f
fc90
0a67
04c7
0aa5
13ec
f68f
062b
f565
106f
06fd
f5ef
176a
06ea
02fb
ef39
f5d0
f7a9
1142
00b8
13b0
066c
02ca
003d
0048
093e
f3f0
0932
fd72
fa7d
0286
0e95
047c
faa2
06b2
0054
f5ea
0c01
e85e
0c17
02fe
0bb9
0009
0766
088b
1307
f3fc
074d
f127
0129
fcc6
0a8b
0ee4
ff46
0d7a
048d
04d0
0996
f9a2
194d
0b4d
0422
f0f5
063e
fd68
ee79
0e1e
0a29
ec81
1044
010f
10b0
0162
fb68
0f0a
0392
0d4a
0aa3
f4a0
0060
fc61
fd8c
07a8
049f
f935
fdcd
08a2
ea4a
fc58
06f4
fdfa
1107
fd5e
fecf
026f
1ad7
0b7c
f3a2
0a31
fe49
f76a
0f45
03d0
1031
fb64
1270
1429
0212
0010
04af
f98d
f9a5
fd76
0d0e
04e3
14b6
0134
09c8
04af
f687
0cc7
0155
f5c6
1c0c
f08d
fed2
f760
0ff9
0b76
ee92
0262
1139
039d
10e7
f7b2
0b60
ff5c
0196
1065
ff55
0f59
060b
0143
fd69
ebab
f8c6
03b0
0825
fe2b
10a0
0ea3
0060
1fcb
ff2d
f2fd
08fc
f962
f50d
ff0e
099a
032e
f4a1
f3d9
1729
f362
096c
fc18
052d
f922
ff6c
f500
024d
0b5d
028d
fba2
f8cf
f3e4
f8f4
1179
01e1
ffe8
0dc0
fdd5
fce1
0d6d
ef95
f9a8
02db
f908
08ed
f99e
08ad
f848
04aa
07f2
1106
f9a6
05a1
ed3c
0c4e
f026
1226
155e
f207
0009
ff6b
f466
f9d6
f083
ea1c
09e8
ffc6
ff27
07f2
fa91
08b5
0dc1
0cea
feaa
120f
f972
f5ed
ef85
0ead
fc84
ffd4
01fe
0882
fbc2
fb4b
0009
0351
f94b
04f4
0a3d
0359
11ec
0bfe
f6df
017a
f7cc
f1e8
049b
0628
ed10
06bc
ffa8
08c7
0d6b
faac
fa3e
f6cd
05e3
f143
f56c
10e1
0358
f459
ffda
1240
07cf
08c6
f411
09a9
f863
0c19
0a6a
fd5d
0baa
0361
ec59
f37f
f707
014d
045c
0cfa
021d
0519
087f
0eef
071b
0ccb
f5da
0695
06b3
02d6
e675
0dd2
091c
ef1e
077d
0605
f742
0fae
f408
09e1
0103
05e5
03f7
08b5
08db
103d
fafe
0fe1
0501
f765
04b4
0d01
0c43
13e6
08a4
f853
09dc
071d
fb1e
07b9
f620
0569
f4c0
0bd7
fe4e
f574
047b
024e
f8f5
0f37
fa83
145f
fea4
05d5
0dc7
fabf
fba8
0ce6
ef11
faae
ebaf
fd63
fdf5
0c2f
08dd
fdbd
f9ae
f2ec
0da9
0d64
0ab9
1aab
f592
f7cc
ead2
03e9
fe14
f999
07b1
110a
fcad
00db
f6b0
fc18
fadf
094a
fe85
fba9
0a14
17f3
f321
f8c1
f818
0698
125d
098a
0c35
03e9
0021
ec53
02e4
088a
f800
0715
0772
ffcb
eb88
059b
0f42
fad0
0c66
0218
f940
200f
f66c
04d9
f9bc
0643
1423
fb68
0e81
0c37
f3fe
f6a9
f228
fe06
005d
21bc
1013
0eeb
11e2
07c8
1096
0909
02be
f95e
fc4b
eed7
f12c
0fad
0e7c
f407
042c
02ac
fb9d
0649
eead
0576
0301
0919
0bd2
fbdd
0769
fded
f29f
0656
00af
012d
0b3f
0752
0b89
1dfe
02cb
03ed
0a02
0ad6
f0eb
067f
feeb
eef3
f36b
0687
03e7
fe25
0f2f
07c8
fca4
0e54
f7b9
fd55
0783
fffb
1093
0e6f
0a58
16f2
f5c9
0114
03ee
f334
00be
0474
0b50
099a
ff4e
fef7
0862
fd6f
f404
0b16
fe9e
03a3
f069
fe1a
0bda
ec9a
0790
066a
013f
0d62
ffa8
01c3
eeec
0bbc
0c25
0b2a
0397
fd6e
f781
05cc
f4fe
f28f
068c
0e2e
feaf
fde0
09b3
08f3
06ff
1308
ef83
03bf
ee93
fed5
f377
0a4d
100b
f727
106e
ff0f
0741
026a
f7ee
043c
ff34
0187
0f61
fed3
1dfe
0dbf
fe70
0d74
f1f4
f4e1
05e8
ebc1
0c3d
0182
0de0
ebf9
08ec
f172
e255
0f0e
fc48
f032
fd54
0c31
194b
f154
0766
0da7
f82e
1c49
0031
0732
05dc
05f4
fccd
fe7c
0c9c
083a
fcac
eb62
f1fd
f717
0e3d
0a98
0e0e
09dd
ff67
0bb9
04f3
0c63
0001
0258
f7f3
f9a1
00bb
0a95
0336
fa00
ff38
1328
0600
1064
f6d7
0853
fce6
1684
071b
fe62
0a02
050c
004f
0342
f446
f967
0409
0820
100c
0df3
06bd
f765
0c72
077c
fe87
0dad
fe40
0140
f132
f9ef
09c8
fd0d
0a4a
1000
f679
0dbe
f7b2
07e2
f59d
14b7
1697
f41d
f4a5
fc71
fc3f
ff9c
f45c
f507
0b3c
0f47
06f2
04c1
083a
01c5
0b55
ffea
0087
07e4
f3b4
fb47
f1bf
0ad0
0ffc
f52a
1d69
06eb
fea0
0416
fdf4
0212
fea0
159b
fdfe
f0c5
fe12
0975
0093
053b
ff6e
f8a9
0279
0768
ffae
055f
041d
efc1
1160
0d2e
ea67
0f24
f81f
f70a
f7f8
03f7
13bb
f1bd
fe16
0200
fa11
f6cc
f172
fe82
ea04
062b
053c
0045
078a
ffdd
f240
0471
ef6c
0074
0a46
00f8
097e
02a9
0da1
e92b
073c
01b1
faa1
0456
f46d
fb31
eff3
135e
0675
f75c
06f8
f899
f5de
fafb
fda8
f46d
f2d8
0b46
165e
0164
02bd
060d
fd85
f9c9
eaf5
0529
0f8a
08d8
08c4
051d
0aff
f41b
0915
0e8f
fd35
0cad
ffa1
f32f
e53a
187d
07b8
ed9b
0e0e
04cb
fe7c
0a99
f2c1
00f7
f42e
0f18
0027
fe9d
0cf0
07b4
f904
0804
f89e
ecaa
0e22
f9cb
1272
0c53
fde8
f677
ff3d
15bb
e9f4
0a93
f8db
e8a8
02d4
0bac
fcb5
f6b4
0c74
0e0c
ff6b
fbf6
f67a
1732
fcb4
076b
0b77
f1d5
0359
08ae
f5d9
fd69
f28e
0014
0f1b
0dfc
fe02
0885
09a9
ff87
0734
fbdd
042c
09ba
ff77
033f
f16b
1657
00c7
0145
04e6
0756
f0d8
05b2
0283
012c
0099
0902
fe5b
f83a
0998
00bd
f02d
0b44
e6d5
f99e
00f4
03eb
1637
0722
053d
fbc2
08a0
145c
fcec
0de6
ee32
ff12
ee8a
0269
04e9
0187
0da2
0eae
fbf9
11f1
f8e8
0f0c
feee
0ca3
0bc2
ff22
0d0f
075a
ed61
f806
f8ce
fbc4
097f
0898
0478
052f
06cd
f98b
0ae0
0d10
f21c
0164
f394
0afe
ffef
0015
0b6a
fcc2
ff26
0a04
02c0
ff2a
042a
0953
025a
fb31
15ba
f35a
f954
00fe
fe60
fbf0
011a
e6a7
067a
fa86
1629
10e4
0132
f98d
049a
12b5
f97c
0d6b
01ca
041e
f932
083b
1766
f8af
1548
042a
f8ef
0c54
f79c
06bd
ec5b
03be
03b0
1052
0749
07f1
fbfb
fe73
fa0c
0068
0f75
f88d
0c86
040a
0805
f148
fe87
0f6e
ea0f
08a1
fd55
f604
ed22
0622
04c3
fe6f
0dca
feb9
ff2f
0fb0
f878
f7f7
ff51
0c06
0ff9
e270
02d8
0a19
f119
0945
ec7b
fbb2
1382
1792
0ef5
0ddf
0450
0151
f70e
0062
f57c
078b
0342
fe04
ef73
11de
0b8a
e8fd
f816
054a
0383
0ade
ff34
01a6
fd59
024a
0b15
fefe
fcb4
facc
e864
ff63
ff80
fc13
09dd
07d8
0231
1042
0bde
074c
1691
0a2d
ef1e
0918
f8ed
f23b
ebd3
0c68
0765
f888
01b3
042c
f800
0359
f386
f4ec
03d3
0908
0ba5
fa06
0145
133c
fe60
0904
f6c1
faa7
0db9
0329
0894
fc7a
0c0b
02ae
0eaf
fb06
f99b
0821
f312
f526
f1f0
0521
0ec2
f946
0dd7
0ded
f62d
058e
f21c
0c3d
efe2
0e9b
0f62
fe05
01ad
0bfd
f7a1
0191
f1d4
fcc6
ff05
0f9c
0b7f
0de2
021b
03b0
060d
030b
f042
04ad
f3e0
03c9
f652
07f3
0c99
fc1c
04f6
0742
025f
0475
f470
fe70
feb9
0cae
fc35
f169
00dd
1555
ef18
0cec
f7a0
f02b
ff77
0a73
fcac
0596
0b96
ec78
0986
ff29
fedd
01b0
fe1b
0424
fc2b
0602
084f
f11b
07f7
10b0
fe28
ffe6
0405
012e
f180
08f8
0f91
fd59
f5ae
0caa
f2a1
fd7c
fd05
04fb
072b
052b
08c0
0dd9
fa37
f3b5
f7c5
1398
f7ce
0569
069a
f83e
f655
0e91
0508
008e
10fb
06ea
fa2a
0d31
f68b
fde9
fd15
03d4
032e
fc93
0080
04fe
ea52
039f
f6ba
f62d
02ec
0aab
080b
0a6a
f533
ea49
0ce7
095d
07d4
03fc
009c
ed91
e9e4
0386
01b4
f138
0a11
07cd
f92d
1317
fc0b
fd59
025a
0dda
0364
019b
0b67
046a
f750
0895
eb8f
f6ff
fdd2
fa53
0b0a
1ef1
1700
0adb
0778
fb27
067b
01b7
0876
f836
f6d6
099d
0a7b
fb17
f8c0
0ea7
f7f7
0bed
f9c5
04fb
00b7
0cdd
0cd1
fdfd
006c
094b
f069
0341
ea70
f517
eeb6
fc1f
07aa
03dc
0052
0900
07ca
0252
f2bc
0d86
f703
f4b6
fbae
08db
00d3
fd50
0adf
08f2
00c4
1484
003e
0d8a
f86b
0226
15a6
f74b
04a7
0f26
ffce
00cc
fd46
feeb
08d9
05de
1282
0eb0
0a56
edce
08eb
0c90
eb34
0ea0
f935
fbb5
f3f8
f713
01ae
fafb
fdf4
0d85
f376
033e
faf8
10e9
fae5
0f7b
fcb4
0705
070c
1247
ffd1
024a
04f5
f441
0d5c
1829
fd38
09cc
1434
160c
fca7
05d6
f87b
0499
f474
0229
022b
0260
0e6e
00a3
1211
05ca
f488
0563
096b
07d8
f698
ff6f
0cde
02e1
fbf1
0c6f
f53f
fdd5
f62b
ef11
031d
f5a0
0a2c
122b
0f19
f7e1
133e
06e9
ff7b
131f
ecaa
f5ea
f70c
1e99
0c00
e748
0271
12f4
022a
0d6f
0002
1149
f693
062c
fe2d
fdb6
f22f
0ea4
feb8
08e2
0f04
fcd1
014e
0494
1241
0dc1
05f2
e2f1
0f6d
0255
eb7c
0ad6
0153
f27c
f165
0024
0d79
ec88
ff15
0189
fbf2
140e
f315
00f4
f65b
0ae1
0f37
fc6f
fc24
ff08
f1df
f699
fb68
0332
0624
07a4
10cf
feb5
00d4
fdd9
088e
f0e1
ec13
06a2
f9e6
f1b3
fddc
041b
143e
f452
fd0f
0510
fbfe
fdff
11cd
f96b
fd35
18b1
0be2
f635
f6c4
073a
059b
f04f
fccb
05fe
0fac
1123
08a8
0dc6
fe51
f82c
0761
fc4e
f8ea
f5c1
fa4d
f3b4
f704
0087
0fbd
f844
08e6
0502
fe6d
10b8
fa46
021d
f92c
0b5e
fb6c
fa1b
0679
06d9
042e
0103
f371
f783
067e
f6f1
18f9
0eb3
05b6
f563
ff58
07fd
f0f7
04ad
0349
f5f0
f69e
1107
0455
f86c
05a9
16bb
ed9c
0761
f849
fb57
fe3a
143b
1176
019f
04c3
fbcf
fc67
f726
f6a6
0055
0342
fd1a
fdc8
0193
f9b7
fb38
0f45
f0e8
fa3f
fb74
0568
fbc6
fb06
099e
0ae4
f81b
0fff
0d86
fdab
16d6
efd1
0ad2
f77f
0193
099c
036d
faa6
060b
f14d
ee18
f8a5
fdb1
1816
fa37
037e
0516
0f84
f093
02b0
06c5
f9e7
0ca3
fd90
f4cf
fb35
0b62
0251
05a1
155d
082a
f439
138f
0732
09f7
fb78
14a0
00bb
0532
fe71
0606
fc37
04ee
e22a
fc20
0665
ff13
0577
f784
0223
f1d1
11b4
061e
001d
0542
f0c6
0bea
f17c
fad0
fb53
f5b4
0f2c
fbcc
0620
15b3
189e
1688
0305
0c16
18d4
f820
069f
0fe8
e77c
f513
f6fd
f3a1
0e4c
11d2
0ead
0742
0bba
f4db
0ba8
f997
ffbc
00c1
ffcb
f9bc
0208
fdba
0699
fe37
0e9e
00a5
fe36
1365
f48d
10c6
ed76
04a2
1a12
faf8
fd6f
0f69
fd37
059e
f42e
f967
00d5
08ea
0840
0d73
f926
fec9
0b0d
05bb
fd06
06b2
02c6
f650
f51f
0293
029c
fc01
0e8a
0196
0f14
0807
ed47
fe29
f89f
0a28
0278
fac3
0b59
0ddf
f4e8
f8ee
0100
f8df
f971
0ec0
0758
08c0
fd25
ec38
0a1e
06ea
0189
1105
ef22
f3db
f630
0610
1107
0638
ffee
07d5
ee49
0712
01b2
16e5
02c0
0979
0583
fc1c
09f5
0d9b
0324
f80e
e868
ff32
0f5d
00ba
067a
1068
02c5
04c9
110d
1065
f34a
1926
f8f1
fca6
f353
132e
1880
faae
1975
0636
f71c
fd12
054b
034b
0abb
0631
1589
0147
fe0a
0576
fe27
02ae
ffd3
f6e0
ff89
062a
01cc
f8fd
fe38
f851
0612
019e
f604
0850
01d2
f382
ff82
0b61
0432
f099
0814
0794
f6d4
fca0
f1ef
013f
f9d8
065f
0539
fa42
05ac
fd4b
f92e
faa8
0026
f514
09c3
0729
0107
0153
fcb9
fe44
0fd9
0d76
f7e0
fc5c
068d
0306
f4e4
0074
070b
f23d
0986
08c3
fc64
0a1e
f3e8
ff80
fe59
0a45
03c2
f10a
01eb
090a
04a6
ffbf
fb46
fa59
0919
ffa9
0ed0
0eb5
1bd1
ed8b
2281
02e7
f8ad
03e3
0173
0047
f33b
f9a3
0357
fcb2
f154
fc80
fba2
139e
ff77
07c0
0429
096b
0b02
f1ce
fb52
0113
fd44
fd45
f97f
f70e
01c7
02c1
019d
0c6a
009b
f840
0c32
048e
fdf7
07fb
0621
f739
f469
04c0
140b
ed79
09e7
1b7d
06ec
092c
fa9e
1218
fdea
1235
0727
0354
0174
fbf6
f9b5
fdc9
f514
01c9
1278
0623
08a9
ff80
01a9
f672
0750
036d
f440
11ab
f91b
024c
04b8
044c
0dc0
fc53
031b
f9fe
080b
18b8
f6ba
1401
f160
1167
0a46
f47f
eaa1
0754
ffa5
0eb6
f81f
02af
05ee
f624
0a53
0f74
ff65
efc3
0612
0ade
e939
1735
0104
ff50
06fc
12f6
16bc
f731
0883
0c51
ed9a
0153
f8b1
009c
020d
fd8f
0ca7
f671
0463
134a
f65e
0941
f37a
fcb8
01e1
f561
01a9
047d
03c4
f06b
0e4f
0342
f75f
0510
fea5
fa48
fe89
fe90
0f63
f521
0dd2
0251
fc5f
06ea
f222
ff28
045b
0a0e
0b97
ec19
fd09
0c4c
f408
f08b
f858
f0c4
02bf
ff5d
0aa5
0296
0f90
f394
0bc9
0d31
ea11
06d5
f370
f192
ff66
0aff
0286
efa1
0ca9
0449
fd70
1158
fa0e
04f3
f1e2
0aff
0f91
e4ac
055d
0b8e
e580
f9c5
ed29
fd38
1573
f89b
007e
083b
ff6f
eae8
091d
ff4f
f97a
fd88
04b6
f89b
ea5e
000e
0d26
f6e7
1257
0d52
f426
135a
f2dc
03ad
02c8
13af
0581
f6c5
0d59
06b3
fb46
04e8
ef70
f61b
08f0
1084
07ce
ff8a
036d
f293
fc74
0c95
e59b
0ddd
f20e
e795
fc8a
0657
0025
f54b
0387
ffdf
fdb3
0379
fb84
0ac6
f3c9
0675
fcfc
f1d4
06d0
0ff5
fd13
00fe
f2ff
f636
0975
1287
04f1
0eab
1972
eeb6
0d55
0ef4
f099
081f
f53a
fc00
f71a
037d
0a6b
0011
0ba6
0b5b
018b
fdc1
fd60
02c7
ff20
0ad4
12dc
e708
10bb
ff9d
fc11
0aef
ebd6
f6bb
0c13
049b
fded
08b6
fd33
f483
0a4e
0101
fa82
050a
ffdf
f6fc
f338
0bfe
158e
fa0e
14dc
05a5
ffe6
0ff1
fc94
110d
fd88
0edd
0ae4
f3e7
09cb
033e
ea4e
048c
f48a
f7e4
0487
fc27
03cf
1375
fe78
fb72
03dd
0aae
fb9c
177e
f7f6
ff46
ecd7
0922
0ebe
0591
041e
019d
ee6c
fc23
f47b
0014
f6ae
fceb
11ad
fcec
1112
07d7
f934
f108
f2ad
eaae
fdc7
09e7
0685
0901
0a21
f813
21e9
0540
fffc
0809
fa0c
0104
fecb
01fc
06ef
fdf4
0a32
fdae
f70b
0695
f526
0d55
efa5
09cd
197e
fec9
fc02
0053
f808
fa93
fbeb
fd21
0a2c
04f4
fcd7
0ca6
0cbc
fb7e
18b7
1699
fe7e
faf3
f8ac
00f2
f2e9
1058
0c26
fafc
060f
0bc4
0866
0fd9
fe3a
130d
f6b1
09be
0d28
f67a
0c57
fa64
ec5f
f4c1
f53f
f788
0d35
0d60
0e8f
0d43
0951
eb30
023a
0acc
fdd7
02ab
fd1b
071c
0977
0df6
00cf
fdad
008f
1354
fab5
0daf
fb0c
097f
0ad7
0077
09a2
06f9
111f
08fd
f306
f882
f9ec
fb57
07b1
0ce5
079c
ffe5
ff45
f256
03d6
0a10
f18d
0338
f96f
ef4a
0ae9
0d85
14fe
ef2e
0b74
0bd0
0159
08cd
e931
0876
f467
01cc
fd04
0275
0a6e
0a35
f353
f3cf
0588
0685
0841
0036
00b3
0b09
0c71
fe6d
1493
09cc
fd86
04c1
ff95
fa84
00ba
0671
fef2
fe8b
f404
08aa
00bd
fdc2
f417
1e97
f679
0d10
0d36
f48f
07c2
0a2d
046b
ec77
fbdb
f40b
1186
0436
0392
062d
057a
000a
0711
0640
f070
0b0c
f73e
0087
f412
06c3
083e
01b8
f44c
0dd7
0041
0a06
f553
057c
f9e3
022e
05a6
f6d7
0a9e
0bcb
f172
f131
ff48
f6d4
0d36
0623
0082
0b03
001b
f244
f89c
f89d
0138
0257
f6b2
f6cc
f982
f02a
2235
f9c6
16c0
f798
f70e
017b
fe3d
0c62
f533
06f2
051e
0a76
0db5
11dc
f7d0
0648
00ff
f2b3
0fd9
0a2d
185a
0905
01fa
f0f0
111f
ff52
f58e
0151
ea0b
fcc6
fc9e
0217
11c6
f313
170a
115c
f44f
f263
f76d
1039
0874
1a52
0da3
0793
0245
faf4
f78c
061e
f5bd
f004
0ad2
069d
06b8
0cdc
02da
f810
11b6
0f0e
f552
09f4
0925
01a5
e520
0701
0451
e944
f9ef
05d2
ef72
013c
ff47
07cf
faa5
0e11
039f
fc40
0e62
0cd2
f544
f296
f1ea
f5d8
16a1
13c4
0d66
0e89
0f87
fc6c
fdb3
0f01
f074
0e49
fe2f
037b
f483
0020
0ad2
037d
f9a0
0432
fe5b
0b91
fa70
0920
fc8a
04b0
0bc3
f650
065f
fc54
f1b1
f7f2
f4e7
f197
09c4
0d8e
02ea
0ed6
0878
037b
09ea
047f
fbaf
0b41
f2bc
f6b5
fdbf
fc4b
fb92
028a
ff90
05d5
f6a6
074f
ee89
0061
0657
07af
0135
f9c4
09cc
1059
fbf8
0233
f226
0086
090e
0efc
046e
0ec8
15f7
04b6
feee
107c
f7c2
0456
fad3
f59c
e0ed
1486
17d9
03ed
0ee8
090d
ff05
08e1
fe5e
07bc
f05f
077a
ef86
0d38
0b7c
095b
eff3
ff10
f272
f435
f636
0b1d
077b
0c7f
007a
f2ac
0f5b
0fa5
e966
0d88
f86a
eeca
f330
086b
0e72
f87d
1a96
01d3
faab
0d5e
fbda
1360
eaee
1adc
fcc1
e813
079b
05ac
056b
eb04
feee
f919
0d3d
fa70
03fe
fb6d
fca8
0d02
0ea7
062e
eb17
031f
0423
fbbf
faf4
073b
1223
fa32
037f
1386
fffb
11ad
f429
0357
fb13
0468
02a0
0148
085b
07c1
f3b6
0249
fdf1
ef04
0467
095a
1125
09b0
1d86
eff6
060b
fe0a
f2b1
f931
f5b8
f442
0023
00e4
0ded
f7f3
0593
f93e
f251
0d27
08aa
0f53
0c89
1379
0466
08fe
15af
0e6e
f390
03bf
050c
f6fa
0df4
08e9
1061
08d1
0725
f933
0b96
0211
ff4c
f6c7
f2fe
065d
ee88
0064
06f4
f592
1648
04e3
f70d
0b43
0807
1265
01a6
03ad
02dd
f2e0
0e7b
0381
f7f1
fefa
06ea
06ac
0a57
0f60
fa3f
0c48
fc7e
f70d
fec0
0e64
04d1
11ea
f2fb
f714
f8d3
0739
0954
f73b
018b
11c0
f369
12a4
ff12
0966
060b
152d
0ee2
fa69
08d1
082f
f821
ff4a
f64f
0375
00a5
fdf4
0a85
0d6d
0cc9
efe7
127e
0c39
faf1
044a
f47b
feeb
eef0
127f
fe61
f07e
097c
0805
fe8d
1023
0bc9
15ce
f721
0615
0373
fffd
fa47
fe92
fa3e
0136
faaa
fef1
fa39
0160
0817
0d4e
038d
eac5
0412
06ff
f783
0608
f8cd
fa5e
f3c2
04b6
1ac3
ff63
0834
0992
facf
0228
f5e9
fc8c
f30f
0c3f
fa7a
fed5
06e6
0115
0281
fdbc
f488
0271
0da0
040a
fb25
073f
fab5
fcb6
11d5
1562
f41e
0f94
f373
f7e1
ffc0
080b
0d05
00b5
064d
0e69
0beb
0a0a
f70b
0f23
f6fb
0ecd
0dcc
f4bf
062e
105a
f3d8
ea52
e826
f987
01cf
f9b2
fc36
06d1
0457
ff7d
0a9d
1780
ffd3
08cc
0301
fdb4
eb8a
0fb7
12b6
f49f
0beb
080c
013b
0bf9
0628
fdf5
0b21
0962
07e3
f7ec
0c45
0fbd
fe3a
fb36
e90f
f929
04d5
0166
ffc7
08dd
fc8a
f984
092e
0bb0
fd26
0729
e2b0
f73f
ef7f
041f
0c6d
00ac
16b4
0ad4
fb72
18fd
f43f
0c07
05a8
05c3
07f8
f2db
021f
1313
03c7
f26f
f9a6
f445
fbb5
0882
0268
1312
0aaa
fd07
145c
040a
01c4
f10f
f747
fee9
fae2
1650
fe96
f0e5
0efc
08a5
dd21
02c9
fd82
fb93
0b64
006c
0c68
f549
06eb
03e9
f76f
e595
fa90
f332
fbf2
0fcb
0a35
1251
0524
f299
1157
0547
f43c
0259
08e6
f728
f675
1f0d
0916
f7a8
0400
f74b
f83f
17ed
f67d
17e9
fa31
0998
035a
febb
1378
0daa
fdae
f84b
fb05
f1bc
0f3c
0955
03b0
fc58
0b18
fbb0
0966
0594
f586
0dd7
f5b5
f36b
fafe
0329
082e
0411
110d
042a
fa55
1012
fccd
044b
0b03
0153
1019
eea7
fccb
08c0
02da
012f
ef2e
0298
07b9
f3e4
0812
13f2
fd6c
e44e
140c
0d59
fbec
0b7d
fd4c
001a
f64e
fd37
09c8
ec36
1335
1902
fc29
101d
f692
121e
ff8b
f427
f90b
f7df
fa5f
11f0
fc85
03b8
e6df
0229
022e
fc2c
ff50
07f8
05c9
e6e4
0c6c
054f
fa06
08aa
02ec
fe33
f7e7
f97a
08c1
f3d2
154a
1a60
fd05
0242
ebaa
0885
f0ee
065b
08bd
f787
0611
fee7
fa3f
ff1c
fcf0
08f0
022a
f1b2
061f
07b2
0ee8
0079
0751
0500
075b
0631
0004
042d
f281
0907
01b1
00e6
0ffa
0b9a
fb3c
18d5
0457
ff96
fb04
108a
0cd9
0098
0b61
10bf
02e9
0145
f45d
023a
05f2
ffec
f89c
09b1
fc00
f6da
0de1
0f4d
e969
0f73
f893
0019
ff8c
033b
0d4f
f6ce
0013
0683
0207
0f7e
008c
0645
eef6
0ec6
0744
fac6
085a
0b89
f9a4
02ef
f63b
f1e3
04ee
0e76
190e
1319
f7a7
e9e6
03b8
0634
eea6
0d88
f915
f7ab
fe13
0626
fc9e
ffc9
0ca7
037d
f6ab
09e2
ebac
144e
0a99
01ee
f9c3
f4a3
0efc
0eaf
0675
f8d9
fe17
f44f
007c
fe71
fe69
0862
0593
0291
0c08
0b42
f0f2
0c54
ec3d
ee49
e7ee
139e
07cc
f98c
0f91
0bd5
f5ab
fa94
f652
0b36
02e8
0ec7
ff82
00ba
0e5e
ff4b
f7e5
f1fe
f44b
fdb8
10dc
03a8
047e
0046
fb7f
0087
07d7
f770
fc19
fdb2
021f
f035
f9c0
02d0
004c
f4af
0c9c
0640
ed06
09d6
f84b
02c2
fa05
03e2
03b3
fc75
1014
1225
fb0b
fdad
f599
ff1b
00e3
0fbc
0720
0eea
0d8f
f8a6
0f04
07d7
f448
1751
0a50
f40c
f4fd
13c6
0b98
f4f1
0175
0b63
fe52
0c81
f956
0a11
f982
025f
075f
0004
0bf4
ff6a
edf3
09b3
f5e9
f904
186d
120a
0210
034c
fdf6
06a8
0480
0c71
f843
feae
ffe0
fef5
f95c
0cd4
f958
ff89
00f0
1681
f5d0
0612
f899
033a
ef8e
0b98
ffcc
fda3
046e
0dc1
fa0a
06f7
0187
0350
fd52
1082
0c41
1ac2
09ad
04d1
05b9
0847
f9d3
0ee7
f2e6
0487
ee76
10d8
0b42
03d0
f282
156f
f9ee
0c56
fb57
0da4
fd5c
004a
0b80
fbb5
ffaa
008b
071b
0985
046a
f80c
019a
ffac
0034
0035
00e1
e37b
1407
044b
0064
fc14
f540
eeab
f895
0801
159e
fa5c
1209
0a7a
0926
01c3
0932
0888
fe92
08a7
12e1
f9d6
078e
1810
ff8d
00c4
f7a5
f0bc
1015
0d79
1166
09dc
0c85
fba4
04ba
0ded
f87d
0a2f
087a
fbd6
00f6
1125
ffb3
fde2
08ba
0c51
f3c9
0c6d
0444
045d
fe42
0ddd
04f9
ff58
0bb9
0646
f4df
081e
f1e9
f297
0e97
ff6a
0724
0b8c
0a0c
02ba
0aeb
06b5
f217
fda7
0353
f968
fd7d
0a2d
07f4
e6b7
0323
0a2b
0313
0f6c
001d
099b
f712
0273
0d57
fd9c
01bd
0c00
e9e8
00ed
eef1
fe07
01a8
ffce
0198
08ff
0ddd
f378
0b07
0f2c
ef4b
12c5
0658
f958
f698
fe72
049d
f1fb
138f
06ab
f4e3
0805
f4ad
f5f6
f4d7
1665
1813
f9d0
0cc5
085e
eee2
0124
0615
fb3f
fc0e
0e05
018b
fe55
fd7d
ebc2
0e48
120a
eafc
05d3
01d7
f757
0542
0a97
079c
fa02
0f92
0942
f007
04f3
f57c
15cf
f700
fdc2
0a69
f942
0629
0be9
f6af
f9ab
fe01
0494
0a8c
03ed
07f3
0333
01d0
ee2b
0985
07df
0147
f865
0889
fe47
f9f9
03a4
0234
eba7
0b1a
fc97
0afd
0ddb
f114
0b3e
fb86
0054
08db
f0a6
0fc8
1305
ff6e
fc6d
f3d7
fbaa
0ca2
0f99
0f8f
08f8
05ba
015b
0228
05af
f017
ff8f
f7aa
f6ee
ed4b
10a9
047e
f296
0456
01d5
f41b
0eaa
0224
119e
fd20
0b34
0a5f
fe6d
07cd
0d06
f734
f6c4
fce9
f278
195f
f3b8
f6f4
00fc
075d
ec57
1191
0b5e
f590
fcf1
0a86
014f
f356
11a1
0286
f3de
0377
1521
0705
052f
007c
0e0d
fa50
0a09
104e
f616
0c0f
ff3e
f75d
0252
f018
026f
0a44
0141
04fb
0ce7
0bab
f778
03ef
099a
0902
013d
faf9
05ec
f1e9
f598
0701
fbaa
0a8a
03f2
f960
0fa5
fa23
0837
f97e
0ad1
0c1f
fb1a
0085
074b
f236
00c2
fb7a
f6ce
095d
03aa
fde0
0a2a
1a4c
f30a
0910
103e
f850
1c5e
00d0
f878
0d94
0388
0461
01e6
0e11
0cc8
f236
1192
f8de
1067
f826
0538
0efa
ff27
0aec
0975
f5ea
0420
029a
06e4
0d27
04dd
0929
030d
0c52
0192
114c
0c6f
fc2c
0752
065b
f530
02ef
fc5b
03ba
fc3e
11ee
0ddd
f7b6
05d0
f328
06cb
fac1
0420
036b
f2b5
0cf0
09bd
ec4c
e88e
e9d3
fea7
005c
00af
0456
1859
065f
ef53
00ef
0449
f33b
10f9
0349
f495
f216
ff75
128b
fe26
0854
fdc0
f554
f171
fa64
0d55
008c
09a7
10cb
041b
fb51
0f44
064e
ed42
03bb
ed9c
0342
fef6
fa36
0270
0d4a
05ff
0062
1af5
fd58
0cfa
f58a
f344
ef59
0325
0043
e558
0d3f
086e
f656
089a
fb03
0205
0453
0d40
0979
fd2c
fb81
0abc
00fc
0ad2
f734
011e
02a3
045a
059f
0e83
0c7c
f77f
0856
1bc0
f282
fd86
f6f4
f4b8
fbc6
0acb
074a
fa56
0db7
0518
ec00
fff6
04d2
1a39
fc4d
170c
0411
f471
0eb7
050c
f09c
f25f
f377
f30f
1073
f8f8
fe56
ef59
054f
028f
0b55
076d
fd12
06e9
f79b
f6cc
f869
0e47
f68c
efec
0d2c
0e2d
faef
0599
0045
05e5
f716
0ac8
146e
07bb
1362
0b5a
ea3b
fcc5
fc08
ef8c
ffcb
111f
055d
0d22
0abd
f604
13b8
04e3
f386
ff46
f996
f759
f532
0dff
0591
fe99
04fa
fb67
018c
0f7e
ee3c
fe41
03b6
0931
0271
eca1
09aa
06d2
fcc5
f895
f4d9
ede0
fa23
0aca
05e4
156e
0821
ee12
ff7f
0d94
ef09
07ce
fab4
01eb
f0c8
0614
fc6c
f73d
0dd3
0770
f693
061d
fefe
03bb
f02e
f744
00ad
f2af
0f8a
fdf7
f5fa
00dc
f14d
fc2b
098f
093f
0469
fe42
f177
f144
0b9e
f8fb
f2e2
0647
fafb
f965
f907
fae9
1455
0168
1125
0a85
fc9c
f8c9
f3fe
f9da
fd71
01b0
04ab
09ed
02e5
0d57
f7eb
096e
f3a8
f565
01a7
0e97
0d7f
1398
fe72
fbe7
0398
0fb3
fc45
01e5
fe3b
f67c
ea82
09e7
fefd
021d
102d
0927
f9db
10d1
fdc9
00ba
fb3b
0a26
0557
fc56
04de
0db2
020e
f7b7
fc9c
f253
0e6e
fd5f
0b87
0292
fe25
fc16
06d9
110a
ea99
03a3
f91e
fd99
e5f8
05f7
1376
f75b
0777
0959
f96f
0bc7
efde
039c
ff41
0630
fd5a
0704
09a9
0609
ff0d
fa24
021f
f41e
0217
f2a2
0e70
0cdb
0ce3
f7ca
fdc4
1788
f789
0422
0157
f9b2
f318
fbaf
14db
ff88
10e4
0175
f8f6
09a7
f16c
1237
0397
08e5
0afd
f4f0
f9d4
0fe0
00f2
fd49
f2d8
00f8
0483
fcf4
fda3
0f1a
fd01
ec8a
0602
f667
e230
0c5d
fe67
0678
074e
0f54
0334
f9c6
0da9
1491
0047
0ba7
fac3
099a
06be
08c2
0d2d
00df
0a9c
0e6e
f8b5
ff48
f9f7
036d
08c4
0c4b
0f0e
16bf
0a20
ec65
fc9b
0e51
0337
000d
e9b5
ffad
e96b
1132
0b13
f532
0114
0d21
f5b8
1d5d
03f6
0290
f017
0278
1109
0203
091c
0eb7
f6b2
fc4e
01c4
04d1
faa5
fbc5
fee6
06a0
03a8
037c
15d9
0dfb
fe77
10a4
f4bb
ff29
f73a
1396
1503
ee93
0a1a
03ca
fbc4
0926
fdfe
00ae
06e1
10bc
1848
fae1
0a62
fb47
0297
14b1
e8f4
006c
117a
fd4e
03b8
0524
ff5e
e28c
1531
143a
fe3e
01f5
0d72
ff4d
fc68
11c2
0b53
feb3
0a6b
0eb4
f16c
0233
074d
1879
fa30
0da7
10ba
ffb8
fa49
0a7e
f250
f6a1
f799
0447
00eb
fedf
ef8e
fda5
fc32
f727
f94e
0dcc
fd0a
112b
ef6a
f829
fe52
07d0
08ca
f91a
0962
048d
eb21
0079
fbfd
0286
e9dc
0fde
0256
084e
09f7
058a
f182
f29d
0127
fc5d
0588
1795
00eb
fadc
0a17
f069
123f
072c
0a26
0637
fb9c
0085
fe95
0c73
ff67
fded
00cb
0e2d
f381
07ba
f201
ff6b
05ac
0150
0a6e
ee28
0a81
0eba
f639
f902
fda7
f98e
0de0
fe68
109f
0538
04df
f72c
05ec
067d
fc78
fb78
fd3a
ef55
fa8d
12e5
0c45
f432
05ea
045e
f745
029d
f350
0d3a
f2f8
f885
1549
025a
11fd
0c23
f27e
03bd
f38d
fa09
0bd3
0609
0e38
fc8a
0766
f509
0e67
f3ef
0031
02be
ff03
ee3d
fcd8
197b
0a88
fdd0
00bd
0be9
02e9
0a8e
f98c
013d
fd29
0ca0
10a8
ecf4
03c6
0b29
fb92
07f3
fd6f
0274
1c77
0008
07b7
05d0
12fd
f977
14ab
0529
f410
048c
0041
0531
f2bb
0ed7
0b00
fb9a
126e
fb63
fb21
f907
0231
fc6b
fa47
fe69
0fe8
047a
f5e2
0dd4
f033
f904
fe10
fa2e
0afb
12ce
06b5
0e4e
f53b
ed35
0ceb
f962
f97b
07b0
f431
efb5
fa19
0bff
130a
efb8
17fa
1179
f616
03b9
eb91
0ef8
022f
0241
07f3
f0b9
09f6
0775
f775
0d41
e9a0
fb45
f8e7
03a5
fb86
09f4
fa0f
e990
1c36
10ce
ec5a
fa7e
f58e
f32d
061f
0527
1390
f3fd
0673
0a39
efcd
0618
fb05
00d6
f463
09ab
0977
f9b1
0ac6
01ad
efd2
f1ea
ecf3
f183
01cd
07c5
09ae
0585
0e22
0250
0fca
123b
f53b
049d
f630
ee1e
fd7f
0561
fe90
ed8b
0a90
06c6
fdbf
0e2d
0281
068c
fd42
0328
0cb8
eeaf
10b2
06a7
f97b
ef45
00c0
f45b
081b
ff56
015c
fdad
0e6c
0a07
049f
0f1a
ef83
0250
f75c
0511
f7f9
0a2a
0575
fee3
00ed
097c
fbfd
0675
0037
0a13
fe61
0553
0fc3
faff
0d2f
0e5f
f327
f387
fe6f
f569
11d0
037f
0e71
03c9
f0a3
f7a8
019a
fef6
eebe
06ab
086a
de63
f368
1da5
0088
fee5
f960
0804
f6a0
0a85
fc50
19eb
f942
02fd
0a5b
faad
0a98
0024
f77e
f81c
f199
f664
0e11
f833
0aff
13fa
15b3
f8d3
07c3
0168
ff34
1065
0038
fc33
f55f
1ef7
13bd
fa60
097a
146f
f83f
10dd
020d
01b0
f879
f9c9
11b3
f826
0a6e
0b7b
fa05
f8d6
0057
07a1
049a
04e2
0e3c
110c
03c2
f10b
0baa
fdbf
f2c6
0795
0208
05f9
f9fc
0fd8
ffa8
f213
03e0
0994
f6e7
ffe0
da2f
081f
f38d
12de
0e61
0804
ecca
0b8a
f9ab
fc17
fa52
fc24
02ff
fbfc
fcaf
0966
fea7
f516
0ba9
f798
f623
045a
efbd
f3d6
0042
f9e6
fcc6
f3b6
0283
0370
fb0c
0c27
ef4e
f692
f32c
1087
0b16
07c7
0c11
020e
00e3
0508
fa37
f1c0
0ee2
fde6
fd27
fd78
04f8
ef96
07d3
0e74
0226
0434
ebdd
00e2
f12d
f968
07d3
0070
f9c3
1344
0126
09fb
f850
01ff
067b
fdc4
f6e2
018b
0ca3
ff41
f796
0e45
feb8
f669
0a66
09b7
f9e9
0df7
f9b2
f0be
0d46
04c8
ec3a
062a
01b8
fb3a
f4d4
fe55
0b97
f641
0cf9
0555
fda9
1144
f248
1053
f2a4
0de3
fbba
f5eb
f662
0ac2
f6eb
f4f2
f818
f415
11eb
fc24
02a8
0739
fbd3
04f2
f88f
1bc6
eed5
0717
10bd
0007
04d6
0a91
fcf0
f9dc
15bb
1388
0dca
0ac2
eecb
050e
fb7a
008f
0c16
032d
0390
0d87
fe72
fc2a
fb6a
02c4
025a
05e8
04fd
fc5c
fec4
f2ff
08aa
fc15
f882
f48d
015f
071c
0b6d
0868
0814
f323
10a0
0c42
f97e
12aa
fd7b
0bae
e688
1516
0ab4
fca4
fba6
05a0
f283
f944
ec9e
e9e8
05d4
0fe7
1582
0777
10e7
fc7e
0435
066d
f05b
06b1
f4ae
ec34
ef70
0743
00fd
f928
154c
021c
f7a2
fc79
fe33
0fc2
f40d
1739
0378
ef54
f5d1
0275
f788
f67b
f70c
08b4
0b27
06e0
09c5
ff19
f8e7
ef92
fe91
1477
fb79
0b1a
fdfb
ed57
f2ce
fb1d
fcc5
03d9
0723
06d3
f797
12f4
f235
076e
020c
07b6
0a11
0027
0f08
1163
ff1b
0276
ffdd
f76d
0943
1d44
120f
16fb
05de
00f4
0194
0520
f539
0744
f0d4
09de
fa76
f909
0d85
ff21
1361
06f7
ff05
031f
fb71
0fbc
fd1c
0953
fe19
097d
ff5b
116e
f927
0574
fae5
f30e
f9f8
0ece
f8f0
1140
f3b0
0474
05cd
0279
ff04
0354
f387
f6de
f6be
1036
02fa
f787
1020
0a1c
dd37
fa3a
eff4
0584
f639
0f80
10f3
fce6
fc70
104c
fdc0
0e81
f043
fb41
fb7f
fea2
008d
0f6e
f885
f57e
09c4
0e02
f568
fed2
fc77
0083
f83e
fee3
1d09
f989
f9e9
1099
ef05
0b9c
f2b6
1acd
06b2
0d8a
086a
f79a
10e5
0364
0400
ffd1
ff59
f520
fb7b
080b
0f74
2074
0422
f19f
0cf9
16c3
f210
1026
feb0
f0d5
ede6
14cd
06dc
09c9
f26a
0dff
fbee
01f8
053c
1280
0c1f
0686
13bc
ff55
08d8
0a90
ef74
f869
ee97
f40b
0ae4
0f15
0bfd
025d
ff84
0dcc
18e9
0095
ecce
ff41
0844
f2f5
ee44
1707
fcbc
fb3a
106b
08bf
f04d
0bbc
f435
fef9
f673
0164
03ea
fd23
0b80
1595
f32a
fda0
f2e6
f339
fd54
0c1c
1370
12f3
094d
fa12
0618
f74f
f564
1133
fbb2
f67a
ead2
086e
0014
ff30
fc39
0653
f95c
146a
102a
02e7
fbb2
09ce
0863
014f
f9b7
0de7
f73c
fab6
f154
04e1
0760
faf5
0a50
fc47
04c4
ec20
0fd8
1b57
f447
fba8
fdbd
fb92
f586
fcaa
04bb
fb1e
fad3
0abd
f035
111b
f9f3
0f68
0618
05d8
0ba8
0761
0475
18bf
0422
0a0a
f166
ef1c
1889
0294
0c91
06e5
0fee
0570
0adb
0e83
fae7
04f9
094a
f9d6
f5e6
03dc
0be7
fe3b
0dde
0810
fb85
1389
079d
ff8d
f12e
0121
10f7
f72f
f84b
fe57
0128
03e9
ffbd
f752
fc69
fa0e
09f8
fdcc
02cf
f520
0417
1031
efbc
0f60
05f9
0bd2
012c
0721
0e96
ee71
0553
0430
efe1
1040
0125
05c3
fb52
fe8a
fd63
0985
10a4
fd65
fb10
fa16
f71e
f079
0da0
0e07
f7b7
0816
00dc
1632
1700
0973
e98e
0ac7
01bb
f1a6
f5e3
05c1
06ad
f48f
0dee
0dc5
fbb9
0901
f85f
0421
e9a5
10e5
028d
0302
1104
0bca
f085
0446
f518
efce
fda5
0b83
0ae9
02ee
00ac
00fe
02eb
0c60
003a
08dd
fc34
fd0a
fbcb
0fe9
f773
0239
0c4f
096a
f686
0fc5
efa7
01c9
007a
0607
1385
f8c8
0c6f
121e
f432
f7d5
08b5
f010
1607
0ff7
1109
0d3a
01c3
fec2
075f
0679
0143
1bee
09d8
06bd
f88c
018d
0edb
ef8e
08ae
0cec
f101
12aa
003e
106f
f9c1
08b5
0c40
ff97
0237
0b46
fe9a
fdcf
fa00
fdea
116f
0534
0441
0f05
0bf3
f46c
053b
fe28
fdab
f8ff
0b29
fb6c
eb2f
0db9
001f
f818
0c46
12db
0084
07fe
f343
0a90
e96f
036d
0332
f7f3
0c58
0cc5
03cc
0a51
f754
fa32
04a5
0368
0c2d
0e48
ffea
edf2
0455
0aa4
fb80
10db
f882
fedb
f0f3
0b3c
0140
eea0
019d
1465
fc03
06dd
f8e8
0100
0510
086d
03b6
08fb
f2cc
110c
06c3
117a
f338
fc5f
00ca
f86f
1016
fd7f
01ad
fd5d
0b2c
fa27
107f
1808
fc05
f5e2
fc4f
1d26
11fe
f3fe
0957
0d1d
e684
064e
fb79
0e86
f5c0
0547
0d1a
f971
0717
0fd3
ff94
f2aa
f3d5
ff4d
08de
0f5e
06e8
02aa
05ba
f085
02eb
0b1c
fbee
0be1
0532
ff70
02f7
0011
0180
ee24
0d1f
00a6
04e8
05e9
f20c
0cd9
0397
fa4b
0811
0979
030e
0928
fd13
02f3
ffbd
f8cc
06e2
008e
05b0
f11c
f769
ed4a
06e2
03e6
fdbc
0845
0286
f97c
06f3
06fc
0f18
f8d0
0c93
12f3
0fa2
01b9
fe2e
02c7
0969
0437
15d3
f9fc
1ae6
0db2
fbbd
0f1b
eacf
f15a
07b8
0655
06ce
0cf3
ff38
e502
fb4b
0359
e7a8
14e5
f8ef
fcd8
fa58
131e
1345
0113
0dc8
0d13
f590
0464
fe58
0fea
e856
0968
0e0a
f653
ff04
16e4
ef19
0d73
f00d
f5a5
1323
0c4b
0b51
0d05
148a
f4b3
08a9
12e9
08f8
0808
fa3b
f5dc
f4ad
ff78
0288
f1bd
10ef
0f06
f8e4
fdf8
fe34
00f8
fca8
0dfa
0077
fb23
0fc1
15e6
f651
f4af
f169
f13a
0f2c
0255
0529
0ce4
fde4
fd6f
0759
0ae9
f69d
0db3
024f
0057
f41c
069b
0ac2
fd5d
0196
08ec
fbeb
1a1a
fdec
017a
02df
17ab
fcc3
faad
f943
0a48
ff92
032f
fa6b
f3a9
16c3
0632
117c
17af
0778
ecc9
10bf
0bb6
fe89
0804
efc0
f572
fa05
049e
070c
ee4a
149b
0dfe
f03c
0883
fd63
0dd0
f386
0b14
0bc8
f0e3
0648
04ef
f46d
f97a
fc64
f508
f8ef
1ab2
09c3
f8e9
0bba
fa7e
09bc
0672
eff1
053b
fd6b
ff49
f218
072a
0c5f
0532
0cf9
0280
fdf2
14ee
f0f4
1552
f7ed
0227
07ad
f9b4
0653
02b4
feef
0eb2
f63c
fe4c
0276
14eb
ffc1
0a52
0efd
f550
fac1
0c04
0046
03ef
011c
fedf
01d5
015d
00de
f963
0c47
03eb
eb05
1111
f7d4
036e
ffd4
1305
0a51
fdc3
fee3
fe97
f436
fece
fc58
f7e0
1161
13ee
038f
120a
fae4
ed19
0a92
0ead
f0cc
06f2
06cb
fbcf
fd08
08d9
0dae
fbcd
0d2f
0df2
fd6b
ff50
f5fd
1136
f670
0ac5
fa85
0151
0c07
0108
fe5a
01d7
eb69
06e0
f96e
0bd4
fd11
0f02
01c5
f2a6
1265
0e57
f0bc
11fd
f223
f906
feff
0330
1a63
f4d8
0be1
0e14
fb88
0692
f7c1
0eea
f621
0f53
0815
0263
061c
006d
f902
f930
ecc6
f723
0f79
0646
084a
0a49
0d5f
08b6
0c95
1601
fd8a
0b15
0658
fb47
f900
0825
fda3
ffe0
03f2
12fb
02a3
06e4
f459
04b8
0132
064a
0039
ffc7
09af
09d2
0a47
057d
e9fc
0534
0a89
0cd6
0786
1a41
0901
e60c
0e3f
0982
f167
fe0b
f9d3
f95b
f6dd
082b
0265
ea18
18c7
fd22
fcc3
134d
f7ee
0ac4
fa1e
15f9
0350
fbe8
0d5f
1829
03d0
f9a5
f800
045d
0fec
ffe6
0f5b
01b4
fd38
e292
026b
efec
ea4f
1959
f4ff
ff4e
e89f
0821
0ada
f775
0b17
0a02
f5d1
0302
f996
014d
eca1
0eef
0b12
fb45
0bb2
1a40
f969
f0c0
f9df
ee95
16e3
05ba
067a
05b9
ffa6
01f0
033a
03d7
efe4
0fc8
122d
005b
edca
f9cf
0425
f81e
fb23
0100
11ef
08a0
fdec
05e8
0a8c
0e96
146b
02ec
05ef
0498
fa88
02f2
01f3
feaf
0f27
fd04
fedc
f95a
f73f
fd0c
1149
2041
f007
0b92
0454
ff59
f4c1
03fb
02e3
04ec
1afb
feae
f34a
0ef1
fbf3
10fc
f189
fc45
f92c
0698
0621
09e3
0921
05b3
04e4
f0b8
fb1b
011f
0487
08fe
00d1
fb1c
13c3
fa6a
f8ee
12f2
fdbd
f776
fee0
0af2
06a2
f8a3
079d
0c51
00a2
0332
021e
fc76
f1c7
13c8
0964
02bc
0661
0764
ede7
01e0
fb54
ee75
028e
fe60
0782
031a
ff73
e19f
0c00
139c
e9d2
1906
fee8
01ab
eb72
ffdf
090f
edf3
0bb4
0910
fd3b
0096
01e5
0ab7
05af
0988
1664
0e2c
f59b
063c
ecca
0874
fbe8
033a
0ca4
fccc
fbfe
1269
0948
f4c3
0822
118a
f1db
fd23
fc37
f57b
ef73
064b
02dc
f87d
032f
fe5e
f637
19fa
fa7a
1106
ef4f
117f
1387
0549
033c
0980
f554
0055
f035
fba2
0da7
0eea
1020
09cf
0d81
f7ea
0e87
05ec
f56e
013b
fc31
f2b4
f2e1
18a9
1320
f1c9
0222
03d7
ff11
0297
078d
0a4b
fe05
0204
0837
ff17
00d6
ffcf
fe5d
0461
facb
f434
1572
fcaa
fe83
fe92
fbfc
f09b
0d37
0607
fb07
10f6
fd83
fc1d
e563
fc02
fed7
f3f0
0b26
06a5
faac
0bf5
f115
15ef
0c11
1149
10cd
05a6
0133
1072
079e
fb1a
03cf
f5a9
15a8
052c
0051
feb4
06e0
f63c
007f
1046
f366
0cd5
f9c4
f206
fa24
07d3
0507
fd91
04ea
0f40
fd75
ffb6
04a1
0914
016d
1686
057e
f61a
fff8
032f
f647
0c17
0000
fe26
f4e9
fbef
18f5
0a23
0fa2
ff5f
022b
0c6b
02a0
1054
08a0
edcd
f80f
0f7d
18ca
f414
0558
fe93
f07e
0999
04e6
015f
1138
0a63
14f6
f812
0233
00b6
0952
f29e
f31f
01c3
ffac
0b47
1633
0b59
0cb7
f7a7
11e9
048a
fd10
182b
ffd9
fe33
f8b5
0f7d
053f
eb86
0f5d
115d
fe60
06e0
01d2
fccd
ff55
196d
1262
01cd
054b
1048
07d8
0641
e455
00be
066a
0900
0cb9
0d86
00a6
ef56
0c8b
11e2
ef9d
0542
0438
f610
efc7
05e1
0ae7
0416
fdda
1d3d
f6b4
0781
f185
081e
fa78
0e65
0546
f356
0c23
075d
e414
efa3
f63e
f40f
fa82
1aa3
102d
103b
0548
185b
0713
0bc4
f5d7
1194
ff13
f978
f7a9
0633
05e6
fafc
0436
01b4
fe86
06f6
fa27
f985
f9c4
0d5d
f829
06cf
11c0
05ac
0757
fd8d
ef1b
f635
0ce9
088b
01cd
fe0a
fd23
0817
13d6
0795
f5c6
02cd
ff74
eeed
033f
0c11
05bd
f603
0a59
07fc
0803
0c0a
1319
fa69
ee50
0a0e
06ee
fe96
0a5e
04b2
fa6a
11e2
04e7
f9ab
034b
0748
f382
0d84
074d
f7c2
0ef7
030e
f304
10c6
002b
001a
fe51
fef3
004d
f71b
13cd
0544
00e8
095b
fb70
05b3
f38d
07a4
00b4
0487
14aa
18c7
fcb1
0388
00da
f32d
0331
fb09
039c
fc7c
f63a
eae7
0f2a
fbc4
edcf
0103
f8a6
fb0f
f74a
139c
10e0
d68d
0313
fd19
f0ab
084f
fe37
02c3
f421
1585
11e6
e7a8
0514
0804
f863
fea8
f38a
f4f3
0934
07bc
0cab
ff07
08f2
f901
0e98
0250
f3e6
00a7
fc84
fd46
f79e
0d0e
0181
f46a
fdc0
fe5d
fdc9
014f
fb8d
fd68
0ce2
feb2
0646
0386
ff02
06d5
fcdb
0da6
f6ec
0410
fe11
04ce
07b0
dd9e
0c2a
f294
0d59
0428
f27d
0f2a
f236
0882
f688
04f1
0788
04f5
f85e
ff3e
062e
1227
f7fc
fa58
0537
08ad
15c5
fcba
0afb
0569
fbb0
febf
e691
fbba
0005
08bf
0924
0e0d
fa80
0abe
0ca8
0864
f5cd
048e
fca0
f464
f320
06a5
114b
fc55
0d14
0b61
f1b2
eea0
ffc0
fb5d
fc21
0e35
fe38
fc63
0f32
0994
f9d4
0a5d
f21c
f609
0dbc
0be7
0199
09e8
ffda
fb62
0aa1
1d48
e8e2
03ce
fae9
f55c
f23f
0f9f
f22e
f4ac
15aa
0460
e7d4
06d9
f4f7
0463
04ef
0393
0abe
006b
0eb8
01c3
fa28
065a
f019
f552
02a2
022a
0570
1add
0051
ea22
099e
0b98
f3bc
1454
049c
e727
ffee
01bd
028f
eeed
0a1e
0aa9
f3da
082d
f8e1
fd94
fa46
13c1
14e6
02b6
0241
07cf
f735
0180
f69e
ff8a
0d03
f68a
0525
f990
0587
fe97
0de0
1181
f626
0827
fe24
f9c2
f34c
0396
10f4
e72c
fd39
0374
fc11
03d9
0753
0ae0
f74c
04b5
1397
f5dc
f182
0532
fa54
09bb
f8e6
f736
fb07
02ad
0a23
0560
f92c
fec1
0523
0352
fdc3
0485
fa29
f865
fa36
1b3b
0620
00a0
0736
f888
fcd2
0017
fbeb
032a
f48d
f7fc
0980
fe60
0647
1197
ec78
0091
033d
f6b9
128f
0f5a
0b36
0a14
083a
f525
0b30
05fb
fd2a
fe64
058c
e256
f9b2
ffa7
0acc
f340
05d0
0a8e
f758
0979
fe9f
0ea2
0236
0e48
03d6
f6fa
0907
09f0
fdd7
08d1
e1d7
0314
0ad3
0c98
03b4
1530
f987
f7e5
0808
003d
f2f9
11fe
0050
f44c
f674
1106
1288
e6c3
006f
f97a
f8a2
1424
f8e0
05bf
fc32
08e9
0335
f64d
04ed
137c
eb13
04ad
04e0
f96b
024e
0e79
0177
1426
fc8f
0140
0d19
075a
f689
0262
fa19
ea21
ef21
0da2
095e
feaa
1937
0b9c
fd1d
1081
0504
0d4e
f69d
04b1
0c28
f92f
0d8a
0324
fcd7
fbcd
fb58
00a9
1334
054c
05f0
1151
fd94
01ae
0fd5
0f02
fc68
1975
f411
facd
051b
00f4
024b
f320
0b46
03da
f0e1
1022
eacd
0c98
fd2e
090a
072d
f7ce
130a
18d0
ec8c
f9ef
ec8a
f624
0791
0bf4
0b9b
0ca4
0efe
155b
06c2
0a8f
e983
1533
f526
fa7f
fb26
03a4
09a8
fbc6
083e
fb01
fabb
0b18
014d
0105
ef44
0be7
129c
0a31
0fae
0b1a
f24d
feee
f798
f989
0741
09cd
0409
0e35
0578
f37e
11f2
0373
00b4
0b1e
f8bd
0606
ee62
08e6
f6e4
f250
08d0
fa0e
007b
150f
fc9c
0729
0c49
0624
15c6
f5aa
1186
0419
0171
0b49
f171
f00a
0778
0bf3
0180
0919
fdf2
f0bb
085b
105a
ec67
0460
fd54
e732
fc69
0b92
f84b
f9ce
fde7
0889
05b0
0751
fae9
07dd
f2e8
fbf0
fade
0c2b
054b
057b
f343
f86d
f198
fa1a
0377
110b
056e
0015
02de
f12f
0739
fc9b
f728
053e
f735
f77b
00dc
f879
ffeb
eccc
0fe7
01bc
f41d
1101
f50f
1454
fb01
0b8c
0f15
005e
0606
f443
fb9a
04a7
fe13
0397
f787
f518
0a57
14e7
f6f3
edf9
fd0e
07ae
f665
08a2
fba2
feea
eec1
12b7
114e
0285
0a9d
041b
ef02
0699
efcb
ff48
0fc2
07fe
04c3
f8e1
ff5a
0fb3
fda9
f6a1
fc03
036d
0dd4
0407
0a2d
103b
0b56
f4ef
0e5f
01cd
fc2e
0225
0151
0ca5
f3c0
121c
f9df
fad6
0767
0a58
ff55
1503
fb0d
0b18
058a
fea7
0836
fb75
fcb0
0b63
eef4
02dc
f956
fb77
02ba
0405
0b31
0c4b
fd4a
fa38
14c0
14fa
f572
0a5a
f754
f57f
ee62
0c5b
18e4
018d
07ac
0b6e
f561
eebb
f291
0f6e
0609
fd70
0f56
f8f9
06a8
00a8
e92f
ea20
f61c
f3e1
0f17
0a02
04d6
0ead
065d
080b
036f
011d
0246
0af2
ee71
e7b6
f3a2
095f
0a12
ff6d
00cf
0464
f9be
043f
f244
100a
ef7f
f88e
0e7c
f54c
04d3
feca
f1fc
f493
017f
ffc1
15db
06b5
07fb
0a4d
01d9
0eed
fc33
fc43
f14b
f85c
f297
0614
eabd
0825
1450
f8e1
0a05
0bcd
fa82
050c
0165
097c
f7f7
030c
0ac3
f0af
0fde
0b53
fdf6
ed4f
fc75
0667
0c48
0f67
03fb
095b
f9f4
fcac
1618
090a
f5e4
fe0c
fa68
e9d3
eebc
0d28
fe5f
f635
1767
0ac5
0d8b
0559
f3e4
0218
fc36
0b3a
0600
018d
04bf
1039
0247
1028
f8db
0692
fbf8
06e6
0b49
0825
fbc6
f4ec
0b3b
0500
02cd
04b0
fb8a
f1d8
f7d8
0c1a
0e5b
f9ed
0c71
0788
f5f8
058d
f70a
0501
fa93
05e9
fcb3
00f3
0893
05a9
01a8
fe70
f20d
fddf
13ea
10de
1355
fe67
08e9
eb98
faab
1455
f0fd
0e62
f6a4
f513
f033
1343
fd7f
f713
0079
fd4a
0afb
0587
fb06
0179
f117
0f35
02ff
fcbe
123c
04d6
f866
fe4a
f934
f852
0a0f
fbcc
047f
00b7
0589
f260
0c66
03be
0e55
08c1
f6a5
fe69
f977
0a1c
073f
04f9
01b2
ff2d
f80d
0cd7
f0ca
0951
f1ea
fced
0a38
fd04
0a68
ff2d
f767
f671
f470
edd5
0f5c
fff8
0ebe
f8c0
0d2e
0726
05dd
0a10
eeec
0d70
fd2a
ffdc
0131
0133
0e77
ef76
f91d
0085
f048
0b8b
08cc
0973
0465
0f8d
0cdd
02e8
159a
fe32
face
faa2
ef5d
ff06
007d
0850
091a
0bb6
0fab
0517
0c87
0e53
ff38
0cdb
ee93
f703
05c1
013e
07d2
f485
017a
068d
f5ca
fe72
fa61
0ac0
0298
0c8b
0100
f9ef
f0fd
ff33
f318
f9a0
e901
015b
1479
191d
0d14
0820
0fe1
04cd
fded
0133
ef4a
0763
0319
fb58
0455
0319
002c
f54b
07c2
fa09
f9f1
0d65
0380
0598
fe2d
0121
042f
fa55
f93e
feb7
041d
09e6
fa07
fb43
fca7
01c0
1674
05cf
ffae
f4dd
0130
fb99
02bc
fadb
f7c8
f989
f72d
0d39
0055
f3bb
15a1
02f2
0775
058f
e81a
08f6
fb95
067e
0b65
f88d
0229
0803
0043
05ec
f4df
0445
fe6c
0713
1186
1841
01d3
f69f
0356
1562
eb66
0d9b
f81a
fcda
ff53
0e8e
0ef5
fca3
02c2
061e
ee49
079d
f9b7
0c2e
f792
003b
0531
e1b9
0588
0c03
02d6
015e
fab3
06f2
009e
0ee1
133d
02d4
0431
f27a
02c4
0151
eab6
09e0
ed7f
f695
f778
14d3
08c4
e321
126b
ff00
f4ab
0c5b
f74e
0372
fe3a
0864
0b3f
f98c
08c5
09a6
ebc8
f8d5
f17d
0fce
050b
09ad
128b
01f3
0652
feb0
0abc
07bb
f976
0389
fd5b
0609
e9cb
0c12
0619
f3fc
0cb8
07dc
f555
12eb
fc07
036c
fe9f
05ed
067d
0173
059d
092c
04fc
0b8f
0b0d
08ff
0ad8
0a19
018c
0f52
09af
f93c
097e
0cb0
f695
0776
0425
f49c
e3d1
1535
fd19
f7f0
fd80
0a83
fa1f
11de
041d
082b
fc27
08a6
05a1
fc7c
ff42
0ccd
00ce
f9ef
f5f2
f4a4
04f6
0cbb
0323
0e83
fecf
f7c5
098d
f7d9
ef62
03e3
07f1
f4b3
ebd3
f54f
0fac
f56d
0ded
12f8
ff9e
02a5
f695
1152
0347
0f11
00bc
f4e2
0248
0ee0
fd7b
fe04
f6a3
fe15
09a1
ffee
09d0
0703
fdc0
0089
1201
0ede
f83a
10aa
f7dc
f2f1
0191
0a5e
0767
ed4d
0665
fb02
f013
081f
ef0a
01fc
ef8e
0894
06bb
fa02
1250
06b1
f4d2
f68b
fc0a
f7a2
fa66
f5ca
093e
05c2
0fcb
035b
028f
1998
fad2
069e
fadc
f17c
fc0e
08ab
0c03
f23a
1911
f766
f66c
0f69
025f
093e
f570
0ca4
064f
edc3
0495
0520
f873
fc97
f3c4
ff22
0f11
064e
0da7
fec6
132a
edb5
091d
03fa
fb6e
04a3
fade
f813
eea3
1890
01ac
fc5b
12ce
0cff
f660
1233
0502
05f2
fa87
0caa
16e6
fd3d
0350
051e
fbbb
048b
f98c
fc91
01dc
0b2c
f780
14e2
056b
f7a6
0e59
fbe2
edd8
000a
f221
fefc
fb30
01d7
1218
0370
0470
0987
f674
0d37
f7e9
14b7
0264
01d0
0966
f2e1
092a
10e0
06aa
f6c5
f7f2
ed25
0c41
0c5e
0eb9
0e27
0a8a
f30a
00c6
0969
f22f
19f9
fb26
0754
fa5d
0f85
02b0
05dc
0fad
0fd6
083f
11d4
fdbc
062b
fb14
06b9
0658
004c
1400
00dc
fbb7
0a06
f728
0119
02ca
04ff
0d11
02f9
fef0
f345
0b0c
164e
fd89
05a9
fed3
f4a7
f816
14db
08eb
f750
06a7
0489
ec7e
0be4
fc6b
0463
f23d
10d4
07c2
fd13
1418
15d1
fcc3
f55e
fbc8
fb2c
0179
0d26
1041
0796
0ee5
043a
08ae
1291
e05b
02be
f9f1
f9dd
ebc5
059c
047c
fc11
0b9b
002b
fa96
0c4f
01a6
0975
0294
0232
fc11
febf
0445
0a8c
fa37
0989
f164
f60d
f47e
0304
24bd
01ee
070d
ecc7
0413
0cb8
072c
0717
f9c2
04d6
fbc1
01f7
1014
feaa
fb1c
09ec
f722
056a
f86a
0f21
f661
086e
08ea
f6e4
00d4
0f93
eca0
f15c
f309
fd69
03e9
1156
06c8
00d2
0eba
01d8
0be2
0b5d
fb7d
fc65
ea4b
f719
0182
136e
0538
f1a1
01d5
0137
f7e9
005a
fc56
07f8
fd34
051a
0623
f5c6
14ff
0a31
f86e
ffe6
fe36
ebba
0d45
18fd
0a10
0c52
0c24
fede
0823
00ab
ee5e
1990
ff52
f43c
015c
fb89
fe40
ff30
02ff
0b41
f53d
073f
fef8
0936
f337
1219
0efe
f636
0e14
1632
ea88
fdfa
e608
01bd
0f8c
fda7
f90f
0405
fd49
16a2
11f2
03d5
f936
fcb3
fe4d
fbb1
f9f1
04e2
09cd
eea3
043b
0384
0470
1a39
fb62
0b00
f7a3
08ee
064f
10d6
eb44
108c
026c
13c5
edda
ea51
043c
0201
03f6
0b2c
0a83
f636
0f0c
0a98
f159
080a
fb82
f960
face
0df5
09b4
fadc
fc24
0a90
fd7a
082f
002e
1245
f8f6
073b
0780
116e
044e
01dc
0a8c
0e6b
ebb9
febe
1538
fb39
06c9
fda7
025b
e8b2
fbaf
0c14
f7fc
02f0
f69d
eb24
f1c7
0391
0fa8
01e5
f7d8
04b6
f3a5
130f
f5c0
015f
efa5
0076
0202
eef4
0af4
08fd
f2ca
f7d2
f0fe
f26b
fd51
1170
08be
0e7a
11d8
f622
0aec
027f
f4e1
03f9
07c2
f685
eabe
0bb9
1594
f8c7
1391
fdb2
008b
2021
fbb8
fcfe
fd0b
01f4
0972
fdaa
055d
079d
f28c
ff0b
f730
04bf
fa6a
0a07
017d
08e0
120f
0430
0a68
00a9
fc71
08c5
fc34
f7ad
fdcf
fecc
0155
f86c
0019
0736
ebc2
07ae
f8af
0b08
0742
15b1
0ee8
0a29
08f9
062c
f914
04fd
fae0
fcc5
164d
fa2d
0e4e
0119
f5be
ec18
054d
07db
01a3
0c6e
f622
06b0
0193
0d27
f869
01f3
08d6
13a2
fa7c
0934
f8b5
fec5
f5f3
0cce
0965
fb0b
07fb
009d
0ce6
fe78
f0e8
f959
090b
04a7
fd4a
147f
f296
f76b
0419
0dea
fddb
185a
03d5
effc
f37f
20d4
0751
03a7
0b3f
1007
f225
fa36
e9d6
02f6
00d0
0e28
0e18
f52f
13d9
1509
f6af
0749
f2e2
f7b9
1322
069d
04f7
0f50
fc92
f781
0018
0446
f359
1684
f884
e951
e699
f597
0806
f23d
016d
0f3a
fcfd
0f66
ff66
0f54
f548
fc32
0a0c
01e8
fecc
0bf4
f4bf
f988
ecf1
f793
fba3
0537
0d1a
001d
0277
04fc
17f4
05f0
df77
0052
e87e
ee34
eee4
1a1a
fdda
fda9
0f84
0412
fc7e
0e33
061f
ff2e
f380
01ad
0bd7
115f
008c
0e18
f9da
f11c
025a
08d7
02da
052c
04a8
11ac
1037
f7d0
0d96
0dd7
ff1a
0f73
f6c7
fa68
0183
0e41
02a9
f63a
0a3d
09c6
f909
0fcd
ffec
08c3
fc40
1452
09b0
fc26
04e8
052e
faf4
f543
fdcf
fba2
1388
0447
1766
04f2
00b5
f5d9
1187
0557
fcd5
05d4
ff3f
f7b6
f63c
114c
0751
f784
fc87
f86f
f8a5
0d0b
f653
14a1
ff9c
06c9
104a
0049
0693
ff6f
f89e
fbbb
f9dc
f684
0a97
f9a5
10a9
0156
0e19
fef7
0393
04ab
ecaf
0102
0934
fd7d
fd1c
0d61
1c5a
04d5
0ae4
154e
f9f3
0f8c
0449
ff4f
f7d3
08f0
1128
0c28
ff76
0a81
0194
ff99
f1aa
efb3
f5ca
fddf
0842
023a
0c0a
f389
0947
0e20
f5d4
067e
f14c
fc45
f035
0947
0ffd
f80d
0d2a
1069
f4de
0f6f
f403
083d
02f5
0913
0cf9
f961
0f03
0f95
080c
fd6e
fe75
11c8
08b0
fd02
0b9d
08ae
0498
0141
10d1
04f4
f3e2
fff2
06bc
099d
ec0d
ece6
034e
f99e
0d8e
12b9
eef5
00d6
f1a8
09f3
fb9b
1521
0eb7
fbcc
0b3c
0745
faa3
ef10
fae6
f883
10c3
120b
fffb
f896
ffc3
f291
03d0
06bb
f38f
12a7
f521
f666
f0cf
0ac6
ff73
f48d
0b54
fead
f59b
0491
f3df
fbed
f79c
0e55
126d
0007
0bb5
0887
eed3
00a0
ee87
f47b
077a
fb6b
0683
10c5
00fa
f5d0
0877
13cb
fbbb
0566
034f
fea3
ed45
fee6
00d2
f061
12e2
09d8
f963
09c2
fa72
093b
0533
1886
0863
ffe8
f0db
09ba
f34d
0ded
fd2c
fcac
05e1
05bd
043f
0b63
f40c
f797
0b0c
0d2d
e8fa
05f5
fc05
e2fa
f99f
0489
04ff
f555
09de
06c7
fb0d
0ee7
efb6
fd87
f676
fff9
02b9
f076
0caa
11fc
f9cc
0e01
fa4e
efbb
1644
0370
0c4f
0dcd
fc35
04f4
0127
0094
f3d7
01d7
f028
ed83
faa4
02ee
06b0
f1ca
062c
0eeb
f584
0555
f7ba
02c1
f8bd
0c76
1043
f9b3
08c2
07c6
0cd5
f040
0378
f520
f5f5
f75d
facb
fbd1
0e6c
0417
1299
fd05
f6b5
043f
027d
f6d5
f726
10be
062b
eadf
1569
f617
f82f
03ef
fe77
185d
f9e1
16d3
0973
0ba0
116c
091c
fed0
f665
e8ea
098e
09c5
115f
0b32
1657
0a54
f3ce
0508
0461
fa99
0b38
f9a7
faa0
00ec
0415
ff8e
f275
118b
159d
f167
f5f4
f74d
0bc1
fdcd
06b0
0d37
fef9
1085
0d35
eb02
fbae
ee82
0039
0600
0292
0990
0775
089a
f0b7
03dc
f459
f07a
0805
fbcd
f216
f93e
1576
13ab
fb31
07ec
05cd
f5a7
0d59
f409
0381
fcdf
fea2
08c3
fb02
07df
0111
f8eb
03a1
f48b
ec62
08e1
0ad2
006d
0e62
01b7
024a
0528
ff29
f45a
0a5b
f6d3
f6d6
efd4
0d51
1043
f0cd
0899
07e9
f0d4
09d8
f55b
141c
0267
0c2b
03a1
03cc
141b
0427
f753
fe1d
f9af
fad8
0436
053e
0f49
0fe0
0515
0a19
fa4c
1292
f6ae
0a33
f9ad
ebb8
fcb0
1b85
1742
f3ca
0f62
11a1
e7b1
06dd
fb3c
0f6f
00a4
0878
06d1
f425
07ca
05e7
1671
f1ce
fb19
035a
054e
fef5
12a9
0404
0e65
04cb
1429
0024
05d9
0343
00f1
ea79
03e6
0ea0
097a
e456
0ff5
0c98
fc19
0c0e
f4cd
003b
09e6
1112
0643
fb71
0fc2
ff8c
17be
018e
f8a0
f2c5
0db7
08cf
0394
0c5d
045a
ee43
10eb
179d
ec96
061c
f60c
e905
f360
09f2
0b4a
f96e
1313
fe60
f07b
1b83
fd7e
033c
f708
12fa
1433
f98b
fa04
1a4a
f422
fed3
f294
fba6
1065
023c
0f6d
f94a
fc0c
fcb0
0812
0a1e
eeaf
16e0
f5d7
0738
ed93
fd74
0eb6
f4db
0812
1340
efe2
197a
fdab
07b3
f113
014b
0f9a
0274
069b
146d
fb71
f8e4
f20b
0a9d
0440
fa85
fe0d
12f2
1249
fa7c
02e1
0361
f9ad
0a0e
e666
f8c3
f44b
fd9e
0aac
f12d
fec3
10c8
fe92
fa56
fe6e
11f1
fe1d
041c
096c
098d
03ff
0760
ecef
ff79
0025
f5f1
0652
fd21
f9d7
0025
05f3
0b1c
0d4c
0641
f4b5
0523
f11b
fc8f
f7c4
fae7
0da2
003e
0a29
ffa3
003a
00ff
f373
0420
f590
0147
0165
eb96
0806
0917
0250
fdb4
f229
fae0
072f
fac6
0565
118a
051a
0ccf
08f7
0409
05e9
03a0
f52d
0303
ec71
06f5
0e37
f48a
14c3
fec7
f1ae
0aa1
f9bd
0782
f68a
0884
fe49
fca7
ff3f
0455
eb8b
0270
f383
01d5
02b6
0dad
1a5f
0f8f
12bd
057a
0409
07cc
e77f
00e0
f4eb
dd31
f8cf
0bad
faae
fcfa
04a9
09fc
f037
128c
fd06
00cf
f82c
07a4
0ea6
f78c
091d
0ce3
02c3
ef84
f603
fc45
0a60
0cd1
1b50
f780
fbb2
fd02
107a
ff29
f7ac
049e
fd4d
f7c9
f7d5
0fea
0635
e6bb
0d30
fae7
0af8
03bc
f494
0166
f92d
0171
0f14
fd78
0266
10e6
f7c0
19e9
fdbc
fbae
f92b
0352
0bdb
06ad
0322
f558
1403
005b
f198
0e6f
f1a1
f41e
f724
09b1
0042
054c
fe3a
fd0e
062b
102c
f6d3
094a
fd96
1335
04ff
f842
0b2b
0f16
ff36
f64a
f89e
f44f
047a
fb79
0a21
0edf
0605
f25e
14d9
01f8
f638
015e
0298
f31a
ee86
ec41
0a0e
f1a9
08c8
0a52
007c
11d4
0306
0479
f49d
13d4
0d51
ff02
0bb2
0201
fcf0
03d7
e5ff
f838
127a
1185
10bc
0423
fbd2
fa22
070b
10ce
f35b
047c
f148
f8c2
ed82
02fa
fb9d
fee2
ff01
076a
eaa3
140f
f17b
fa62
f46b
0575
1a35
f48e
12ca
0876
fa85
fd6e
018d
fc61
fa85
0872
00bc
1372
02da
ff60
09cf
02a9
f169
1221
fb73
0719
0060
051a
0996
f80f
0124
fbc1
fd41
03eb
ff04
134f
f51b
0529
ff27
ffca
0dd5
11b1
0127
f714
fc0b
0462
1e4c
0f02
0bf6
0f06
04f5
f88f
0062
0554
ed2b
02c8
f9bb
f000
f993
0b32
ff0e
f98d
0419
055d
05f7
0d07
f4ad
025d
f051
fe0f
024e
fcd0
086a
091b
fd67
f1d2
f942
ee13
fd47
f813
0e3a
0240
ffff
f054
fd94
03fb
f5a2
0980
f1bc
f73e
ffab
0f2b
0f2e
ec79
06e6
ffcc
dec2
fe79
f804
fd44
f2bb
077c
feca
fb48
0392
0182
0634
f3b3
0508
f329
1988
0a7f
fd50
0c16
0f09
0624
0890
fbf5
eb73
1326
041a
01ac
ee59
11fc
0bf0
08e6
1175
1701
f1cb
fe9a
f9c0
09f1
f51c
06c6
fe9e
fae9
fea0
0cb6
0456
fe5b
e8f9
f048
028e
fd5c
0b6f
0e22
0cbb
f865
ff1e
0b34
f37f
122e
fb34
fcc6
0133
0523
142b
e99d
0c2e
0505
f916
0ca5
ead3
1035
fa2a
0284
0bf0
fe2f
17a2
0bca
fa53
f88e
02f5
e849
03b6
0d58
0479
fa7a
18e1
fc20
0b54
056c
ffd2
003f
f6f4
fc74
04a7
177b
0a57
ffc6
fb22
0658
ff12
1064
f375
07f3
ffd8
1218
127a
f91d
0850
fb02
fc67
f846
f6a5
feef
044b
0e30
13d8
013b
04cf
f825
f616
0658
f6b4
12a7
f7f2
ff5c
f442
14e6
04f3
f037
f8e0
07be
ff7a
0f6e
f3a2
11bc
f51a
0bdb
1218
f28a
0749
098b
f1ca
faf8
f67c
01ed
1022
09e9
04d0
00ad
0605
f469
0712
fddd
f978
fcb3
f733
0080
00e1
1012
0c54
f2a9
0b58
000d
f87b
feee
f7a9
ffc6
fa4f
0fe3
0df3
febd
fb6e
0e69
ebf8
fab9
fa70
ee07
0319
0920
0cb7
034f
0a82
fb5d
fe61
119d
03ea
0c04
fd9e
f45a
f1b9
0b6d
0bde
f878
04d1
fe6f
fd80
112c
0234
15ac
fee8
05ac
04d2
15c5
fc42
1602
0b76
07fb
f3d3
fc32
0d14
faa2
0839
0f1d
1071
e4be
1a2c
05d5
0180
0707
eaf1
f410
fbe3
111d
0e8d
012b
08f1
ff12
fc75
04a4
01b9
08d2
030d
fb5e
085f
fca6
0245
0bf6
fbea
fe26
efd4
fe5d
117f
f956
11f6
0637
fa98
0350
095c
0b8c
092b
174a
f967
ff61
fd51
0586
013b
f8d7
050f
0f5e
f095
0bae
e2f0
094b
f56f
0c2a
ff71
ff90
0146
1602
fc32
ed07
f5a9
fa86
14fe
16b1
050d
09f0
0cc3
088f
0186
10cc
f2b5
0677
f405
f49a
f6a1
015c
033b
fb6d
0cea
1018
f7ec
fee3
f48d
0a5c
f934
08e6
09c2
f545
0a3e
fa15
01b3
fca6
fefb
0e9b
11b5
01fd
0d92
059e
0225
feca
16b3
0ab9
01f0
0244
f739
009a
f0b1
01b2
017b
f60f
fd35
1298
e6d9
0400
021e
0225
081a
0414
0c4d
fc2c
139b
09cb
f7ea
fef4
ff0e
ed91
07b9
17f7
0a3c
10c7
09fd
0dad
fe8f
0868
f985
130a
ed68
efa9
fe1c
0d67
0946
f9ca
178c
05d6
f046
1521
f8bf
09eb
f540
0325
0451
f3d3
1081
0bc9
f708
f05c
feb4
f068
0e30
0f8c
145d
f7fa
fb4f
043c
0691
0fea
f39a
0a8b
f310
f85d
e037
0ac0
0cf1
03f4
018c
05e9
f8f4
0672
ec24
13bf
e938
fdb2
03dc
f5a2
0ab1
066a
fcd6
fe40
f09a
0022
0f79
f57a
0f2d
0479
0bdb
146d
19ed
0ae2
fd2c
ff19
0111
f6a4
f594
f7ac
f621
fd74
06d0
141e
fb90
0671
f92c
1ca8
fd9d
112f
0b39
f837
042b
fead
0c51
024e
ee59
fd83
0b8f
05d7
0e30
1129
0a12
0396
08f6
f7e3
f49e
fe52
ef9c
f66e
f5bf
0910
0569
faf8
1154
0977
f609
0f0e
fdfd
121a
f01d
09ba
07e4
f377
0aab
0901
fe16
ed1d
fe8e
0132
1bfa
0c8c
0c9a
0e1e
fb70
fddb
048a
ffbf
f65a
00c0
ee06
f4c2
fb51
020a
07cb
ff98
04eb
1218
ff3e
007d
0313
025e
f101
0d56
1302
fd70
1ca3
0561
018b
f7ec
f0a5
fd34
0235
fa30
0fcb
0bd0
0710
fc61
1e05
05bf
eac6
0cc7
0874
fdb0
f091
0516
0f0d
f6ed
1376
0353
001d
0cb2
014b
085b
f72a
096f
0a7f
ea59
09f4
0091
0772
fdea
ee34
0895
0e92
0ec0
11a8
0d5b
fdc5
f05e
0e13
ff0d
f724
0a60
fbd8
e426
f164
fe35
06a1
f639
0b3d
ff27
fe9b
0b6e
04ea
0ec3
0da5
fd7d
0c3e
fea4
0495
07ae
fc1a
062a
f38b
fae8
06cb
08c1
1598
ffa3
0899
02c2
152e
0281
f0d6
0ce4
02bb
f5d8
01dc
fb66
fe9a
eef7
0e01
0615
f52b
03f4
ece1
f802
f6d3
09a7
fad4
f191
088a
10be
f56a
f638
fd44
f2af
050f
f984
0cff
075c
1474
eb00
05c3
0e30
f53f
1380
f45c
f096
fdfe
1066
0ca8
f2d8
00fc
07fe
e5f8
1476
06fb
0c77
ee96
016e
0f21
fc91
14e9
0a1f
f7c1
108f
0827
feef
0804
01e0
171f
fe18
075c
0e7c
05d9
07ba
fd00
fb35
febe
f1f8
ec03
039d
1771
f170
fc3f
0d63
f7de
0dd2
fbc1
fbc5
ff49
0459
086b
f631
12f1
02a2
f60f
f62a
f67d
f598
0d96
01b1
0fa7
02a7
f3e6
0c42
0308
0d12
013e
0ab5
077d
f5a9
fc12
efaa
055d
fdbb
0f04
0b6c
0659
0e5e
014a
0851
fc78
0f51
0ba8
ff29
fc2b
12ac
f7cf
f5ca
02e4
fe19
07ca
04cb
07a7
104c
0254
fb3c
08e3
0858
f1fb
0e5b
f454
ef6c
ed20
07c2
0cfe
f4ff
1999
0ab6
fce7
0c87
04e2
0c43
0872
0f78
1434
f419
f88f
1513
f324
0574
0000
f5f6
0cd6
09b1
12cd
0a4c
f85e
01a4
0176
001c
edfb
0a8b
f11f
f015
f696
0e02
10dc
f80c
1046
0a26
f0b6
fcb4
f1a0
0749
0285
fe64
0609
f438
07cd
06e9
fcd9
f272
fd54
fdc5
18b9
0621
1182
1207
107a
0029
f965
05ec
f304
04ec
f749
f01c
f5b0
14df
06dd
faf2
14b5
050f
f8ae
00c7
f146
11be
ec76
fd34
025f
ef68
fada
fdac
fdc9
0f39
f2e0
06ac
0478
0746
fff0
103c
fb1e
f986
0966
02d4
fe6c
19bd
f691
0f0f
fadd
2008
0336
f4a9
12ef
0ea7
f1c9
0bd4
f77b
0e89
f840
0307
0c5e
f970
05ea
0920
02e3
fa2c
e7ae
f4e0
0c74
ffa2
0beb
0536
09a9
e5e7
0d4d
1348
f352
11f4
0906
06e5
01df
0ecf
1bef
eaac
0ee6
0708
fbd0
0d11
f5bc
085d
0377
07a7
0e5e
fe8c
fe1b
1169
fb64
f886
fc38
f96a
0828
0739
0ec9
0d16
112f
f49d
0823
00cf
fc02
0c86
f0b5
fed1
fb83
0746
01bd
f66d
0a52
095f
f431
18ec
f0d2
05a9
fad8
0f24
0d8d
00dc
05dd
f5f5
f1ce
00e5
ef4a
f7e2
1aa2
0635
02dd
08cb
0a71
0be1
0158
07d3
f6a0
1143
ed60
ea2f
00ae
04b1
0b24
ea05
08dc
04a8
06c4
12a0
0355
0368
051a
001a
0652
054c
fe72
1056
0529
059d
fed2
02e1
16c2
083f
08cb
07c7
0b30
ebce
0a2d
01c5
00a3
0752
f839
f997
ecab
0020
1057
0a69
0155
017c
0495
ff6f
02c3
0dd4
fab6
0f0e
fe6e
11ef
13ea
fe9e
0595
fb3e
f279
ede5
0481
039a
0e76
08a1
0692
060e
0e57
10ff
f1fa
0db6
ee7a
fd6d
ff30
17e1
0447
fb7f
1022
04ea
fbb1
05fc
f5d1
07d1
f6b5
0832
0432
fced
0321
0a2d
f647
f764
f200
0f4f
0639
10e1
021c
0538
01e0
fbb4
0242
0956
fc52
12ca
f4f2
f9df
e3e2
0774
05e2
fdd7
0460
1231
f98d
ff05
ff96
0dd2
017d
0c69
fd42
fd5c
1258
0e92
fb88
0cba
fc60
f6ce
095b
fc7f
1164
05de
059f
0559
0427
1284
ff47
11e0
0276
05ec
f7b6
febd
0b18
0599
fe76
1014
e8e3
15d3
0016
09fe
0a20
0f6a
183e
fb21
0038
0c82
fd1a
01e2
f1c0
ff5c
07e3
efca
0a53
0782
03a5
e415
13f5
0b2b
fc2a
0b81
f45e
f457
fca3
02fd
f8cc
f899
0a90
0ac3
ff4c
0eb3
f034
ffd3
f940
1336
f5ab
ee62
0c58
1274
f9e3
13e9
f2cb
fe19
1189
fbd9
0c29
0c29
ff83
f69b
0891
ffdb
f6cb
ff5d
f36d
f27a
eea3
0819
00f4
f088
140a
04aa
0536
095b
fcba
07b3
0d22
04bc
f639
f7e4
0eda
0cd6
0101
f933
f314
f1eb
0b5f
0c5f
1458
0b5f
088d
f4bf
f654
088e
fa94
0b97
0200
f667
0239
046a
0a94
0290
099c
0237
f53f
002b
0293
01d3
f577
fec9
092f
011d
0e25
033e
051a
f7c1
f6d4
fea4
0a17
feef
10fb
0862
0899
ec0f
0f1a
16b3
f229
0dcd
fa97
f050
f99e
0379
fcb4
fb93
0cbe
fda2
f4e5
fbc1
f612
08f8
fad4
172c
fe5d
ebe3
0121
0286
f379
f3d8
f2aa
fe42
f8ee
0286
f7a6
ff64
0f07
0a05
08f2
0969
eeca
07d7
fbf2
f4f5
fc35
110b
0530
fe99
0a0e
fe0d
fb1b
093c
0a56
0575
f270
0709
0272
0d51
ff9a
11aa
eda7
fc62
060d
0c08
fd33
03cc
1094
0af5
018e
eebc
082c
048d
030b
0867
fcb1
f32a
00da
014e
0f57
f1c0
0437
0fdf
ece6
046a
fea3
0bbf
f6b3
0541
011f
0b3b
0235
055b
f64f
0895
04c8
fe31
12af
043b
0c7e
0c92
fe19
fab7
057f
0efd
efe6
fd94
fa46
f13a
086b
fb12
094d
f5cd
f71d
0812
f2bf
0cb0
f1b3
17b7
fc04
0004
fed3
ff0f
fceb
0ecb
f79e
fc9b
eb90
f9f0
1a91
1772
12a0
060e
0d46
ffd8
fe7e
07b6
e056
0c8e
0171
04df
fca0
0e06
ffba
0074
0df3
0f8b
00a0
0328
f915
0a0e
fa30
0f0a
0e8b
f53e
0fa0
06c8
fb66
faf5
f591
ef3d
051d
096b
18a7
111d
05c2
fcf1
10db
1699
066a
0de5
f2f0
00cd
ef26
1321
097f
f2fd
02a1
0c6d
fa1c
1127
eece
0b8b
02da
ff32
0534
f967
0df3
05d2
f426
081e
f65d
092f
0def
0cb0
09bc
0f6e
0d38
f648
0d87
0655
fb00
1c41
05dc
fb96
f884
0806
05a8
f812
08d9
0a56
fd5d
10d4
f83f
0b30
f5cf
0173
05b4
fce8
0d20
0105
03da
fb12
fb6d
f746
0954
fcf3
094c
0541
04b3
fb71
182c
0e61
f0c2
05ba
f984
0be6
edb0
0a48
fb42
e4bf
0c54
0061
f336
0790
fa4c
0615
000c
fc95
054d
02ca
0a77
fd45
0103
fbae
e8d7
f5f2
09e4
01e0
018c
027b
0c74
f51f
00e5
0f1b
f0e2
0dbe
f898
feb8
f77a
0cf8
1096
084e
0903
08dd
f60e
15e1
fc5a
09c1
eb47
16e0
0fd0
f350
113a
07a1
f0fb
f882
0177
f57c
11b0
1090
0aab
03d0
0d3e
fd48
11e0
0a7b
f722
0c5f
fb02
f1f8
f8ee
0a6d
01ed
f9f1
10bf
073e
f6a6
0d5b
0156
03a7
f6e1
0d38
fa2b
f7c3
fea4
0300
fdff
ea25
ec8f
fb5e
103b
fd97
0da9
00d7
0d51
0981
0565
027b
f5ab
04e2
ff6d
ea87
fb05
06a6
0ddb
f4ac
07fd
0c57
f84d
057f
fa76
0e56
fdff
f934
15f7
fcb5
0036
02dc
f69d
00e3
04bd
fbb5
0f94
0b84
1e7e
0599
1079
fb7f
08d9
1277
f70f
040f
f560
f572
f2b2
004d
0348
0d4e
0366
0f46
f8fc
0f4f
eb3a
0120
f8ef
0aba
00a0
fc43
0bdb
105e
f622
fd69
efc7
f4f5
1266
03e7
02d2
f6ed
f396
fae2
f33e
125a
f2ad
0294
0307
fa01
fff5
0ae0
0a85
f2a9
0c91
02a4
f5bd
00ce
f53a
0f2f
fe4f
0d5a
ff96
f7a4
19a2
1515
f650
ff40
f273
0237
0741
0231
fd9d
fd12
01c5
f158
0491
15c7
ecdb
03a2
031a
fe60
fd3a
067a
0369
fbb6
0a3f
08b6
f53f
0c1b
ffac
fe99
0481
0293
0717
f80d
1656
feb5
f8fb
fe0b
f092
0116
fdf1
0322
0f9d
f8aa
067f
efe4
05da
0612
0ac1
0352
f3e1
eed1
009e
f8e3
023a
f936
0956
1365
fa2f
0b3c
f876
0d3c
fd64
01f1
08fc
f271
0d8c
0e4a
f3b9
044c
fe5d
fda6
18de
fb8a
001e
04e9
f266
febf
feb2
0122
fbb3
092b
0712
f6ff
ecb6
2208
fca6
f28c
16b7
0472
f292
0a59
fa18
0b30
05a2
05ba
0d84
ff89
1498
0af5
07fa
f2ba
ed91
f929
0cdf
04aa
1230
0f9c
0771
f23d
0c28
fe9c
06ab
0cdc
f4bd
07e7
f9a5
0809
0e5f
ef78
13a3
0181
eb1e
06fa
f1ce
0476
f878
0565
101c
fb5d
087b
fad7
f7f9
fad2
e9d3
0d44
07e7
fdab
03b7
0e2f
078d
edfc
10ff
ffd6
f4f8
0107
fa1e
f8a3
f556
068a
0d82
f291
fe88
0521
fd4b
03ec
f3c2
ff79
f3ab
0fed
0eef
fa28
1a08
070d
fcf2
f9e1
f70a
f233
0e5a
00f3
0b74
0a4e
fcf0
0241
0c8a
081a
fc16
14a3
f0e9
eac0
f08a
0914
10e2
f87e
1256
0749
f027
fd84
fc42
109e
0ab1
03f7
f8f5
f7bf
08bb
0336
fa4d
074d
f1f0
fe4f
ff6c
0a7d
0394
14af
0992
f8e4
fdbe
09ee
f150
0dcd
f748
0177
eb7b
f9a3
11ef
f9ef
0558
1e3d
fdcf
f568
f369
0ed2
fd7d
fd01
0170
f256
03ff
11ab
03ad
e52b
fa29
efa1
1610
08d5
09f0
0047
fca0
f4d5
0d1c
0f58
05ab
0e59
05f2
f9ac
e8e5
0264
ff8e
f61d
ff8f
10fa
053e
13e3
ef30
0f86
02d8
054c
18bf
f4a7
0acb
118d
fe6c
f9fd
ee62
f00c
1369
0b84
0551
04a3
1116
ed07
fffd
ff89
007a
070e
f280
f9d4
f0bb
fe1b
04e1
fd48
f492
00e5
0ede
0958
029b
0b23
f135
0a16
08b4
ed98
0423
08e6
febd
029e
f2af
02b3
1032
006c
0eb1
1380
fd2d
f963
fcd2
07a4
e9bf
14c7
f376
f34a
f9ba
0804
0cd5
e901
0cdd
0dc7
ff64
02d8
f0ff
0660
0848
11c9
0cb7
0126
0392
11d8
ef0b
00b2
fa16
0550
0564
fa2f
08fa
07a2
00ed
ef55
012e
0bed
01ba
0835
eb32
f3c9
f77a
02e5
1221
fb51
0cde
0868
fa54
0935
0215
1410
fde3
f2cb
0481
fbd3
0c6e
09aa
f4ed
f611
fd54
e5cd
0d5b
160d
00b2
0387
093a
f92e
0fa6
0269
f589
084f
efee
0463
f6fa
fab4
032f
ecbc
075b
0447
f1b9
0b3d
fbd0
09a3
f75f
0e9f
fec2
f2d4
0566
174e
0673
fc21
ffb1
f468
0a00
087c
07f5
0894
148b
0157
1194
0fc5
ec0e
0aed
fd93
fe17
f311
1785
0fc7
f708
0bca
08d6
fd76
fb95
fb04
0d5d
fde5
0ee2
0ac2
0433
0ca3
0de9
f17c
0972
f196
fe6c
0315
02b5
f5a5
049d
066d
fc96
0048
0fc0
f584
0937
f618
fbe7
f505
0f22
fd53
f99c
17a9
05a4
017a
1574
0106
0010
0456
0130
ff00
febf
099e
0b70
ef04
fbff
f37a
05a6
02a6
02b7
049d
0784
03f5
f492
1331
0262
f95f
01d8
0631
f80e
fc7e
10cd
00bf
07a8
08bf
011b
f776
0b52
fb64
17de
fd51
08b3
0ee5
03a6
03b7
0f41
0770
fdd9
f441
0032
0ab7
fb1e
162c
fa6d
02e7
e6a9
0baf
09c9
f86b
00c3
facd
f40d
fa0a
03cc
08b9
f3c9
1532
074e
f1dc
05b1
ff6b
0d81
02b4
0c3a
0e74
fca0
0a59
0223
fba5
01b8
f761
f728
04fc
0d3b
0426
01a1
0dea
f997
0899
010a
fc64
0842
fe8a
f5ea
f270
ff2c
0d70
f56f
10d2
110a
f9f1
1413
edf2
0750
fc71
122a
0523
0181
0b05
0afa
f56e
f5f1
f5b7
f715
0128
0358
06a2
06d3
f43f
f459
1608
f694
ed20
174d
ff5b
fbb0
f76d
f270
0561
f3e4
1251
fb78
031a
1087
0276
f6b3
0393
0fa5
0cd9
e404
0ae1
037d
ee2f
f8fc
fded
f682
0468
051c
0266
fca9
05bc
e896
106f
045b
f335
08ad
0cff
ff91
ef81
0311
ffd9
fef5
07f5
0691
00ef
06ac
ffa7
1290
06ef
08fc
0851
003b
fde1
1aef
efd0
02f1
f750
f6a1
07af
f868
1125
0aae
0651
fdbb
035e
0082
f403
06f9
f79b
fc44
f353
059d
0e54
01cb
0db3
0b88
02d9
f537
fb72
0aa3
f7fd
0420
1076
f1db
ede7
048f
f87d
e613
f447
f2b0
082e
0d16
0eb5
fbe2
eb72
e694
ffe1
08c3
f930
071b
eeef
f96e
0246
0483
120a
f453
002c
0784
05cb
1072
f56b
0c54
fa79
0543
11f3
ef10
0796
0987
fd5b
fa1e
fdb2
faa4
f913
fe4f
fbd8
0ef8
02c9
f7b7
0436
01c7
f071
0947
ef9b
f995
f792
1685
0267
0745
1f65
0e3d
f5d1
068e
f8b8
0b93
f44b
08b0
0400
f003
000f
107f
ff45
00c7
ec9b
eaac
0c85
10e2
0651
0fd7
06a6
ece0
0689
ff5d
f57e
0e7e
f7c5
fa95
fc0d
f5ba
0e16
ef2f
21f7
0dcf
f9e2
0a55
ecfe
1b68
03d5
063e
03f7
e764
0305
0740
fe8a
0729
04ee
0360
0aa8
ff07
0e11
0a97
f643
f3c8
f91a
0d2e
f723
fbae
f585
eb79
e906
0986
021a
f8fa
034a
0540
fea2
0174
0391
0433
0426
0887
ff3d
f776
0f96
0d17
e511
f178
f5ba
0074
f984
f566
053a
fe2d
fcd1
f118
08ac
0931
f464
fc1e
07a5
f996
e96b
04be
1082
fc66
03b0
042a
f52e
05dc
fd99
10c5
fa20
f782
143e
fe54
0b10
0687
ef81
fb70
fd7d
f432
150b
f737
067c
0c3b
fae9
e49b
fe2a
0e1b
f456
0852
1153
fb86
fc8a
00bb
0376
fff6
1a52
04b1
eabf
10cc
ffef
0bf8
f266
0bdc
0282
11cc
ff8f
1278
fe15
f7f5
f029
0700
fccf
fca9
03b8
0dc8
06b2
dc1e
0ff1
0a16
e0a5
fac5
0315
053d
029a
0cfa
1624
f31b
09d5
fc22
f47d
0d2e
064d
0d76
fe23
014c
06c3
f629
13bb
fd4a
f59e
fe3e
f874
f4f2
078e
fd8b
01dc
0819
f660
fafe
0e23
ffc2
f1b5
0092
f643
ec01
f698
07c6
07b3
f313
fd93
07c1
fcd9
049a
0040
ff09
0200
0f85
f445
ff7c
10d5
fe9e
fc8b
fe56
f788
fea4
06d0
0ba4
0787
07ca
0848
f5a6
ffe5
0ece
fe62
0f97
fb88
fccb
fb6b
050f
0fff
feaf
1651
0c4c
fb6b
fbbf
ee9d
0ab9
f4a1
fb21
fdf8
024f
fed9
0567
007a
0733
fb56
f5ce
0d90
fe8b
1283
0ab4
fe67
07ed
0570
0bfe
f03c
0435
ee50
f657
f4c3
0d25
0654
f029
023a
11cc
e85a
120a
ebb7
11b8
e513
0ccc
08e6
fbbd
093e
0ea6
efcc
03df
eb41
0b1a
02a0
0a01
0171
07d8
0190
131d
0a10
0b77
009e
09ef
fefe
fba4
f1d6
12f2
13ab
ffca
fdc6
091d
f21b
09c7
f6a4
059c
fcce
0ba9
0d78
0665
1e96
073e
06b9
fa67
edb4
f9d4
0e98
0259
0022
0e98
099e
f3e0
0bdc
0d60
f904
0ba2
fafb
fb36
fe3b
0e91
12fa
f362
0655
feef
f388
05d2
efa1
0d45
f372
166e
0c4d
f7fd
0b23
04b9
037b
06e3
fefb
fc8a
04da
fee1
04ec
1aa9
0290
076e
0be0
13e3
fdbd
093f
07f2
fe6b
ef70
fde3
00b1
fd5b
1a01
127a
f777
0c4f
e4d3
0034
068e
153f
02d6
fcde
1a66
0b87
fadb
031f
f097
e927
f989
057f
ff10
004d
0c97
f255
0415
0f2f
0064
fcbc
08ba
f3d7
f7f5
09bf
0929
fb22
0188
fff0
f809
04ec
f431
0d32
f942
0e8e
0e2d
03c5
0634
075a
f01a
05a0
f954
f645
fbd6
00ba
08cf
0389
ff50
f126
063a
0544
fdfa
0dcf
ee7f
f00d
f82b
087d
052d
f70c
16b8
f66d
f24a
044b
f6e7
0106
f192
0b99
0516
ff2d
0d08
09e0
007f
fb4e
e511
0245
fbae
fae7
10ad
036a
0b07
06d9
1149
fe11
03bd
0c08
f0b1
f7d1
e88b
042d
0cd7
f978
002b
017c
fe1d
0c4f
f587
0d54
fb26
0544
0d95
fcb2
178c
0bce
053b
fed0
ebe3
fc41
f991
17f0
094b
0430
0f82
f8a5
0dad
11c3
f9dd
0997
00c2
f5cd
f50d
10d8
10ab
fb18
0848
0dca
fd22
f826
f3b4
0fa8
f269
058d
1391
f90e
19d0
04cd
05ce
f44b
f505
f7ff
0793
08ac
0699
02e7
0192
fa4d
08d5
04f7
eec7
0b19
0894
ffd5
eddc
fde6
07fc
fbbb
11d7
1129
f34c
ffe3
01b3
08f8
fd4b
05cc
06aa
fb7c
fc25
15cc
03e0
fa7e
f960
f800
0cea
f5ac
1113
0949
fb50
eeb9
0ca5
ff59
fe6e
05d8
f550
ee08
0307
07a2
05cf
fac2
09c2
1119
ef6b
0b75
fbf6
11de
fa4a
0964
ffd8
fc63
0eb0
0fbb
0054
0f54
f608
0506
0aad
069a
1641
0f2a
1222
fa52
ff8a
00c5
eee4
03ae
fd38
0757
023f
1697
082c
f6f0
0b48
131d
e869
0b65
fcd9
0ced
f747
fe0b
0a81
034d
048b
062f
efed
075c
f098
fdef
f86f
07e8
1589
12f6
fef6
089b
0634
063c
fa08
f755
f8fa
f9c5
fde9
0376
04cd
eb7d
0960
1155
0395
0f49
fea8
0c18
015e
0f07
019f
10d3
0059
1bdb
0282
03b7
f9dc
fd63
05bb
05ca
01b8
14ad
112a
fa05
076a
0f34
f312
0224
fab9
050c
f960
13df
0528
ffc7
09e4
0a97
f5f8
1aa2
ed85
092a
edbd
0518
117e
f4de
086e
fd20
0065
fcad
01ff
f395
11c0
09cb
03fd
0605
123b
fd65
04d2
fb43
f972
1110
f5f7
0b4c
0d31
09eb
00f3
f4f5
fc09
06fa
f81b
ff0f
ea15
0449
f919
0fde
0584
0186
faec
0adf
0137
ff47
f7cc
f5fc
0cd3
0b9c
fe6f
04ba
0204
f5af
05fa
0798
f682
052f
0019
ec5f
eda2
0829
016e
ed25
0a87
0bb7
f999
008b
e9a0
06e5
0570
0a21
09c7
0b56
fe66
05ab
f9ac
098a
ec38
eadb
164c
ff76
fdf7
07e8
0914
ef8c
0639
0c2b
e383
0802
f3db
f7b5
eef0
09cd
feb4
0112
0165
12f5
fed9
f904
f29d
17b2
fda7
02bb
0b70
f5fc
fbe0
07ae
0bb3
fe2a
f249
ec63
0485
0b5d
06e7
0587
0ebb
f823
12c8
