// 640x32 weights, scale=76245.4043, width=16
f151
1654
f765
0e3f
095b
f8da
1b86
fc96
0bfd
d8ed
e2c9
045e
e6c0
0948
fd1a
feb9
e497
f5b4
21dd
118a
0f2b
1de8
0ed2
1d98
126f
eef4
dd4d
dea2
f965
e8b6
c446
ea7b
ed2d
2400
efd0
119d
0081
ed0a
0ec8
04dd
036d
06ee
0324
099f
10c7
fce6
2a26
2acf
0bc6
24ea
214d
d4ec
0dc5
0d96
06cb
20a6
0344
f903
dfe3
e2f2
ffb5
d379
e82d
e530
f55a
1761
06b8
2a12
1ccc
d6db
f8f0
f757
28d0
e3a1
0af9
f087
f30d
246f
1298
2c53
f07e
e88f
1c63
c76b
e0c7
13fb
18bf
2fb2
009a
097d
e87a
0832
f092
cf80
cdcd
ff04
f12f
0cf0
d740
f680
15cf
fd40
d3d7
dbf2
2544
d897
e1df
1bc8
e0e5
1128
07fc
2036
ecd3
e9d3
2535
ce8b
2493
217c
248d
294c
153a
fc11
f270
d655
eef4
cd5f
c0e3
f241
e600
0975
dae1
11e4
0d6a
0158
0618
fd52
300f
0113
c571
105c
1250
0c14
17f9
0f1a
f2e4
07b2
fa8d
e866
024c
149b
17e3
1b81
f11c
e49e
eec3
d51e
0b50
df7c
bf6f
c5f1
f838
14b4
e3ee
08be
1dca
ebff
08ca
d3c6
34c4
fd0b
feef
00f3
1cac
0f92
1bf3
0bba
d545
2208
f43c
f028
0d95
f04d
2895
1569
fa52
f5f7
e984
0525
f7ad
df1d
afd0
d7fe
01d1
1b9c
e701
2e6e
f841
ec15
d6e3
f585
0d7a
e390
d13c
1305
12b8
0925
1472
0a21
e559
f9ed
1943
f789
003a
15aa
1bbb
248e
08fe
e3fa
d291
2111
03ee
c131
c28a
f8e9
e7e6
334b
fd77
05f2
03fe
df82
f7aa
d3dd
2d7a
0875
d853
f174
f1d3
f8b3
de07
fa66
031b
0780
2579
e556
2e6d
09ea
0f67
44f3
001e
d90b
ede9
ed67
1307
d13c
dc9e
fc28
e402
1be5
df9d
34a0
fd8a
e05e
f707
e74f
18a6
fab5
e34e
fbd4
f653
f6be
3faa
2598
e0c9
f762
1174
e5f6
0f72
fa83
0c40
2fc3
0740
e72a
e57b
e539
d71d
ec32
bd43
dd39
e500
2a29
d8c4
e7e7
0510
f470
f528
f56b
1300
f316
d83a
0340
23ba
06ec
1b31
c2e1
f1e2
0f79
0e1a
fa43
113d
0211
0680
1528
0d76
daf5
1279
f09d
fb97
ef6a
c949
f933
f4f3
0e1e
dac7
08e4
10ab
ea27
050a
e6b8
1887
e907
f24a
e586
17f7
0045
17b5
1169
f317
fadf
29f9
cc0a
fecb
0473
3949
1b29
f6b5
d5b2
e87e
edb9
224f
f1cf
b710
0fa1
e982
0bd6
052e
05e8
002f
ed6e
0c5b
fd02
0050
0f3f
fca8
f547
ff0d
f6c0
13df
0d82
e0d1
1dca
2c3f
d20f
1c64
1845
0dd9
0f18
1052
f96c
e8a1
0165
f634
c201
b966
efef
e2d8
11ac
dd6a
fa52
eb44
eeaa
1ed0
e54a
12dc
e451
f694
fefc
2ba9
ed8b
17e2
094a
e7d6
1888
0d8b
11bd
fa7a
0a23
052f
2aec
f276
f072
f60c
0091
086b
bc45
c72f
f103
e7f3
236c
fe4a
0954
ecb2
00fc
04d5
e841
3918
e821
daa2
087d
1db6
fb6f
3243
153b
fdc3
0e8d
0edb
07e1
f4aa
1b53
211b
0cb1
109c
ff4d
f022
0f61
1b10
f786
bfb7
efb8
f8e1
190c
f1cc
0ee3
1b55
ec33
eccf
dec5
099c
0160
ebc1
0de5
f7b3
e571
0051
216b
ff8e
1378
0257
d033
0a85
ffb9
f78f
0a1b
fd61
06a3
e7c5
0558
021b
d058
8cce
f58b
f8fb
3905
e488
07d7
f876
d8bf
f74a
e6a7
309d
edc2
dfd4
01a8
1260
fbab
24c9
ed1f
ea38
1aed
fe56
ebfe
25af
0c06
037e
0e68
1542
f248
ed70
f555
104a
dc50
cdef
effc
e69f
17ab
0271
f007
1a7a
0ef7
ecc1
e9f4
1df6
e170
e0db
f48e
1ad8
f30e
3040
06d9
ebde
27cb
1196
0c06
0ab1
1621
204b
1530
dffb
f39f
e8c5
d161
0594
fd0a
e6e6
f2d0
fd9e
05c2
ec49
0d7e
0c6c
e9f6
0e90
e43e
1e92
f4c7
d850
03c4
083f
e8e8
21ce
048c
dfb2
0ca3
25ef
0299
0f33
0c87
2b24
220b
0f09
e580
f1d8
ed14
1954
d19c
c57b
02e7
ec90
1696
ee7c
f647
1190
d142
05ba
f2af
1849
e09f
df37
04d9
ff14
07ff
f86c
fe13
eead
fc04
167b
ff07
ff8b
e663
026c
1b95
e862
d6dc
f825
13f8
0c39
fc72
da1e
fafb
d900
13c7
f1b1
1a09
0cad
dcca
0803
e04b
ee1b
da0f
f58b
1bdf
2ef8
12d1
20bb
2739
e25a
f2dd
2968
b859
0a55
136a
0716
1a77
12fd
f3db
fd6e
fd21
0fbb
e27b
df70
ecbb
e558
190c
e3ad
1e11
13de
e5de
e48f
d8ad
14e7
0613
e53b
18ea
0169
2d39
fe58
1ba9
fa79
df05
15c5
ea37
dfc9
2d52
47c7
f786
1a1f
0023
d0ec
0166
d776
db86
c5af
f062
f3e2
ff73
dbde
3de2
2340
1002
e415
f3ae
039a
dd4c
0391
2367
f77d
1816
0503
26ee
f60a
f4fd
128b
c0f8
d7a9
3a4c
3485
0dba
1e1d
fee0
cd2d
d875
f6b3
dd35
9dda
e8d3
f0f0
1bbd
f049
1ba0
1d9b
15ce
de10
e76f
2c94
de1c
e806
028d
f219
31f3
f739
32bf
f554
f01e
27a9
dce6
fd3b
18b1
098e
21ab
4394
dd64
d0ae
e2ac
dfbf
da89
b670
e963
d618
0a74
d9f3
1743
023a
220a
ec5b
cdbc
0c57
e2d6
e253
0a6c
f551
1d50
f5e5
2838
04e8
cddb
3e7f
f3d2
f235
45f9
226d
2141
17f3
007d
d9f3
e695
0339
d086
c69f
eac7
e1c1
1c39
fa25
2cfb
f820
1db8
dc01
d98e
1f88
f772
dc94
4f2c
d3b0
0798
dade
38fb
eb13
e0ea
1fc4
d5a7
db99
16b3
2b11
2418
1476
f19e
e0f8
dc13
da25
c377
b4a8
efcc
e231
1de7
ed43
2db1
18a8
0640
e506
eda3
0929
f525
fa3b
23e4
050b
1641
f6c6
1688
f1e1
de57
3001
e620
fba8
0640
17a7
0441
19bd
e216
d4c1
edd2
e4ba
cf0a
c73d
fca9
df7f
13f6
ec85
33bc
1ec5
0ca9
d386
ee01
075e
f68b
ec28
23a1
db71
3139
f99f
3304
1311
e977
34de
db70
ee12
2600
2672
1e8e
21b1
ee19
db59
0b2f
d8ec
b4d4
bfc4
ef8c
f167
1502
0189
3e0d
2372
ff12
d5d9
e7d6
1192
d3ca
e639
267c
e16b
28dd
f945
1b49
e6bc
edc5
2026
d884
f59c
2cae
266b
0fe9
3447
f095
c416
eb98
cefe
b9f0
a686
e2bd
04b8
0a4f
faf3
247b
122b
22fd
eee1
d09a
274f
dc12
eaf3
2f24
e479
3492
fac8
052f
e626
eff6
1633
d992
f5b4
23f1
0dde
162e
1aee
d961
be3b
f2e0
e16f
d152
b199
eafc
dd1b
044b
eb12
1433
31a7
3081
e36a
dc5e
12e6
d414
e7a0
2de7
ee9a
1899
f314
3835
0b3f
db7d
1485
dae8
b57a
1b0b
1c4b
0bc2
0fe9
e966
be13
fab3
d3d7
cc4a
c73e
f782
c417
0dc5
fa6a
1f30
04d2
11f2
e47c
e93b
02e6
e1a3
e8ac
15e9
c701
1752
ed14
1839
ecc5
ec88
329f
fab6
f5a0
0a57
f2f3
11ae
258c
da38
d0a8
e151
e51a
cb2e
ceef
d106
e751
114d
d618
5060
1b63
1f51
d752
e9f0
29c3
f310
f121
2ee5
d123
2731
de2b
299b
e4fd
ea91
20b6
dc0f
e781
1776
0fe3
0861
3e78
f3e9
d464
0513
cd70
da7d
b18e
e87f
f688
2e4a
e0cb
1f4e
2bec
f4ad
ed44
e8af
06d1
f06e
f7d4
0c88
f18a
1fa9
d96a
363e
003b
df1b
1089
efcd
e317
fb66
2d30
1356
3ccb
f3b8
de2c
1df5
e630
cb33
c8cc
00f9
daf9
04ae
f56b
edd7
08fb
1864
dee5
d2d3
361e
d68c
e541
1bc6
ec87
194d
ecc6
1ec0
eca1
ee22
f48f
eaad
d387
fa02
335c
fdf5
2524
e103
ca3e
f62b
d659
def6
cdbb
0175
e8e9
2575
0a7f
45f2
2dbc
1070
1214
12fd
09d4
fd62
f7f8
2924
eb38
2e45
fdb2
267e
f3bb
035e
2821
e820
fa81
3f0f
337f
19de
2aab
d976
d197
dcd7
d43f
de57
c562
f5ef
e405
27cd
f039
396b
2bb7
102a
da9f
ee50
24dd
f993
da07
3180
e651
2d85
e27b
2ba9
e0ce
edde
1ad4
db36
e1b7
1d3c
00e1
2216
2fe0
e650
b86b
e355
f6b4
e118
c0bb
fcfd
dd42
09de
f5a3
2bc8
18c2
de94
e9b9
f313
f9c4
f7f8
eda2
2f5e
f610
1d96
f9f8
2f60
fac0
0422
2d50
d01f
0475
114f
1868
03a6
29a8
ffad
e081
f5d0
d34f
c45a
bc1a
fdeb
df8b
2215
ed3f
26c0
3533
06a2
ffb0
d640
082e
d3a8
e167
2b77
f77d
257b
f28d
0c92
d7ef
f056
3500
d84b
d5a6
0232
1470
2dab
1e00
dc41
c4cd
e612
edbe
c593
b313
eae7
f634
1fb5
f6d8
21ae
02d7
ff0b
e4e1
d776
19e2
e438
e425
3793
ebb1
3bed
de71
3495
fd1c
b90e
2162
fbf9
f559
1850
1b5d
fdc6
2920
cfb0
c87d
00b4
de42
d097
c6a2
1bbe
ff9f
06f9
0990
2303
2a13
037a
d86d
fb1e
0a00
e0ff
fcda
0b4c
d316
2a5d
cd73
128d
e7f4
d623
11ce
ed57
f125
0d70
2895
2cde
0b97
ee9b
f78e
f844
f0ca
d3be
bbc5
011c
f988
1375
e60b
08b7
2588
016b
d56f
f8ce
2687
fa1b
137c
2697
d75c
1a20
14dd
18b8
ed3e
03c7
3cb4
da47
e9c1
0851
0fc2
0dbc
17f5
e7f7
d0a1
1295
e35e
d6b1
cafb
eb41
0316
03ca
ebb4
19f9
264b
0e8d
f3ec
0193
22c9
0921
085f
2fd2
ee61
074c
f368
26f9
d1e6
e3f5
307b
d2e2
fc07
24f2
1b4a
1169
3aab
d5a5
f5dc
e08b
d636
eaa3
d46e
0431
ffdf
19e4
d8a5
1aaf
2653
0e95
c03d
ff2d
3331
0676
dd04
2c5f
c5e4
3e72
cdc7
2e90
0166
0003
23b5
c646
e7f1
1a23
1b58
23a2
3234
10f7
d86c
e7a4
0291
d0ce
d2e8
f11f
c84a
1861
f283
2007
20b4
f3b2
dbba
06a2
146d
e547
e3c1
4903
ca49
3301
eff0
3d5c
03d4
eee0
08fa
ebd7
1058
1051
2c82
063f
0854
d28c
dd9f
f292
e7dc
e488
d80c
f7c9
faf1
0348
ed38
1809
11a3
038e
f174
0ff1
063f
f0e9
ecb0
3300
f133
2ee7
ddf7
2d3a
fcd3
e10e
465d
d3b1
dcb0
2bf3
1c91
fd89
2d57
07f8
ee5e
e4a8
ef62
cefe
cae2
0331
fcd4
16a8
de43
16f0
1e9c
1471
ecc7
fa9b
288f
c5e8
fce6
0ec1
fd6b
28bf
f891
183c
f2b7
cc24
32ad
da5b
bfa5
3012
3d7c
0533
3a10
e0c3
ab6f
e81f
eb84
d73d
c598
f2fb
f235
10d7
e3b5
27f3
2064
0659
d0f0
e496
18ed
f30c
ecbd
248d
ee74
3838
f964
0442
e667
f593
2c8e
e625
eba9
152a
351a
fd50
39d7
ed2c
b3ff
e785
ee8d
c37e
afd3
e938
e106
ff77
f4fc
39ee
17c7
135f
d93a
ebdf
1a3d
06ea
f657
1d3d
ef90
2630
e657
160a
ed8a
e8a0
1a7e
ca91
cbde
26d5
1b5c
383d
2800
fe38
e4cc
ed0c
e321
c54d
e2a1
d4f8
edd8
2acc
ebf9
1d67
201c
13a2
ebd2
f267
2319
fda6
db8a
1f8c
f9e5
28ff
f1fc
2e2c
fdeb
dd16
0953
cc22
0aca
0e95
1b3c
107c
3550
d097
d01c
024b
f58d
d895
c432
0b4a
d29a
2472
f655
3650
2727
0955
f222
da9d
026d
f0a7
eec9
2e84
01b9
1fb5
fa9d
2ac1
157d
d5f7
1702
d34f
001c
19aa
3bf2
2e45
3b8c
f514
b5e7
f124
cf47
c843
cd32
e8e5
fe62
126e
d3ea
1fd5
11e6
000b
edef
f610
1c89
d896
1548
2e9c
0ff6
1fb9
e4a1
5328
dc18
ee79
2049
c920
0a2c
16f6
308b
2677
1dd9
cde5
b240
e0c7
e882
d286
c378
ec50
fea0
20c3
f413
215e
3051
0c01
d853
e423
2b54
0cb3
e511
03ba
f3ec
1a6d
fa46
1b8f
1324
ed5a
322f
ceb9
bd61
2609
231e
1fb1
210a
d800
aecc
f749
e1e1
c234
c012
e1f1
cf03
17d9
fbd7
2110
0590
0733
fb24
112f
1c9f
e0d7
cccb
091c
e957
29a3
f25a
1c86
d458
d274
2456
d1f5
0166
086f
3c19
0912
2ac7
f13e
d15f
cc8b
e112
ea40
b56a
cf65
eac4
0daf
d84f
2199
1895
ff8f
e45e
f98a
1d9e
f3c1
09e4
38bc
b7cf
24f4
d3d7
1b06
fada
e75e
2259
f1d0
cff8
235e
2ade
1464
1665
ed45
df44
f408
ec3e
d591
ca3d
d96b
e982
1bd0
b9c5
3487
2437
fc24
d52c
ea36
1f03
e7c3
0135
28e4
dbc4
1cff
f1de
2be6
f951
eab9
22e7
dd91
f6fc
0f12
29cb
f554
2c74
f1ca
d3ad
ca95
0044
e5db
c4d0
f5b6
dee4
1c58
07b4
143c
4e97
075b
f252
dff5
1ce5
d8a6
e2d4
2440
dc9c
22be
fe54
07f8
da10
eab6
1928
c242
e9be
17f6
2364
12c7
2196
ec6f
df56
03fe
d889
bc24
ac01
c8d2
dadf
061b
ecdf
0ab8
3c6c
1e7b
f4d2
e534
1b08
de48
07a9
1487
e096
4107
1790
21bc
e714
b3a2
3fb5
d6c1
c752
3451
295c
0dee
1e55
f9c7
d58d
f633
f855
e75b
d7ae
f7d2
d936
0118
fb72
36dd
27c3
16eb
d678
f732
0629
eef2
fd57
1bf8
0800
37eb
04e7
25ac
d6ef
de93
25ad
d806
f5d3
24fe
1857
22e7
3e5f
e177
ce71
f0ba
e18a
d341
b7d3
0581
dd40
057b
f895
2e58
181a
02a1
d62b
e64f
221b
da99
f3d5
3feb
eb89
191e
e207
24b3
e38f
fa69
0465
fb2b
c9bf
2010
0f91
2156
1c91
da58
ca30
e73e
c3c7
d8b8
a176
01a9
e92a
23ec
e383
1a4d
2bb3
057a
c697
ec0a
013b
edbb
04ba
3d04
e809
2548
e8d6
14ce
f3e6
ea6e
1b88
dd1e
c46b
42dc
2a0f
fcc2
27be
da66
c1c9
df20
edbc
afb3
c0e5
d294
ef26
1438
d519
2937
2658
e8de
ecf6
e9f5
0c15
2975
e875
215f
0360
0cf7
0d84
148e
cbae
0e2c
0a53
b35a
f9d6
125b
08c3
0131
00fd
0f22
d7f3
d83a
c59a
ce9f
e1b5
fe75
fd26
1696
eeae
3c9e
148a
14e5
c1cf
f735
072d
fc49
f9f4
1155
d849
3fda
dca1
150b
e233
f458
028c
ebe7
e263
1b32
12a6
15dc
3cf4
0802
c27c
e82a
e6b6
cfd5
c6d8
f7e8
f5a2
0701
cd8a
2504
486f
ed9e
deff
035b
2758
139d
027b
2a5e
d93b
0d20
df03
3154
f4b2
dff0
0f6c
c3b4
dd79
25f7
07ca
1681
05cb
03c4
fb1d
eeea
d833
ccea
b4be
046c
fef2
15ba
efd6
1b9b
1ef2
e66f
efc3
0485
18e9
067d
fc7e
396e
f5d8
268e
e09c
1eba
0d7d
e5c6
392d
d8b3
2456
204d
fe4d
3e05
0223
119f
d5d0
ed49
db43
c24c
c98a
f309
fd5c
1efe
f251
424e
10d3
fcb9
e2b2
fe15
0caa
130c
e7a7
404e
dce5
38ef
ec5f
229e
d958
e6c5
270a
bd84
dbef
22e4
043f
05e9
2d08
fc38
c2c9
d6dc
f287
dd15
d381
ef6b
e74a
1698
e155
3607
3152
19af
010f
f842
1b27
1bcd
d334
2752
d02b
407a
e5df
4014
ff3d
e2fa
07ce
c942
fb31
205d
06a8
15d5
4707
1f34
c626
f336
ef89
b83f
be9b
e6f1
f5db
1282
d4e2
3123
1681
f876
cfca
e85a
1f0f
0d2f
fed5
fd12
dcc1
1165
e982
2b4b
e4a2
d841
3329
cf7f
ed00
1661
24f4
1355
345a
1639
fc42
ec95
d958
c1ef
c0e0
f40c
e31d
3361
f028
0aba
1ca8
e51d
e240
dbc5
2aac
fc41
e9b4
263f
d630
1df4
0bf0
123a
f2ea
070b
0fd4
f885
0e09
36c7
fe2a
2dbb
08cc
e5bd
f8cd
f53f
15e4
b11b
c845
102e
ec21
2181
e9d2
235a
0b08
f7d9
f86e
ead9
00fa
f337
fb8e
166d
ddd1
19f5
d90b
3299
eb5d
e607
1a17
e49a
ed3f
2773
227e
149d
21ec
e0e4
c45e
120f
c66f
d465
cb21
01b7
1cd9
11c6
dda6
3354
1e82
31e0
e9f5
e0de
0690
16fd
f57d
1328
c9f0
06c1
f85b
1d94
cf41
e084
fe6c
d011
dc37
141d
1fd9
1b7d
21a0
21fe
fac3
fc16
e5cf
dcb2
c130
e005
e146
1d9d
01b2
3a1d
2c80
0528
dcac
ed8d
1c4b
0d6f
0cbe
1aa1
e9f3
1f07
0f71
0494
dfa1
19e9
18ec
f7df
dc12
3781
2153
1f80
091c
db6c
ee3f
e51f
d1ff
bdcd
b754
0488
e0ab
1533
0d08
2775
2771
05bf
daa6
e09c
18ab
15e4
e211
178c
cfa3
1d8d
ca16
37ff
ef39
f0f6
0bf0
d0e2
fb0e
2e85
19ad
06e7
2ff3
1adb
d369
ff4e
f21d
e534
caf8
e889
e705
28d4
e1f8
1b9f
2990
0b81
f3a3
df6c
0f30
1fb9
e5ba
24ad
e3d2
40fe
fd07
0c9b
d4c6
f567
1cd9
ee6f
efb6
3589
0112
0f69
2cb5
143b
cc11
e55b
de69
d8ff
d5ca
e95f
ed97
fba3
d9d5
490e
0826
21d9
d83d
caa9
2a22
2211
e3c2
360b
deaa
2b48
f0d5
1c5c
f643
0f73
1a7d
da8b
ddbc
2662
16fc
1ee2
4361
f4f1
b979
0878
e991
c505
c722
de62
ff82
29f0
f610
29f4
022e
f36b
e112
bfa0
0697
ff79
f71e
239e
f6db
2f33
efed
0249
f825
1add
04bf
bf29
2120
2cfc
156d
2a2d
2188
0221
c365
fbff
e5e7
e312
d727
e38e
0859
08aa
e595
1d56
0d1f
14db
ca3c
e1aa
34cc
fbdf
e2ee
027f
e1f5
0f16
dd31
1f14
eb2e
dbd0
1f3d
f5d7
103f
3cad
2f9a
1a7f
00dc
d400
cf27
e750
cf8e
d773
df00
ecf7
f30a
1541
df54
3e43
1161
01c1
de0a
e883
1e94
1f74
e969
2fd3
d892
3110
0bae
18ba
f099
102e
14bc
da33
fd5b
1252
286f
0fc2
3061
065b
cebe
ee9a
eb80
cc8c
c7c4
e3be
e703
2119
c8f5
09a1
2192
032e
e290
ef14
0492
f0b3
fd17
2c16
d3ef
36c6
f95b
1395
0071
1915
2ede
c8f3
02a4
1820
1068
f140
29b6
f665
dcd1
d85b
0b6e
c500
ca69
d330
e5fd
24d8
f080
2bd5
1214
e4f2
d198
e432
2732
173a
f297
2094
ddd4
326c
e7d7
1f50
0dbe
d9c2
177a
de54
df08
0a3b
346c
00ea
1a28
076b
bd73
eb78
e30b
d550
c8d8
d66a
e685
2eee
0043
14b5
3296
ef2d
c50c
cb19
ff19
0c47
e7ce
4c4c
f09e
1b72
ea40
2428
fe3f
fc92
11e2
be7d
1942
258d
16a5
fe8f
29e5
d313
cf09
e739
fa03
a6a9
c03a
dbc8
369f
0685
18f9
30dd
1c97
d14f
be3c
1620
eef4
155f
03fa
1959
0368
1c2c
064a
054e
1b74
2a6d
2c3e
05bb
134d
01c6
3273
f94e
04ed
09eb
d08a
0f02
29b4
e7c8
b9fa
0dd9
0ec7
e6c4
1c5b
26fe
2d6c
14ca
ed39
ee9c
f300
06ee
23a8
2f20
de2c
18b1
da0f
147c
170e
0043
2323
ec70
f97a
1b20
33ce
d91c
2737
0903
b70e
2d84
c37e
de23
e560
0e6a
102d
d0c4
0d82
3d43
1483
f081
c839
2719
f614
0ce9
232a
f92e
e686
4815
df2c
0d6b
1584
04eb
2295
d175
fc38
1ea2
f3bc
e1c5
00cf
0460
fb52
127c
2024
f237
cf35
08f3
0f39
eb5a
1161
2ec1
04bc
f0dd
cd86
f872
ef3f
0af6
14fc
15bf
06b3
fdad
fe5d
1734
12b7
1054
3b7a
c1d1
0460
17c1
2471
dfc3
1b72
09b8
e5a4
074f
13b2
f6a2
d305
1553
0bea
dcfe
2d95
f7e3
faf0
d7dc
ed0e
12d0
f398
00be
0f9e
0adb
268b
1021
ff96
1c6d
069a
0771
1201
f27e
fb65
0214
0237
e373
f11f
0a9e
0cd9
3872
1767
e1f9
e5a3
18d2
085a
ff21
096d
ffbc
0194
fb7a
011c
174d
d24f
16b6
0983
f1b5
e2bf
e748
d0ff
1a9d
0258
141c
1738
f25a
fcab
0e4f
10ab
db6b
05e5
0687
f83a
1fa7
fb88
0286
a50a
1af2
f1bb
19ff
177a
05c7
1ff7
e552
0695
0ca6
f073
0872
18e3
f51f
0bc4
1695
e42f
199f
19d0
081f
17af
d976
0546
fa8c
126d
ec20
01fd
292f
fa00
2007
ed57
dc45
c0a1
0dfb
25ef
04bb
f911
f536
20c1
06ee
e26a
1001
f245
2432
096e
162e
1219
0d52
ffb0
1670
fc61
1ca3
0772
03ad
11ff
f6f1
1862
e5e6
0e5f
0ab5
fd5c
05fd
055e
da25
c754
0d55
15ca
fa43
1276
1312
e856
f02a
faab
181f
df18
2b0d
1d37
f192
1226
1a11
eb1b
f149
1967
2eb4
f0a2
03a9
0abd
001e
18e1
f098
0de9
fe3c
ee93
0249
f975
1ad5
c5c5
1953
172e
cf2e
fe78
05c6
21eb
f26a
ceb1
f7f8
fb1f
1bc5
2a63
0254
05f7
2697
1103
f993
045d
0183
05a0
e977
1323
07c1
0d56
f45c
0157
1580
d4c0
2383
f309
ba67
f77f
09cd
ff3a
fa87
0123
eefb
f793
05a5
e78f
0022
d4fe
fdd5
0f32
e4fe
1626
0310
fa0f
2e02
0148
08da
fb60
f67e
188f
0b84
15f7
0660
fc82
0f9f
e12c
1cef
1b6b
eee0
b951
0dd5
1bca
e891
0ff8
1310
0391
fefc
dfb9
1323
fa6e
096f
1986
20ac
0362
03fe
fb47
0a7b
1bde
fca6
16fd
d026
fbc3
ff13
fc27
e5d3
f51f
12b7
eab3
1807
ff26
ccb7
dbdd
0b79
03a5
dc75
12a3
0914
0428
f3b6
1231
226c
f0ea
1471
2479
f2e7
182a
0f42
fd43
084f
1c3d
0cd1
368f
f604
0930
f780
08cc
0aaf
1206
26ee
06e8
1471
f534
e8e6
d85a
2e4d
1be5
f61d
1b26
03ee
00dc
0a30
ee15
0786
fa65
f278
1a05
2ec5
f168
0c18
1a7b
2522
28d7
04c6
026d
b8c3
1ca9
052e
fe4d
e593
1135
0cfc
bb86
046a
05b4
c01f
da6d
1be8
28e4
f7f8
24cc
11ce
23eb
efeb
17b4
1b97
e8d2
14e3
f4c1
1c93
06b0
2097
12da
0a29
128e
0f89
20aa
0a51
2885
1723
2636
ce22
076e
e28a
0d8e
edb1
0cf5
d343
0f69
fcc3
0c73
0ca5
18fb
100c
1d95
ee51
ef57
0ed1
ef93
1e11
12ee
0e60
ebcf
1c29
f5a0
2300
1aa0
0815
23c7
cf70
057a
0942
204d
d493
06e3
011b
e630
200e
ec1a
ee52
dbe1
1ae7
ff02
d66e
ef03
202d
079d
0af1
02b5
2433
ea48
fcc8
1fb6
f65c
1338
0101
f738
012e
eb4e
fbd3
0d6e
25bb
0f58
11f3
eb13
08b5
e880
00b0
ec03
16ce
f79b
0835
c1ab
141a
035b
f3d7
effe
eaeb
e0d4
f52c
e5a7
2e86
e601
1507
e729
e75b
1be7
111c
dd64
073d
14b3
1c66
f542
23a8
f314
ffba
1577
fc73
f1db
1a78
02fb
0d54
1f8a
1885
cba7
30d2
1341
eddd
20e7
fec2
0dd2
e7c4
0460
17bb
f0e7
0c6f
2590
06fc
13f5
16cd
cb00
182e
381c
fde3
3740
e90f
038a
00ff
0cce
e14b
037b
18c6
034c
0d5e
dfe0
f7dc
ec2c
0a3c
1f21
d8ab
057d
e3c7
f914
da36
26da
1a0a
f03c
1dc1
26f3
f9c7
0334
f706
e6cc
04d8
0b53
12f6
1b0d
f9f9
0fb1
f1b2
f75f
1a00
0832
06a9
fb65
1785
226b
fb76
edaf
f4bf
18d8
04ea
1475
ebee
03fe
dbfe
0a1f
1bf5
e136
3ddd
0e9f
d6f3
2288
fb95
1143
01d3
1c92
0f46
0627
131b
2133
ed46
f358
f95b
ffc5
116a
0b1a
21e5
ff30
ef23
f059
185b
0666
ea22
055e
e86b
04ee
e9fd
006d
1abf
f79c
10ed
10c5
fd23
1e11
eed2
0881
ecfb
223a
1e34
e9b6
3318
3af5
e0e4
feee
dde6
eef9
2bf3
1116
fe0a
1a45
dfae
dc6a
127b
044d
0964
13f9
0fe2
f5c4
ec9b
10fe
3284
0bb2
ff37
0d77
1016
f752
13f3
1c6e
e7fa
ecdc
1233
17a1
08b2
1b14
fe0e
f3ae
f589
e97a
0821
ea99
0ba7
070b
0359
dbca
f648
ff79
ea01
1a9d
f7b9
01c3
d4b3
20fd
0a2a
e188
1287
194d
ef03
18eb
d94d
103c
038f
19d7
0d80
0d00
24da
fa26
fae3
fd24
fa04
e2c7
2c84
14a5
387f
0f37
ff69
d34e
0a05
fcee
cd6d
0370
f39f
f130
15f1
2503
1518
fb68
0bad
0afa
fd74
0e58
113c
1e65
e650
f915
13da
0476
f8c4
0147
1967
f842
e91f
21e7
0cf8
efa0
134c
fc85
ea91
f914
08a6
1a18
dc58
0dd1
ed56
ea6a
08fc
1954
1d2c
ef5c
0c23
116e
eb5d
1b6e
f717
1532
2bcd
11d8
013f
2456
f152
00ed
152e
0cd8
dde4
f89f
295d
f566
157a
3d32
fc9e
c141
0b99
0d6a
e661
2efd
fd1f
f7bc
f66c
1063
f1aa
fbf5
1b2b
1867
008b
24cc
0f8e
f754
ef16
00ec
0a6c
ff52
f6d8
1d1e
db6e
f6c9
da8d
f08e
16f2
e4f8
2bde
0202
2bfa
cab4
2047
1b54
ea89
fa0e
e8e4
05d5
fb01
1c1c
2ab8
f78e
10dd
207d
fc52
28c3
f7cb
1c0f
064d
11e8
fefa
f12d
0f12
2461
fdac
ee53
f23e
eb2f
099d
191f
0079
22a5
0745
fe45
0b3c
0704
e47b
1fdb
d9c0
f652
e26c
04f3
3017
e490
0594
f80a
d638
0bab
e880
1d5f
fe27
02b0
2851
0f93
07e4
1dcf
0fe7
040b
e5a6
f5b9
1493
04ba
24f8
1091
ed70
da49
001f
17b5
ea3a
17c8
ec5a
e88f
fe93
1a3b
0de5
d3f7
fc78
fe2c
f2c4
022e
0497
1e3f
f20c
03ae
0919
00cb
1276
0ee3
078a
f23f
ec45
fd13
1654
1ffa
09b0
0442
16dc
fa7f
1f13
1df3
fa74
01a3
ef53
e618
e465
1624
2b1e
11f6
0418
1124
e4d4
04ec
eb0a
f6e3
fa50
ff1a
0f6d
e49f
18c2
1fc6
fb74
ec03
d3bf
dde0
1935
fe18
0c91
19c7
2f34
e276
1909
087b
dc45
0c16
f717
f3e6
ee6d
0855
ef81
f8a3
19dd
fa03
ef44
0acb
02ce
0dbb
124a
054e
20a4
1961
f055
1f91
0da0
13db
ecbb
05ef
25be
0177
13aa
fb1e
efa8
f44d
01f6
177d
edf3
2d33
f6d2
d581
e3ff
14c7
1bf6
f65e
2717
1620
d193
076e
f6cb
0681
f998
16a2
2d94
e941
f48e
fc9e
eab2
fbd4
ebe4
e710
ff7d
04dc
1c33
270c
1d1f
fa06
16f7
0781
f38d
2a93
f1e8
fc69
ed72
1ae8
027a
d91c
018d
f171
fe43
39b8
eb75
04af
f5d7
2c6c
1356
09c0
0e99
1657
d74e
f6e2
ded4
ddd5
f7c9
1654
37f0
0587
0814
f2c6
193d
225b
eeb5
0b1c
e115
04c5
ef9e
f17c
fe23
e0e4
0a69
02d5
0531
019b
f103
0076
0a99
0a9c
10ad
0c38
0c6a
0fb8
037e
19a6
f0f9
f338
1427
ecb8
2aca
13cf
02ca
cf5e
0e27
1d59
ce40
0d3f
ec7e
e16f
f74c
0316
007b
febf
f29a
22f7
00cc
ef7d
f08e
16a9
ff47
0901
0ffb
03ff
fa65
1aea
02c0
e729
f392
f561
004b
05f9
0d99
0776
fc28
d16f
1885
18d5
fbb6
1362
f9ef
ebf9
f92b
0447
1b14
e8d0
04ec
1837
102a
1eee
ee1a
faba
df58
167b
139e
dd17
0717
22a9
f2bc
0665
db99
0154
05cc
fb04
24f9
ff69
006b
e729
1848
2b91
eeeb
1a8b
fa3b
deab
fb2d
1a93
25d7
dfcb
1438
318d
2062
13b6
ff0f
01ea
fd4b
052b
2441
fd03
0cfb
1fb8
f9fe
0eb6
ec45
04d9
00f6
0390
f94c
04b0
f696
0530
003e
3238
f9d3
1972
f325
04e0
0a3f
1a4b
1858
f019
1d70
146b
ef3f
1afc
f5d4
20a8
1831
21d6
0786
f953
18db
ff63
1038
f991
f0f4
0267
47fa
fc48
085b
09ea
0572
fcef
00fa
0c21
eb23
0b6a
0cde
0275
041d
0680
ff86
ef01
0575
156f
0345
ecca
ff56
358c
e0d8
173e
fdf9
e526
0de4
2ed6
0c78
0039
ffbb
c59c
0be6
00a9
1b6f
0557
f9a1
de1d
1b60
1803
e89e
215d
fe09
eb95
e2f0
e512
1495
fbd6
1a44
3e2a
ee36
fa8d
15a7
2bf1
f134
10ed
0c88
fdf6
084f
1dc8
0804
24ec
e7d1
059f
2346
16ca
2ce2
198f
0d57
1af4
051c
25da
e257
1bb3
03b1
02ab
05c8
03f1
fd08
f278
1755
1082
1a77
1387
df09
0607
f8d0
105c
2723
0ead
2000
202e
fefb
f6f2
089f
0582
0632
1a6b
233c
2ae7
0e87
fefc
f179
0dcb
eec0
00ef
f4bf
eca3
d885
1b19
06dd
e8d4
221e
0726
0957
1975
e4ba
f9b9
f7db
05b3
ffb6
dbfa
08db
0ad4
f37c
e1e7
e5ae
e72d
0548
22c3
1666
34b3
186c
f6df
26d5
2583
d413
0472
f68e
f9af
f13c
f80b
181a
f75d
02f5
fe66
fedb
0b23
04f7
22be
fcf8
f9fa
0310
d88d
0950
03ca
0e81
10d5
eaaa
e1d6
2fcf
fdf5
f054
068f
ecf2
fe67
00d0
1a5c
0804
0293
f439
1237
e55b
09f4
0cad
e28c
04c1
2348
072a
00bf
14ac
2d54
f254
f648
feab
f29d
0672
2c85
de1e
0389
eb64
0169
0df6
ff29
1195
0745
1264
faac
036c
2024
f410
0ff8
004c
01f7
d7c9
0409
13be
0a23
1888
15dd
1382
0e7f
0071
069f
f40c
2128
05ab
e733
0208
2bdb
d97e
db03
fef6
c997
3184
108d
3345
01d8
14e0
ea6d
16a2
058a
e400
f549
c159
ed98
118d
0cd8
09d6
f724
06b1
0955
db9a
0470
0163
03b3
fc27
0bc5
043b
f7a3
19b3
ff97
f9a6
f0b4
e973
ee68
11fc
0f3a
ff1a
0cd8
13f6
e736
106d
10a3
e11e
1427
0278
e18b
e43f
0f7b
fdd1
e408
f934
f2cf
f34e
200a
0a64
0f39
fdbb
0cfb
05c6
f89d
0c15
1c5b
f2c7
df4a
dbba
dca2
06f1
1b48
1006
2ae2
1b2d
15c2
03a2
f147
007c
278d
ec7c
0c1e
ec8d
120d
24d7
eddd
0a58
0bd8
d25a
1036
efb9
2630
f51d
056f
1fac
f693
2a42
20b1
ec01
03b6
e812
df40
15ec
1744
2350
112e
0d9e
0e04
10b0
2cd0
d64c
fcbc
efa7
04c7
eb41
fa93
1ec6
ddac
2733
20e0
0e04
26bb
0575
1dcc
f3cb
102d
113b
fd2a
0302
063c
0c13
e400
00cc
1473
00d8
1e9b
0fff
297d
0002
0316
066e
fc3d
0bfd
0404
dba3
f01f
e498
255b
0380
e71c
1f1a
05e6
0156
238e
1170
34e1
e3d3
05fe
0327
e904
0344
0d9a
dd01
02eb
d5b0
e618
1f4a
13b0
0e73
22e6
06d5
1895
235a
0591
fd85
0e1a
fe8c
071d
ddb4
26f9
0d45
0273
192b
089c
df73
fc5b
f97c
ffc8
ef8f
0db9
05d6
f0b5
156b
23d8
fc38
1531
f7e5
ec91
14b3
e8bf
133d
075c
13f6
bd79
0009
37e6
fb16
28d8
eb04
dd26
f2a2
0eda
1ade
0936
2021
f80f
eaeb
eabb
fc97
0a28
e5fe
17e1
fff0
071b
10fe
3499
e5e4
0f69
e725
deee
30ce
efb4
2d61
0c01
11bc
e29c
0504
02e9
e77f
15f3
0b7a
e3f1
eebd
0a15
1074
de92
faf3
0a17
ef92
391a
0ac4
0b27
e102
f568
2111
0c05
3559
0d25
f8cd
f85e
061e
00cd
04ed
14f9
013b
10f8
f95a
f9b5
25c1
26f8
d9c4
12bd
dd67
0313
f44a
fcfe
02aa
f831
f5bc
131d
f52c
0706
ec5e
1362
fda1
fd1f
0840
fb96
e585
22ea
053a
1dbc
c70d
e940
0717
29a4
1cfb
23c1
1a23
e3e7
18f0
ed9b
f622
152d
fd78
fd52
f76f
f379
17c3
07ac
1883
15b2
f619
fcb2
13a0
0b07
01a6
0cdf
0b7a
f168
06e6
2099
0fd2
0e02
db6e
fc53
36ae
0cdb
0e9b
042a
0ff7
e3ba
2747
23f3
f752
1318
fb7b
f749
e73b
277d
104a
e62a
f5e4
0e3c
d868
1f68
e517
02a9
ce65
1676
0cc7
12b2
f047
22de
008a
0ce8
e712
05ed
0429
048d
0df8
2b32
0787
0c57
1884
14e2
ed9c
1684
e6f8
dda8
e13f
0cae
097e
12ab
0f0b
0d1e
073d
216b
e6e9
2039
ff9f
042c
1062
fb71
22ef
05ce
061c
f5a5
df5b
edbb
30ca
1faf
f280
fe4e
2847
fffb
14cc
fe8e
087c
0fde
eff5
f58a
2161
0dfe
1804
d8f5
0752
f2ca
071f
0670
f192
1405
0040
343c
13b4
19f1
fc84
003d
ec64
fca5
f32f
0aa1
210f
0013
16d0
2a02
ec9e
db29
fcad
1c12
ede4
035c
f941
e9c7
fea2
0ca6
1759
d722
1976
0b94
d1fe
f3e2
e01a
1eef
cbda
2570
0ef3
f5b8
1ef2
04d3
edee
f160
e466
fdb5
13d9
1b9e
2032
11ad
1b9f
ec03
fc1b
2a24
e846
1cb5
0655
f769
fc7b
fc56
fbf2
dcc2
07b6
e688
ed8c
f2dc
0320
1915
0135
f19a
0ab8
105d
045a
20cf
e44c
ff7d
1a8a
fcaa
27a7
0a57
f855
f39d
1af8
f4b0
2a19
09f6
f3fb
0650
f8d3
cc17
f02f
04ca
0fba
ff8d
184f
1c51
e208
e5df
daa1
1641
e197
1815
f428
ea77
258a
1a9f
e055
ff08
ebe9
e384
249b
1430
f143
0843
2d45
1358
32d6
1e6e
fe86
f630
eae4
09ae
026a
1433
06d8
e0f3
0d55
101c
e1b5
0174
fb17
2700
fcc1
13d8
2833
e028
0f00
0ae6
ea4f
e22b
ff3e
fbfe
0dff
2926
f903
0e19
01b4
11c1
0ee2
1710
e8e8
2433
006f
fcd9
ee10
1daf
1a6c
f9d7
fa15
2633
0542
1cf7
efee
129b
e9b9
09f4
328b
0403
f7f0
1601
f345
0d14
f6e8
ecb7
12f8
1bec
167f
27be
1255
e599
0558
137e
dd8a
197e
127f
f5f1
eb6d
2a5f
20af
f823
2230
14da
09b4
209e
d0a7
1e9e
fe70
f8cb
2623
f8fa
045f
ecff
f074
1fc7
f8e8
fc36
119d
ff9e
0cbf
22fe
f163
e2fe
11e9
1126
f994
301e
f06a
f228
eb29
ed45
25f4
f4ee
1db9
127e
fe83
0ece
ffaf
07b8
10e4
fec4
1fb6
fc2e
25f3
0e1b
e76e
fd51
e9e0
f258
0210
0ebb
f32f
0d67
0f1a
2b31
2c54
2630
fb4f
1160
d7ad
ed26
e7dd
0529
20e6
eb45
04d3
f692
07b9
21e0
f0d3
1925
f68a
1e4e
1810
ee71
06d2
fc58
ebd0
0837
d0fb
fa6d
1983
0218
f7ac
086e
06f5
0494
1a3a
0d42
f869
0447
f542
036b
e4fa
1020
fb63
ec65
19e7
0a06
0bf5
1da7
f3a4
21b6
0c3b
26b7
0165
f7ed
0fbd
0630
1552
d15c
f1f4
da2b
ffdd
249e
0ff4
14fb
123f
e2d4
1bc4
1c11
eecc
0bce
fb09
0447
e9f9
0c80
fbb0
fce9
077b
2147
fb52
23b8
fcd4
0332
1760
2697
0fd4
f1b3
f5af
289f
ed95
1af4
fccb
f89f
1ae2
06dd
1e19
1edb
fe7f
e732
0c65
167b
04f0
187d
eb82
f561
da89
0fab
2783
09af
f513
1e19
f50e
f869
f7f3
1862
0715
fd16
0af8
1e1f
f567
2b51
fb49
e747
04c4
05c8
0bac
fc8e
1eff
4841
1add
f89b
ff71
1f13
d98e
1c7c
15f0
f6b0
e586
3b7b
1347
0da1
1c4d
28cc
ee8a
1ed8
f6f6
0eae
df5e
13e8
3e85
1487
114c
361f
f724
e03b
ed95
fa45
1ed1
177a
1287
2091
0ec9
e0e0
0fda
1214
e731
197c
f54e
ea0c
03a0
0c8e
1619
ed53
05b9
1b36
f4ee
1ed9
11e6
1327
f13c
e237
1b58
ee6d
096e
09a0
f8bd
f6bc
ea40
ed38
115d
0881
05ee
001e
1dfe
fc69
114d
06e6
0b02
0b1f
fbdb
dc12
fe94
1cb2
0345
f041
00c1
0c8f
dac9
15da
01a5
0706
ead0
1717
f4ee
f518
09e8
1394
c480
dc26
e8d2
fd57
fbb7
f80e
0c79
0991
0dae
e3b4
12b7
0087
eeed
2093
e67a
e550
046e
04c6
ffbd
d374
034c
0f7d
ea3b
3730
e162
01b9
fd3d
24cd
08ee
15be
0ad6
0be2
f629
ef63
c3be
e764
1fef
0a93
000c
0baf
1b41
d6e6
1277
1305
fc76
06b6
ffeb
e48b
fa7f
1ef6
2e25
0c23
0162
29cb
d419
08fa
f0eb
fbd7
f40b
1a0d
1f19
f393
2242
1344
fe87
feaf
0cf4
eaf3
1b09
0c9a
0ee0
0198
1b87
f27d
fd95
0f40
e5a5
37d4
0374
28a7
d7a4
02e1
2855
e62c
0693
1a9c
f22e
0124
09ca
0d2a
05bf
24ef
26cf
14cc
2679
0af9
f073
20b2
f515
f90c
ee34
0992
2008
fbf9
ff63
f6c0
fba7
1e90
f1ec
02b8
ea35
eb44
e814
0baf
f256
ebb4
2ff1
178d
e4e2
1b58
fc09
1a2a
0936
013f
22dc
f9c8
0e86
f94a
f449
00ec
f162
2017
f431
0768
154a
0f1e
143d
e543
2ca2
1a42
f9be
1096
fd3e
d7af
fc97
0756
17cb
fa84
1dd3
206f
f6ee
fb9f
00b7
1744
f611
fadb
11b7
f854
17e6
155c
0295
da4b
d8bb
cf24
1604
1729
152f
141b
ea59
f9c2
0cac
2ee4
d9ed
ff6f
fc3c
d6a1
e070
2571
191b
e961
2f9d
18ae
f554
0917
08f5
f616
0945
21d5
1316
1ea4
14b4
17cb
e465
f21c
f8eb
fd88
1714
0c26
273a
0f07
0c00
d468
2012
0d70
0a01
1c15
01be
d5d5
cfcc
0f4e
06f3
e6e7
0bd7
03aa
0346
1a06
1153
011b
1b77
08a9
166e
173f
242b
f9c7
037e
132c
f63b
0135
01c9
0b93
09af
fbde
f97d
e320
03ee
0549
e37f
28e9
1577
2222
de63
1716
13c2
e7ea
04a4
2117
0e53
31f7
e880
2990
0067
00a3
21d6
f9bc
1d08
f2b5
0ac2
0db1
e2ca
d85f
1bd2
f5c8
26b3
1815
e8eb
d6d1
ff34
fbcf
f6e9
ff90
e879
f0e7
e67f
13b9
1d8a
f689
ff8a
11ae
d7f9
0d33
f841
0bff
f839
2927
28f3
ca39
04ec
0fe1
014b
eb3c
0b46
fbbe
0318
fe46
0501
f748
088e
02cc
18ed
2631
e44e
0406
ed31
e2bb
0ea0
08f2
22b5
f4eb
0888
22ca
f9c1
181d
f21f
167b
fc1f
2ebe
0cdb
f5d1
fb1c
104a
f7f4
26b6
dc42
cf3a
08ab
0701
05cf
34b2
d49c
dd1e
08e9
195b
fb5f
12a0
fda0
ec66
d56a
0fe8
ff71
c8bc
037e
0ae0
effc
1124
f28f
2c07
f81d
1630
298d
0a7e
ff20
181a
e3ae
fae0
07c4
f349
0bdd
eeed
1862
0ec7
14d3
03ea
1ec2
2568
eb86
28d8
cce2
fd6f
dac1
fb51
0e5d
e867
210c
050e
da1b
144d
f234
03fc
ebc1
fe00
138b
eb29
e7ef
1a17
eb3a
cee5
0d2a
f0fa
0ac1
1172
163b
1ea3
1d42
275d
0208
0e41
ff7e
13d3
fa0f
ebda
0464
06c4
047e
d815
16da
0f99
fd08
0906
d579
1297
dea7
06f8
22e4
f9cb
082d
1001
db07
f3c9
f758
02fb
1894
fede
0fc6
0f7d
0f97
f8c1
199b
0e92
dbd1
f2ff
e295
e8af
f332
1bab
f7cb
f9e4
1f20
052b
e3a5
2eaf
f08d
1bd0
ed39
0cea
f8b8
01f6
f64f
ff61
f750
f3ac
1243
f018
1f43
0fee
f984
e9d4
f3d9
f79e
23c2
070d
f14d
149c
2213
e7d0
e131
0f28
1401
c8af
117b
07c2
f00b
0080
0053
237f
fd06
2068
02ab
f1a4
030e
1d2d
03a8
018f
f15f
f7c9
1f96
01d2
0beb
1624
21a7
f4a7
1158
09ca
f0bc
e449
fd53
f7d7
de4c
1339
12cc
ddf8
28ad
14cc
df76
3672
efe5
06b5
0256
20c0
175a
c29a
0a61
10c2
ef0f
1a92
f297
ec0f
f960
1455
0db3
1546
18f4
f4f9
150a
02f5
e06b
fc2d
f83b
11cf
ec32
0b31
12ea
f930
25b6
0e69
ff2a
4554
cc09
0cd2
f569
1273
153b
ef06
453f
0bac
f84d
facb
f769
ff1b
16e4
23ed
0f88
217b
ece5
f21c
1ae1
1b8c
f0b2
0c68
ca96
e725
e9b5
025f
18d6
e999
1ad4
0808
fbdd
14bf
ee7c
ff3f
125a
0bb0
ffcb
0f43
00a1
0587
f8ee
ed32
e362
d306
f247
0d33
0e5d
27c2
2c26
fee2
18b9
fe3e
e729
1364
0649
fdf5
ebec
0c5b
0413
d8c4
02bf
10b1
f67d
0d0b
f924
2ffc
f9cb
0cba
0f61
d5b6
189a
14e2
f6e7
f8a4
e143
dc2c
1252
3ad5
1948
3205
fae4
e883
22ef
25f4
d0d2
09ea
ff2f
090a
e12c
056f
fa0f
ebf0
0581
2e4b
05e2
1618
03cd
1e5f
f203
1e15
1f7f
ed87
0979
1010
f1e8
0136
e3b7
eb50
25e1
0ab6
219f
012d
0d76
01c3
29e7
1386
da0a
fcfa
17a7
fa88
e411
1dd1
068a
f5be
0759
13fe
dfe3
16df
0463
0ee2
ff49
0535
0cf3
f5c8
16b7
11e4
e9c6
e4d6
ec54
ddd0
1f3e
e936
15bb
0b25
036a
e8e6
1c76
173a
d82f
2355
e1b6
eadb
f706
0cf9
028b
e323
09cf
2a1e
dda8
2358
da0c
0919
04b8
04ca
0ee4
f0fe
f285
2d96
ef93
177b
cb20
00c4
1163
faa2
2479
1e1b
162d
f371
0daf
0a70
e566
fe81
ff56
fdff
f4a4
0a3b
04b5
e835
0e26
1a75
fa4b
f7f0
f03e
1476
f7e4
0059
16e1
e734
1c3d
182e
fcb9
0b2e
f623
f8f2
217f
00db
097f
13a9
0d63
2784
12b2
fdb0
d313
3e08
f99f
08d1
fe4d
2b96
10ba
c892
fce7
0e45
ec28
1adc
f079
3147
f6fb
1894
f41f
0e55
f50c
1227
ef5a
f3cc
dff7
032d
0638
043f
09ea
12b7
fce2
fb34
0a98
fdc9
f307
229e
e2b7
ed4d
e778
23d5
06b3
e105
061e
1f4d
ee20
2122
ebde
1219
e2ad
0fe2
f7d9
eebc
fd2d
12cc
f1ac
f9c8
eca8
e6af
36bd
1b3d
1841
0301
162b
eddb
2156
0d05
ec82
2eb8
058e
f655
e6a7
024f
21ff
ed28
1120
efdb
deaf
f136
f198
0fe6
cf76
10e1
02df
caf6
1c12
3273
e54b
f3d1
edce
e902
3583
ff93
1cf4
fbc1
011a
0679
0152
11b4
e561
156b
e77a
f91c
dfd5
109d
0be0
dc78
fafd
0770
ca5c
3809
00cf
18fc
0f0c
ecfa
1d8a
db50
142f
1150
d625
0547
0142
f578
14c2
1276
fba4
0f74
19c1
f879
2bdc
1536
e001
18b8
0163
eb8a
f450
1d82
0815
fe00
22c1
fe20
f615
1e29
f72c
1ef4
f697
fd23
13b7
db2c
0ad3
2a22
fd02
fbd7
e4a8
f461
343f
1350
1000
0b87
0887
044d
010d
0666
e598
10c7
f619
12bb
f97c
f20f
fad5
eaa6
12b4
1832
e520
0c57
dee3
00e1
f42b
2261
fc26
08cb
0194
0200
fe31
eed9
f173
ee6d
0f05
0446
1aae
0581
25a2
0b6f
1dcb
18b2
f23a
269b
fff9
f2ad
f0e1
2a72
2d13
0779
0f22
2a75
f002
2112
fb7c
115b
ffc6
1f4d
0ec0
f67c
f461
3c1c
e5a6
f216
f0b1
0011
099a
14d8
28ed
1818
ff84
f3e5
feb6
14bb
0433
1545
ce25
e5e3
eff4
05b4
f20a
daa2
1f19
129c
c29b
21de
ede4
1001
dd02
19a2
05f7
f098
fb79
ed95
05ff
f053
e146
f081
1d58
0123
1a08
305f
0d13
ef8a
250e
036b
e74c
1b17
f7f2
d6b9
0f0d
1e03
27e3
ef81
2aaf
0844
f0d5
11ff
fc72
fb19
0063
0c23
097c
fa46
f1f0
1d25
e2b7
f856
f706
2449
e584
fe70
3265
0147
0859
f8ae
075c
3286
ee47
0a98
08af
e7a7
eb68
094c
306d
e7a1
fbbc
1cdb
e164
0521
f565
0c2a
e20d
117f
fdd0
f8f3
f7ab
099b
122a
e728
ee9a
0217
2456
2042
112b
23c7
0839
1fa1
155e
f7e4
181c
0a39
fd6a
0208
fd65
04a2
0903
f21f
4385
19b6
f527
14d0
03c0
2fa1
f8c3
07a5
0724
ee41
1c5f
1963
002c
1652
eb26
05fe
198e
03a6
09cd
0a45
0c95
f5ee
2302
1757
0044
164f
f7e6
ee51
0e09
2b9c
09a1
fde3
15d0
0e0a
0068
13bd
f3d7
0e1f
f218
fb61
0655
f093
1755
2b06
f741
dfa0
e25b
f7f8
099b
f499
0cc8
1045
13b8
dc6a
0f7f
1c71
f9b5
24c6
0022
f458
158a
0dcd
2d3e
e680
253a
f9b5
fd5f
049e
ec4a
0d95
ff26
e3e8
31a6
eda7
fcdb
2459
0b8f
0fd3
eaba
de90
185e
fc35
31d5
0bb3
1d44
f892
0815
1847
dce4
1ff7
ea8d
f93b
dbf6
1dde
f9d5
ee87
0ffd
f224
ea0e
12cf
e233
0d21
c925
12e9
0256
e5ff
fbfc
0a78
ee5b
fd63
fd6c
faad
0dfe
229b
0203
0a0d
d5d8
fc71
0943
24b5
e6d7
07bd
18a6
f65b
dc70
fa83
fb9d
0189
1230
1a7f
f704
073a
e6b2
1eda
edff
0be6
0d36
f3f5
2889
1928
0040
dd21
de31
05d8
198b
145a
0e95
2c52
1584
faec
0b59
0d4b
fdd2
1c6d
01b3
15cb
f34e
0acd
1d7c
f9f6
f65c
00f6
0089
1f8b
f31e
0aa1
e28b
146b
174d
0982
fd77
06de
06d6
f78e
f0cf
db3e
09f9
24c9
2824
0e7e
0978
ea04
348c
e771
ecfc
db55
fa5f
0738
eb57
1558
1a5f
02b8
ee3b
0c11
f58e
0ba2
e274
02e5
ebba
15db
2555
f325
fd68
152a
0195
e026
ecef
fa56
0788
07f9
1251
1a06
e79b
faee
0ae4
1046
ff00
1b09
15da
fb0a
ca9f
0600
183a
ef7e
26de
f313
f557
122f
f548
0eb0
e6ae
f9f7
2f80
eb16
2428
0c57
ee18
2e47
eb01
05e3
1000
1b0e
0b5b
fee2
ff96
0963
1990
17c5
eaed
158d
00a9
f46b
f29e
f4ea
078d
e2e0
0358
1602
0b58
271c
fada
0197
f826
2d2e
011f
e2c3
dde2
f705
0ef7
16a6
fba8
f715
08d1
1dc9
0edd
352e
1e55
1ae9
14e5
07b9
02eb
0b55
e0d4
07d3
fca9
1040
1a0b
1a16
eae7
10a9
fa38
0c1f
e695
2b68
1d31
229c
273a
e960
0600
1658
0049
fcac
055a
f953
2125
2644
1c81
02ba
f900
ed58
1087
1135
e712
16c0
f276
fa42
e8c8
248d
ebce
f4b7
135a
1be8
0d2f
2215
f3c7
0b07
fd7f
0e4c
0bb3
01d1
1556
1a65
ef9c
e5b3
cc5b
f80b
1d2d
1010
0007
0ac4
0a7d
ea79
0f78
1541
ee33
fe3b
eb25
e5c4
d8ea
fab3
1088
e2c3
33bc
13df
f4da
1252
e557
1f49
fd75
1bf9
1952
d31e
1a89
0ece
f19f
0460
e9a0
dbf8
1987
2bd6
fca3
182e
0734
08b6
11f6
fc59
cce9
29f2
f606
e635
e581
0772
0472
ec50
1de1
fd03
06d6
07b2
f8b2
2a8b
f665
1162
16d1
0816
f038
2a12
d800
fbc9
dcbd
f0b8
1f02
fdf3
22d2
15a6
0cf8
f176
ee8a
2d09
d52c
156e
fec9
d86e
eac1
018d
0339
f460
15ae
1325
f4d4
f982
fb91
fe2c
f14c
08a4
fa7b
1580
21a9
0abb
ff10
fee1
f7c1
0e4b
1e53
f1d3
139a
08ac
00ac
0d1a
0895
050f
f9ca
03a2
dc63
cab1
d4d9
0949
06ac
f5ce
14c9
2a9d
f916
0de9
f090
36e2
f284
1f8f
2a65
e7bb
15af
1a21
ebb1
004d
e030
e928
0cb6
f322
241d
112a
f5c7
e779
0501
2943
f8d4
2615
f268
f33c
d9b4
1687
0be3
f628
0f9f
000f
0a85
0413
11d0
14bd
efdd
1c21
1b50
fdbb
003e
16f7
e473
f8df
0bff
f626
13aa
f89b
27cb
06f8
f95b
e78b
1f21
1628
0266
d9b0
0559
e7cc
f2f8
0ce3
1b71
faca
2457
1553
fcf4
1a8e
e6d0
117d
03d6
ef7f
2c3f
f4bb
2249
0f36
d9cc
d60e
e3b8
d99f
1f65
f8b8
f319
2065
0836
e3cd
0601
0e20
eca9
0a8a
c89e
e350
d741
09da
171f
edbc
0cc5
0de3
cf6a
1d79
fdec
1c75
f761
025a
0c3f
f6d7
ff97
2a1f
f8fd
1304
fea2
f73e
0cf1
0db0
099b
02a9
fc02
fa69
fcd1
0f0c
d776
262b
f6c9
f177
efc0
1289
fb28
e873
2a3a
16bf
0b5d
3d1d
fa99
0eef
0fb2
1313
0176
ead3
faa7
17f6
ef39
f7d6
db70
eed5
12d0
de4c
03f7
3753
11c5
f915
efa4
0f96
f676
10ff
0141
f7e6
f66c
2141
f50d
f57b
fe5f
1937
067a
10d5
d738
fb10
f285
076e
2c5e
f208
31a5
1192
e0c5
16c7
e98f
0b11
2a8a
1326
1d78
23cd
28ea
f978
fff6
2569
f8d2
f2ee
05d5
dc19
e690
0ab1
0d46
eee4
0272
2310
fd2a
1c4c
08f5
26f8
f8d4
152d
0765
18cc
0a5a
f556
fa3c
e961
076a
11a4
1e84
fbbe
137e
fe56
ff49
dab3
0fef
13b1
ed6d
16fd
e539
0431
ff6e
0308
18f1
e49e
0403
10ed
0235
0be1
f755
16bb
e148
e277
f95c
eaec
ff4a
019e
d37c
0275
ffe6
0920
1b0d
f49c
1a98
ee0c
1380
f50f
0377
16c1
f3c8
142b
138b
f3a4
d649
faaf
2490
d48f
1521
f7e5
fcdc
0f04
035e
f930
dc23
0cf3
08a1
0d17
0c6b
1249
ef01
08cc
c9af
ee85
faeb
f49f
313e
25d9
16af
e14c
1a2f
19eb
ef60
1d1a
049c
faf1
fd5c
244a
0db3
f870
fe96
f72d
064d
028e
f735
063c
f0b2
27db
25a8
edb4
1686
0dc9
fcef
d630
fdde
f7ae
059a
26ff
0b8b
fa4e
0d04
046a
1ee5
0fd6
0169
18ca
ec6e
f243
0416
f210
26e0
e518
203e
0a46
044a
1d9c
d74e
f494
fe68
fee5
00f8
0859
057b
0721
ea5f
f059
e56c
e6c4
2dc8
1e0c
1327
25e0
10ae
eade
116e
0f6c
0ae8
228c
f253
e2f5
de1f
136f
1abd
f52f
034d
1593
0158
f0e3
e493
ffda
edfb
0e3d
0642
ff15
e332
14c2
e7f9
181f
d3d6
de85
0260
2673
f9f6
1516
1874
f01f
fa80
10d2
ec87
0bc1
e633
fc6d
f0b5
25dc
204d
e24b
07cf
2f55
d158
26cb
0ca7
123b
003e
44f0
02e6
0fa7
1b66
09b8
03c7
132e
e5f0
080e
0a3b
0ad6
172e
2d9f
20ff
fc4b
0dcd
2497
d1a6
0416
02ff
fcdd
03ef
29a8
0f7e
dbae
f96a
1a91
f7b4
37a6
edf9
21e5
139b
20a7
3981
0b22
0764
fcd5
f54a
0087
e926
05ed
18c6
16e0
105c
0c79
0cc8
fd15
1aab
fc59
e5e0
003b
d8db
f0b8
bebf
f7a9
06f5
d31b
1100
21cf
ed5a
fd9c
0223
1b76
dfea
1e93
128c
f790
03be
08b1
e3a4
fcf3
e3ac
ea2d
19e9
0004
fb0a
01a3
1772
faf8
10b8
0b81
e7ee
16a9
f5ba
1a4a
ebc4
0e64
1b0f
01d4
0b1a
057d
f208
1440
f1f4
30ce
01e2
27e1
24d1
dbc9
0480
0e3f
f142
05c6
dfe0
fa9a
0174
12a0
28a2
14a9
11a9
0f98
142c
06f5
dfc7
096e
f990
e6a7
fab4
051f
fef4
e592
189c
0ddb
fa02
1922
1331
3126
fbc8
21d3
147c
eab6
1a39
f854
25ed
f1d7
e5c4
ed19
09f7
e61c
2c9c
00f8
f44b
e6ed
1886
26b4
f32c
3081
0aeb
f213
de4f
1a32
135a
f54e
1c57
1595
ed2b
0376
0cf4
1c3d
ff9c
076e
1d38
f116
fe24
2aa1
15cb
0798
cf2e
fd76
0059
181d
2a01
0dbb
dd65
ebb4
0000
1076
e754
2afc
cf58
e82a
e516
0337
0fbd
f643
3094
117b
d4bb
0ddc
eedc
21b7
f188
26d4
f9f4
d484
1854
24ff
eaa8
02a2
ea58
179f
2286
105f
14f9
29c2
0e9f
f40c
13af
1a45
16c0
0d4d
01ce
e215
f3e0
f421
2c04
ff48
138d
fd9a
15aa
2ff9
e027
064c
e59d
083d
0b2c
070f
f68b
2149
f17e
feac
05e3
0605
131b
0703
18d7
0963
180a
df98
0a45
0a95
eab2
1271
ecc0
db66
e9a7
1e00
ed4b
f21c
14e0
2289
e8f6
115a
fccd
0ab4
fa71
0ca0
fa50
08a1
144e
1339
e81b
fef5
f229
e930
f985
1389
11d5
198b
f54e
c1b8
1779
0e92
dac6
08ff
f624
ecfd
fafa
ec34
f136
cbc3
178a
dcd1
f968
16c7
f9be
1356
0e63
0969
10e2
2448
0967
0c95
05ea
1621
ee39
ff3b
06d1
0677
2286
1359
ea74
ce15
f7ea
166a
0017
0780
0cf7
e986
d394
0719
1680
f0ec
115e
fa12
f87c
0868
dc86
1561
fec3
20a3
0cb5
1b6e
262f
1fef
d669
de5b
ee56
00f8
269c
f949
2eb6
fbbe
0525
efa7
1d8d
0b28
031a
0596
156e
f76c
e50d
0d6d
1f0b
e68d
0471
2217
0831
29c6
e142
1802
08a7
f7f0
1b37
00fd
2fa2
015c
f3cb
33af
dff8
ef7e
0973
e62b
2034
3c65
0f18
f4f9
fac3
0db8
e1e1
fd5a
d981
ffaf
db55
185c
1b20
f5d1
ffc6
2996
fdeb
2ba2
0985
191f
0d69
1716
0cd4
f073
0af8
126e
d615
fc44
0444
eacc
38a0
f85c
196b
24cf
1b55
ed63
1564
1bd2
d965
0c2a
e4e0
fa99
0818
09b5
1321
0f2b
107b
171d
f693
17b0
d6cd
209a
0226
f2d2
3289
f890
f7f2
10d0
fec1
f574
f8f6
eed0
2044
0dea
1a14
1eec
0bd3
ff6c
127a
17b5
0712
0a0b
ffa7
cf85
eb5f
1d4d
197f
e28e
1391
0ee3
0253
1c02
ea18
36ff
eef0
2205
0bb7
0f63
339b
2583
fcdc
fe1e
e94b
f59f
23ce
142f
1944
27c1
149a
e306
0195
fc20
ddde
0466
f89c
e0a3
e3cf
f03f
018b
eba3
1379
25c4
f03b
2b99
cfa9
2355
f43e
235f
26e7
faa6
0102
1740
012c
ea02
f91a
ff74
14a6
f7ba
06b6
0bdf
1b69
ee01
03e5
265a
fa7c
2442
e7ae
e1a5
f8e0
0ff8
e953
f424
047a
21cb
0013
18bc
e365
2107
d986
0158
f49e
d10a
fd11
1478
eccc
1063
cded
ea3b
021c
0a18
0629
1a7e
0a0e
f51b
e87d
1215
df5e
1146
e180
fbd3
e306
1e24
16e5
eb00
13e9
0442
d842
fa4b
fecc
0360
f591
097d
1566
fd99
11a4
2856
da7a
e1c8
0221
defa
0957
3d0c
20fd
e3d5
1df5
09fb
eed5
22ef
0059
00f7
01f7
03de
d994
0ad8
1ecd
f9d6
0e76
fc3e
e592
18c6
e96c
2914
f009
fa52
dd93
fc22
214e
0e0d
f3d2
ed80
e32a
e698
228a
1138
1689
1aef
2f09
03cb
1123
25aa
0102
26be
ee97
d65c
e181
e343
f64e
1181
2064
08da
e52d
0084
e00e
1767
fc4a
0f1e
26ae
c7c3
172d
2f1f
facf
efd0
e6c4
d9e9
01d3
e5b3
15cf
0a5c
0a12
fe6c
1565
0320
df08
1486
e553
fa92
f37b
0d20
13c3
eb3b
1c05
0a67
f595
34ac
e318
0da8
17ed
09e0
14f6
061c
0229
19b5
155b
2e56
fb89
03c4
162d
16ea
0736
085a
0e83
eabc
0839
0a06
edce
fec7
ea44
ee10
e157
1abe
0802
fad5
f83c
137d
0ca5
0638
0ed3
2e54
ff21
0f1e
1d56
d5ec
0d3b
21f4
f8ff
f998
f557
eb32
0a5e
1078
0f5f
0aa7
ec9b
fb92
ffbf
04e2
f0f4
102f
d5cc
e2dc
e87e
286c
04b7
de63
1543
08e2
dfa9
1aa7
ea2c
1147
03d2
12c7
09cc
dcf7
fee1
0adc
e999
d5c0
e737
e77e
f68d
0c83
f7b7
f58c
271a
1526
ef27
fe50
ebd2
0988
eafa
ec7e
f44c
f661
104f
f238
fbf7
14cc
008e
07e6
f35b
108b
17d5
223e
0c08
cdba
18b7
0c5f
0c01
07cd
065e
f427
fd44
28c5
11a9
276f
152f
f85b
f3e5
ff6c
fe86
f935
f37c
e607
02db
111c
01ac
f139
271c
17ae
f687
f728
0353
14a4
04bf
0d51
0958
1181
f8fe
038b
f594
f944
ecc4
0957
feff
f39d
0acd
27f7
ff63
d717
212f
0ef3
f23f
3f5f
f6fb
d7e4
f7ba
22f3
13b8
f93d
18c5
1bda
128a
f52d
f414
19f6
0997
f6b5
1289
f878
f43a
27f4
0026
122c
00c1
fb1e
0069
e9ad
154f
10d3
f417
e966
0938
1843
144c
1430
0242
0024
0d4a
088a
0074
e97d
0085
1fd7
f30d
f9e8
fe1c
f75b
e9ae
1ad8
f73d
0c3b
feeb
f003
fcc1
06d6
e809
fa48
fda2
172f
31fa
0237
f953
e51c
28ea
03d3
ecee
090e
dbf2
dd2d
f42a
0c21
3300
e323
2c50
221e
ddfa
24ea
f866
0d12
e2c4
1fdd
1037
fe83
1198
281b
e837
dea9
049d
df00
2877
12ed
064f
18d3
1621
1e6e
00f4
35a9
ead8
0e61
f2b4
f6fc
e4b6
0b12
0b54
065e
f945
015a
eb43
0e9c
db72
050a
e5dd
1e12
1894
001f
04b9
fe60
fbb0
e788
d963
e470
1216
ee8b
0ab1
22e3
ff2f
fad2
293c
1749
ef84
11d5
1861
f6f9
f293
250b
0b4c
fdbb
f0f5
1915
0453
13df
e933
0ef3
0c39
1bef
1852
f8af
fc66
0439
ef23
ff36
023e
cf3e
0267
06e0
30f1
f800
ff84
07ef
1bd3
ef40
cc4c
0598
d49f
ef43
01d0
0712
154f
da47
0434
1ca0
fa1e
217f
f871
2741
e66c
25db
e652
faae
3235
0a2d
f8e7
017a
dc10
ed8e
1871
0910
1b25
0e28
f5a5
1bbd
10bf
fcfa
dfe8
045b
e74d
edd2
e16f
f248
07a8
08aa
140a
2524
d90f
14cb
eb1b
38ea
05ee
f584
0919
020f
ffdf
eb60
ecbe
0e96
eed8
e89b
2794
2141
05f4
0cf3
139c
1e06
17cb
f6c4
f781
fc65
f222
0d0a
d17d
0019
0a10
dba4
256c
0868
f603
0d98
056c
189f
0cf8
0019
0c3b
1360
0e36
1b86
fab6
faef
f289
f383
1889
f554
0247
0c3c
117f
f366
045b
1b44
f4eb
f32f
e876
fd42
fbfc
0326
0fa7
de02
fbb6
0883
fc96
03a8
ecec
f79f
ee36
ee76
1214
15a0
12b4
0ad3
0400
e86d
0368
f12d
0cd3
2a4e
04d7
17c5
0519
f2cc
2c7f
0f52
e830
345e
f83d
0f7b
01f7
21a0
0468
0490
0788
2153
f2ac
27f0
fe08
0074
ff9b
0ae6
1acc
f778
0eac
1065
fb46
fabb
ff8b
dc14
1539
2818
3e89
0ba9
10e8
1d1d
0950
0b07
07ec
1fd4
fb32
f003
dac2
1028
104f
d13d
0ef4
0f94
f79f
0d25
fafd
0a80
0800
39ae
0524
03ff
1ccd
2285
ecb5
ef28
f50c
f259
2ad6
3273
093f
fea7
fcf5
12e6
1a21
13f7
d625
0d68
eab3
0c43
f070
21b0
0afa
fc0f
0ea0
1ea1
0041
faaa
0698
314a
0f8f
154c
2105
fddc
098e
03d8
e7ac
006d
eeb9
0294
07c9
1e92
f6e2
0961
07bd
1162
2f75
fed3
dfac
0b74
c56f
04a4
e631
2fdc
01b4
edf9
f7c2
ea55
ee3c
25cc
e3c0
3797
0fc5
0b3d
0904
0abc
ffc5
0c7e
1373
0895
f0d3
f68d
2cca
197b
256c
f833
1026
f39d
1932
1baa
d73a
113b
ce2f
fffc
e419
11e4
22a4
000d
1062
1e71
e30b
21fc
fdd1
1149
e47f
096c
13f6
ecb1
03d4
129c
fa94
ed8b
dd9b
e166
1278
121d
2723
170f
fbd4
ce0f
1b03
152c
e9eb
2cd9
e0fb
f942
da8d
192f
1ada
dafd
3a13
26b6
d4d8
1604
f85f
2371
e9e0
0532
04f0
e48a
0c4d
09fe
f4b2
e140
ea45
f278
1e98
18cf
266a
1215
0edd
024b
007b
03b0
d274
0072
f134
0a87
fecd
1254
04f8
010a
1a9a
0ea3
ff73
fea8
f31e
1ea1
d94a
0d2b
0d30
dba8
12a6
0d67
e32e
ea4e
030b
deb9
2555
0bac
1b2f
055b
2468
fb43
20ec
2512
de8e
1d87
ede6
0880
fac1
08ba
1400
f482
fc54
30e4
f324
1fdf
0bac
007a
e2e3
fe46
1e06
fd72
2365
2200
f361
21c0
f4ec
e8a2
200c
0614
1bb8
06ee
1684
eb65
1112
0a9a
0f81
118f
134b
c4bd
ece4
0fe2
1900
ff8d
00bf
39a4
088b
18c8
f778
170c
ef4b
0d5f
0b71
fb05
1e79
0d21
fe51
0fe1
fbb5
0b26
0f8b
1838
076a
00cd
0df4
e9a5
0e24
1cee
e4a1
fb86
e198
f297
f715
21f9
198e
e65e
04db
f242
ef4b
2ad1
f0a4
1dba
fffc
1ede
22ed
0e53
0a8c
ee4a
054a
057d
f36b
fa4d
0b41
eba0
0a0a
24bb
075d
e804
1170
243b
e284
18af
efe7
038e
dd9e
3257
1d6d
07c9
1e95
fdbe
f978
1e5e
018c
1454
0ad4
0945
1214
05d6
04d5
fd43
17f5
0c85
d85f
fdc8
1373
062a
0d90
163a
1851
eefd
1726
1df9
faee
05f4
e603
ed8a
dc28
f4d4
1813
028d
16b7
02d8
c41f
1471
f4ff
f810
1418
2064
177a
1107
0451
1d8f
f5bb
f88b
1b57
003f
faf8
0514
21c8
fabd
f794
db13
0d8b
2447
fb6d
163f
f5f6
02af
d228
13d5
18ff
eab9
087a
2692
f0c9
26be
01aa
06b9
ef1c
0c49
0ee6
e639
f7a6
ed42
d6b8
e50f
fab5
da83
1005
10b7
0c63
fa17
07ca
02e3
1192
29c9
11a5
2f2d
f84f
17ac
d904
11d9
1b2f
ef3d
0e6d
1091
01fc
1669
fec6
2456
ed91
121c
10c2
e10e
07d1
0cf4
e86e
16f2
e045
ecc8
1ce5
f30a
fadf
1e7a
0e5a
e20e
013d
f03a
e133
2209
f02d
0839
e328
00a4
f14a
c805
e34c
f2a0
09e6
1d98
eee3
112a
0464
2103
01b9
ef5d
ff95
0b32
0333
f5c0
e728
dfee
f687
247d
030b
06f5
1f24
06ff
0aa9
2423
198d
2e12
ed5a
071c
df77
0909
1788
e23d
fa1d
0924
027c
1c57
fbe6
0e54
fc99
104d
0cc3
e3a2
fb83
03c1
0021
02a5
feb5
c445
122b
ffbd
e041
0611
1430
e849
0d22
0f83
f407
092d
ec53
e299
01cf
1ad7
fddb
d8df
1cd9
14cb
de8b
f6cd
d4a8
24e9
0c8f
2099
09b3
e737
0806
e981
01c0
1255
e4c0
e45e
1ec1
02b8
1774
fb15
22f6
f1cc
e64a
1db7
0465
0954
10da
0900
f32c
13c0
2237
f172
1ee4
0c51
f195
12ca
01d2
0bb4
e664
2740
0587
0b73
0474
0773
e5a8
ed0b
edfd
e45d
2322
0a79
15cf
205c
1d03
0445
11a7
14b9
08f6
fa5e
029f
0172
e34c
fc5c
17a6
e9bb
1b71
f03e
02f6
2f5b
dfed
0154
1795
1e68
14b1
0dc0
f90e
0aaf
0c75
eb25
f7ea
e5e0
f167
1850
22b4
0635
3691
2630
07d5
0f2e
f953
189e
e85e
f6ee
f1c6
e80a
1218
f276
0229
0dd1
ff9f
0575
d68f
f7f1
f4bd
27bd
2bf1
e0c3
05c4
0f1d
fddd
ee61
f5a3
e12d
fa37
ffd1
1532
15ee
ff34
de30
1b6f
06fe
e201
2131
ec3f
d567
f466
27a5
0ec8
f871
1649
2eae
d2f3
0a61
fe86
15ea
0368
10fc
19ec
fb29
1c9f
1c39
f77e
fee4
0064
edeb
038a
219c
03b0
1baf
30c2
ee9e
1b6b
37df
e691
1594
05e2
fffb
f46d
e934
0aa3
f773
16fa
0bd0
f937
09d7
15ca
16ee
f44a
04b5
18cf
05a1
1874
20ed
ca91
0939
01d2
07d0
15e1
0664
07d9
294e
05ff
ebf7
e651
fbd8
e456
0c63
f1bb
f4b2
fc2a
1706
10c6
ee81
25a1
1b13
d40d
10e8
f4e1
1b0d
d9ed
0ef0
1b41
eadb
0917
0a04
ff2f
ea31
df12
da96
354d
197f
12f9
16a9
3887
0db9
2f12
05f4
db29
0c4c
f9ee
fa02
ebd5
26a6
2587
0f5a
0c05
fe8b
f805
0c68
f6f9
050e
fdd3
228a
20c9
0173
143d
1288
d387
e228
f36b
ff05
f54d
2f44
139d
26eb
01b9
0c8f
03cb
347a
e5cf
2a79
ef88
fa0c
fe9e
1c1f
161b
e6ca
1e4a
1ceb
e3e9
1094
db30
14cd
ef05
013b
fe4c
057b
f693
1833
ce99
12b6
e50d
05d6
059b
1bfd
0f5e
06b8
15cc
fb80
08b5
1852
dc89
066f
f5f7
0a90
c926
f740
f355
cc6d
1fc3
073b
e612
180d
fd03
1c76
0ef4
0567
0cd9
e78d
23c8
0d17
e9f1
0306
f037
0168
2165
0d6b
0c9d
0598
0919
2346
14bf
0792
0360
0deb
ccdf
ea9a
e87a
27c7
2a99
fb48
285f
0905
e95d
0ed8
f368
15eb
f434
1587
1a69
e5fe
fe0d
105c
ed1d
f358
056e
ff9d
1d67
fe69
f582
10dc
f319
ef07
101c
0ead
e980
08d2
04f0
f552
f084
e628
18d9
ed16
06ea
1a6f
fcba
0924
07b3
01be
f8c8
e6c9
13f1
0c35
f6fb
01d1
ef84
03d3
fa1f
10e4
0653
0871
04ea
dc36
eaa7
06a5
04ed
0f8d
fbf1
ffb5
09d3
f5e0
e8cf
23a6
1478
e027
1554
1238
f925
057e
039a
307e
ee68
2196
2d2c
0f8d
12e5
0397
f469
2d6b
dbc0
fd04
2116
fc80
132a
0bca
edb4
fc9f
2691
2163
eba4
109f
0b26
0184
de37
12a6
0fed
d8d8
13a2
15f4
edea
0566
1422
0d70
f71d
0a65
0359
0d2b
171d
054d
f211
f186
e4c1
0055
0712
07cf
1606
0e74
12fc
0287
17cd
2ca9
ee87
17ad
0b55
dade
dd5b
09a2
18a3
fdf4
0111
15fd
ebb8
011f
ee65
122a
e7b3
1ba5
eaf5
f996
1cd8
15ed
e99c
e084
e65d
ec0d
f648
0f55
1d5e
0a48
0a47
f0e7
2625
ff8e
fed7
1699
f888
161d
eba5
ea54
1ef0
ecc2
110c
00c9
f5a4
29fe
0553
1123
f735
246b
2007
0e86
0a99
189d
f5b2
fe22
eca2
fcad
27b5
01f6
22bc
0678
214d
ef3a
03fe
f290
e9b6
270f
ef1b
fac5
e82f
0fb5
1910
ebf5
1ed6
1aca
f103
2d32
fc11
01b9
159d
2b87
1c74
213d
043b
229d
e15f
1c43
f9f6
0a0d
0397
096a
1317
103b
0951
eff9
2d1c
29b0
fd02
009b
f344
d8fa
f10a
326f
1e2f
f8e0
1591
09e8
1612
294f
ec6e
0cc9
ea02
2213
0e7e
eb21
308c
0e57
062f
dd38
eae1
eeb5
23c9
017e
28d2
0d52
05c8
007f
0094
130e
e722
12f5
fabc
f4a2
0535
1e0f
093f
f4f0
0dcd
00ad
eb35
18c0
cf48
18ed
062b
182b
0012
0f41
119e
273b
e73b
0f0e
e164
0265
f959
15bb
1eb3
fe81
1bc9
0961
09ec
13e6
f2c9
3483
1774
0894
e0c8
0cf6
fa9f
dba0
1d4d
1516
d78a
21c2
0233
22a3
02df
f677
1f36
0769
1b95
1614
e865
00c7
f87c
fae9
0fe4
0997
f1e7
fb6f
11eb
d2f0
f869
0e76
fbca
2369
fa86
fd87
050f
37d3
17e2
e646
1533
fc70
ee24
1fc3
07ef
21ae
f66a
2658
29ee
044f
0021
09bf
f297
f2c9
fab8
1b26
0a2b
2b12
0281
1457
09bd
ec4c
1a92
02bb
eb0f
396d
e05e
fd96
ee58
20b5
1777
dc51
04e1
2344
0765
229b
ef00
174a
feb1
0340
2192
fea2
1f6c
0c60
0296
fab2
d65f
f134
078d
10ad
fc3f
220a
1df8
00c4
4118
fe49
e4e6
12b7
f237
e932
fe07
13ff
069f
e850
e6b1
303d
e5b7
139f
f7de
0ac7
f1b3
fecc
e917
04cb
17ab
0550
f6e7
f105
e6c8
f153
2465
03e9
ffcd
1ca4
fb7d
f980
1bf7
de10
f2e4
05e6
f198
1273
f2ce
11ee
f00b
09a5
106c
232f
f2df
0ba3
d937
196f
df3d
2582
2c2a
e31f
0013
fecb
e804
f343
dffd
d2c0
147a
ff88
fe3f
106d
f4c4
11ff
1c6d
1a85
fd41
2517
f28a
eb4f
de27
1e24
f8d8
ffa6
0417
1179
f749
f655
0012
06cf
f239
0a2b
1507
06e0
24ce
18a1
ed41
0308
ef28
e30f
0976
0ca5
d91c
0dd4
ff4c
1206
1b8f
f4f4
f40f
eceb
0c36
e16d
ea10
2304
06ef
e7d4
ffb2
25da
1033
1234
e73f
140b
f036
1917
159a
fa88
1832
0702
d73d
e610
ed64
02b3
090b
1aea
0462
0a93
119f
1ef9
0ebd
1a9a
eae7
0db0
0ded
05e6
cae3
1cbc
12f0
dce4
0f92
0c84
edd3
209b
e71c
148a
021a
0c42
083e
121c
126b
21c5
f595
2105
0a68
ee1b
09c8
1b0a
197f
2960
11f8
f009
1480
0e9a
f5fb
0fda
ebba
0b1b
e8e8
184d
fc84
ea5a
0933
04ba
f18b
1f3c
f4bc
29d1
fd35
0bf8
1c47
f537
f715
1a7a
dd3e
f514
d64c
faa3
fbce
1903
1231
fb5d
f307
e527
1c09
1bee
165f
37a0
ea3f
eee4
d3d1
0828
fbfd
f2a6
100a
238b
f911
01c9
ec94
f7da
f54e
1361
fcea
f6f1
1506
31f6
e526
f0e3
ef82
0dc1
264e
13e6
1976
0829
0044
d6f5
0608
11a8
ef75
0ea3
0f64
ff92
d5b0
0b97
1f8a
f546
19a0
0454
f20c
4246
ec32
0a05
f30c
0cf2
29a0
f680
1dfc
1940
e72e
ecb2
e361
fbeb
00c0
45bd
213b
1ed7
24f8
1015
2249
12dd
05bb
f228
f842
dc2c
e10b
20ba
1e3d
e701
08b6
0595
f6d9
0d1f
dbd6
0b66
0645
12fe
18ae
f75d
0f78
fbab
e411
0d3a
016e
0275
177b
0f49
1814
3e9c
05d5
0833
14e4
163a
e110
0d53
fdc8
dd07
e631
0d62
0800
fc32
1f24
0ff5
f91b
1d63
ef07
fa86
0f68
fff5
21fd
1d9a
1538
2f0f
eb0c
0236
080f
e5c2
0186
0922
1733
13b1
fe93
fde0
1132
fac2
e786
16a5
fd2e
076d
e027
fc20
1836
d861
0f72
0d1a
028b
1b55
ff4b
0398
dd1e
17f7
18ce
16ce
0755
fabf
eea5
0bd7
e984
e48b
0d5f
1cf7
fd4f
fba9
13cf
1248
0e4a
2714
de24
07b2
dc36
fd9a
e641
1527
20f1
edd4
21bd
fe10
0ee6
04f4
ef6e
08b2
fe5c
0324
1f96
fd95
3d96
1c3b
fccb
1ba0
e328
e92a
0c20
d66d
1922
0319
1c7e
d6e0
1252
e250
c37a
1eb7
f869
dfc2
fa8e
18de
3398
e211
0f18
1bda
f00b
39b3
0064
0eaf
0bf3
0c26
f979
fce9
19b8
10c8
f936
d5f2
e36a
edd3
1d0c
159d
1cac
141e
fec8
17ea
0a18
1970
0002
04d1
ef77
f2eb
0181
15bb
0699
f3ae
fe65
2758
0c52
21aa
ed30
1118
f9a1
2e3d
0e98
fcad
148d
0a5c
00a3
06b0
e7eb
f273
0849
10b0
20f5
1ca6
0dd6
ee54
1990
0f3c
fd00
1bd8
fc6f
028b
e1dc
f3a7
13ea
f9fe
14f3
2093
ec9a
1bfa
ef18
100e
eada
2a2e
2dfe
e7cc
e8e2
f8c2
f85c
ff35
e84c
e9a8
16df
1f1b
0e23
09ae
10c1
039a
1712
ffd2
0119
106f
e663
f62a
e24f
1686
214c
e96d
3d44
0e6a
fd23
0883
fbbd
0451
fd24
2d02
fbd1
e046
fbfc
13b3
0133
0ae5
fed1
f0b7
0526
0f6d
ff55
0b31
0892
de28
2432
1b15
d3a0
1f1b
efd0
ed97
ef7f
0826
2889
e2b4
fc11
041b
f3d0
ed18
e219
fcf0
d2d6
0cad
0ac1
008e
0f7d
ffb8
e3c0
0921
ddf1
00ef
151b
01fe
1380
0576
1c00
d116
0edd
037e
f4e9
08f3
e81a
f613
dedc
27fd
0d54
ee29
0e64
f0b8
eb14
f5a3
fb2a
e81b
e4d6
1747
2e2d
02df
05a7
0c7f
fae2
f32a
d48e
0aa8
2016
1243
121a
0a8e
16b5
e772
12c0
1d8f
fa55
19be
ff40
e5fa
c9a3
31b9
0fac
daa7
1c89
09bb
fceb
1585
e51a
01f6
e7ff
1ea6
0050
fd30
1a46
0fa4
f1d2
1047
f101
d8bd
1cb3
f366
2574
1905
fbbf
eca3
fe74
2c72
d2e9
15a1
f163
d043
05c8
17e0
f943
ecfc
1977
1cba
fed0
f7bd
ec85
2f71
f941
0f2c
1772
e306
06d9
11c1
eb3c
fab3
e481
0029
1ee5
1c99
fbed
116c
13c2
ff09
0ebb
f77d
0896
1404
fee7
06ae
e1fe
2df9
019a
029c
0a16
0f18
e0cf
0bba
052c
0268
013b
128a
fc9d
f002
13bf
0184
df6e
1730
cc35
f2de
01f6
0811
2db8
0ead
0ac8
f745
11c0
29f3
f9a8
1ca2
db50
fe15
dc06
04f7
0a1e
0326
1c18
1e3f
f7b3
24f8
f163
1f01
fdcc
1a0a
183b
fe36
1ae9
0f25
d9a2
ef91
f12d
f746
1390
11b5
0935
0aae
0e03
f2b3
1668
1b23
e326
02e4
e634
16d5
ffde
002b
17b4
f944
fe3c
14ce
05b6
fe43
08a7
135e
04e3
f603
2d21
e5bc
f224
0210
fca0
f78f
0249
cb59
0d73
f49f
2e07
2315
027c
f29c
098f
267e
f298
1b9d
03ae
0879
f200
10f0
3025
f0f1
2bca
0891
f176
195e
eebb
0ddd
d793
07b4
0797
2195
0efd
1057
f7bb
fcd0
f3bf
00d5
1fce
f0ab
19c4
0850
1081
e1b7
fcf8
1f62
d35f
118d
fa92
ebb1
d99f
0c79
09af
fcd0
1c0b
fd66
fe56
1fe9
f0af
efa8
fe9c
1875
207d
c3df
05c9
148b
e1b0
12dc
d84d
f73f
27ae
2ff1
1e6c
1c37
08c5
02ae
edce
00ca
ea31
0fa4
06c2
fbe2
ddac
250f
17ee
d046
ef96
0af8
0749
168a
fe58
036b
fa80
04c0
16fd
fde8
f929
f535
cf0a
feba
fef6
f7db
1475
1044
048c
21b8
189d
0f23
2ecd
14c8
dd86
1293
f18e
e3e1
d6cc
1956
0f1a
f0bf
0378
0886
efaa
06d7
e685
e961
07cf
1272
17c9
f3cb
0298
2748
fcae
1269
ed1e
f514
1c07
0674
1185
f8ce
1898
057a
1dfe
f5c2
f2d6
10bc
e563
e9aa
e30f
0a8f
1e61
f228
1c7d
1caa
ebc7
0b70
e367
1931
ded2
1e11
1fa9
fbed
0372
18ae
eec5
033a
e2d5
f95d
fdfc
2021
17aa
1c94
0455
0798
0c74
063f
dfb2
0998
e720
07c5
ec23
104f
19d8
f805
0a2e
0ee5
04dd
0924
e846
fccb
fd61
1a04
f839
e20f
01c5
2bc6
dd4f
1a85
eed2
df83
fee6
1571
f92c
0b75
17c7
d7ed
138a
fe43
fda6
037e
fc13
0892
f811
0c6f
1131
e12e
107c
2288
fc30
ffc9
0851
0272
e1ff
1290
2036
fa83
eaa4
1a34
e455
facb
f9d5
0a4d
0ed6
0ab1
121b
1ca7
f407
e68f
eef7
2842
ef29
0b1d
0d90
f00f
ec23
1dee
0a56
0124
22e3
0e36
f401
1b1c
ec90
fbb4
fa02
07de
0688
f8f6
0108
0a42
d374
0770
ecf2
ebd1
0602
15ec
1088
1566
e9ce
d362
1a82
1387
1055
0850
0145
d98c
d1e2
075a
038e
e12a
1500
1046
f1c3
27d2
f7bf
fa77
04e7
1ce5
0712
035a
17c9
0935
ede1
11e7
d55c
ed38
fb74
f42a
1706
408b
2ffa
16a5
0f94
f5e1
0d87
0394
11aa
efbc
ecdd
1411
15e1
f5c0
f0dd
1e96
ef3a
18e6
f2fd
0a67
017f
1ada
1ac2
fbcd
00e2
1367
df75
06cc
d2fb
e939
dbe7
f7e7
0fff
080f
00ac
12ca
1044
04c7
e4b4
1bd3
ed80
e8c4
f71c
123a
01b1
fa78
1660
1269
0194
2a37
0080
1bdc
f066
046d
2c8d
ee16
0993
1f2c
ff98
01a5
fa64
fdc5
1234
0c12
2615
1e39
1545
da8f
125b
1a2c
d4ae
1e76
f1d9
f70f
e6f0
ed67
037f
f58c
fbbd
1c2a
e5e1
06c0
f585
2339
f55e
203e
f922
0e9f
0ead
2613
ff9f
04c4
0a53
e789
1bd4
3252
fa35
1468
2a15
2ded
f907
0c17
f06b
0986
e812
047a
047d
04ec
1de7
0152
256e
0c00
e83c
0b2a
1383
1042
ec82
fed3
1aa8
05f6
f798
19c3
e9b8
fb81
eba1
dcea
0673
ea80
1514
25a5
1f48
ef2c
27df
0e70
fee9
27f2
d79b
eaef
ed4c
3fea
1912
cc5e
0519
2797
0485
1c10
0004
241c
ec50
0ce5
fc31
fb37
e324
1e95
fd54
128e
1f5d
f95a
02ba
0990
2621
1cbc
0c6c
c34d
2038
04eb
d4c3
16d8
02cb
e384
e138
004d
1c66
d6f7
fe11
033b
f774
2a44
e4c7
0203
ebab
16ee
2011
f87b
f7de
fdf5
e23a
ec2e
f652
06bd
0cf2
101a
236d
fd47
01be
fb76
1208
e118
d748
0d8d
f388
e2c7
fba0
0863
295f
e822
f9fe
0a58
f7cf
fbe8
2460
f28d
fa4c
3276
1849
ebfe
ed22
0ec5
0b75
dfef
f972
0c3f
2006
2306
11b1
1c26
fc8e
f001
0f14
f84d
f13f
eaaa
f421
e663
ed4a
0119
20c6
efe5
1287
0a6d
fcba
22d1
f413
0467
f1c7
17ac
f677
f3ba
0d7b
0e42
08b4
021b
e5d9
ee53
0d85
ed23
3402
1e9d
0be4
e9e6
fea3
1071
e10e
09a0
06c2
eb4a
ecb0
230c
08eb
f067
0ba6
2ec7
da26
0f30
f020
f66a
fc5a
29a2
23f1
0355
09cc
f761
f898
edc9
ecc0
00af
06b5
fa08
fb70
033e
f311
f628
1f6d
e0f7
f42b
f6a8
0b1e
f74f
f5c4
13c7
1665
efc4
20e4
1bce
fb35
2ef3
deb9
163f
ee84
033c
13c1
070b
f4ff
0c6c
e1c8
db2f
f0e1
fb41
3186
f41c
072d
0a75
1fe6
e049
0587
0dc4
f39b
19b2
fb0a
e93e
f641
1725
04b5
0b72
2b6f
109a
e80d
27c5
0ea2
1443
f6ca
29ef
017c
0a91
fcd4
0c3f
f84d
0a05
c356
f820
0d01
fe1e
0b1c
eec0
0458
e328
23ff
0c8e
003b
0acb
e0bf
1874
e235
f55a
f668
eadd
1f24
f75f
0c92
2c89
3287
2e3f
0632
18ce
32f6
efd5
0d97
20a6
cdae
e994
ed80
e69b
1d58
2493
1e20
0ee6
1812
e920
17ed
f2c0
ff73
018f
ff93
f30e
0432
fb4c
0da1
fc4f
1e34
0154
fc4e
2813
e857
22a8
d9b1
0994
35df
f59a
fab2
1fd7
fa3f
0b9c
e794
f25e
01b7
126c
110c
1bca
f1d8
fd7d
16d6
0bc3
f9e4
0dbf
05b2
ec1c
e9aa
0548
055b
f7cb
1dd9
0341
1ef4
107a
d991
fc3a
f0db
14d9
0512
f540
174c
1c7b
e93a
f17c
020e
f15d
f289
1e47
0f14
11f6
fa23
d763
14c5
0e77
0336
239c
dcb6
e698
eb78
0caf
23a0
0d03
ffd9
1063
daf0
0ecb
038c
2fe6
05c0
13d2
0b87
f7dc
14d5
1c77
0692
ef60
cea3
fe50
2024
0186
0d8e
2252
05cc
0a03
23ac
21b7
e5dc
33b9
f17c
f91b
e5ee
2773
3263
f50f
345a
0cc6
edb7
f9f9
0ae3
06c5
1612
0cbc
2c49
02a1
fbf7
0b3b
fc34
0582
ffa3
ed3b
ff0b
0cad
03b2
f194
fc57
f033
0c7b
0363
eb1b
1166
03cf
e5db
fef8
17d0
08c7
dfc4
10e7
0fdc
ecce
f8f0
e290
029b
f31d
0d56
0aee
f3fc
0be0
fa55
f1b9
f4d2
0050
e925
146d
0efd
0226
02c5
f924
fc5f
212a
1bb6
ef46
f881
0d7d
063b
e920
00ee
0e80
e3ab
139c
120a
f893
14d4
e71a
fef8
fc9a
1524
07bd
e133
03f2
129d
0993
ff7b
f645
f45d
12ba
ff4e
1e80
1e48
3944
da00
470a
05ff
f0e1
0807
02fe
0092
e5a4
f2dc
06e5
f92e
e1b5
f8c6
f6fc
2881
fee5
1000
0897
1371
16b9
e2b1
f657
0238
fa5b
fa5e
f293
ed88
03ac
05af
0355
19a2
0140
f001
192e
0977
fbc5
1093
0cbc
edc3
e7ec
09df
29a4
d982
1493
391b
0e62
130e
f4d2
2597
fbab
25d4
0edc
06ea
0305
f79c
f2ee
fb67
e94f
03b4
265f
0cc0
11fd
fef7
0373
ec27
0f32
0724
e782
24d3
f1a2
04c9
09d5
08f5
1ca8
f857
0679
f37b
10c3
3386
ecac
29b1
e185
2444
1569
e806
d376
0f47
ff42
1eaa
ef94
0598
0c5c
eb72
1585
2035
febc
de28
0ca7
1646
d150
2f91
0216
fe97
0e52
26dd
2e99
edf3
1172
193f
da4c
02b6
f106
0140
0435
faff
19ef
ec68
08fe
278a
ec41
12f8
e656
f945
03da
ea3b
0368
0934
07b8
e011
1d54
06cc
ee02
0a8f
fd2c
f412
fcf1
fd01
2016
e954
1cd2
04d5
f86f
0e6a
e315
fe3e
0916
14f8
182a
d680
f9d1
19a5
e70a
dfc4
f008
e03b
05b9
feab
1632
0563
2073
e619
1894
1b79
d253
0e3a
e5d6
e1f2
fec0
16e6
0541
dde7
1a5e
08ed
faaa
241f
f39f
0a4f
e299
16e6
206c
c716
0b2b
1810
c8cf
f306
d8c3
fa36
2cac
f09a
0107
1124
fed3
d413
12fb
fe8f
f26f
fadd
09cd
f0a1
d304
001d
1b58
ed16
2622
1bb3
e75c
283e
e4ac
07a5
05c8
28ef
0b71
ecce
1bc1
0dee
f62d
0a34
dd8f
eb6d
1296
2259
103b
ff0b
071f
e416
f89f
1a42
c8ed
1cee
e2e6
cd0e
f8c7
0d3a
004e
e9a9
075d
ffbb
fb32
0740
f6a5
167b
e683
0d79
f9b6
e26d
0e38
214b
f9e4
0212
e4df
eb93
13bb
26aa
0a50
1e9a
3519
dbec
1bd2
1ecd
e045
10ba
e9d0
f7c3
edab
072f
1576
0023
17ff
1764
032d
fb60
fa97
05b8
fe32
164f
26d9
cc90
2276
ff33
f7e6
1686
d677
ece7
18e0
097d
fbb9
11f2
fa3c
e856
153b
0218
f48a
0a84
ffbb
ed2f
e553
1908
2cfc
f397
2b88
0bc7
ffcb
2145
f8dc
2395
fad8
1f04
16ba
e6c1
146f
06c4
d2b9
097e
e816
ef13
0972
f7f8
07f2
289c
fccd
f67e
080f
15fc
f6f7
305b
ef74
fe81
d890
12cd
1e58
0b75
087a
0352
dbd2
f80d
e849
0029
ecd1
f9a8
2461
f9a9
2323
1024
f203
e130
e493
d41e
fb6c
1461
0d6b
1287
14d8
efb0
45cb
0af7
fff7
10c7
f392
021f
fd7b
0426
0e7b
fbba
154b
fb28
ed4c
0dbe
e957
1bd8
ddd9
1477
353c
fd77
f7aa
00ad
ef5c
f4ac
f779
fa01
153e
0a57
f966
1a69
1a97
f696
339c
2f09
fcdc
f57c
f0be
01f7
e4c2
2204
1949
f590
0c9c
187d
117a
20fc
fc50
27a8
eca1
1447
1b62
ec2d
19b0
f453
d725
e896
e99d
ee60
1b7d
1bd8
1e4e
1b9a
1365
d4ad
04a2
161b
fb93
0577
fa13
0e8f
1362
1c96
01a8
fb3f
0125
2793
f529
1c05
f5db
1372
1633
00f3
13b9
0e48
230e
1268
e56d
f0a8
f38e
f675
0fc1
1a68
0f95
ffc8
fe80
e405
07dc
1497
e26e
0696
f290
ddcf
1653
1bab
2af4
dd94
176f
182d
02c1
1202
d154
1151
e845
03ae
f9e4
0506
1558
14e4
e610
e70d
0b52
0d56
10e3
006f
016e
1694
1976
fcc7
2a1b
143f
fae2
09d4
ff22
f4aa
0180
0d50
fdd2
fcfd
e73d
11e6
0186
fb5e
e763
3f36
ec51
1afe
1b4e
e85b
1009
1506
0921
d7a2
f76f
e74a
2436
08b4
0760
0cc2
0b51
0016
0e9b
0cec
dfd5
16d5
ede5
0116
e758
0df9
1109
038e
e7d0
1c9b
0087
14b8
e9ef
0b57
f35e
0482
0bac
ed11
15f2
1861
e1ec
e165
fe83
ed0b
1b4f
0caf
010d
16c2
0038
e39d
f0b8
f0cd
0282
04d0
ecdd
ed11
f2a5
df6d
465c
f331
2ecb
eeb5
ed9a
030c
fc60
1979
e9c9
0e49
0a86
1584
1c31
24bc
ef29
0cea
020d
e4a4
2099
14ee
3216
128d
0410
e106
2336
fe9b
ea9e
02b1
d30d
f964
f913
0448
2462
e58b
2f2a
238a
e811
e423
ee73
2135
114e
35e2
1beb
0f81
04a5
f5ac
eeb3
0c86
eafe
df47
1626
0d8a
0dc0
1a53
05d7
efc0
2441
1efb
ea05
147d
12d2
0363
c8b1
0e6a
08e2
d136
f383
0bfa
ddee
028a
fe83
1012
f4fb
1cf3
0774
f849
1d9a
1a62
e9e8
e465
e302
eb18
2e93
28ad
1b92
1dea
1ff4
f8a4
fb44
1f10
dfcf
1d94
fc3d
0734
e836
0042
1667
073a
f2cd
08b0
fc98
17f3
f47c
12e5
f8d5
09b4
185b
ebf1
0d31
f866
e25f
ef52
e906
e229
1438
1c11
0609
1eb7
1189
0735
1487
094f
f712
174b
e48b
ecc5
fb56
f853
f6d5
0542
ff18
0c12
eca5
0f20
dbda
00c8
0d1f
0fe7
027f
f319
1448
21d7
f7a8
048d
e354
0115
12be
1f04
092b
1e99
2d76
09bf
fdc9
2276
eec5
0911
f52d
ea48
bf09
2ae7
31da
0836
1f29
12eb
fdf3
1290
fc95
102a
df54
0fa1
dd8f
1ba2
1803
138f
de72
fe0a
e3ab
e758
eb88
173b
0fa4
1a20
00ff
e423
2019
2052
d14e
1bf6
f053
dc71
e586
1165
1dd9
f07b
36ee
03c4
f4fb
1b9e
f76d
2808
d477
377e
f94c
ce90
0fb6
0bb7
0b32
d4a4
fdc9
f1bd
1b5a
f481
0840
f68c
f917
1ae1
1e47
0cc6
d4c9
0673
088c
f736
f592
0ef2
257b
f401
0739
2859
fff7
2488
e789
06e6
f5d2
091c
056d
02a6
1145
1006
e69b
04b9
fbbf
dce7
0919
1354
236d
1406
3d03
dedb
0c7c
fbf4
e48c
f1f5
eacb
e7c7
0047
01d5
1cba
ef64
0b80
f210
e3c6
1b21
11e1
1f9c
19dc
282b
0914
128c
2cba
1dc4
e659
07ba
0a69
ed63
1cc8
1261
21c9
1231
0ebd
f1f9
17e7
0441
fe8d
ed08
e540
0d16
dc12
00cd
0e4d
ea8d
2dd2
0a0c
ed98
172a
1082
25d5
0363
0790
05e3
e503
1dc7
0736
ef6c
fde4
0e38
0db9
1544
1f9e
f42a
1942
f8ca
ed98
fd6d
1e03
0a0c
255d
e4da
ed65
f10a
0f0f
1373
edb7
0338
2505
e5c0
26e0
fe10
139a
0c9a
2c29
1f09
f457
1262
1110
ef96
fe85
ebc9
0735
0158
fbbc
15f0
1c00
1aaa
de6d
2690
1940
f58d
08db
e834
fdc4
dcc1
2635
fca7
dff6
1399
1091
fd02
2155
1859
2d0c
edac
0c90
0720
fffa
f42d
fd0c
f41a
0281
f4fa
fdd0
f411
02d6
10b7
1b7d
0756
d424
0868
0e6c
ee80
0c70
f128
f464
e6c3
09b6
372e
febd
10eb
13bc
f54d
0472
eb31
f8e2
e551
193f
f49d
fd97
0e39
023b
052a
fb53
e85a
0508
1c17
0853
f5fc
0ef0
f517
f939
24c3
2c74
e74c
2063
e5e8
ef1f
ff7b
10b8
1b10
0179
0d18
1df6
18c8
14df
ed60
1f78
ed3f
1ec4
1cb0
e89b
0cd9
21fe
e6bb
d2ed
ce6b
f28b
03c3
f2e5
f820
0e2b
0905
fef1
1611
3013
ffa5
11ff
0626
fb4e
d625
2027
2648
e8b9
1863
1076
0284
187f
0c99
fbd3
16c5
1333
1022
ef7a
191a
2032
fc5e
f634
d111
f201
09e3
02dc
ff8b
1222
f8eb
f2bc
12c7
181c
fa1e
0ec5
c388
edf2
ddf5
0880
19a3
0162
2ed5
1656
f69b
338c
e7c0
18cf
0bab
0be2
1070
e4e2
0461
2759
07cb
e405
f2e7
e7ce
f725
118c
04f7
2757
15ff
f9de
2a00
0869
03ad
e0e8
edd8
fdbb
f559
2e70
fd0e
e090
1f2f
11fe
b76d
05cc
fad0
f6ca
17b5
00e1
19d2
e9b3
0e67
0822
ee2c
c904
f4af
e559
f78f
20de
153e
2620
0ab2
e41c
2417
0ab9
e818
04c4
1214
ee09
ec9c
3f16
1276
ef0c
0821
ee50
f03e
309d
ecad
3094
f433
137e
06d0
fd6c
278d
1bc3
fb4a
f058
f5e1
e305
1ef2
12f6
077d
f893
168a
f73e
1319
0b7b
ea6f
1c7e
ead1
e61a
f5b0
0681
10d7
085e
231a
0892
f455
2114
f96a
08d7
16aa
02b9
2122
dc4a
f966
1203
05de
0270
dd61
0556
0fe6
e712
109e
290d
fab2
c6fe
2944
1bc9
f783
17eb
fa5f
0037
ebd0
fa33
145c
d6ce
27fd
3411
f801
218c
ec5d
25b8
ff0c
e756
f184
ef13
f447
2559
f8c0
07be
cbaf
0480
0489
f808
fe92
1097
0c0b
cbb8
19dc
0ac4
f3e3
1190
05ed
fc5a
ef96
f2c7
11bf
e74f
2b29
3577
f9f5
0494
d6c6
1145
e173
0ce3
11b7
eed4
0c4d
fdc7
f456
fe31
f9cb
121f
0463
e300
0c69
0f9a
1e38
00f5
0ed5
0a34
0f01
0ca2
0008
0885
e477
126b
0373
01d5
2098
17aa
f648
32a9
08db
ff28
f5d5
21be
1a35
0135
1738
222b
05ef
0296
e843
048a
0c21
ffd6
f0ec
13c6
f7d6
ed56
1c51
1fa9
d142
1ff7
f0a1
0034
ff11
06b0
1b89
ecf9
0028
0d79
0432
200e
0121
0cfa
dcbe
1e91
0f09
f530
1148
17df
f2d8
0612
ebc9
e2cc
0a33
1ded
33d9
2785
eeba
d244
07b2
0cb2
dc7d
1bb2
f1d7
eef3
fc0f
0c95
f914
ff8f
19e5
0723
ece7
1439
d666
298e
15b0
03f3
f33c
e8be
1eac
1e0d
0d36
f15d
fc17
e813
00ff
fccf
fcc0
1128
0b67
0540
18a0
1726
e10a
195b
d75c
db91
ce7f
2859
1008
f2ba
2002
1855
eac0
f4da
ec17
170f
05f9
1e65
fefd
017e
1d8b
fe8c
ef54
e331
e7ed
fb4e
22ab
0786
093c
0090
f6bd
0115
101f
ee90
f80e
fb4e
0452
dfd6
f345
05ba
009a
e8f4
19ae
0cba
d959
1408
f04e
059d
f3d2
07e8
0788
f8c8
20be
24f4
f5e7
fb45
ead0
fe2e
01ce
200b
0e83
1e60
1b9d
f107
1e94
1024
e7de
3004
153c
e762
e954
28b8
17e0
e93b
0300
1773
fc8b
19bf
f248
14ba
f2a1
04e3
0f2d
0009
189d
fecc
dad5
13f8
eb38
f19e
324d
2526
043f
06cb
fbcc
0db5
0945
19ad
f008
fd46
ffbe
fdd8
f24c
1a79
f244
ff0a
01f0
2e70
eafa
0c87
f0ba
06a8
de0f
17ed
ff94
fb20
0923
1c62
f3b3
0e60
0327
06d7
fa78
2211
194a
3738
13f7
09f0
0bd0
1135
f329
1ef8
e4c5
0968
db8b
2303
1766
07ed
e3f4
2c8c
f362
19a3
f650
1c5a
fa84
009a
17e6
f715
ff4d
0121
0ec4
13c8
092c
ef78
0355
ff51
006c
006e
01d3
c4b9
29a0
08b3
00cb
f80e
ea37
dce0
f0f7
1038
2bd1
f492
248e
153c
128a
0391
12a4
114a
fd1b
1189
2644
f382
0f50
30c4
ff17
018c
ef11
e110
2098
1b4d
2343
13fc
195f
f72a
0995
1cf2
f063
152a
119e
f758
01ff
23a2
ff5f
fb9a
1223
199a
e69c
19d4
08de
0912
fc60
1cd0
0a55
fea4
185e
0d0a
e8e0
10df
e2b6
e422
1e52
fec9
0ed7
1800
14e1
05aa
16b1
0dc5
e374
fb2e
06d3
f278
fad9
14e3
1052
cc1a
066f
14de
064f
1fa7
003b
13b7
edac
0507
1b61
fb18
0392
18a1
d2a6
01e6
dcfc
fbf2
0366
ff99
0346
1276
1c74
e648
16a2
1f98
dd36
2716
0d35
f224
ec69
fcc4
099b
e2ce
28ba
0de3
e8dc
10b2
e86c
eb19
e8c2
2ea3
3221
f31f
1a96
116d
dc5c
025f
0ca9
f619
f7c8
1d32
0336
fc87
fac5
d5da
1dbc
25a1
d429
0c26
03d7
edf0
0af9
1617
0fe0
f380
207b
1350
deaf
0a53
ea10
2d7d
ed39
fb52
15b7
f1f0
0cda
18d7
ec91
f2ca
fbd5
098e
15ff
0830
1095
06ad
03c9
dace
13dc
1032
02a0
f059
1191
fc74
f398
077f
0489
d622
16d9
f8fb
169d
1c83
e14b
1721
f6cb
00ac
1239
e068
207a
2722
fed4
f8a4
e6fa
f714
19ff
2019
2004
1275
0bc9
02c9
0471
0bc2
df16
ff16
eec2
ed3d
d94e
2275
094b
e440
08f7
03c9
e766
1e55
046e
2470
fa0d
172d
1574
fcbf
1023
1af1
edce
ece7
f99c
e402
347b
e698
ed4a
0209
0f3a
d755
2456
1746
eaa2
f9bd
158c
02af
e612
2417
052a
e729
0718
2b42
0e5f
0a9d
00fe
1cc4
f45b
148b
2161
ebb5
18b1
fe73
ee52
04c0
df6f
04fa
1504
0292
0a32
1a6b
17e4
ee89
080d
13fe
12c1
0293
f587
0c55
e2a8
ea55
0e96
f6f9
15f1
0836
f234
2094
f3cb
111b
f272
1685
193d
f5cd
0116
0f2f
e349
0194
f695
ecdb
137e
07a2
fb94
152b
36c3
e503
12df
21e9
eff3
3b3a
01b2
f047
1c5a
0760
0925
03f7
1d5d
1aaf
e335
24ae
f11c
223f
ef9b
0ae6
1f44
fe3b
16cd
13bf
eaf1
089e
056f
0e63
1b75
0a26
131f
065e
19ba
0346
241c
1973
f82b
0efd
0d03
e9df
0601
f889
07a1
f84f
24b4
1c61
ef09
0be6
e5b6
0de8
f543
0871
06fe
e4ca
1a7c
13ef
d7ac
d002
d29b
fd3d
00bb
0167
08e0
31d7
0d0b
ddde
01e9
08d3
e5b3
22f5
06c4
e87b
e356
fee2
2633
fc30
1127
fb5e
ea03
e203
f471
1b77
0121
13e1
2298
0874
f65a
1f73
0cfc
d964
07af
da1d
06b5
fddc
f413
0506
1b61
0c5a
00c9
3766
fa8a
1aaa
ea82
e5d4
ddc9
0675
008a
c93a
1b38
1153
ec24
11ac
f5c0
0427
08e3
1b3a
1376
fa30
f6c3
160f
0205
163d
edec
024c
056a
08f1
0b8d
1dd2
19a8
ee87
1121
37ac
e4ef
fb07
edd9
e95d
f785
15a6
0e9e
f4a4
1b84
0a38
d7e2
ffeb
09ab
349c
f895
2e3b
0828
e8d0
1d86
0a20
e120
e4aa
e6db
e609
2100
f1e4
fca9
de97
0aa6
0522
16bb
0f34
fa00
0e25
eed1
ed2a
f077
1d3a
eca5
df16
1af7
1d04
f5a1
0b75
008d
0c10
edc1
1612
29d1
0fd3
27ae
173d
d36f
f963
f7e0
de53
ff93
230c
0afb
1ae2
15fb
eb90
285d
0a16
e640
fe80
f2c3
ee23
e9b2
1ce4
0b7e
fd1b
0a46
f683
0331
1ffb
db55
fc65
07a9
12fa
050b
d804
13f2
0e14
f954
f0b0
e8fb
da96
f3e6
1646
0c28
2c3c
10c8
daff
fef5
1bef
dd1b
100f
f51a
03f3
e0b3
0c81
f8a5
edfb
1c71
0f4d
ec9c
0c94
fdee
07ac
df75
ee08
0164
e49c
1ff8
fbd1
eb61
01c4
e1c3
f81f
13aa
1306
0913
fc6a
e21a
e1b0
17e5
f1b3
e545
0ccb
f5c5
f28a
f1cc
f5a0
296e
02dd
22f0
156f
f918
f14c
e789
f37a
fac9
036f
0982
143a
05e5
1b2d
ef87
1336
e6da
ea64
035f
1dbb
1b80
27ed
fcd6
f7a7
0753
2032
f859
03e2
fc5f
ec7c
d3ed
144f
fdec
0456
212c
12c5
f367
227b
fb75
017e
f638
14d0
0af3
f87c
09fb
1c17
0436
ef02
f90c
e3f5
1d98
fa9c
17a3
0546
fc31
f7fa
0e0a
236d
d382
0790
f1b0
fb02
c9e2
0c67
2876
ee07
0f85
136f
f259
187d
de75
0780
fe73
0cde
fa7f
0e96
1415
0c8d
fe06
f3d2
0469
e74b
0459
e436
1e05
1aba
1acc
eeef
fb5a
316d
ee39
08ae
02d0
f2c1
e4e5
f6f0
2bcd
ff05
2379
030f
f136
1445
e161
2642
0789
12ae
1715
e8c4
f309
2159
01fc
fa4c
e45d
020a
097a
f99a
fb08
1fb9
f9b6
d71f
0c9e
ec31
c277
1984
fcb5
0d5a
0f14
1fa3
069c
f325
1c32
2a73
0092
180e
f530
13d1
0deb
1214
1b32
01cd
15e6
1dc8
f0f3
fe84
f38b
0712
1217
195f
1f13
2ef3
14e5
d788
f8ff
1d45
0692
001c
d26b
ff57
d1d4
2328
16a5
e9e8
0234
1ad8
eafb
3c09
081a
053e
df78
050c
22d4
041d
12a0
1e17
ecfa
f872
039c
09d9
f50d
f75a
fdbf
0d8b
077a
0720
2cad
1cc8
fcd7
2244
e8cc
fe45
edef
2853
2b43
dc1f
14cc
07cc
f749
12d5
fbde
0165
0e2b
2275
31ff
f575
1561
f646
0556
2a9a
d08b
00de
23fc
fa73
07a8
0a96
feb2
c35b
2ba2
2a72
fc4f
041c
1c37
fe89
f876
2544
17c4
fd46
15de
1edb
e167
049e
0f53
335c
f3ce
1ca7
231a
ff69
f403
1604
e347
ec55
ee5e
08fa
01ec
fda0
dd7e
fb0e
f804
ed6f
f1f4
1c7b
f9e3
236f
ddc4
efd1
fc88
1020
1224
f1c2
135e
0964
d4eb
00fa
f7b7
0535
d24b
20c0
04d2
1124
1492
0b6e
e216
e45d
0261
f87e
0b6c
30ae
01e6
f563
14d5
dfd1
25aa
0f0c
154c
0d0b
f6c9
0116
fd07
1a1f
febf
fba6
01a9
1dbf
e5c8
1036
e2a2
fec8
0be8
02c1
15e3
da8e
1609
1ee7
eb7c
f155
fb13
f27b
1d1c
fca7
22e0
0af3
0a38
ed79
0c6e
0d4c
f8c2
f6b7
fa50
ddd7
f4d4
26b9
1925
e7cf
0c20
08f3
ee1b
055b
e5ff
1b1c
e54c
f0ab
2b9f
04d3
24de
18df
e451
07a9
e67c
f3c7
183c
0c5f
1d23
f8e9
0f29
e988
1d85
e71b
0064
05a7
fdf5
db5b
f97e
3492
15b9
fb7d
0187
1891
0602
15c7
f2b0
028f
fa24
1a0c
225d
d8b5
07ca
1706
f6dc
1065
fab5
0510
3ab9
0011
0fea
0bfe
272c
f285
2aa4
0a8d
e796
094d
0085
0a9f
e4dd
1e59
1680
f701
25b0
f691
f609
f1be
047b
f8ac
f44b
fcbf
2088
0927
eb4f
1c48
dfb0
f1b7
fc09
f418
1675
2676
0db8
1d41
e9f9
d991
1a6c
f25f
f293
0fd5
e7ae
de72
f3d9
18b6
2737
de77
3162
23fd
eb94
07ab
d5eb
1ed5
0480
04a5
105f
e088
1485
0f5b
ee67
1b4d
d1ea
f641
f161
0782
f6c8
1480
f3c3
d1c9
3a1b
22f1
d725
f48b
ea49
e555
0cba
0ab6
28ae
e706
0d6a
1541
de51
0cab
f5a4
01bd
e7d9
141b
13ae
f2e2
1668
037c
de5b
e2b6
d862
e1df
03bf
1028
1420
0b79
1d64
04cf
20d5
25f4
e995
099a
eb93
dac7
facb
0b33
fd02
d994
15fd
0e1a
fb4e
1d82
0536
0da1
fa4a
0692
1a7a
dbf4
22c1
0dd9
f26e
dd2c
0191
e7c3
10df
fe9d
02d4
fb29
1e05
14e0
099f
1f3c
dde6
04c9
ee21
0a7b
ef66
1506
0b4a
fdb3
01ea
139e
f7b4
0d5b
0072
14d7
fca5
0b03
2099
f5a6
1b44
1db9
e56c
e633
fcc2
ea17
24d8
073b
1ddf
07d4
e038
eebf
034f
fdda
dc4a
0dcd
116a
ba71
e5ef
3d5a
011a
fdb6
f24a
1098
ec98
15c5
f85f
35a4
f20d
0630
156e
f4fc
15ed
004a
ee66
efab
e231
ec1e
1d1d
efdb
16c3
2958
2ce9
f126
1010
02e8
fe5b
21d7
0074
f827
ea0f
3feb
28be
f464
1390
2a2e
efff
22cf
043b
037c
f077
f32c
2489
efcb
1587
17b3
f3a9
f136
00b4
0fbf
097f
0a13
1d62
2330
07c1
e11f
1814
fb5b
e4c4
0f9d
042e
0c4d
f39d
20a0
ff4b
e353
07fa
13b9
ed44
ffbe
b220
10ba
e65d
26dc
1d9c
1083
d870
17c4
f2f6
f7f3
f44d
f80d
062c
f7bb
f92c
135b
fd39
e987
1804
eebd
ebbf
08f0
de9c
e706
0088
f379
f960
e6c3
0528
0710
f5d4
18f3
ddb8
eca3
e5a9
21f0
16c5
0ff8
18c6
0437
01d1
0a56
f41f
e2be
1e8f
fbaf
fa26
facd
0a34
de4c
1011
1d8d
0464
0899
d6d3
01cf
e1b1
f285
0fff
00e6
f33f
2764
0259
1468
f048
0415
0d3f
fb6e
ed5c
0327
19d6
fe79
eecb
1d2d
fd61
ec64
1543
13dc
f38b
1c8d
f31d
e0cc
1b23
09dc
d73d
0cb5
038a
f628
e8f9
fc90
17e4
ebe8
1abe
0afd
fb2d
2397
e3b8
21a6
e475
1c9f
f732
eb37
ec2d
162c
ed48
e937
efb3
e76f
24ef
f80c
057b
0ee4
f764
0a31
f0aa
3997
dc68
0eb3
22b6
000f
0a07
15e9
f9a6
f345
2d10
2880
1c97
164f
dc53
0a7b
f6a0
0129
190f
0696
0763
1c0c
fcc6
f80b
f67d
05bc
04e0
0c3f
0a57
f874
fd71
e50a
11f6
f7fb
f0a9
e88d
02cf
0e90
1766
1138
108b
e5a9
220c
191b
f2ac
2638
fad7
17eb
cbd7
2b2f
15ec
f91f
f718
0b84
e461
f235
d84f
d2c1
0bef
2092
2c0b
0f4a
229e
f8d0
089e
0d37
dfd2
0dc4
e8b8
d748
ddee
0eef
0209
f1ed
2bcf
0456
eecb
f8bf
fc4c
2069
e76c
2fc4
0723
ddb6
eb0e
050e
ee94
ec6c
ed96
11e7
16f1
0e25
1418
fe24
f166
de34
fd0d
2a69
f69f
1702
fbd1
d954
e4a9
f5e0
f94e
07fa
0ec9
0e23
ee93
2746
e36b
0f65
043f
0ffb
14dc
0051
1f25
2407
fe24
051a
ffb7
ee3c
1331
3ca4
256c
2f9f
0c28
01f9
0344
0a94
e9c2
0efe
e0af
145f
f492
f19f
1be7
fe35
2800
0e61
fdfa
0671
f697
207b
fa08
133f
fc13
1396
feab
23fa
f1de
0b42
f576
e549
f38d
1e8f
f16d
239b
e697
0932
0bf9
050c
fdfe
06cc
e689
ed5b
ed1a
2118
0614
eeb4
20eb
14a4
b8fb
f436
df3c
0b42
ec09
1fa6
229a
f9ac
f8ba
2146
fb69
1d9d
dfde
f64f
f6ce
fd36
011f
1f80
f0ba
ea8c
13f0
1d09
ea0a
fd8f
f8ad
010f
efeb
fdb1
3c2e
f299
f361
2268
dccd
1810
e475
378c
0de0
1c10
1170
ee99
2303
0707
084a
ff9e
fea6
e977
f6a2
10ab
2007
4344
0890
e233
1ae3
2f12
e32e
2165
fd49
e0a1
da92
2b05
0e2f
143d
e3e7
1cf1
f796
0413
0ad3
2642
1911
0d7d
28d0
fe9f
1249
15d8
ddc8
f04f
dbff
e746
1686
1f30
18cb
04e4
ff00
1c88
3383
012f
d8d2
fe7a
10e0
e560
dbcd
2f03
f956
f642
2183
11da
dff3
17f4
e7ed
fde7
ec82
02d6
07fd
fa27
177b
2c0e
e5cb
fb26
e541
e5ea
fa8b
18b9
27ae
26ae
12fc
f3e5
0c71
ee02
ea09
239a
f716
ec4a
d429
1172
002a
fe51
f82e
0d18
f240
2a41
2175
0601
f716
144b
115c
02b5
f2fd
1cc8
eddc
f50c
e1a1
0a19
0f44
f58f
1558
f84c
09de
d6db
20cb
3857
e7d7
f70c
fb57
f6e0
ea6a
f921
09bf
f5f0
f556
1621
df75
2340
f387
1fbf
0c8e
0c0b
1805
0f35
0930
32fe
0883
14af
e1e9
dd31
3290
054f
19e4
0e34
20d3
0b35
165e
1db4
f591
0a2d
1303
f362
eb52
07e7
185c
fc60
1c62
1081
f6d5
27fd
0f95
ff15
e1aa
0250
22ba
edf5
f03b
fc99
025d
0801
ff77
ee3c
f8a8
f3d4
1467
fb7e
05c0
e9be
085f
215a
de80
1fac
0c4e
185a
0269
0eb0
1e0b
dbd6
0af8
089f
decb
2179
025c
0bdd
f65c
fcfd
fa9e
139a
2247
faa3
f5d5
f3d1
edb4
e005
1c10
1ce4
eef0
10a7
01c5
2db8
2f5f
138d
d18f
164d
0395
e24e
eb13
0be7
0dd0
e854
1cd2
1c7c
f726
12a1
f037
088c
d1bf
22f5
0547
0639
2334
1864
dffa
08d7
e970
de7f
fb20
17d2
1693
0610
0165
020e
0608
1996
0079
1254
f826
f9e1
f74d
20e5
ee51
0499
1974
1378
ec67
209c
de32
03b0
00fc
0c77
285c
f112
19b6
2576
e798
ef1c
1200
df0b
2d8d
2103
233b
1b5a
03a5
fd6e
0f3f
0d7c
02a1
3a32
1484
0e0b
f079
033c
1ef3
ddbb
1216
1aed
e0c1
26e3
0082
223e
f2fd
1224
1987
ff24
049c
177d
fd16
fb6f
f380
fba8
2454
0ad8
08de
1f4b
18e6
e7df
0ae6
fc3a
fb39
f1a7
16db
f69f
d55e
1c1b
0040
efcf
1924
269e
010f
105e
e5e8
15a1
d1c8
0703
068b
ef83
1947
1a28
07c8
1521
ee3e
f41c
0983
06fa
18f0
1d41
ffd3
db06
08df
15f6
f6b7
22c8
f08a
fda3
e0f1
1730
0294
dc25
0353
2a17
f7c5
0e2b
f15d
0210
0a72
1164
07a8
1288
e4c0
232e
0df5
2412
e59f
f882
01a0
f063
2133
fad5
0374
fa90
170f
f3f8
21ee
316f
f7cf
eb30
f868
3bf4
2502
e74c
1337
1afa
cb93
0cf9
f6b0
1de0
eaeb
0adc
1af4
f281
0e96
208d
ff23
e491
e6f8
fe8f
123e
1f9d
0e34
057a
0bc7
e029
0601
16a1
f7b5
1833
0a96
fedc
060a
0022
030e
db9f
1aba
0151
09fe
0c0b
e394
1a2c
0751
f460
106e
134c
0638
12a6
fa0a
0602
ff78
f154
0e05
0122
0b96
e1ab
ee80
d9e2
0e04
0800
fb59
10fa
052e
f2a1
0e43
0e57
1efb
f13f
19d0
26e5
2018
0389
fc43
05b3
1352
08a7
2ccc
f3a8
3737
1c1e
f740
1f02
d47f
e1ee
0fd8
0d00
0df7
1a96
fe65
c898
f656
06f2
cd81
2b57
f158
f974
f444
27a8
27f9
023b
1c97
1b1e
ea5a
091b
fc91
2102
ceeb
1383
1d20
ebef
fdf5
2f7b
dcf0
1be6
deec
ea85
27b3
197f
1779
1b02
2a9a
e88f
11f6
278d
12c3
10cc
f3ef
eaca
e851
fee3
054b
e22b
236c
1f6c
f120
fbc0
fc3e
0206
f900
1d3d
00fa
f5d4
20f5
2dcf
ebbf
e855
e17c
e11a
1fbd
04e0
0aca
1af6
fb97
faa2
0f5e
1662
ecbc
1c1c
04bd
00b2
e79a
0d8e
1613
fa97
0342
124f
f79f
358e
fbbc
0308
05e4
3091
f95b
f513
f22d
1518
ff1f
0689
f48c
e6ad
2eb5
0cb7
23e1
3098
0f53
d892
225c
1878
fcf1
10c1
de0a
e9f2
f380
09a6
0eb9
dafc
2b10
1d3d
df0e
11c9
fa8b
1cdd
e5ed
1727
189f
e06a
0d21
0a50
e7d0
f25d
f874
e915
f13b
37c9
1466
f130
1881
f47e
1459
0d55
dec5
0ad3
faa8
fe86
e339
0ed4
199a
0abf
1ad7
052c
fbbf
2b4f
e0dd
2c1e
ef4b
0475
0fe2
f2f7
0d15
0598
fdcb
1e69
ebca
fc7a
0518
2b48
ff7e
155b
1f03
e9e2
f525
18b1
0091
0816
0248
fdaf
03c3
02cd
01c9
f268
193c
080d
d4e1
2314
ef34
070c
ffa6
2718
1535
fb66
fdb5
fd1b
e7c5
fd8a
f87c
ef4d
23b8
28f7
0751
2512
f580
d926
15bb
1e78
e06f
0e6b
0e19
f74c
f9d7
125f
1c67
f748
1b60
1cf4
faa4
fe93
eb37
23bb
ec25
165b
f49f
02bb
18f9
0224
fc94
03d3
d542
0e45
f25b
188f
f9e9
1f29
03ad
e447
2631
1d71
e0a9
24ee
e389
f1ad
fdf1
068c
362d
e919
1864
1ce7
f6d3
0d7d
ef12
1e9f
ebbb
1f75
1097
04e7
0c8c
00df
f1a4
f203
d888
edce
1fc4
0ce2
1105
151e
1b74
11e2
19d5
2cd7
fafd
1696
0cee
f660
f1bd
109a
fb2e
ffbf
080b
26ae
055f
0e0b
e841
099e
0270
0cd2
0073
ff8b
13bd
1404
14f3
0b30
d321
0a9a
1578
1a29
0f55
3582
1259
cb1b
1d09
13cc
e19c
fbed
f324
f22b
ecfb
1101
04fc
d264
3396
fa07
f942
282f
ef34
166a
f3c0
2dc0
06e7
f77b
1bd6
324c
07ef
f2c5
ef57
0915
2126
ffca
1ff8
038b
fa36
c2ba
0508
df49
d3dc
3394
e99b
fe95
d06e
108a
1615
ee9d
1691
145d
eb47
0620
f2f3
02a6
d896
1e63
1686
f65f
17cc
356a
f297
e0f8
f388
dc8f
2e91
0ba8
0d2d
0ba5
ff49
03f2
0690
07e1
def5
205e
2546
00ba
daa6
f34d
0880
efd5
f607
020d
24c9
11b1
fbbc
0c1e
15a1
1de9
29e0
05fe
0c2b
096c
f4c9
060a
03ff
fd4c
1f14
f9e0
fda9
f25e
ee0d
f9f1
2374
42ed
dedc
1801
08fa
fea5
e8a9
0842
05fe
0a37
37fb
fd44
e5a0
1f00
f797
233e
e1fc
f842
f1d5
0daf
0cb7
1484
12f0
0bd2
0a26
e04b
f5d7
0254
0965
12a9
01b1
f5da
2901
f496
f18c
26b8
fb62
ee8c
fdb3
165e
0d8e
f0f3
0f90
192c
014c
0687
0454
f8c5
e2ef
286e
1331
0596
0d09
0f1a
db04
03d6
f674
dc25
0538
fcaf
0f57
0657
fee0
c1ea
1887
2961
d132
34cf
fdb0
0386
d49f
ffbb
131e
d9e9
18b3
1320
fa28
013d
0400
169c
0bff
141c
2f40
1de9
ea10
0d28
d776
11d6
f75d
06d0
1aad
f93d
f78c
26d9
1396
e849
1129
247c
e294
fa0b
f821
ea1f
dd93
0d16
05f3
f060
06a0
fc9a
eba5
3608
f482
2368
dd49
2464
289f
0aff
06ba
13c4
e9ce
00b1
df27
f6eb
1c66
1f05
218b
1467
1c16
ef2e
1e38
0c53
e9ff
028f
f813
e453
e4b1
3355
27cf
e26a
0470
07fe
fe0f
0565
0fb8
156e
fbe1
0431
111a
fe1c
01be
ff9b
fc98
091d
f52a
e772
2ca3
f90e
fce7
fd07
f7a4
dff5
1b82
0c46
f5e0
228a
faf0
f816
c9d0
f7de
fda4
e770
16b2
0d88
f527
1858
e19f
2ca9
1893
2331
2236
0b81
0272
217b
0f83
f607
07c1
eaf2
2c18
0a87
00a5
fd5c
0dff
ec1d
0102
2151
e633
1a46
f33d
e362
f400
1004
0a4a
fb04
0a0f
1f39
faca
ff69
097a
1296
02eb
2e1e
0b3f
ebbb
ffef
0684
ec17
18c1
ffff
fc35
e94b
f7ac
331a
14c1
2003
feb6
046f
19bb
0571
21d3
11de
da4c
ef8d
2016
335b
e74e
0b13
fd0c
dfe1
13e2
0a26
02d7
23ac
1585
2b6d
ef93
048f
0179
134f
e446
e551
03a7
ff51
175d
2dfd
1783
1a56
eeb4
251b
0945
fa00
315f
ffb1
fc52
f11a
1fa3
0ab7
d62c
1f62
2378
fcae
0e0c
03b8
f976
fea4
33f1
258e
03ad
0acf
2143
1007
0cc6
c77b
0183
0d1b
1263
19fc
1ba1
0154
ddf6
199f
24c9
de4b
0ad1
08ae
eb8e
dea0
0c17
166e
0867
fb94
3c25
ece1
0f70
e237
10b2
f49f
1d9d
0ad9
e5f3
18f7
0f25
c690
de57
ebed
e770
f4b3
36cb
2145
2163
0add
321a
0e8e
1800
eb47
23dc
fe1c
f2ae
eefc
0ca6
0c08
f5c5
0898
0378
fcfc
0e33
f412
f2c7
f349
1b43
f003
0de4
2435
0b91
0ef9
fb01
dd89
ec06
1a56
116e
03ac
fc00
fa29
1080
2877
0fc6
eaba
05d3
fedd
dc7b
06c1
1919
0bf1
eb39
1586
109d
10aa
190d
27bc
f45f
db34
14ea
0e6a
fd0f
1591
09c4
f461
2534
0a32
f2d4
06d9
0f27
e602
1c1e
0f30
eedb
1f23
0639
e58e
222a
0057
0034
fc93
fddd
009c
ede3
2854
0abb
01d8
130f
f6b5
0b9b
e6a5
0f91
016e
093a
2a17
3278
f943
0730
01bc
e5e2
067f
f5e3
075b
f8d7
ec18
d508
1ee4
f766
db0a
020e
f111
f5f5
ee4c
27d9
2249
abc9
0640
fa1a
e0d8
10e1
fc5f
059c
e7e1
2bb9
245e
ce89
0a52
1049
f088
fd44
e6ae
e98b
12b3
0fb7
19bd
fe06
122d
f1c8
1da7
04cb
e6ed
0159
f8c9
fa59
eea2
1b0b
031e
e7ff
fb57
fc9d
fb6a
02b7
f6c8
fa9f
1ab0
fd4d
0d00
074d
fdf2
0e28
f97b
1c46
ed30
086b
fbff
09f4
0fed
b8c3
1934
e431
1ba7
087e
e464
1efb
e3d4
1163
eca8
0a18
0f64
0a21
f068
fe74
0ca1
2516
ef9f
f471
0aa7
11ba
2c7b
f950
166f
0b0f
f730
fd71
cc08
f745
000b
11de
12ad
1cb6
f4c4
15f2
19dc
113d
eb0c
095c
f911
e827
e58d
0da8
2387
f876
1ade
1760
e29c
dc4e
ff7c
f679
f80b
1d31
fc57
f893
1f37
13af
f353
154b
e377
eb87
1c37
1874
0349
145a
ffb1
f683
15d7
3bef
d0b0
07c9
f596
ea38
e3d9
1ffa
e3b7
e8d1
2c57
08f5
ce87
0e04
e96a
08fa
0a1a
0751
15fd
00db
1e1f
039b
f40a
0d00
df73
ea23
0563
046f
0b21
36fc
00a6
d33e
13ae
17e8
e6b5
29eb
0982
ccc4
ffda
0396
0547
dccb
14dc
15fc
e6f4
10db
f151
fb01
f431
28bc
2b17
0597
04a6
101a
eddf
0317
eca8
ff0c
1ad4
ec7f
0a9b
f2b9
0b66
fd17
1c9c
2442
eb98
10e2
fc26
f312
e5af
076e
231d
cc93
fa40
0727
f7da
07f9
0f2c
1687
edf8
09bf
2894
eaff
e1fc
0ac3
f440
1427
f14a
edcc
f5b3
058b
1500
0b22
f1db
fd6a
0aa4
06e3
fb5c
0961
f3e2
f038
f3fe
387d
0cb4
014b
0ef6
f082
f968
002f
f789
0690
e840
ef5f
13b5
fca1
0d06
247c
d77b
012d
06b7
ecc2
2680
1fd7
1742
14e8
1111
e97b
1735
0c0d
fa4a
fcc2
0b2d
c438
f34b
ff4c
15c1
e64e
0bb7
1544
ee8f
1316
fd38
1d7d
0475
1cc8
07bb
edd2
1231
1407
fba5
11c5
c338
0634
15cf
1960
0776
2ab2
f2f5
efaa
102f
007e
e518
2529
00a5
e7d4
ec49
2329
2646
cbe0
00e6
f287
f0ca
299a
f148
0bdd
f824
1268
069f
ebf7
0a2c
283e
d4c9
09a9
0a12
f268
04c2
1de5
0306
299c
f8e5
0294
1b0d
0ee8
ecd0
04d6
f408
d3aa
ddcd
1ba2
12fc
fd4b
331e
1789
fa25
2176
0a2c
1af9
ecf9
0983
18a5
f22e
1b71
065d
f997
f77c
f690
0157
26ed
0abe
0c0a
231b
fb18
0369
2018
1ef6
f896
3486
e761
f547
0a88
01f8
04ba
e56f
1742
07f2
e0cd
2149
d444
19fc
fa2f
12a7
0ece
ef17
2749
3331
d7dc
f37c
d7d9
eba8
0f9c
18a9
17f3
1a14
1eee
2c0f
0df2
1575
d24c
2b14
e9f2
f4d0
f624
0766
139f
f769
10c0
f5d8
f54b
168b
02a6
0212
ddfe
1830
25d1
14b6
1fdd
1690
e42a
fdd4
eeea
f2de
0ebe
13eb
0834
1cdf
0b1d
e695
2478
071b
0173
16ea
f108
0c6b
dbb1
1257
ed39
e3cb
122a
f3bf
00fe
2b66
f904
0ec2
1951
0ca8
2ce0
eab3
241d
0872
02f8
1742
e1ff
df1a
0f65
18a2
0317
12c0
fbc4
e088
1139
2205
d73a
0919
fa71
cc63
f887
1813
eff7
f31b
fba3
11c2
0bd6
0f3a
f568
105c
e4c3
f78c
f552
1951
0b03
0b67
e57f
f03e
e206
f3bb
0736
2376
0b4c
002c
05f7
e12c
0f07
f920
ee15
0a9e
ee2f
eebd
01be
f0c1
ffd6
d91a
2037
0383
e7eb
2273
e9d6
292e
f5e0
1764
1e8e
00bf
0c34
e839
f716
096e
fc19
0746
eed5
e9e8
14f1
2a58
edaa
db7a
fa08
0fdd
ec29
11d3
f6fb
fdc1
dc63
26a7
23bd
0534
15ec
087a
dce9
0da1
de88
fe85
208a
1081
09d6
f14c
feaa
206d
fb2b
eca6
f7c3
0714
1c90
0852
1503
2186
1768
e926
1dad
03c7
f7fc
0480
02c3
1a88
e64c
25fe
f325
f52a
0f87
15b3
fe99
2c16
f59e
1746
0b9f
fd2d
113a
f677
f90d
17e3
dc3c
05ff
f205
f67d
05b8
0870
177a
19ca
fa50
f3df
2b88
2bb8
ea01
1593
eded
ea1c
db4a
19bf
33e0
033c
0ffd
17d1
e9dd
dc02
e402
2028
0c94
faa8
1ff6
f15b
0de0
015d
d074
d269
eb62
e6bd
1f72
14db
0a14
1e95
0d42
10c3
0727
0247
04a9
1673
dbfd
ce2f
e6a3
1337
14a8
fed3
01a8
0901
f32a
08b4
e3d5
20e5
de28
f0bb
1db5
ea0c
09e4
fd84
e343
e891
0312
ff80
2cd3
0dc1
105e
151f
03ca
1e9c
f834
f83a
e16e
f01e
e41f
0ca2
d3cc
10ef
2a3b
f132
14d4
1889
f495
0a7d
02e6
13b7
ef4b
0656
1660
e029
20fb
178a
fbc3
d924
f8a2
0d50
1987
2006
0847
1374
f36d
f914
2def
1271
eb61
fc04
f497
d2c3
dcc7
1ad6
fcad
ec06
2fbd
15f9
1ba0
0ae8
e74c
0445
f845
16e6
0c3c
032b
09ae
2117
04a5
20f5
f16d
0d67
f7c7
0e12
1706
109d
f761
e967
16e8
0a49
05c3
09a4
f6d3
e2e3
ef3a
18e4
1d86
f381
1997
0f7e
eb5d
0b6a
ed91
0a4b
f4d6
0c28
f936
01f5
11a3
0ba5
0368
fcc9
e34e
fb9e
28f6
22b1
27c3
fcb7
1253
d607
f508
299d
e148
1d70
ecd8
e9a4
dfab
276b
fae0
edbc
00f7
fa74
1678
0b4f
f5d0
0303
e17d
1f20
0621
f956
2551
09e5
f072
fc80
f217
f048
1495
f765
0934
0177
0b53
e41e
195f
07af
1d6c
11f8
eccb
fcbd
f295
14c1
0ee1
0a36
037b
fe4f
efae
1a5b
e0c7
1320
e316
f9b1
14fb
f9df
155d
fe4e
ee5a
ec61
e844
dab4
1f88
ffef
1e44
f11f
1b0f
0eac
0c09
14b0
dce3
1ba0
fa2c
ffb6
0274
0277
1dbe
ddff
f1d7
0112
dfad
17bc
1217
136d
0908
1ffa
1a73
05fa
2c6b
fc49
f551
f4f7
ddca
fdfe
0101
1117
12b6
1815
2037
0a78
19c3
1d9d
fe62
1a92
dbfb
ed6b
0be5
0291
102b
e844
030e
0d8b
eae5
fcc9
f461
1639
055c
19ee
0211
f375
e0f9
fe58
e551
f2d3
d077
02ce
2a51
33ea
1b09
10cb
20d3
09ed
fbb6
0281
dd22
0f69
0677
f648
090b
0676
005c
e9a8
1031
f38e
f35c
1bf2
074d
0bac
fc31
025b
08bb
f42d
f1e5
fd51
0894
14a7
f389
f61c
f904
03a7
2edb
0c1e
ff56
e8c2
0279
f701
0598
f57c
ef34
f2ca
edf7
1b07
00ae
e6eb
2c35
0605
0f3d
0b5d
cf27
1251
f6f9
0d45
174b
f0c6
0469
1060
008a
0c1b
e941
08ba
fcc6
0e76
23d1
3192
03bb
ecd6
06d1
2bc5
d5d6
1bd8
efd6
f98e
fe9d
1dca
1e9d
f91d
05a5
0c85
dbbd
0f94
f323
18ee
eec0
0079
0aa0
c207
0b53
1895
05cd
02cc
f526
0e38
0143
1e74
2760
05ca
0894
e453
05aa
02b7
d420
145a
d9dd
ec97
ee6a
2aea
1211
c480
25f5
fdf0
e8a6
1976
ee15
071a
fc59
114b
172d
f2b3
1212
13e3
d654
f13a
e219
2093
0a64
13f1
2638
0404
0d07
fd4c
161f
0fd1
f29f
073c
fa96
0c5a
d291
18b1
0c79
e76b
1a05
1015
ea2c
26b5
f7df
0700
fd2f
0c20
0d45
02f7
0b7b
12c4
0a32
17a6
169c
1268
162f
14a9
032a
1f59
13d0
f228
136b
1a5b
ec6f
0f80
089c
e857
c575
2c0e
f9f8
ef41
fad0
15d5
f3ca
251e
088b
10f8
f803
11f7
0bb2
f8b2
fe74
1a96
01ac
f366
eb1d
e868
0a4d
1a71
0685
1e24
fd87
eee7
13d7
ef56
de09
07f2
103b
e8e6
d6c3
ea25
2009
ea62
1c77
26c7
ff37
0567
ecc0
2366
06b4
1ecc
0181
e947
04a9
1e67
fad9
fbf2
ecdc
fc14
13ae
ffdb
140f
0e55
fb66
0119
24cc
1e58
f023
2203
ef62
e558
0333
152a
0f1c
d9d4
0d0d
f5ce
df7e
1094
dd60
040c
de6d
1182
0dbd
f3c4
2561
0da8
e92d
ecb1
f7ea
eeec
f492
eb28
12df
0bc0
203e
06da
0538
33fd
f57a
0d72
f58e
e284
f7fd
119b
1866
e406
32eb
ee88
ec8c
1f4c
04d2
12c6
ea8b
19ae
0cd0
daf4
094f
0a68
f0aa
f912
e725
fe3d
1e9a
0ccf
1bbb
fd81
26ed
dad8
1282
0848
f67e
09a7
f551
ef81
dbdd
331e
037a
f86a
2723
1b0d
ebf7
25e0
0a6c
0c60
f49c
1a5b
2fa7
fa40
06e4
0aa6
f71d
0974
f291
f8db
03de
1741
ee4e
2b75
0b46
ee9e
1ddb
f777
da59
0015
e33c
fde4
f606
03d1
2586
0721
0933
13c2
ec34
1b69
ef3a
2af5
04f5
03c3
137f
e4cb
1302
22ff
0dd3
ecdc
ef4c
d8e6
196a
19a5
1e87
1d5a
15db
e51e
019a
1352
e3a1
3554
f60b
0f0b
f46e
1fde
0586
0c09
2030
2085
10ef
249c
fb58
0ca9
f5e5
0dce
0d07
009d
2911
01c3
f735
1496
edd8
0242
05ba
0a42
1ad3
061b
fdd1
e5dc
16ae
2df6
faeb
0baa
fd94
e89f
efb2
2afa
1261
ee19
0db5
0959
d7cd
1880
f89f
090b
e3a4
22ad
0ffc
f9f9
2967
2cf4
f953
ea16
f750
f60c
0308
1b18
217f
0fa3
1eb2
08b5
11e2
2678
be70
05ae
f372
f34a
d615
0b9e
094b
f7d9
180b
0058
f4c9
1981
036a
1399
0557
048c
f7d9
fd67
08d8
15da
f404
13c1
e1bc
eb64
e829
0640
4c1d
03ff
0e9c
d82e
0871
1a91
0efb
0ed0
f2f6
0a1a
f721
041b
2195
fd35
f5ca
14ba
ed7a
0b4f
f028
1f99
ebe8
119c
129e
ecfa
01ba
2087
d789
e16b
e4ec
fa97
082b
2435
0e2a
01b6
1ec1
03da
18d2
1793
f6a4
f885
d2f7
ed87
0321
2850
0ad4
e230
03cd
0285
ef38
00bb
f865
1088
fa32
0a95
0cbb
eac9
2b90
1525
f04b
ffc9
fc4b
d5f1
1b87
33d8
14e0
1990
1930
fda7
10e1
0165
db52
352c
fe95
e787
02d3
f6b6
fc5c
fe50
063b
1768
e99e
0f13
fdda
1328
e568
25a5
1f2f
eba3
1d49
2e2a
d359
fbcb
c9fc
039e
2057
fb1e
f190
085d
fa5b
2f13
2554
07f7
f1e6
f924
fc77
f70e
f369
0a25
145d
dbed
08ca
074d
0938
367a
f668
16da
eea1
128c
0d1b
22f9
d4ee
225f
0507
2911
da4c
d2f5
08cc
042b
083a
1736
15d6
ebaa
1f41
15a8
e20c
106e
f6d2
f276
f561
1c88
13d5
f57f
f81b
1597
fad8
10ba
005e
2559
f19d
0ec7
0f55
23a0
08cc
03ce
158e
1d79
d68e
fd6e
2b60
f63d
0ddf
fb34
04d1
d05e
f72e
18ef
ef74
0610
ec9f
d4ef
e2a3
075d
2052
03e9
ef2a
09ba
e67f
2758
ead8
02d5
de3d
00f3
0426
dccf
169d
128e
e4b9
ef1e
e104
e3f7
fa76
2401
120d
1de2
24d6
eba1
168c
0534
e8d2
0847
102a
ec3f
d3b2
186e
2cf9
f0f2
28c8
fb32
0122
42f6
f713
f9bb
f9d6
0411
13af
fb22
0b2d
0fdf
e3f7
fe02
eda2
09e5
f45d
14e5
031b
127f
25a4
08bb
15b0
015e
f89c
1234
f81e
eeb7
fb74
fd80
02c4
f043
0033
0ef8
d5f9
0ff2
f0cf
16e7
0f12
2d09
1ef2
1518
12a0
0cd1
f1a1
0a5c
f55c
f94c
2e4d
f3e9
1db3
0247
eab5
d6ac
0b02
1038
0362
19a9
eba1
0dcf
0340
1b26
f055
0407
123e
2887
f49e
12ff
f0f2
fd76
eb41
1a70
1364
f5c4
107a
0144
1aa0
fcd6
e0d8
f244
12ab
099a
fa67
2a50
e44e
ee48
0876
1c99
fb97
320d
07e1
df15
e64c
4379
0f0a
0782
171c
20f2
e385
f419
d272
0616
01ab
1d18
1cf8
e9c5
28cc
2b3c
ecda
0ef9
e50b
eefc
2753
0d98
0a35
1f79
f8f4
ee8b
0032
08b2
e641
2dd2
f0c5
d1d6
cc4d
ead1
1053
e3ff
02e7
1efc
f9de
1f57
fec7
1f32
ea31
f842
1471
03e1
fd8d
1852
e918
f2d5
d937
eedb
f71e
0a9c
1aa9
003b
0504
0a25
30bf
0c34
bd24
00a8
cfb2
db6d
dcd7
35a3
fb96
fb31
1fe2
085e
f8ca
1d2e
0c94
fe50
e650
0371
1854
23b3
0120
1cf7
f35e
e166
04d5
122a
05dc
0aa2
0992
2451
2153
ef2c
1bea
1c4d
fe2a
1f97
ed25
f48f
0317
1d26
0570
ec03
14ef
13fb
f1c2
2050
ffd6
11eb
f855
298e
13cf
f81f
0a08
0a97
f5ae
ea0a
fb86
f712
27f1
08be
2fd9
0a1c
0172
eb3d
23d7
0ad5
f992
0bd2
fe78
ef31
ec30
2316
0ed7
eeca
f8f6
f0a7
f115
1a76
ec5f
29d8
ff35
0dc3
210b
0094
0d56
fedb
f106
f758
f38b
ecc3
157b
f31b
21cb
02b5
1c99
fde6
0741
09b0
d7e8
0217
131b
fac9
fa00
1bc5
3adb
0a08
169b
2c39
f370
2046
08e5
fe91
ef07
128e
239d
193b
fee2
15ce
0347
ff2b
e23d
de2a
eacf
fb96
1125
049e
18ff
e620
1342
1d3a
eaf3
0d6f
e192
f848
df52
1332
2116
ef8c
1b3e
21f6
e8f5
1ff0
e732
110d
061f
12c6
1ad8
f24d
1f11
203e
10a7
faaf
fcce
24cc
11fa
f9d0
1809
11f5
0981
0297
22cc
0a2d
e71a
ffe4
0dd6
13c1
d701
d8bf
06cb
f2e3
1bda
267a
dcfa
01b9
e286
1473
f6f8
2b6a
1e3e
f75e
1716
0ef0
f4fb
dd32
f584
f09c
2271
2513
fff5
f0c4
ff83
e465
07d6
0df4
e636
26aa
e978
ec19
e083
1655
fedc
e845
177c
fd42
ea75
0978
e6dd
f78e
ee9c
1db6
2631
000f
1844
11ad
dc67
014b
dbc8
e820
0f7f
f680
0d80
22c3
0207
eae2
118c
2877
f745
0b0b
06c3
fd35
d9b4
fdbf
01ae
e00f
269c
1420
f27b
13f3
f4a5
12df
0aa1
3223
1126
ffce
e109
13e2
e60a
1c79
fa37
f933
0c05
0bbc
08ae
1749
e791
eece
1695
1b07
d0c7
0c39
f7d6
c477
f2e9
094d
0a3f
ea1e
143e
0de6
f5da
1e92
de96
faed
ec6e
fff2
0595
e01f
19f9
24e3
f346
1cb9
f451
dea0
2dab
070e
193f
1c4f
f838
0a29
025d
0134
e699
03d7
dee8
d961
f4cd
061f
0df9
e250
0ce4
1f29
ea19
0b25
eeb8
05c1
f0d4
1a08
21f8
f2d6
124b
103e
1ace
df18
0740
e948
eb05
edf5
f51e
f743
1e20
088b
26da
f9e3
ecf3
08b4
051a
ed35
eddb
2253
0ca6
d4af
2be4
ebaf
effa
0810
fcdb
31f4
f374
2ecb
135f
17d5
23b7
12ad
fd90
ec4e
d0ab
1396
1408
239d
16f3
2dcd
152d
e700
0a50
0920
f4bf
1762
f2c5
f4cd
01ed
0881
ff13
e3c6
248f
2d0c
e193
eb0f
edde
187e
fb6a
0df0
1b8b
fddb
226e
1b86
d441
f6ff
db8b
0078
0c81
055b
13ee
0f8a
11ee
e026
080a
e80b
e016
107d
f75e
e366
f21b
2c1e
286e
f61e
1049
0bed
eabb
1b71
e768
0735
f991
fd30
1203
f5bd
102d
0231
f171
0776
e873
d7ac
1241
163e
00df
1d90
0387
04b5
0a9a
fe4a
e842
151c
ed4c
ed53
df08
1b24
2126
e105
1186
1020
e113
1411
ea4d
28ff
04e6
18cd
0765
07be
28fc
0876
ee50
fc28
f321
f57d
0895
0aaf
1f27
205c
0a5c
1494
f45f
26a4
ec9b
1539
f2d6
d5cc
f91c
3944
3067
e697
2003
24b0
cd6b
0e48
f616
201f
0155
119f
0e30
e754
1035
0c48
2eb3
e276
f5cc
06f9
0b0b
fdd5
26d4
085b
1df5
09f9
29f5
004b
0c1c
06c2
01f2
d368
0814
1e4b
13a0
c6b3
210e
1a15
f7eb
18f8
e8cf
007a
1480
235b
0cf9
f690
20a3
ff0f
312d
0339
f0b9
e49a
1c68
1240
0768
199c
0904
db43
230b
3083
d81e
0c8c
eb8e
d0cc
e610
146e
1731
f280
272f
fca9
e01e
3885
fad9
06a5
ed94
26fc
297f
f2bc
f3b5
3602
e7a0
fd96
e46d
f710
21ae
0496
1fb1
f237
f7e1
f932
1094
1511
dbf1
2fa1
ead9
0f09
d9a2
fab3
1ea0
e8cb
10ce
2814
de72
350b
fb25
1007
e0ed
02b1
207b
051d
0dc0
2a88
f682
f134
e2f0
1618
08d9
f497
fbf1
2771
2612
f484
05fe
06f5
f2fa
14b5
cb46
f119
e7e5
fb18
15fb
e178
fd74
2290
fd0e
f456
fcc3
24f3
fc1c
0877
1368
13ac
083b
0f31
d8bc
fee9
004b
eb49
0d05
fa16
f351
004d
0c40
16e1
1b63
0cd1
e8dd
0a86
e17c
f8f3
ef21
f58e
1bef
007f
14d0
ff42
0076
020a
e649
0873
ea9f
029d
02db
d62d
106f
129f
04bc
fb4b
e3a6
f580
0eb8
f54b
0b0e
23ee
0a74
1a3f
125e
085e
0c41
0784
e98f
063f
d774
0e6c
1d77
e83f
2b0b
fd77
e250
1609
f304
0f91
ec63
11a8
fc71
f90f
fe70
08fa
d597
050d
e61d
03cc
059f
1c59
36ab
2041
26d8
0b5a
085d
0fe0
ce19
01c8
e96f
b91d
f15b
17c6
f52b
f9d7
097d
1456
dfdb
25c5
f9f1
01a5
f00e
0f8f
1dd6
eec9
128e
1a3e
05a0
de6e
eba9
f866
1522
1a19
37a0
eeb1
f73c
f9e8
218f
fe47
eef0
0976
fa78
ef2b
ef44
209a
0cb7
cc3b
1b04
f58f
1679
07a7
e89a
02de
f204
02f5
1ee4
fad1
04e9
229e
ef19
3514
fb5c
f726
f201
06cd
1849
0dad
066b
ea2b
28ff
00bc
e22f
1ddf
e241
e768
edab
140e
0089
0af7
fc55
f9e7
0cc4
2179
ed02
133a
fb00
27c0
0a58
eff9
171e
1f3a
fe5d
ebe7
f0b8
e7ce
0943
f6a2
14f7
1ec7
0c76
e3c8
2b25
0414
ebb8
02d5
0560
e544
dbc6
d711
14d8
e246
1235
1566
0100
24f5
0644
0945
e865
291b
1b9a
fdf2
183f
0428
f9a8
07f7
ca18
efdf
264e
2450
22b2
0894
f755
f3d6
0e99
2234
e644
0921
e20b
f143
da5d
060f
f712
fdba
fdf8
0f17
d483
28d5
e271
f490
e86e
0b1b
3558
e8b4
263f
1138
f4d8
fac4
0327
f8a1
f4d8
1132
017e
2794
05ce
feba
13f6
0577
e202
2544
f6a5
0e97
00c5
0a7c
13b4
efad
0258
f745
fa5a
080e
fdfa
27b2
e99a
0a9c
fe42
ff90
1c6f
245f
025d
eda9
f7de
0903
3e49
1ed9
1897
1ee2
0a30
f0b4
00c9
0afa
d938
05bb
f316
df0d
f2c5
170e
fe0d
f2b8
086f
0b0c
0c49
1ad4
e8ae
04de
dfb3
fc00
04be
f970
1154
12c1
faa7
e2cd
f21d
db15
fa65
efad
1d4b
04a2
fffd
dfba
fb04
082a
eabf
1379
e2c1
ee0c
ff53
1f18
1f1d
d7f9
0e24
ff96
bbdb
fcde
efa2
fa65
e4cc
0f57
fd84
f654
0753
0318
0cb7
e6ca
0a51
e5ae
3455
1584
fa7e
18c6
1ed1
0c96
118d
f78a
d502
2810
0895
0380
db12
25a0
18f8
129d
2485
3020
e248
fd14
f2ec
14cc
e937
0e2b
fd1c
f55a
fd21
1a98
0913
fc90
cfd3
df1d
0559
fa7a
17ec
1d90
1aa1
f017
fe27
1711
e641
2570
f620
f95b
0279
0a94
2988
d1e6
1915
0a55
f1c3
1a09
d466
2160
f3fb
052f
1894
fc42
30aa
1847
f450
f0aa
0617
cf2b
07a4
1b7b
0936
f4a0
333b
f805
1753
0b17
ffa2
0080
ed7e
f8bf
0985
3009
1528
ff8a
f60a
0cfa
fe19
2188
e658
1044
ffaf
2504
25cd
f1ea
1102
f5ca
f8a4
f032
ecdb
fdd1
08c9
1d06
2899
0285
09d5
efee
ebb9
0d23
ecc2
269c
ef53
fead
e7b1
2b43
0a3f
df53
f140
1007
feeb
1ff0
e666
24b7
e970
188b
2576
e423
0f15
13c2
e294
f596
ec4c
03fc
2166
1484
09f7
0165
0c75
e802
0ea3
fba8
f2b7
f94a
ee19
0104
01c9
20ae
1914
e4df
1712
001b
f0b5
fdd2
ef09
ff8a
f46d
2050
1c5f
fd70
f6b5
1d4e
d742
f544
f4b0
db73
064d
128f
19dd
06bb
155e
f693
fcb4
2478
081b
18e2
fb11
e7e2
e271
17a7
1893
f069
09fa
fcc2
fad3
238d
0490
2ce0
fdbb
0bbf
09fa
2d14
f841
2d91
17bb
1085
e6ca
f820
1b14
f4e4
1106
1f4a
220b
c791
3631
0c17
031d
0e92
d456
e73f
f778
237c
1e2b
026c
128b
fe12
f8a7
099f
0392
1249
0654
f666
115b
f90c
04b5
18ce
f787
fc29
de78
fc9b
2448
f22e
253e
0ce3
f4ca
06df
1368
17d7
12ef
3017
f261
feb8
fa75
0b68
0289
f136
0a71
1fbb
e02b
181e
c3fd
1330
ea2e
191f
fed9
ff19
02a2
2d71
f825
d8d3
eaa7
f4b1
2b58
2edb
0a6f
1485
1a59
11ac
0325
2289
e4ac
0d4b
e75f
e891
ecbc
02cb
06a5
f699
1a8d
2115
ef64
fdb6
e876
154c
f207
124a
140f
e9f0
150e
f3d5
037f
f91c
fde7
1e07
2466
0416
1be6
0b8c
0468
fd82
2eab
1614
03fe
04ab
edec
013d
e07a
037e
030d
eb87
fa3f
2649
cc34
083d
045c
046b
10b0
0865
1954
f81d
285f
142a
ef5a
fdd9
fe0e
da0a
0fe8
3159
1513
228d
1491
1c29
fd07
1160
f29c
2759
d992
de3c
fc18
1bb3
132b
f329
30a9
0c0f
df80
2bac
f101
147e
e9c9
067f
08ec
e6d5
221d
185c
ed78
dfad
fd53
dfc7
1d53
2022
2a15
ef6b
f64e
08c1
0d93
20d7
e669
15c3
e54d
f03e
be66
1630
1ab5
0828
0332
0c33
f174
0d4e
d702
28c1
d0fb
fb3f
07f6
ea9b
1611
0d3e
f979
fc63
e038
0046
1fee
ea49
1f52
093c
1877
2a28
3581
167a
fa29
fe23
0234
ecab
ea79
eecc
eb9d
fabd
0e12
298e
f6d6
0d4e
f1e5
3b31
fb11
237e
172e
efeb
089b
fd44
1970
04c3
db8a
fadb
17e0
0c11
1d4e
2371
14cd
0769
1283
ef49
e88d
fc8a
de3b
ec49
eadf
12ac
0b25
f5a2
23b3
1380
eb78
1f03
fbda
254b
df45
140a
1041
e62d
15f9
128d
fc0f
d917
fd06
0276
39a3
19da
19f6
1d15
f69a
fb95
0959
ff7b
ec59
0187
db62
e919
f676
0427
0fdf
ff2d
0a04
24db
fe75
00ff
0642
04d2
e175
1b2a
26b8
fac7
3a55
0af4
0324
ef8c
e0b8
fa4d
047f
f429
202b
1810
0e62
f89f
3d26
0bcf
d45d
1a43
1160
fb3f
e048
0a73
1ef1
ed59
2800
06d6
003c
1a17
02a9
112e
edd6
1365
1594
d37e
1475
012a
0f4d
fbb7
db6b
11a5
1df4
1e52
244c
1b73
fb6a
dfde
1ced
fe0e
edd0
154d
f778
c6d4
e203
fc52
0d9d
ebed
1711
fe43
fd22
1776
0a16
1e4d
1c02
fad9
1922
fd36
0967
0fc5
f800
0ca8
e66d
f58c
0df2
11f9
2c53
ff42
11a6
05a9
2b7b
053c
e047
1af6
05b7
eac1
03e3
f661
fd13
dc5f
1d4a
0cb8
e959
0845
d802
ef49
eccf
1430
f52e
e1cf
11dd
2304
e9dc
eb8a
fa47
e426
0a96
f26f
1b30
0f64
2ac7
d414
0c0d
1d75
e9ac
287d
e7d5
dfff
fbd6
220c
1a46
e4af
020c
1098
c9f3
2a7b
0e7d
19e1
dbd8
02f8
1f69
f8df
2b6a
1504
eee0
2262
10ed
fdc9
10a5
03e5
3002
fc0a
0f48
1e13
0c24
0fdf
f9d8
f628
fd6b
e331
d6f5
076c
3023
e219
f84a
1b7d
ef4e
1c60
f747
f750
fe87
08ed
114a
ebdd
26e4
0568
eb97
ebce
ec78
eaa1
1be5
0379
2024
0571
e727
192b
0639
1b20
0294
163a
0f8b
ea89
f7d8
de18
0b22
fb4b
1f2a
17b4
0d2c
1dd2
02ad
1144
f8ac
1fcb
1831
fe41
f80b
26c1
ef00
eace
0601
fc0e
102b
09f3
0fe2
21d3
04d5
f61b
1272
10ff
e372
1d3c
e83b
de3d
d98f
0fcd
1a76
e996
3422
15d0
f9b2
1984
09f1
18f9
1134
1f81
2925
e7c2
f0d9
2aeb
e5d0
0b1b
0000
eb8e
1a23
13bd
264b
14f9
f075
0357
02f9
0039
db2b
158d
e196
df78
ecc2
1ca1
2276
efc0
2144
14be
e0c0
f943
e29f
0ee3
0526
fcb6
0c56
e7ec
0ff2
0e1f
f990
e44c
fa8b
fb70
3288
0c88
23c9
24d9
21ac
0055
f280
0c31
e543
0a23
ee0e
df48
eac4
2afb
0e23
f597
2aa4
0a6a
f0ec
019b
e1ad
248a
d7c4
fa3f
04e2
ddd5
f567
fb34
fb70
1f58
e4f8
0dbd
0934
0efb
ffe0
216e
f5f2
f2aa
135b
05dc
fcbb
3552
ec75
1f32
f55c
425c
06a7
e882
2739
1e5a
e28e
1882
ee5a
1e1c
eff2
0646
199e
f268
0c40
12e7
05fa
f3ec
cd9d
e8f4
19cd
ff3e
18b0
0acc
1403
c9ee
1b8f
284f
e57d
2588
12de
0e69
03ea
1ef6
3a66
d368
1f25
0eb2
f73e
1b52
ea8b
117b
073f
0fff
1e09
fcf7
fc0a
2466
f65e
f05e
f819
f23b
110d
0f1a
1ee9
1b5b
23ed
e831
1102
01a6
f7d8
1994
e0c5
fd95
f6d5
0edb
038d
ec73
1513
1323
e7e3
32e6
e101
0b8e
f578
1eec
1bac
01c2
0bfa
eb7d
e303
01d4
dddf
ef6c
3665
0cae
05d9
11f6
1552
1843
02bf
1039
ec90
23cb
d962
d2c4
0169
09bb
1719
d26d
125e
09a7
0e08
269f
06ea
0710
0a94
0035
0d1b
0afc
fcc8
21df
0ab3
0ba3
fd8e
05f8
2f30
111a
123c
1020
1732
d621
151a
039c
014e
0ef4
f01d
f2e9
d886
0042
215f
1542
02b8
0309
095a
fed7
05a4
1c3d
f533
1ebe
fcca
249f
28ab
fd2c
0b66
f648
e461
db06
0933
075a
1d87
119e
0d6b
0c5d
1d49
22d9
e33f
1c1c
dc13
fab8
fe55
30f4
08c5
f6c3
2114
0a13
f72b
0c46
eb1e
1006
ecf3
10cd
0899
f9b3
066b
14dd
ec11
ee5a
e34b
1f64
0cc2
229b
0454
0ab2
03d8
f730
04a0
133b
f86c
26b4
e93a
f360
c615
0f5a
0c1f
fb8d
0904
2579
f2b7
fdfb
ff26
1c78
0311
1991
fa5a
fa90
25ca
1e04
f6cb
1a38
f888
ed0f
1345
f8c8
23d3
0c16
0b95
0b04
088d
25c8
fe86
247a
0506
0c16
ef15
fd6e
16a4
0b6c
fcdd
20d0
d0d5
2c89
002e
1464
14aa
1f74
3179
f610
0073
1987
fa16
03d8
e2eb
feb2
1018
deeb
1511
0f51
0771
c707
28b9
16e7
f821
1797
e826
e817
f91b
0621
f13a
f0d1
15a9
1611
fe8f
1e24
df9a
ffa4
f229
2765
ead1
dbdf
1950
25d8
f376
28d4
e4ea
fc19
23f5
f77c
18ef
18f0
ff00
ecbd
1190
ffb3
ecca
feab
e5c3
e3c8
dbc5
10e5
01fd
dfb9
29d1
09bb
0adf
1385
f92c
1010
1b68
09e1
eb99
ef15
1efe
1aca
0219
f1cf
e50a
e29d
17ba
19d1
2a73
17ba
11d8
e885
ebd0
118e
f4e1
17c9
041a
ec4e
048f
090e
15b5
0541
13b9
048b
e9ef
0058
0549
03be
ea62
fd83
12d8
0249
1d06
06a7
0a79
ef14
ed2d
fd37
14b4
fdcf
22d8
1133
11a5
d715
1efd
2f0d
e351
1c9b
f4c9
df7c
f2c6
0732
f92a
f6d4
1a6a
fb18
e8fb
f732
eb6a
1298
f547
3008
fc9b
d64e
0258
053b
e608
e6ce
e45c
fc63
f159
053b
eeb0
febd
1f26
14c5
128c
134c
dcb6
1014
f7b1
e95b
f83a
22f1
0aa2
fd1f
149d
fc02
f5f8
12ef
1530
0b30
e432
0e6d
0504
1b4e
ff30
2437
da61
f896
0c69
18ab
fa43
07c9
21fd
1677
0330
dc9a
10c1
0965
0647
1158
f92c
e580
01c2
02b1
1faa
e295
08b3
20c3
d892
091c
fd30
1840
eccd
0ad9
0250
1730
048f
0b0f
ebfe
11b7
09de
fc44
2692
08bc
19ca
19f3
fc13
f517
0b59
1e86
df35
fb12
f457
e1ea
1124
f5f6
12f2
eb3b
ede6
1070
e501
19d7
e2e1
304b
f7e3
0008
fd9b
fe14
f9b9
1e20
eeef
f916
d662
f3a7
361a
2fbf
25ef
0c55
1b08
ffae
fced
0fe0
becd
19d9
02f9
0a08
f90d
1ce0
ff6f
00ee
1cb9
2001
0149
0680
f1c1
14b5
f407
1ef8
1df1
e9d9
202c
0df7
f686
f59f
ea84
dd7c
0a87
1365
32c2
233d
0bdb
f9b3
22b4
2f28
0d63
1cfe
e4bd
01ab
dcd4
27ea
13d2
e4d9
057c
19ef
f3b5
23cb
dc1e
1817
05f3
fe53
0adc
f23c
1d1d
0c26
e744
10f1
ebe3
132b
1d13
1a7a
1450
2033
1b95
ebb8
1c3a
0d08
f5b6
3a26
0c0e
f6ea
f098
1084
0ba4
efae
1235
1546
fa93
22a2
f00b
1706
eb06
02fc
0bbc
f9a1
1b03
0219
07ed
f5da
f695
ee0b
1334
f9b9
1322
0ad0
09ab
f69f
31bf
1d8b
e0af
0bc3
f2ad
1872
da61
151f
f642
c802
1954
00c8
e5b8
0f89
f449
0c7f
0018
f8fa
0ae4
05bb
1581
fa65
0215
f71f
d06c
eb58
1452
03db
032e
0519
1996
e9a6
01d7
1f48
e0b1
1c75
f0a9
fd59
ee59
1adb
2259
1134
12ab
125c
eb67
2d51
f871
1432
d514
2f60
20bf
e5ba
23ae
0fcc
e0e5
f07b
0308
ea39
24a2
224d
1618
07e5
1b6e
fa5f
2504
1594
edbe
1979
f5b8
e31d
f172
1576
03f7
f386
227b
0ee9
ecbf
1b7f
02c0
0786
ed38
1b37
f3fe
ef0b
fd33
062d
fbe0
d301
d7fa
f676
216a
fb09
1c20
01ba
1b6a
1391
0b1b
0512
eae5
09fa
fed5
d425
f5d5
0d94
1c4d
e8de
1051
1934
f047
0b39
f4b1
1d48
fbe8
f21f
2cdc
f947
006f
05d7
ecd4
01d1
09ae
f73b
1fd1
1785
3e48
0b6f
21a4
f6cd
1212
264e
ed73
086c
e9f6
ea1b
e467
009f
06ce
1b9a
070d
1fb0
f172
1fc2
d4e7
0255
f157
1640
014d
f83f
1898
21f4
eb89
faa1
de58
e918
262b
0818
05d9
ed2d
e63f
f563
e589
25b6
e49e
054c
0638
f3ad
ffe8
1658
159e
e498
19d2
056c
eaea
01a8
e9de
1f34
fc87
1b6f
ff26
eed2
34aa
2b51
ec19
fe76
e428
048d
0ee9
0482
fb19
f9fa
03a2
e1e3
0961
2cdb
d893
077b
0664
fca7
fa4a
0d56
0705
f72a
151a
11f1
e9d9
18ee
ff54
fd1c
0947
054d
0e9a
efa0
2e00
fd56
f18c
fbf9
e039
023d
fbc4
0674
2027
f0e3
0d61
ded1
0c0c
0c76
1613
06d0
e71e
dcba
0145
f166
0492
f210
132b
27d1
f410
1710
f085
1b2b
faa4
03fd
1271
e42b
1bd0
1d55
e6cc
08d3
fca5
fb2c
330d
f6d8
003e
0a15
e413
fd6c
fd53
024a
f74a
1290
0e51
edc4
d8f3
44e8
f937
e4c3
2dfd
08ff
e4ce
14f4
f40b
16a6
0b68
0b98
1b5e
ff0f
29b3
1630
1027
e521
daad
f227
1a10
0972
24d4
1f9a
0f11
e423
189e
fd1f
0dd2
1aa8
e8a8
1061
f2d3
10a8
1dca
ddbd
28b4
031f
d4b8
0e75
e295
093e
f063
0b2e
2164
f664
1194
f54e
ef5c
f544
d209
1b7e
1060
fb2b
07b3
1d66
0fa6
daa9
233a
ffaa
e937
021f
f3da
f0ca
e9f9
0d81
1be7
e440
fcf8
0a98
fa68
0819
e6b7
fee9
e688
20e5
1ed8
f3ee
35c4
0e91
f9b0
f35c
ed7e
e37f
1da5
01f5
17a8
154a
f9ac
04a8
19e7
10a6
f7f6
2a67
e0ff
d456
e03b
12a7
22b0
f094
25ac
0ef7
df71
fae6
f850
2224
15f7
0825
f188
ef0a
11f1
0698
f44b
0f00
e31c
fc86
fed0
158e
0759
2a80
13ab
f165
fb5d
143e
e210
1c23
ee3a
02fd
d62c
f307
248e
f3a2
0ae5
3da4
fb89
ea67
e656
1e35
fae0
f9e4
02ee
e425
0826
2405
077f
c94e
f419
dea1
2cf9
1202
1441
0090
f91e
e93d
1ab9
1fa4
0bb1
1d97
0c42
f2f4
d058
04ef
ff14
eb9d
ff16
2303
0acf
2904
dd54
2004
05dd
0aec
3308
e89a
1641
2432
fcbe
f39a
dbab
df19
2808
17bf
0af6
098f
233d
d8df
fffa
ff09
00fd
0eaa
e3f1
f32d
e044
fc0f
0a24
fa5a
e83e
01db
1ee5
136c
056a
1725
e141
14f7
1217
d9c0
089a
127d
fd61
0571
e453
059b
21a8
00e1
1e88
2887
fa21
f242
f965
0fda
d1d6
2b1b
e5fc
e5a1
f2fd
10a1
1a9f
d04b
1ab0
1c95
febc
05e7
e0e1
0d39
112e
24e6
1a61
0262
0769
2504
dcd3
0172
f3ba
0b04
0b2e
f3ee
129f
0fd6
01eb
dd6d
0272
1891
038e
10e7
d526
e6d6
ee72
05f6
2557
f65a
1a82
1150
f451
12f8
044a
2954
fba5
e4cc
0946
f767
199b
13e8
e930
eb8b
fa7e
ca0a
1b83
2d6c
016f
0744
1302
f1f4
203b
04f6
ea74
111c
dee9
0908
ed6c
f519
068e
d856
0f24
08cf
e29b
1724
f762
13d6
ee3d
1e1a
fd72
e4e0
0b1e
2ffb
0d47
f807
ff5d
e821
1496
1179
1062
11aa
2a4b
02c2
2431
2118
d626
16ed
fae9
fbff
e4db
315a
211b
ed2f
18bd
128b
faab
f6bb
f58a
1c0c
fb94
1f3a
1692
08d0
1a85
1d30
e18a
13d1
e1c1
fcb0
0678
05ae
ea46
09ae
0d7c
f8d6
0098
201c
eaa1
12c9
ebce
f7a5
e99c
1eda
fa8b
f2f8
303c
0b80
0302
2bbd
0216
0021
08d7
026c
fdf6
fd72
139c
1752
dd60
f7d6
e678
0b83
0567
0589
0967
0f52
0812
e8b2
2720
04fb
f224
03db
0cf1
ef64
f8ab
231e
018f
1002
1249
0250
ee27
17ab
f65d
31e4
fa65
1230
1f22
07a1
07c3
1fe3
0f8c
fb80
e771
0068
1666
f5cc
2e5a
f459
0611
cb08
186c
1416
f070
0190
f552
e777
f3c3
07cc
11e8
e6ed
2b85
0eff
e2f8
0bb0
fece
1bba
058c
191a
1dac
f913
153f
0464
f70e
0388
ee4c
edd8
0a3c
1b2b
0883
0358
1c91
f2d7
11a7
021f
f8a1
10dc
fd04
eb6a
e450
fe4f
1b6e
ea6f
2256
22c8
f3a2
28fb
db25
0eed
f8bd
2515
0a7c
0311
167f
1667
ea6c
eb77
eb01
edcb
025c
06d3
0d8a
0def
e802
e836
2cf9
ec6b
d8c5
306d
fea9
f70a
ee2f
e3cf
0b2f
e6d6
2612
f694
0673
225a
051c
ecac
076d
2084
1ab4
c5d5
169c
0740
daf8
f16b
fbb0
ec45
0929
0a9f
04fc
f90f
0bea
cf57
2227
08e8
e5d7
11be
1a95
ff1e
de45
0646
ffb1
fddd
1045
0d6d
01e8
0da6
ff49
25f6
0e2e
125f
1102
0078
fbaa
3714
dee5
0604
ee3b
ecd6
0fb6
f078
2310
15d8
0cea
fb5c
06e3
010b
e750
0e5c
eeb7
f84f
e5e5
0b8f
1d82
03b1
1c37
17bf
05dd
e9c9
f69f
15e8
ef7f
0880
21e6
e2e0
dabb
0964
f087
ca9b
e7dd
e495
10d9
1af4
1e4a
f786
d5ab
cba6
ffbf
121f
f1ea
0eb2
dcb5
f269
04b5
0956
254f
e7da
005a
0f8b
0bfb
2203
ea1e
197f
f492
0ae1
251f
dcf9
0fb0
13b4
fa87
f3d5
fb3c
f4ea
f1ad
fc81
f768
1ef5
05c2
eedd
08b6
03a6
e011
130c
de5a
f2d5
eeb3
2e3a
04ef
0eec
4071
1d3a
eb19
0d74
f10f
17c1
e7f8
11d5
0836
df2e
001e
21dc
fe80
0198
d831
d43a
19b2
22a6
0cf8
2082
0da5
d8bf
0d6a
feb0
ea4f
1ded
ef03
f4d0
f7d8
eaca
1d16
dd47
4621
1c82
f35f
1555
d8c0
3896
07ea
0ce3
082f
cd30
063c
0ef8
fcfb
0ec8
0a2d
06f8
1600
fdfd
1d0b
15df
ebe5
e6c6
f1c1
1b5d
ed99
f707
ea3e
d563
d04c
13c5
045e
f16b
06d4
0ae6
fd29
0305
0767
08b8
089d
11b3
fe6c
ee45
205c
1b2d
c816
e1d6
eaad
00f0
f289
e9fd
0ad9
fc36
f965
e10f
1201
132e
e7c7
f7e6
0ff4
f29f
d0e3
09e5
2271
f87d
07b1
08b0
e96d
0c3a
fafd
22fc
f3be
ee49
2a3b
fc84
1713
0d9e
dd96
f67b
fac3
e75f
2be8
edac
0d88
1984
f562
c6d8
fc2c
1c5b
e88c
10ba
22d5
f6ff
f90a
0178
06f5
ffec
34ec
096f
d544
21c5
ffdd
1810
e4a7
17d9
050a
23c8
ff1c
2522
fc25
efd3
e028
0e13
f995
f94a
077a
1bb4
0d76
b7db
200e
149a
bff5
f552
064c
0ab3
054f
1a80
2d39
e5a9
1415
f81a
e87c
1aec
0cdf
1b7f
fc32
02a7
0dcf
ebe7
284d
fa77
eacb
fc69
f096
e96c
0f6f
fafb
03cc
108a
ec57
f5c5
1ce0
ff85
e364
0123
ec83
d7fb
ed2d
0f8e
0f68
e622
fb26
0f84
f9b0
0937
0081
fe11
0401
1f10
e887
fef9
21b1
fd3b
f915
fcac
ef0e
fd48
0da2
174d
0f11
0f96
1093
eb49
ffca
1dda
fcbd
1f70
f6fd
f989
f6c3
0a33
2040
fd58
2d00
18cb
f6c4
f76d
dcf2
159e
e912
f62d
fbe7
04a7
fdad
0ae4
00f6
0e85
f699
eb71
1b58
fd11
2554
1594
fcc7
0ffa
0af6
1869
dfe9
088f
dc01
ec58
e920
1ac0
0ce1
dfc3
0489
2438
cfdf
24b8
d6b6
240f
c933
1a0b
121d
f755
12d0
1dcf
df06
07e0
d5c6
1699
0557
145d
02ee
0ff7
032d
26e7
147c
1728
0140
140f
fdf8
f732
e364
2644
27b9
ff92
fb81
1267
e3f0
13bf
ed19
0b53
f98c
178d
1b33
0ceb
3dc5
0ea1
0d93
f4b1
db0d
f388
1d79
04bd
0045
1d79
136b
e782
17f3
1b5c
f1b7
17cc
f5ba
f635
fc61
1dce
26d3
e630
0cf5
fdd2
e67e
0be8
de81
1b26
e650
2de3
192a
ef9b
16c8
09aa
071f
0e16
fdeb
f8eb
09ec
fdb4
0a12
368b
053e
0f33
184b
2874
fb66
12cf
102a
fcc8
de4e
fbb3
0168
faa0
34e6
2596
eea3
190a
c8b9
006b
0d56
2b37
05c4
f9a0
35b3
1773
f58a
0659
e0a7
d186
f2d9
0b2d
fe18
009d
199d
e432
084f
1e9d
00c9
f96a
1198
e77b
efc8
13a6
1277
f62f
0316
ffdf
eff1
09ed
e831
1a9b
f268
1d59
1c95
079a
0c81
0ed2
dff2
0b58
f28b
ec62
f79a
0177
11c3
0721
fe9c
e20f
0c8e
0aa6
fbe9
1bee
dc98
dfbe
f029
112c
0a77
ede4
2df3
eca3
e445
08af
ed98
0211
e2d0
1774
0a4a
fe55
1a5b
13f9
0101
f680
c986
0497
f743
f5b0
21bb
06e7
164e
0dd9
22f6
fc15
0794
1864
e0f8
ef69
d073
0877
1a09
f2c3
0058
0303
fc2d
18f3
eac5
1b05
f62a
0aad
1b89
f94c
2fbc
17ef
0a9b
fd97
d739
f869
f2f5
3087
12d7
087d
1f71
f117
1bb9
2427
f382
1385
018b
eb3f
e9b7
2247
21ec
f603
10db
1c0f
fa29
f005
e6f9
1fde
e457
0b4c
27d2
f1dc
3489
09c5
0bd0
e82d
e9a7
efb6
0f6b
11a7
0d6e
05e9
0331
f466
11f9
0a09
dd31
166e
1155
ffa9
db56
fbc1
1023
f75f
240e
22ae
e653
ffc6
036f
121f
fa88
0bb7
0d78
f6e1
f836
2c0d
07d5
f4df
f29c
efd6
1a19
eb20
2282
12c4
f687
dd16
198d
feae
fcd0
0bdd
ea4f
db88
0625
0f7e
0bcb
f55c
13cf
22b4
de58
1740
f7cd
2443
f469
1310
ffaf
f8aa
1dd0
1fed
00ab
1f1c
ebc4
0a32
15aa
0d66
2d2b
1ec7
24ce
f478
ff11
018d
dd8e
0769
fa67
0ec6
0486
2d7b
1075
edc2
16b6
267a
d082
16f1
f9a8
1a06
ee71
fc10
1526
06a5
0926
0c72
dfa4
0ed1
e0fb
fbd6
f0c5
0feb
2b5b
262c
fde8
1153
0c7e
0c8b
f3fc
ee8e
f1de
f377
fbcb
06f8
09aa
d6b9
12de
22e2
0735
1ec3
fd4c
1857
02c0
1e3e
0343
21dd
00b3
3810
050c
077b
f3a4
fabd
0b89
0ba7
0375
299d
228b
f3f7
0eeb
1ed5
e5c6
0457
f54b
0a3c
f291
284d
0a75
ff8c
140f
157a
eba8
3603
da86
1296
daf7
0a54
2379
e96d
1119
fa2b
00cd
f941
040d
e6d1
23ff
13dc
0816
0c35
24f8
fab8
09c6
f675
f2cc
225e
ebc9
16c2
1a93
13fa
01e9
e9c2
f804
0e0e
f019
fe1b
d3da
08a2
f219
1ff7
0b1c
0311
f5c5
15e5
0272
fe8a
ef7a
ebd3
19d6
1762
fcd8
0986
0410
eb39
0c0a
0f6c
ecb8
0a88
0034
d821
dab1
1094
02e7
d9b3
1562
17cc
f300
011b
d28d
0e00
0b0b
1494
13dc
1707
fcbf
0b84
f325
1361
d7d2
d50d
2d4a
fee8
fbdd
1010
1271
de94
0ca4
18b2
c631
1040
e75b
ef2c
dd61
13e3
fd5e
022b
02d5
2678
fdaa
f1d4
e4d5
3015
fb3c
058a
1736
ebae
f7a1
0f95
17be
fc47
e42b
d833
092d
170f
0e01
0b38
1de5
f00b
261d
