// 640x32 weights, scale=291.8682, width=16
f6e8
ec45
0184
fe38
f30b
f5c4
f690
f0b3
e85a
f316
e006
f5d3
ebd9
035f
fed2
f9cc
ee42
f50e
fadb
f1b5
0ab3
fb17
049c
edba
faee
f694
ec8f
f589
f8d8
f308
f6dd
f70a
fa92
f320
0531
0205
f5ed
f6d5
fafe
f619
f0d3
fea6
e4a8
f740
f522
fbff
0569
fdaf
f3c8
f7d4
f9c7
f327
0d20
f5c7
00ae
f4ba
f9fb
f76e
f223
f6dd
fb9b
f67d
faa4
f7c9
f7ef
fba0
0653
03df
f94a
f806
01fb
f815
f8d6
060a
f2bd
f8f2
fb33
0004
08a7
fbe6
f93a
fc29
f7fd
f5ef
08fb
f630
fa1b
f9dd
f754
fb68
f78d
fca4
ff53
f56e
facc
f78d
f928
f552
ff42
fec4
f7a5
f7cc
f788
f485
f1b5
fbc1
eaaf
f7b5
f640
0051
0374
fb51
f5e2
fa44
fb96
f396
0429
fe89
fd99
f55d
fb0f
f968
f405
f789
fee2
f5db
f729
f652
fb75
f2e6
fba5
0a1f
f5df
fbff
f9cf
f859
f592
fbd6
f024
f953
fcb0
03b0
ff11
fd18
f936
fc37
fb33
f87e
01f8
fab3
f832
f39f
fa78
f973
f463
fa39
ffdc
f87b
fa56
f868
fb6c
f3b1
fffb
0897
f6dd
f9ab
f181
f957
efd8
f401
eeb7
f939
fa56
09ab
ff79
fe00
f989
ffe1
fb8e
f86e
01e1
0275
fac2
f332
fad7
f7c3
f601
fb10
fe42
f769
fb1e
f796
fcc9
f4e0
0af7
ff66
f61c
fd5a
048e
fa9f
f21b
f941
f7c2
fab7
fecc
fa90
093e
fbf9
fb55
fe06
fab7
f908
136c
f9a5
f7ea
f816
fad3
f8c0
f870
fe43
fe58
f877
fcb9
fb34
fb3a
eee0
02e2
06d9
f656
f954
f453
f40f
ea7f
f52d
e8de
f9d0
f6d9
088e
0118
fb28
f4bf
fa57
fc05
f5f7
0363
ff5e
fb7e
f21f
fdb2
f4fe
f198
f8fe
fa09
f95c
fac3
fc9c
fb78
f5ca
fffd
0546
f868
fcc6
f930
f7e9
ed7f
f184
efa8
fa95
fc7b
0178
01fc
fa1d
fadc
fd3e
f9c6
f8af
078f
f8ff
f9f9
f920
fa61
f85b
ef6f
fc42
fa1b
f98a
fc41
f9ff
fc62
f8a5
fe50
fd1c
f88e
fa58
f8df
fa49
eee5
f472
ef0b
fb81
fde5
ffae
fed9
f7ce
fd2d
fed2
fb95
f913
0665
fe42
fa2c
f91d
fbbb
fb21
f1c9
fe26
fbc0
f8ad
fdce
fb63
f871
f61d
0233
fe40
f9b8
f940
0542
f791
f350
005f
f1db
fade
fb25
fd69
02e9
f6d7
fdb1
0102
f854
f95e
0db0
ef72
f98d
fb3f
fa55
f865
f3ba
fbbe
fc57
f857
fa77
f9d3
f86a
ef48
ff33
0691
f68c
fb5d
f3c4
f75d
e9e7
f3bd
f228
fade
f609
061d
fb46
f9df
f9bc
052a
fa61
f5ad
ff97
fa5c
f3f8
f68f
fcba
f7bd
ee94
fc26
f87b
f820
fc41
f783
f990
f1c6
fc8c
05b5
f78e
f956
fdf6
fa7f
ee80
f80a
f650
fbe2
f927
04f1
f791
fb91
fc14
01c0
f9bd
f818
ff71
f76e
fd62
fc08
fc3b
f711
f1dd
f9a4
fa84
f84d
fcaa
f9ef
f9c0
f118
0b75
fb4e
f6fa
fb06
fe46
fb97
eee0
f16b
f6d3
f9f2
f827
fe6f
03ba
f7b7
fe64
0876
f8e4
f667
0dd0
f87d
f738
fd89
f8d4
f997
f175
fa3e
ff63
f7ff
fae3
f972
f7d8
f384
09a6
028e
f702
f960
f223
fb65
edac
ef69
f33b
fc34
f758
fd19
07f8
fa71
fe16
09ef
f9de
f66d
0437
fa98
f18e
fc0a
f6e0
fa5e
f09a
fbbe
0445
f869
fa8b
f93c
f66c
f693
06fd
0694
f720
fa4d
fecf
fa78
f375
f282
f696
f9b0
f5e3
020d
0911
f9aa
fde9
0671
f81a
f923
017d
f172
f3e8
ff78
f764
f746
f44f
fac5
07b1
f772
faa9
f954
f6d9
f20a
fe63
0bbd
f5f9
f8e2
fe66
f84f
eb80
e9b7
f0e4
f7ee
f0df
0b34
019d
fa95
fcb3
003d
fa89
f6e2
f90f
f1b3
fa6e
fc8f
f841
f580
f374
f7f6
01ff
f476
f9d6
f918
fa66
efd1
0540
03f0
f7b1
f597
0724
f8d3
eac6
e96c
ec16
f85f
ed24
fba5
068c
faed
f95b
f8f3
f990
f5f3
0828
f639
fb62
fe01
fb48
f6d7
f2e3
f8d1
ff16
f7c1
f8cd
fa0f
f94e
eea2
0bb9
020a
f4f0
f7bd
00ad
f8b2
e7fb
e4a7
ed44
f8f4
e6e0
0024
03f1
fb6d
f9c2
f591
fa11
f45d
0a41
f7a3
fba6
f9d8
fbc0
f41c
f10b
f7f7
ff91
f5f1
f648
f71c
f7ad
efe4
0e8b
fc2e
f4be
f7a0
0370
f416
eb20
e9bc
f091
f81c
ec0b
00e9
064e
f9e3
f7d7
f7ab
f8a4
f545
0c0a
fbda
ff52
fb71
fc69
f4fd
f3a0
f546
ff1b
f6b5
f515
f6ad
0375
00b8
ffed
fd6a
0027
ff1e
02f5
006c
092f
1094
00d9
00a4
0167
01bc
098e
01d7
0284
0013
ff6a
02ee
fe41
f9d5
06d7
04b8
ffa8
0127
0516
0240
0408
002b
fe4a
02c6
03ab
00e5
fcff
00b2
00a0
0035
0337
0233
0b93
13d7
04b2
01fe
03e8
01f4
0756
02a6
03b0
047d
0077
03ee
ffc6
fa2a
03cf
0745
ffee
01d4
065e
0239
02f6
00a2
ff31
0404
046b
0114
f356
04b9
0150
0071
035e
00d2
08ef
0dfd
fd9a
01bc
ffe3
078c
001e
043f
01b9
fdde
014f
034e
f688
fabe
0ec5
048e
039f
00ee
0558
01c6
0000
01af
ff7a
0370
02d8
030c
f784
006b
012f
018b
0801
021f
0a95
127e
ff87
0250
05da
039b
0371
024d
040d
000f
026c
040f
fdbd
fbcd
068d
07f2
01a6
02a1
067c
0252
02e2
00ae
0105
02f6
03b2
016d
f9e9
fec1
0179
01e4
0ca6
02f8
096d
0e06
fffc
03b5
082c
ffca
fea2
023c
03e3
008c
01b5
0383
ff2f
fb90
0a1e
09ae
0215
02a0
0772
0219
016b
00a0
0136
042c
04e6
0276
0053
00c7
0125
02dd
06f8
02df
0821
094c
0461
03d8
08c5
01cc
025a
02ff
03d6
fee6
0242
02c0
fe49
fda7
0649
0776
03cf
033f
05af
02b4
027d
0301
0334
04da
0415
0166
00ef
fc5d
00be
009c
0bf6
0249
0810
0c48
032c
01b3
074e
fd6a
063b
02ee
0298
fd16
0105
0255
031b
fc12
054a
0654
022e
024c
051e
02e5
0130
01b7
fffd
03a8
0410
013a
02c6
f9a6
00ff
ffdc
0e5e
0217
05f3
0ce3
0252
00b1
08b1
fb2c
04e9
014c
024f
0078
00c5
02ad
055b
f916
046e
0770
0131
0246
03ec
021e
ff30
01c0
0087
0435
0649
00d7
fb21
025f
024e
011c
0903
ff35
03b7
095d
ff7e
011b
050e
057e
ff64
02d4
00fa
fdbd
01af
01ec
fd81
fc13
0967
0460
0383
016d
024d
0100
fdca
030f
00ce
0441
04db
023c
fcd4
fffb
04ca
0323
0898
020c
0728
0f8d
0102
025f
05ea
0267
01dd
0208
0521
02a7
00ed
0389
fe24
fa4d
027e
07ad
01df
02c3
0459
038d
0098
0303
00e4
035b
03df
fe57
fe71
00b3
015c
ffa0
0615
0060
022a
0aa8
fdfe
01ba
003b
0098
ff43
03ea
ffa1
fd35
02f0
034f
fef6
fbcd
0985
0460
04fe
0156
02b7
0041
fcc4
0384
01f9
02bc
031a
fdc6
fdc0
0062
00e8
ff24
0339
ff89
035c
0c89
01ab
008f
0156
03c0
fd3c
020a
0019
000a
0051
01f0
fcfa
f8b6
03b5
091e
03a9
ff97
0284
0156
fbda
01be
0025
0270
0350
fe50
005a
fe52
0222
fecc
0b53
016c
0215
08be
01c6
0032
0150
00b6
fbea
034e
02b3
0034
ff9b
01c2
fe03
fb72
06f3
0adb
038a
00c3
02c1
01af
fc5d
ffff
ffcb
031e
020d
ff5f
00b9
fc1b
0175
fed6
0749
0065
05e1
0869
0228
0016
0324
ffe5
ff7b
0278
0353
0398
ff01
0336
ff01
f932
063c
0b91
01e9
ffca
0395
00ca
fe6c
00e2
fef5
02eb
0231
014f
0012
02b5
0184
fee4
06d5
044a
05cd
0811
04ea
0092
023a
01ec
02bb
02d6
0583
06cf
0014
0324
f726
f974
054b
0aa1
005b
005b
046d
0137
012b
00ff
ffd1
02bd
0074
00a3
04b9
fc2a
00bb
feb0
0ce8
02d1
065e
07af
026f
000e
00b5
0280
033d
0297
05e6
04b0
ff3d
0252
feed
f86a
03c9
0c06
0081
001e
02d8
001e
0371
00a2
ffde
02c9
0012
0274
058f
faad
0034
ff02
1026
02aa
0671
0ae7
03ec
01c4
0362
f9db
0688
00be
0724
0538
ffb6
01e5
ffa6
fa2e
ffd9
0ca6
ffd7
00ff
04e5
0272
04f5
fe7d
ff68
011e
023a
ffd5
feb8
0277
0027
ff60
06da
01da
01fc
03fe
0078
01b8
fed9
00e7
045c
0143
035a
fea3
0045
01e2
f92c
fd19
04fb
0769
0274
00db
02b4
0194
01d4
00da
ff0b
01e1
03fd
fe67
031f
ff2a
fecf
fe86
07fd
ffaa
ffbd
0118
fd34
00fb
f96b
04ae
019f
01fa
0274
f997
00d2
0256
fb80
fce5
0aef
0647
0379
ff10
01ef
ff99
feb4
0219
fe54
04ad
0273
fcc8
0939
fa3f
005c
feae
08c2
008d
00ef
044f
fe29
0022
f9a3
fe0b
041f
007c
0168
fb7a
ff30
01b0
0134
fcb5
0717
0872
018c
fee4
0317
ffa7
0090
006f
fdbc
021c
ffcc
fd6d
f3e8
063e
0096
004a
f4f3
fe59
fe3f
0499
fdf9
ffb0
f646
0807
037c
0457
fbee
fb2f
024f
fc92
f623
057f
ffa9
fd12
02cd
fe59
fcae
ff5e
0246
ffd9
ff13
0081
014f
ffaa
f5b5
026c
01ee
024c
f3bc
0033
fe24
0418
ff24
0023
fda3
02cc
04ae
05be
fd0f
ff7f
02df
ff00
f90b
085f
fdff
fd63
02d4
fe4e
ff8e
ff95
0151
01b4
01aa
01cc
02c4
0a27
f988
ff87
04b3
0793
fa3f
0639
0a94
0ba9
07ec
0376
05d1
ffbd
0a20
0530
055c
05d1
02af
0558
fc2b
03c5
f817
01f6
0140
03eb
06d7
061a
09d4
0614
041a
0193
01d6
05f6
f86f
fdf4
03ec
0480
fc27
07bb
084e
0ace
0623
039d
04e1
00f2
06de
04e2
0445
02e7
02f5
03f2
fb65
031b
fc07
0146
01ed
023e
0588
040d
065e
0587
0270
01b4
0373
05f2
f735
0075
04d0
03a8
023a
0823
06e2
04df
0778
03b8
0c9e
0497
01a9
0294
0609
0389
03e4
03c2
f928
01b1
fb13
02ac
01be
04fa
0851
0358
0610
04fe
02a7
0264
03a3
0219
fa7b
0658
03a3
031f
fff9
02ec
04ad
fda0
04f5
0232
0c3e
090e
ff60
0378
0190
ff94
02bd
01ab
f3b9
0417
fc02
0203
00ce
024c
02c1
0062
03cf
02f2
0149
0167
01df
fabe
fb42
00bd
ff01
ff9f
0355
fdd6
f97a
fb80
fde5
ff1f
03ee
ffa7
fe6a
0491
fb01
fca4
0183
fd73
fc25
09fe
f8ee
ff17
0283
ff78
fbec
fd60
0103
ff50
fe3c
0005
ffe5
f9f7
fa16
0031
ff37
fe8a
fcc4
fcac
f75e
fc53
fa9f
fe64
0302
ffec
ff1c
0191
f986
fbba
00cf
fb1b
f930
0703
fb7d
feef
0038
002a
fc95
fd5f
ffdd
0016
fca0
fe6d
0054
ffde
f69d
fd4e
02d5
ff3a
0236
fe4e
fa29
feaa
004a
002f
0a05
01cc
f75d
018a
fd0f
fcc5
ff78
fe73
fbc5
025c
fed9
00e7
01cb
00ac
fe81
fcc5
fb4a
01cd
0095
006e
02ee
0668
fca2
f97a
0670
01ee
02c5
02d5
0335
065e
047c
03ac
0ca8
fd20
f809
0367
0414
0285
00ef
0322
fdab
0126
fc55
05ba
ff2a
02c2
0208
00ce
fdb8
02b6
0391
01b6
0595
0141
fce2
ffe0
0349
0197
fbf0
02a7
000e
0487
015c
0291
0899
0076
f731
06ab
fec4
ff93
02b1
0206
f8a7
06ba
fe4f
03c2
0308
ff7a
ffdc
ff3e
fcd3
03f5
02a8
014d
0449
fc52
fe7c
f995
0227
feee
fdff
fd8a
f83f
ffea
fb7a
00ef
ffed
fc6d
f3b1
0760
fb8e
fcc8
0054
fd99
f9ec
07b6
00ba
03cb
02a3
feac
fb85
fd62
fa10
0152
0122
0148
ff89
fe08
0407
fa7c
027c
0085
023b
018f
faba
fe35
ff5c
ff98
030b
04ff
f926
03da
fefa
0251
fe61
0084
fdfb
04a6
fa04
0555
fe25
fe8c
fe4e
fc93
fbe4
fe4d
fe29
ff92
010e
fd8f
fdea
fbba
01d0
ff98
ff1d
0163
fdca
fefd
024e
01f7
0017
00db
f388
035f
018c
03a6
009f
ffeb
f5e1
04af
03c8
08b1
00cb
fead
ff15
fd32
fa6e
0154
fe41
fdc0
0185
fb75
fb2f
fd80
01a9
fca0
02ef
00d6
fd42
fee7
fd77
0219
fa5c
03f2
f75e
05c9
ff06
004b
023d
fe0d
f56b
06ba
03ae
074f
04ae
ffe7
fdc6
fa72
fde9
0358
fc65
fe36
0183
fbec
fa01
fede
0436
ff4f
01c8
0242
ffb3
ff12
fb45
0123
f96f
083a
f8ba
0387
0245
004f
0306
fe58
f523
0694
0260
078f
0311
0049
ff60
fc04
fd02
015e
fd8d
fcfd
011c
028e
fe96
0019
04d6
01d3
0732
0364
fed4
fbaa
06fc
020f
ff85
0a92
f9f8
02ee
05b7
fff1
037f
0123
f520
065e
ffb1
0797
024a
01c5
0108
fe55
fda8
006c
00b4
fe4a
031b
043f
fc35
04ef
03b8
038c
005c
036e
fd1c
fa0a
0782
046e
0016
07f5
fb65
04b8
047c
fb33
02c5
026b
f376
0953
fda4
0714
024d
018c
00d3
ff83
fdde
02ad
01cc
02e6
0075
04fc
fd37
0359
03f8
036a
055b
0243
01af
03d9
0875
040d
003e
060f
ff2e
01c0
0669
fe9f
017b
02cc
f6ea
083e
f099
0d91
00f7
ff3d
02b6
ff5d
fd9a
ffef
ff9f
0123
0346
03b2
0352
faab
0446
01dc
097d
0179
fe8d
fe05
0674
02cd
000e
fcc7
fcb4
0228
04bc
fe60
017b
0112
fe82
07d1
f7c5
08c8
01ff
fed6
0195
fe12
fe04
fecc
0007
000a
ff49
fda9
faa8
02be
fba1
fb6c
fa05
fae2
fb62
fc0d
fc9c
fcbe
f416
fe7f
ff6e
0006
fb33
f9dc
fcb3
fbe3
0361
fded
0535
f5ed
0063
fcf9
fa48
fcd5
fec0
fe1a
fbdd
0056
fffa
01a6
03fc
fdb4
fe6b
fe20
f94d
ffa6
ff48
fde2
fed3
fe77
faeb
fe9b
0658
016a
00a5
04a1
fd55
0183
0a0d
ffaa
fc55
f781
ffc1
ff63
fe8f
0048
0419
fe42
fec6
000b
0077
0775
faac
f989
0173
016e
fd12
01d5
0643
fef6
017e
0267
fed7
fc1c
00c8
018b
0422
ff19
fdb3
01c9
013e
fa46
0abb
f9ca
ff85
0364
02a8
03a4
0157
00bf
fdc3
0089
02da
04d4
f8f3
fe7b
03b0
0116
fe7a
05a3
0684
fef7
ffc6
0223
00a8
faaf
fada
028b
047a
fcd7
02a1
037f
fe1c
0000
0833
fce7
0226
03f8
0482
0259
0110
01c9
00a9
01b1
ffc6
0485
f884
fd56
0243
005f
008d
04aa
089b
0454
024a
025f
05d6
00ce
017a
fef2
0719
0132
ffd7
024b
00a3
fbac
04bb
fe9f
ffbc
0444
0597
013d
04e7
012d
fef7
00f4
009d
028c
fe2c
007c
01d9
0198
05bc
038b
04f8
fe37
044b
ff9f
0329
f94c
fe33
01b8
057e
ffaa
0034
00aa
02b1
ff5b
fc96
fed4
ff56
03e5
02e3
010d
04fe
fccd
0190
0122
ff91
fb30
f8ca
039f
fa86
fbf6
fdb3
fa8b
f8af
f8fa
fcb5
fbd3
f983
022c
fc1f
00a7
fce1
f940
fe26
fc89
fd3c
fe1f
044d
f6b8
fdd8
003e
fc96
fd2d
01d3
fbb3
fc9e
008d
fc7c
fbbf
0055
f864
fc3f
fa5e
01ba
fbcd
fa7e
fd2d
f8bd
fc80
fb5a
f678
00e9
fbb8
ffa4
fcfe
feb8
fce1
0848
fd5b
02cd
f985
fce8
ff5b
fe78
fe83
02d6
fbea
f951
fe73
0198
0303
faec
fcb6
0142
fec9
feb9
0144
0143
0182
feb9
ff8a
0060
f31c
fb00
00be
0457
fda8
018a
0140
02f0
fa4d
05ff
fa9c
fdea
025c
feab
0127
0029
014c
ff71
fff5
01f7
049f
f6a5
0218
02f9
ffa3
fe56
017f
0859
0792
052e
006d
0296
fb14
fb0e
0132
035b
fe4f
0072
021f
fcde
fa03
05f9
fdaa
fc52
0457
0281
027a
002b
020f
00d8
00dd
012a
053b
09a9
fc63
02b2
0120
fdf7
00df
0674
04d7
0410
0143
ffd5
fe9d
0421
00d4
02e6
036e
00ba
03b9
0787
fde8
fd45
fe16
fd4e
0226
016d
03d4
0235
0156
0163
00aa
0103
fc60
ff33
ff61
005c
fc6e
f9f7
fa6c
fcc9
fe32
024d
fedd
f80d
ff06
f58c
0232
fd33
fd7d
fd87
fd4f
fe62
ff3d
04a3
f925
feef
ffe1
fac0
0019
fb91
feaa
006f
00e6
ff7c
02e4
08b9
fd28
0250
0032
fc8d
ffe4
02d7
fd34
0792
0048
0063
faed
ff48
0100
03d6
057d
fd81
0473
02ad
014b
f90c
fd5c
fc00
0130
ff6f
028e
0214
fe51
0227
011f
0025
01a3
ffd3
00a9
fe64
fe59
f5e0
ff62
0217
fd09
0572
fe72
fc70
ff93
fc6e
0113
03c8
0903
ff28
01d8
fe75
fbbb
02c9
fb35
fdef
0244
fe4e
034d
0099
ff82
fd67
fec6
0516
ff48
065e
fcf7
ff7d
fba5
0101
fd12
fe27
f7e3
fc8c
fd10
f355
f4dc
fa64
04aa
0186
031a
02fc
ff6b
06c9
00de
0624
fa11
01ab
0185
fb84
0181
0054
0505
fef2
ff3b
03c0
002e
045f
fc81
000b
feab
fde1
0132
01eb
fac6
fc47
feb2
f578
f83a
fe6f
028b
0415
0448
02c9
0295
062c
ffb3
020d
fb23
fdb4
0282
ffb3
0138
0215
01bc
ff5b
0029
029d
02d4
03b3
fdd3
0142
ff04
0183
010d
fe0c
f8c6
00b7
ffc8
f526
fb94
fdc1
014d
0584
ff1c
010d
0302
04a8
fed7
0576
fb3d
00e2
02f4
ff7d
01e3
00ec
0200
ffa5
ff77
02d8
07c1
0ba4
fa71
01d7
0385
04c2
023f
008c
f730
0921
0279
f8d7
fa2c
0499
0109
0881
0292
ffab
037e
08c3
fd5e
f70e
fd24
fec2
04a9
0250
0406
020b
0321
0208
01a5
0290
0384
01fc
fd87
01b7
fee7
03f2
fefb
0086
f9e6
0025
0068
f604
f9d2
ff75
0028
03c2
f905
02ae
01ef
0070
fa6d
0554
fd7e
00ba
02ba
0034
0185
fe68
025c
0001
02bd
01e2
0144
05c0
fbf6
02a0
ff62
04ba
fd10
ff64
f902
ff8e
0073
f447
f9a1
0169
ff16
0271
fb5d
01a4
00c4
02e1
fd0d
0318
fc13
000c
002d
00e6
ffcb
ff1c
00a3
fd0f
0186
05da
ffd5
043f
06d2
0138
fff0
05ae
0057
04ed
04b2
fdb1
01dc
f890
f866
0106
0046
031c
0026
0189
0032
0646
ff3a
fec1
0179
055c
01bf
fe18
014d
036f
0278
00a0
0452
031c
fdff
fe95
05c2
00e2
feef
0663
fe46
028e
fe15
fdce
ffc6
f6b1
fb83
f945
0294
026c
0103
0294
010d
03a5
01a2
0590
0240
0540
0188
fbd9
0028
fe89
0210
0415
03e1
0510
0120
0009
ffd0
0505
0297
09b5
00ab
0484
013c
041a
005b
fc46
ef2c
02fb
0321
036f
00f1
0398
0214
07e6
fefd
fe3e
00b2
042b
01d3
026a
02db
0606
01ba
03fb
0315
0620
05bc
01df
ffaf
06e1
0545
0beb
052c
0ca1
0495
0611
03f0
0723
eedb
03de
01be
099e
041d
0467
05e7
08b2
fedc
f745
01ac
03ff
05d7
075a
04a3
0711
05c7
061b
02b8
0318
000b
0148
01c1
0722
003a
06c9
03bd
0762
fdaf
fb3d
00a0
0122
ff77
0508
0239
03e2
ff67
05b6
0410
0590
013b
0346
00a0
0337
05af
0662
01f5
0652
0454
0178
02ee
015b
0107
0273
05fc
0228
fe54
0907
04bb
0809
018f
ffa0
00aa
0172
f8fe
0465
02de
073c
027f
0211
04b6
0544
028b
f6bd
0294
0382
04fb
0194
01a6
08b7
02e0
053a
044e
fe51
f9de
feaf
04cc
fd0f
fafb
07f3
fc78
f783
f6f3
f62e
fd1e
f810
0276
ffa9
020b
fde2
f9c1
ff88
fea8
0515
00cf
0177
fc38
01bc
00eb
fa37
fc32
04da
fd4b
fe73
ff2a
ffee
fe4c
010c
01ed
fd97
faaa
0af6
faec
f81e
f7ea
f99e
fe97
fb48
f8a0
0483
feb9
011c
fe8c
ff2b
fd50
05c3
fbee
f993
fca9
01ca
0198
fa15
fdb1
0854
006f
fe1a
fe0d
0262
040c
fbdd
04c0
0194
0030
0164
0210
03dd
0281
0063
033b
02ec
fc81
02b9
ff38
069f
0151
00c2
038c
fec8
fc61
fd3f
ff45
046a
0601
006d
0123
0884
0498
0291
0063
02d6
06e3
025f
0166
0521
020e
07d3
04ff
0f63
0cdd
0432
0345
0a74
fba9
061d
00fa
0a62
0471
0326
08ea
0650
fc33
f345
0737
015f
073d
0623
0460
0730
0295
07d8
01d0
02cb
0413
ff2d
0aed
0392
038c
fcc5
0407
072f
0398
fd5a
024d
0299
0504
fbcc
033d
059d
022f
031e
054d
fcd8
0170
f9c1
03c2
02ba
0759
ff81
03c7
0179
02a2
0552
0187
045a
ff16
f5da
10ab
0183
00e1
fa6c
fcdc
ff7f
0243
fd68
0280
fc88
fcec
f497
03e1
00ab
fc92
021a
0127
f6dd
002f
fa81
0214
063a
0389
faa8
0039
fd83
00d4
0597
022a
0164
0245
05e8
0386
046d
0268
0601
035f
060f
049e
050b
03b6
043b
f73d
fb72
021a
0a02
03c3
008e
059e
0167
01a1
f36d
089e
03a8
060f
0057
02b1
016e
0011
05a2
041e
01c7
03b2
01e5
002a
01a6
0109
0656
0287
09dd
06a9
000a
03b1
022f
f7c0
fb87
0205
088f
07f8
01ec
04c0
0089
fbb5
ff66
0a73
03df
06bc
015e
01a5
0238
0310
02eb
010f
0406
0098
07a6
02cb
02d5
fedb
0bbc
02c3
0795
0573
fea3
0197
fc1e
f9d1
ff87
02f3
0747
0a77
0308
04a5
04c4
00d4
f964
0787
0128
04d1
016a
0029
05c4
02fb
0121
ffd0
0550
04ce
009c
02f6
0383
02fb
0af6
067d
0a8d
0616
015f
0353
fe77
fd24
ff65
0224
0c28
0975
03ac
0504
0128
fe5e
f9e4
0875
0223
06c6
037e
0401
0618
049e
050e
035c
0443
09b5
0077
08cf
060c
0643
0900
07d5
0a36
05ed
0a67
0459
064d
fc7a
03e2
00c1
0d63
0709
033e
0885
ff9b
02b5
f301
0c05
045e
064c
0478
053d
07c8
060f
035a
0529
04e6
0a60
00f4
0799
0517
06e2
05f0
09dd
09ff
04cf
07a3
041c
0530
00ed
038f
0129
0e16
0318
0153
081c
0188
00db
f2de
08e6
03b3
06de
04a2
0630
0777
059b
04a1
0563
062d
0ab9
04c6
0356
056e
05d9
100e
0812
0a87
02e6
04e8
04aa
00f2
f3eb
019c
017c
0e4e
000c
0377
060a
0058
fefc
f5ca
0990
04a8
064a
03d1
041d
0270
04e9
06fd
069a
0398
01f2
0b14
fa6e
0550
ff91
14b0
02f8
05ab
fe4b
ffd4
0182
f87a
ec60
020b
01a7
0684
fd7f
0232
03a5
0c79
0212
fb51
071d
0600
01aa
fffd
00f9
01e9
015d
02df
00ff
01dd
ff5a
08d7
0740
0001
025a
fa81
0035
06b0
091b
fca7
0134
00fb
fe85
0a42
ffe1
058f
05d2
ff00
fed1
0119
00be
f582
0672
00cf
018c
fe2c
0264
0769
0120
03e7
0473
0158
fde4
fd96
0e88
0047
fef0
f5dd
00b5
002d
fda0
f5f9
0101
fceb
0353
04bc
040b
032f
0489
00c3
0177
fa78
042e
0050
feb3
01e3
0304
fbb4
fe2a
030a
02c9
0604
0566
ff70
0cee
0710
0169
03fa
0456
fc73
061a
1132
0a0e
087d
03f4
0a1c
ffd2
0f25
0009
0a3a
0b90
0237
0494
0292
fdf3
f8d5
08e8
fff9
0543
05fd
066a
09e2
0248
04d3
02c1
02e6
0481
ffa9
0644
04e6
02da
008d
0867
0cce
0506
ff25
0349
0861
0441
0475
0524
07d9
02bb
052f
03c9
fecb
0006
0543
0650
0767
08c5
0710
0300
0232
074a
03fd
01ef
01a8
00e8
f5a1
0a21
041d
01a3
fe06
07b8
0ae5
02c1
ff8d
01a5
0986
0786
00df
009a
0647
000b
0597
0215
fb58
009e
0493
01ea
063e
05e0
043b
013f
ff43
038e
0463
046e
017e
004b
02f3
0086
0233
0028
02a8
07f6
082b
021b
ffa5
02dc
0b6f
fb17
09ec
030d
0718
0176
01bc
0006
0558
0344
f905
03d9
0510
0529
02c7
00f2
0852
0302
0311
03a6
018e
f6d8
fcdc
0a9c
fb92
fd14
f956
fe33
f765
f36a
f250
ffc9
fa3d
06a4
fd0f
036a
ff5d
fe47
02fd
fb13
f871
0191
05bd
facf
03aa
03df
f8d0
fa7c
fef9
01df
fe21
023b
00b7
f7f6
010c
084a
fcd6
fd49
f52b
fe2e
f582
f274
f561
fcd6
fa9a
07b6
079e
ffc4
01ee
031d
01d9
f8e9
fbf4
030b
0028
f859
0113
031b
f68b
fb8a
04c6
0081
f9df
fd78
fe71
ff91
025b
04c2
0040
0190
f03a
0383
05ea
fcda
f8d5
0135
0468
0762
0a45
fd40
09c4
0988
ff3f
fe64
fb19
008f
fa81
fe46
006c
041e
fd22
ffb6
0783
01a2
ff04
ff6b
01f1
03c3
f9e2
07d8
03c8
0458
f321
058f
0d43
0a5d
fe6f
0626
0b48
0705
035b
015d
0b10
049a
01ba
0361
f52d
fdb0
014e
060b
03dc
06ed
026a
01c3
0164
036b
0373
0355
02da
069c
03dc
ffae
02c8
04bb
f4aa
08f5
0f83
0c88
05f3
05d1
0c96
0236
0367
024b
0c9e
0b7f
fffa
055d
fd19
fe31
fa8e
07fe
fed9
06b6
01f4
038f
04f9
03d9
046a
0305
041c
fe55
fb0d
0c91
0057
01bc
ebfb
0150
0505
0557
050a
03b4
05d0
0ce3
f775
03ba
0a4d
03ac
003b
ff98
f40e
ff66
06a5
04b5
020e
0376
fcb8
ffd5
fc67
ffa7
0520
048f
01f8
0333
0896
0100
006a
04c6
f344
0461
0b28
037e
0b97
0104
0a9a
0448
fd34
00cb
0d7f
0d57
fd61
0314
fd0e
ffd1
fb4d
05c5
fbab
0232
007a
0139
0292
fdfb
0299
04cb
027c
fdb6
043b
fefc
ffd3
00ab
f96b
01c6
0351
034e
00ce
0090
048a
06fc
fa68
0232
07a9
0dd7
01f3
0071
fbd4
fe28
06ed
07b9
01ad
0493
00c1
013b
ff92
039c
ff92
0128
02c9
fbbf
fe19
0af7
fd8e
fd43
f68a
0169
02a4
05fa
f98e
ffde
f6ee
0be4
fdd6
0407
0443
0eae
0475
fe84
f40d
0558
0348
0748
0223
0510
fe4b
ff8c
030b
029b
fc45
fdd7
05ba
fea3
fb7b
07cb
0008
02d4
f810
050c
0290
0514
fe12
0287
fa05
05a5
fd04
013e
08e8
0784
05b3
fef7
f9b4
01e7
03c8
0480
0103
0171
ff6e
fe08
ff44
0381
01dc
0018
036c
026f
fc02
060f
01c8
018f
f956
049b
0263
06eb
0321
02f8
001a
06ae
fef5
fecc
0861
058b
01b6
0169
f79c
02f1
01f3
0632
ffa8
004b
0039
fec8
017a
01c7
0153
02f7
00d3
021a
fe6a
04dd
0256
03a0
f8e0
0782
04d9
078a
037a
037f
02bd
1057
041c
fe23
07fe
0536
ffce
024e
f825
0342
fe09
088d
fef6
0129
ffd6
01c5
0386
001d
00e4
03ff
04d4
081b
0573
094d
062f
0609
fe21
0695
05bb
046f
0395
04cd
ffd4
09fd
0834
01b8
0c7a
03ed
034b
048f
f854
0438
fcf2
0879
0160
0409
0190
0113
029a
027c
0398
048f
028a
07ec
02a9
056e
05a5
04a1
02ab
067c
0682
04b2
07d5
03d2
fce0
fd48
0572
fdeb
0b35
00c9
0265
030a
018c
004b
ff1e
0850
00ec
00d0
007f
00f0
0283
0255
0536
0422
04db
01e6
0f00
f624
fdb4
fccc
0153
fdfe
01bc
0371
fc25
fe5f
fda4
f077
0f1c
fddb
ffb4
ff6d
fcc2
ff19
15d1
fd53
012d
fe61
0281
fe65
0031
02c6
0800
02a4
021d
0218
009c
01de
0b38
f98f
ff82
fb55
fe58
fcda
0000
0140
fdae
0044
03fd
f539
0951
fe2f
02c3
06ad
fb73
ffd7
10a3
0099
003a
0288
fe46
fe15
feb0
0248
07e6
fe65
032d
004e
fe90
0847
03cb
f848
0208
ff55
03b7
01fa
09b5
03b6
fda5
0138
0a01
f75a
0678
fcb5
05e1
00d0
fbe2
0269
0ae1
f9e6
039a
0093
fdb2
0200
03e9
04aa
06ce
0098
028a
00f3
03a7
01eb
0168
fe44
0208
ff27
ff98
05d9
0868
fd2c
fada
ffbe
056a
ff15
0454
027b
0337
ff1a
ff8f
038b
0853
0071
0641
fd03
0217
0242
03a3
0169
0495
00d5
0461
026a
0338
0298
0074
fa65
03c0
fbdf
ff5e
033a
0516
fd24
fbba
008d
098a
fea8
09b1
016a
0192
fd15
0065
02a8
0e44
fa8d
063b
fc54
fff5
01f4
03f5
014d
057e
031f
0418
0107
0206
ff4e
0884
f714
01d1
f8fa
08fc
03ba
044c
f9bf
fccd
00a8
056b
fb66
05e4
fef0
01b3
fbc7
fedb
ff33
13b1
fd8a
0482
0106
00a5
0114
0216
000d
056d
0179
03b3
035d
00df
f88e
fac6
fe67
fa59
f866
0057
fd52
f6d2
ef57
f6ca
fd96
f827
04b1
fc19
01ae
fa9d
f70e
fe8d
fc5a
02dd
ff17
0c0b
f4bf
fe08
002c
fb76
fb76
0113
0094
fdc4
00fb
0076
f79b
0763
f9bb
fb35
f7e5
fe66
fa67
f18b
eeb4
f0f8
fe5a
f675
f8e8
05d8
fe45
fb71
fb02
015c
fb69
1062
ffff
0bcc
f38b
ff7a
0206
fbe3
fc4b
03a6
0029
fb0d
fbff
fc62
0129
0187
f9a7
01be
fbcd
f9e8
ff64
02be
fc87
f593
00eb
012c
fc12
0732
fcf1
03a2
fffa
0029
0102
0901
fe26
0a80
fad6
fcc3
0256
fe32
000d
041d
0033
0031
fe84
0469
02f7
fea0
0275
019d
fee8
f564
feb0
03dc
fcfc
fab2
02e1
057c
04d8
04de
0138
00e7
fdb8
020e
03a7
01d5
ff8e
057e
fc51
0405
03a5
0141
0128
0271
05fc
04f6
0069
0395
06c8
0727
f919
0038
fe3e
fbeb
002f
05db
0316
fdbb
035d
0a8e
f844
021c
027c
feba
fa49
02a0
02e2
0a42
fa1c
09cb
fdfc
03b4
053c
ffe0
0418
0040
06b6
05d8
01ab
0666
feb0
0049
fcb8
ff6f
f8c1
f8b9
fa95
f7d2
f55b
f72a
fe9e
faf2
f927
f38d
05d8
f898
f4b9
0170
00f1
088e
fec0
12a6
f919
0772
0194
f6b2
fff9
f840
0356
04e3
0544
049e
0747
1146
f5a4
003e
01c4
0126
0151
060c
f9e0
00bf
01bb
080f
f343
00a2
016f
02fc
01b5
ff9b
04d3
10d7
f975
fea3
fdd7
007b
0445
ff9c
0691
01be
0382
0537
03c0
0337
ffab
064c
f97d
0041
fcd9
fdf4
ffdd
014e
fa47
f8ec
0071
036a
f8a6
fa81
02e1
fc92
0267
0140
025d
088f
fd46
0df3
fe26
04ee
035e
fec2
03b7
ff4b
0571
0151
02df
03dc
fe8c
0958
f77c
01fe
fce6
0598
fe7b
048a
0051
f869
005b
fadd
f266
01ac
00ca
0055
046d
0295
ffff
0d8e
fd80
056d
022f
01a6
03c5
0069
0195
06b1
0649
0088
ff18
03fa
02eb
060e
f7d5
0175
ff52
049f
0467
0944
06b7
fd1e
020a
00dc
f492
0348
ff87
0448
04df
02df
02fe
0e70
fd40
03ed
03ee
0298
0541
0308
02ff
05b1
0651
0524
0242
04a3
050a
0015
fc14
023a
ffaf
01bf
01be
0388
0074
feef
00ef
0046
f384
0373
ffc4
01fb
fe5c
0318
018d
04fc
fd3d
0c53
ffc4
0326
0555
017d
0311
051f
06fb
048b
0373
0601
05d9
0d24
f0fe
01d3
02ac
03ee
01e2
024a
fa1e
fcde
019f
029f
ee3b
0a85
000d
ffe1
feef
ff97
01b9
112b
fc29
04c6
fc39
0231
0366
ffe6
0371
043b
0523
0159
03f3
0567
0926
07a9
f941
02d6
01c8
030a
02aa
0476
00d8
011b
0378
fe3f
f54b
0a8d
01e2
048f
fdc9
0379
03c7
05f2
fcc6
03d8
0078
02ee
00af
0211
04b0
0605
04a1
03bb
06a6
0739
052e
0bf6
f1da
0367
0175
059f
0259
03c1
fd49
0602
fe31
ffd9
ef73
0ac1
fe99
024e
ff27
0273
02cf
1104
fb50
046c
0015
0137
fedf
0272
039a
04d1
0303
0025
0477
01b0
0356
0a39
0fa7
ff30
072c
f1bc
fdf5
0225
0329
022b
01bd
ff1a
01ae
0e26
fe82
052c
045a
0124
00b2
ff6c
0232
f21c
04dc
0330
00e0
051b
027b
087b
02c5
fec0
0206
ff7f
fede
fc91
1416
fb13
002e
edac
fca0
fb9c
fbd8
0133
fe5f
fff2
072b
fe99
fe8f
0364
0188
0219
fda1
f686
05ed
fe32
ff54
017e
fe35
fe60
fca0
0063
0191
febe
004f
ff68
02c3
f85b
069f
fef6
034c
f43b
00e0
0059
f8f6
00d6
ff6e
ff9b
057e
066d
01d5
013d
ff2c
001b
0005
f92f
ff10
06ee
fbd9
0316
00b0
0306
fea8
045e
0225
00e5
ff21
03bd
00ad
f40d
1400
ff0b
03cb
e9f2
0363
010e
f490
0457
0076
02cf
0da1
08f1
02fe
006e
fd50
040b
015c
f223
0552
fd88
f8cb
07df
0405
04e4
00d3
05c0
06dd
023e
fe49
fd8b
026d
fddb
0947
010f
0238
f517
057b
056e
f96d
0327
ffb6
0842
0812
0bb8
0237
0585
0150
010d
0450
fc4d
030c
0060
017d
01a6
04dc
06e9
01cf
08b3
fea8
019c
ffa8
ff3b
ff00
fe52
08da
0030
ffa2
f686
0146
0172
fa47
ffc7
ff61
0dfd
fe5e
0f20
0138
ff5b
fff3
ff0d
0115
fdd5
016d
f2d5
021f
00e4
ffdf
0371
fef2
0b61
00a1
0220
00d3
ff66
f995
f92a
0a63
fad9
fc83
f913
fbce
f64b
fa1a
f924
fe95
0743
01d7
075a
02b5
fbc4
fc10
fe3b
fccf
fa08
04f6
f1d2
f9c9
0010
0008
fc46
f9ce
052d
fe4b
fc15
fce5
fb30
f9aa
f937
04a0
fb14
fab3
f063
fac1
f49e
f7ea
fc09
fdcb
08be
00d2
0580
fd6a
fcf1
fcf0
ff56
fc62
fae0
00a0
fbb6
f922
fbda
01da
fd3e
fb2b
0032
fec0
f939
fb5f
fdb8
02dc
f706
07c1
044b
0219
f1c2
0420
032f
0553
01e3
0179
1d1e
ff06
0864
fd64
07ee
058b
fdba
01e7
f3e8
0242
f37d
0261
fc3a
040f
02e7
ffb1
043a
01df
02ca
fb8b
009e
ffb4
f75f
0da3
020a
0164
eb8b
ff29
05ab
0669
01ea
0435
1136
02aa
03ed
00f6
0046
0218
015d
023c
f6d7
0317
fd34
037a
0240
045e
0405
ff3b
ff3b
039d
01b0
fcf2
0293
fd5f
f6fa
0d2f
ff9c
018c
ef5c
fe24
0017
0848
ff7b
02a2
0e81
011a
f9df
fff5
facd
fc13
020c
0064
f7eb
00f6
ff8d
fd7f
0546
0261
ff72
fec4
fa2f
042f
02e9
fd07
ff0a
f8ed
fe55
ff29
0039
fec3
f58f
fe11
fc56
0533
01e3
ffc1
0cc7
fe7c
f974
fdf8
f8bf
fc12
fb31
fd91
0600
0348
fbdf
0351
fea8
0003
fd7f
fb7e
f684
ffcf
fd2a
ffdf
fc6e
012c
03b5
01d5
ffcc
0523
f2d7
ff4f
0095
fef0
0d30
01a6
12cd
0188
0001
fc47
0394
079e
fc79
0286
fdf8
fe99
f719
0862
fd42
0204
0359
ffb5
fcc6
0002
0103
0018
fe58
02c7
f83b
0648
ff0b
01e4
f2b5
ff71
ff8a
fc87
09f1
02d7
1122
fc9d
f8f5
002c
0510
09ad
0062
0304
f29f
0090
fcba
0690
01bb
0350
00d1
0005
fbd4
0418
007e
000a
feb2
07b6
0b11
f9bd
03a7
01f5
fcfd
04ec
0a3a
0588
0f0d
00de
12b1
ef82
0a3f
fdac
0e1e
122e
fec2
043e
05ec
fb28
ee6e
12c9
fb68
0433
0617
02c8
0715
0248
ff44
fc45
00fa
fdfe
fdaf
0475
039f
0090
fac0
031c
ffc6
fd7e
049d
0110
08ec
fb0e
ff9b
feb1
0960
0696
0205
02d6
f735
016c
fc23
0938
012f
0331
04f7
fe70
feb3
0326
00d2
feaf
fef6
05d1
f42f
0359
02a1
ffe5
fe3c
fde8
ff5e
07a2
0a91
0357
0a2d
fd45
00bc
fd10
0657
fd70
fe3e
00e1
f8bd
fc2d
f664
0724
0218
00d9
0342
ff5d
ff3b
0350
0151
fecd
009e
0032
f3a2
091b
00b4
0134
f177
006f
f8dd
fc5f
059b
0310
03e4
01fe
fd0c
004e
01fb
fb85
00cd
02a8
f369
0327
fd9b
0126
03d0
0215
03e8
008d
fd57
0196
01c9
fe58
01fe
fe58
f13b
0ff4
0205
01d1
f5f9
009d
fbf7
0116
041b
02f6
00ef
0749
f993
ff4a
05e3
fc85
03f4
0150
ed9c
01b3
0133
04e9
0575
0078
026a
fef1
f9fb
fcf2
ff55
ff94
00c4
fdd6
f799
03f8
03c7
ffed
f566
fd61
fbee
023d
07ba
02df
03ab
faa0
fa56
fe25
03bd
ff94
0349
ffcb
f8fa
fb96
0781
03ed
012b
fdb1
051c
fcd4
f9ab
fc7a
fee6
fc1e
fd51
fd1c
0ee6
f7a0
fc6c
fbe1
0052
fd70
fb8c
fbf2
f958
fb75
0113
f5cf
0ee8
fdc3
f87c
f69c
f8e3
fb38
0de6
fe34
ff3e
fe52
f88d
fbc3
04b0
ff1b
00d0
fcf9
fbe9
fea3
fb7f
fdc7
05a2
f73f
fd7e
f92b
fd74
fdfc
fc92
ffd3
fbe9
fb6e
06a7
f82d
09d2
fe11
fa05
fdaf
f7ee
fc5f
1091
ffd2
ff3f
0000
f95e
fbdc
045a
fccd
0019
f917
fe50
fe0d
f9fe
031a
0511
f72a
03e0
fe18
06cb
043e
05be
fdff
fd47
fd02
0ba6
fc64
0c19
fccc
004b
fba9
fc65
0406
0d55
fda8
ff1b
fffd
f8d4
fe14
0b9b
ffe5
033e
f7d3
fe32
00a1
ffe0
fd59
fe3b
f4ad
02b5
f8aa
0106
0205
fd69
f8b8
f684
fd32
06a3
fbe9
06ec
0047
fa98
f674
fff2
fdcc
0b8d
fda2
0ead
fb81
fb47
fe8f
08c0
fc18
0029
fed7
ffe9
0238
fd51
fd25
fcf2
f908
0378
f9b9
01c4
ffcc
00fc
ff1a
f9d6
fc5c
0c06
fd33
0958
fd3c
fc02
f8b3
fed8
01e3
07d1
ff8b
0382
00c4
fac4
ffba
0df3
fcbb
0383
fc36
fff0
fe3e
fe3c
f90e
fa81
fb56
0128
f6ab
044d
fefd
f74e
f5fd
f841
fcd5
0364
fc38
ffa2
0157
f7b9
f34d
feee
fe21
0526
034d
02a3
fe0b
fd0e
fdd2
07d5
fa00
fe2f
fb0f
fc27
001c
fd05
f80e
f71d
f7df
fd08
f785
0667
fae7
f0b1
fa08
f717
fb76
0791
fd65
002b
0182
f5c1
f382
fe71
fb6b
0173
fde6
0742
fe69
fd84
ff52
04d1
f95b
fc1d
fb63
fbee
fe49
fd02
f81b
f875
fd00
fa72
f845
f8f7
f8a2
e7f5
f218
f36b
f975
fd8a
018d
0387
0140
f132
f2b3
fe74
f84a
053d
0104
0a03
f671
febe
ff13
02bc
f67f
fd2f
fe9d
f713
fd14
fc44
04cf
fb69
f8fc
0439
ffae
fd94
ff93
fb07
ffcd
fd81
feaa
0e70
0094
068c
feee
fa07
fb6e
fc6b
0091
031d
fd00
00e8
ff76
fdbc
015c
08a6
feb6
0293
fcf5
00b8
fe14
fe98
012d
f86e
fa90
0197
feb2
fbb9
fdc1
fa83
fd74
fbb7
0066
0500
05b5
0168
fed0
f6aa
f5f2
004d
01de
081f
fd29
0af9
fbd4
ff66
0248
0825
fba5
fa37
fe65
0105
0086
023d
01c2
0367
f307
fd75
fcd3
fca8
0007
fd20
faaa
0048
0000
097c
fb4d
ff0b
02a5
f942
f747
01c9
033e
088e
fa99
03fd
fd73
00c7
01aa
088d
fe8f
f9f0
032a
04b6
0257
fe5f
fdd3
f81f
f9e3
fcf3
fa8c
f588
f730
f5a4
f3ad
ffc1
ffea
019c
00c9
f545
ff97
f40f
f397
ff29
ffd9
06d5
fb24
0acf
f9a8
fd77
fed2
03ce
fbed
f518
fd65
0124
0170
fc22
fbe6
00e1
f978
fda7
fba1
f5ba
f9e0
f705
eff9
fbf0
fe3d
0375
006d
fb4b
fedb
f49c
f458
fdec
000c
0672
fdb6
0aac
f7c2
ff9f
fe20
02f0
fcc9
f60e
fced
fee8
ff19
02ae
fe5d
0390
fd81
febd
fd89
f843
fd1a
f798
ece8
fecd
fe58
ffd5
0002
fe2f
0209
f61a
0060
0230
01f3
03b7
001a
01fb
f85c
005d
0272
0203
fe73
fa83
03c9
0022
0266
ffa8
fcb8
0b52
f5fc
ff14
fbfb
020c
fc27
f7bf
f2a8
fad2
fc3a
fe1e
fbd5
0769
005f
f6ca
ffc7
01cc
feec
11bf
fdb5
031d
fb43
fe03
00a7
010a
fe3c
00c3
04ef
0032
fdd3
0033
fd3f
feeb
fb5c
007b
fc47
01db
0002
f9bc
f43e
f57a
fe3e
00b3
fdb9
fd71
ffa8
f89e
fa86
03a3
0217
0586
011b
083c
fc38
fec3
00cd
03a7
fd53
faaf
0221
0213
fdcb
fea6
00d6
07ca
f7fd
ff22
fdd0
04c1
fdc6
fc16
fab4
fcf0
fe2a
08f9
fbcc
0b2c
fc47
fa04
fd16
fe5a
0163
0ec0
001f
f3f8
fe9a
fb03
fd45
0559
fe1e
0249
ffbf
fb1a
fd1a
00a0
0937
042d
f8c7
010e
fef1
ff85
0014
fa25
f315
01e0
01cf
0b77
04aa
01a6
001a
f7ae
f432
003a
03d1
0c51
ff1b
07e5
faf0
ff18
0330
0aa2
0256
fb1b
02be
00d6
02e9
0230
04c7
04b0
f74e
0295
fe67
04e3
0250
fac8
f0b3
f9e4
ff9f
ffb9
fc06
00d6
fed4
f871
f2d0
0057
0062
0d76
fe02
0a0c
fdbf
ffc5
0131
06fc
fe35
fa6e
fef0
fd33
fe59
0300
ff2c
0085
f846
00e2
f918
ff08
fe3b
f7a2
f0dd
fbe6
fca6
ff07
ffde
001c
ff2c
f6fe
f6a2
008a
005e
0ae3
fe41
0c9e
f976
fe06
fd82
0639
fba5
fafa
fff2
fc04
feab
02e9
f87c
0a71
0281
fc16
f97c
04a1
f778
f3af
ff76
f332
f7af
f676
f9d5
0229
fc08
eeff
ed3e
f879
f950
0bf8
f6af
fe9b
fad6
fdf1
fa0b
ffa8
fa91
fa18
fdb9
fc26
faaa
01a7
f710
0578
fdea
fd71
f9b5
0643
f94c
f617
fa1c
f6e8
f8d9
fb0c
fd3a
f863
fd7f
f0e1
f310
fc10
fe8b
0d6c
fc1c
05ea
fb54
fc5a
fa57
ffca
fa7d
f448
fe99
fe65
00e1
fe2d
f736
ff8f
0883
fbd7
fd99
0596
fc3f
f985
f6c1
f722
f96d
fc94
030b
fc0c
febe
f4eb
ef54
fcbc
fdc9
00ff
0081
0222
fa5b
0100
fc20
0149
fb85
f60d
fdd2
fbdb
fc12
ffdf
f8e4
f64f
0364
fd77
fbc7
0233
fc02
f81a
f813
fbf3
f873
fbf0
0a6c
f752
fc0e
f313
ef3d
fe6a
fb3f
ff6c
00ff
07dc
f925
fee1
facd
008f
fb1d
f708
fd9d
fcc5
fbce
0164
fd0b
01d9
fa97
00de
fd87
0b34
0126
ff01
009e
013e
fb28
026d
fa65
0328
fe9d
fb14
f612
fd06
ff53
0a5e
f81b
fcf3
018e
fcde
fbcf
03e6
fc7a
fb6f
fd2c
fdce
fc17
0131
f639
f3e8
058b
fce0
f840
0842
fa29
effb
ef90
f68e
fc15
f885
053f
f414
ff02
eed2
e8f9
fde7
f6b0
f961
fec1
0907
fadb
ffe6
fbc4
fd37
f666
f3df
fda2
fc9c
fce8
fdb7
fb48
f83d
fd93
fb0b
fc27
0ec6
f960
f2ff
fbd8
f99d
fcc2
fbd0
f38f
f893
fdff
f2a0
ed48
fcde
f966
0182
fa03
0815
fd0a
fde8
fd1b
fd4b
f856
f5c1
fe74
fb79
fa3f
01ed
f930
fb28
0138
fac4
faf3
04ff
fa42
f47f
fce7
f9d4
fd87
fb30
0171
018e
fbe0
f5fd
f29a
fe2f
fc4a
0578
fe92
0351
f973
fe82
ff85
ff96
f88e
fb42
fdd2
f92e
fbba
ff55
0905
01fa
fcbb
0281
0469
04f7
019d
0242
08de
009e
01d7
0a2a
fe06
04a3
fac6
ff74
fb54
fcba
fe2b
03ba
f730
fd00
07b4
fbad
035b
004b
0167
ffc7
fe0a
0052
fa9f
fecd
005e
05b0
fb7e
ff20
fd66
0938
fc44
0158
0b32
fc35
0123
0076
fcf2
006c
fc6a
fafa
f81c
fd28
fe57
08dc
f9c7
ff9c
02cd
fd2e
0176
ff67
fcce
f8d0
fd82
ff39
fdf4
007b
03bd
087e
00b7
fea9
fee9
05ca
ff2c
0351
0613
0576
ffc4
06bc
fd3f
fa7a
feb9
fc7b
f9e7
fe74
0203
050d
fc34
fc7b
056f
fd53
01de
fd77
0016
f854
fd67
02bd
ffda
ff0c
fcf4
01e0
fd47
fd33
fc61
ff03
fb90
fac0
000f
fd2a
fd4a
0198
0290
f3ab
fd44
f6ed
f5b2
fd3d
fdaa
0572
f9a3
0205
fd4b
fb83
fd1a
fe88
fc9a
f1e1
ff94
fe47
00a8
f88e
f8f2
ffe2
0083
fab3
faee
06ef
f88c
fd09
ffd6
fc18
fe14
ff79
01b9
f461
fcac
f4b5
f263
fc0a
fcd3
02ad
fbf3
0773
00fb
fe60
fca0
fc4d
fd1d
f595
fdab
fbe3
ff33
ff89
f80b
001f
038a
fbac
f958
004c
f7c2
f468
f8b9
f165
fcf1
f7b1
0379
f3a9
0091
ee47
f7cd
ff56
f993
0456
feb1
0ba4
fd6e
02b4
fde4
f80a
fa4e
f35f
00fa
fb6e
fd09
011a
f9a4
0df9
00d1
fb1b
fc5d
084e
fa63
f812
ff74
f7b8
fd00
f9d6
fe68
0216
0138
f60d
fd41
0131
fc47
0d57
0384
f8ff
ff21
0047
fe41
fd55
fc46
fede
0173
fb96
fe6d
00d2
0059
04c0
0655
0017
02c1
0760
ff3f
0238
0102
f6ac
fe8c
038c
05c1
01b1
fffa
fd68
fc51
00d5
fe56
06b9
00ae
f7f6
ffe8
0012
0089
0162
fe3d
fc2a
0132
ffcf
fea4
fca7
fec2
0239
061a
ff14
fe04
0999
fd89
fd28
036e
ff5c
ff96
0249
04ce
0604
fd78
f941
f7d4
fd40
fc97
0a30
03bc
f064
fd8b
fd73
fd24
00ca
fbc1
ff73
00bd
fa25
fe23
021b
012a
ff75
0181
0100
fd3d
08b9
ff76
f918
0351
f7b1
011d
00eb
f7bd
001d
fe53
f73d
f0d5
fcf2
fca9
05f8
00c1
fe33
fe31
fe07
0008
febe
fbbd
fa98
02bd
fd4b
ff15
036b
006f
05b5
fd99
0175
fe70
0899
fc2c
fad1
fdc7
f6bf
00bc
fb85
fffc
014d
fd13
f5cc
f044
0000
fbf3
0644
f975
0a1e
fe73
fe1b
fc31
ffc5
fb9e
fa94
004f
fb2f
fe9e
ff72
fa00
0142
fe82
fd8d
fa2a
01a4
f8a2
f7c0
fb2d
fcc9
fc2d
f70c
0790
ff8b
fc00
f02a
ef87
fdbf
fb9b
09a0
0103
04d7
fc93
fc93
f9e6
fffe
f9fb
f63d
fadf
f88c
fe1f
00af
076b
0a8f
02d2
00bf
0199
f7db
014a
0304
0171
081e
feeb
f92a
0106
0943
0059
fec9
fbcd
fdf5
005c
02fb
fb1e
0b72
fffc
fc20
ffbd
02de
012b
0429
fd7b
ff51
fec8
0149
072f
0e68
f710
0135
057a
fca0
04c9
0a92
0350
06a3
0075
ff6b
0568
0eef
016f
0042
0257
004e
0738
0b03
fca8
05d0
0713
fde5
0140
03f9
078b
0575
fc57
ffc1
045d
04bf
0ab9
02b9
ff78
0397
0297
feb5
07f6
08ce
f94e
0a1f
00a5
feba
ff20
0869
01c5
00c6
fdba
fdee
053a
fcf3
021c
0637
013c
ffa2
0478
03fb
021e
06ca
01d3
01f3
032f
ff54
0539
00ac
0084
04c8
ff2f
fe0e
0b0f
0864
fb5f
08ba
0002
03c5
05dc
04e9
ff7e
0211
fd41
0045
01be
fde3
014f
0437
034f
faa6
0150
0561
0519
0489
fc61
0469
fe45
ff79
fecd
fc4d
03a5
0301
fd09
00af
053a
043c
f989
05ab
00a4
053d
018b
03ef
02ea
fd14
f898
03b6
0423
f9a8
043b
0b52
0221
0241
0317
0328
01f8
0370
0290
0412
feb9
fc42
0385
feb2
00e8
0380
fddf
fec5
0712
0602
f62a
062c
03e6
063d
0135
04a2
01b3
fc43
f998
010b
0175
fa04
0358
05e9
018d
020c
02dd
07bd
058a
051f
0199
00d7
fc1b
fde1
03a8
05f1
0162
019b
02ed
08b3
03c5
01f0
f81b
0d17
04c8
0619
fee0
0937
fd77
feca
feeb
024f
ff28
0068
001f
ff28
019a
fe49
02f7
04c9
03dc
03bc
fea1
0111
fb2b
fc9b
0799
0ec0
f954
0480
02b9
0359
02cc
04f8
fb2f
0f4a
054f
0b71
fb62
1709
fd02
0098
025f
fe9b
0220
08a8
025b
fa2e
0271
fb34
03b2
0773
0401
07bb
f98c
ff6d
fbb2
ff69
0885
0cbd
ff8a
097b
0433
018c
0499
0a55
017f
03d8
069d
0ad4
fba0
0d3f
fdd5
043e
0387
0300
00d0
ff34
02bd
ffe3
01fe
fc49
04e7
0140
0594
079a
fd1a
0167
006b
fe00
03d8
084c
ff1e
0802
02f7
02cb
0210
08d3
0605
fefc
06d8
0179
023c
0465
01c7
024f
0346
0331
001b
08ea
060e
0402
03b1
ff1e
045c
02d6
01d2
fe0c
fd17
0014
feb3
009b
04a9
0423
ff3a
0631
02f3
fc9f
02f3
0bc7
03c0
04c5
05f9
0273
03ae
fd8f
01c4
0118
f8f4
01f8
ff42
fe2c
03e8
070a
feb2
0167
03cc
02be
0345
fdee
ffd9
00f7
fdeb
f9d4
05dc
097e
0200
041f
0002
f903
02e8
0a30
01c7
0bab
01e1
0356
0893
ffd7
fcdd
018e
ff2b
feaf
fe56
063d
057e
faf4
fdf6
f974
009c
036f
0192
fefc
f874
fd54
fdf2
fde4
0011
0180
0367
03cb
ffc5
fb70
fea3
02db
fba7
09d6
00f9
fd8b
09a4
fcef
01a3
0129
fbf9
00f4
0085
fcc1
08c5
0730
0085
01e6
01f8
034e
ff07
fcff
fcf1
fd9a
006f
ffc7
036c
01d8
05d2
0734
0248
f55e
0148
0285
f87a
0ea3
007f
fe7a
0038
fc81
01a2
013b
0978
02ef
ffd8
f968
0501
0173
fee4
fcd2
0475
ff4a
03a2
fde1
00ae
ffa9
0143
0296
00cf
0104
0a1b
03a8
fdba
fe7c
fd70
fee9
fdb6
0846
02ba
fe41
0173
f885
015c
01d6
017d
0774
fff7
f861
01bc
05b4
fc8e
0255
057b
fe0b
ff30
ffdb
043c
056a
00ca
fd78
0291
f607
0b45
0495
01b0
0029
0260
0566
0575
0576
019e
0613
020a
fea3
ff1f
0440
fb52
0063
fe2c
f6c9
0547
ff66
fef4
020a
ffc2
0047
02f9
005e
feae
0494
fd15
f9ea
0598
f614
003e
0529
ff51
046f
00fb
06ae
0598
063f
043b
0ac8
0178
01a8
ffe2
0495
f8b2
ff56
0235
feac
0456
02c1
03c2
fdb0
019f
ff80
038d
012d
ff88
ff68
fdfe
fe7c
0225
ea95
1175
006a
fc24
f85a
ff15
0074
ff96
fb3e
03f5
028e
0d0d
f991
005a
f90c
f0e2
030b
0021
ef33
0c90
1121
fb69
077e
ff11
ffc6
04f6
fc8d
026d
ff77
ff88
fdbe
0b99
fe22
04b5
0416
0165
0097
002b
01b7
02b7
037b
02bc
0065
0253
05e4
fdc2
ffdd
f2f8
ff46
015b
ff0c
0235
0321
035a
01d1
fff3
fe00
05bf
0332
fe77
ffbf
fdf7
fcc9
0726
f4a7
0690
0591
fd31
fefc
02cf
0191
fe66
fc74
035a
fc31
076d
f74b
fe0e
fd2b
eebe
0168
fe7f
ffb4
020c
13e4
00e7
01c7
fd34
0056
0297
fba2
feaf
ffb3
fec9
0522
10e6
1702
ef2d
0455
05ff
fcb4
04fe
0f8a
06aa
0dd8
ff93
03ff
ff8b
14e0
feab
07b9
04e9
feb4
0542
0ea6
fa8d
00d5
0a2c
fb65
0248
10c2
0cf1
0844
fec1
0046
ffcc
0140
0801
0e9c
f146
003b
0373
faf0
0031
0eb7
056d
0814
ffd0
0711
001d
0d68
fd4b
0365
06e3
00cf
02b6
0b0d
fd2b
0600
0a76
fca7
ffb9
0afc
0aff
04c5
fc7a
ff2d
fdef
fba2
0ad8
0de8
f560
0316
03b9
fe29
05a4
1509
fe8a
0d1c
016c
0726
0487
0f92
f970
0d12
098f
fcf8
0534
04ea
fd76
fdf6
0ab9
f68f
01b3
0acc
0d7e
08c3
f8aa
feab
ff09
fe83
08f7
10f5
f087
0411
02f9
02c1
0667
0c83
f7df
0cc5
03c2
06d3
00ec
0d30
ffea
0816
05f1
fe12
03cd
05ec
fe96
0577
05a1
fc69
ffa2
07b2
09c6
0c58
ff99
02c2
fe02
04d2
04d6
0090
ef7b
02e1
00c2
04cd
041f
0a1c
fc91
0cce
0287
0cae
f956
052e
ff60
06e6
ff20
ff5d
04de
fecc
f6d7
1069
05bf
0155
021f
08c9
0654
0560
029e
0348
0011
0180
05b8
07a7
fad6
048d
02e1
ffaf
05be
0865
f690
0ce7
0146
03da
fd7d
0ac4
feda
0477
01eb
ff30
0057
fed4
0176
fdb0
0636
021f
03d2
0a5d
09eb
0812
0172
0219
fdef
f9de
0be2
09ef
f01a
03b2
044c
041d
07e5
0e25
028f
104d
000c
0d12
fa54
0f5e
fb88
0b2c
0633
fc78
064c
01a3
fea1
0022
0ae2
f990
0478
09b2
09ab
0c5e
fbf6
ff07
ff10
fffb
03cd
03c3
f929
01a8
ffa3
fc48
fdf4
fdb7
f850
0ad8
010a
0092
fe6d
0e75
fe61
ff8d
0045
035b
0005
ff06
fe96
071b
fe0c
02c0
02fc
0631
ff43
01aa
0040
016f
fcf9
0482
0c5a
fed9
f62a
0483
02c0
fa57
02fe
0c45
ff9b
1087
0328
0a90
f848
024d
fe38
0382
0077
febd
ffeb
f643
fb18
0b68
01e0
0008
0537
04db
03e5
0199
fe5b
0323
fff0
0076
0873
06df
f7db
0425
0429
010b
ffac
0a2e
099d
0c34
0479
fe66
f9c6
09f8
00b5
0335
071a
0029
01de
0716
fcd1
fb95
07c1
fd7b
04bd
0844
059f
fee0
ff2b
00c0
fe1a
06b0
091a
0dc8
f329
038a
0606
fa55
061b
0bce
03be
0985
0278
07c0
fba7
0658
04dc
0502
0539
ffdd
03cb
06b0
fe9b
0012
04e1
0019
055b
0303
0695
ffd9
00f3
0145
ff81
ffdd
0bdb
1dc9
eb61
0117
0642
f9ce
05ef
0c61
05cc
0b47
016c
051a
0004
0d6e
0140
06df
0c4c
fc1a
0711
12c9
fbec
fbc5
0601
fc52
03b5
061b
0920
0516
fbdc
0033
01f8
01fd
09fc
1790
f5da
0543
0956
00c9
038a
0d65
0303
092c
0569
08f7
fb48
09e8
0193
0479
0856
01e7
0706
0688
fe87
0123
09bf
0140
059e
0878
0938
0451
03ae
0497
012f
05ca
0784
0ac7
f6d2
05d6
05a1
fe4d
0196
08c7
ff44
0fa7
05c0
02a8
f9d2
fdc5
037c
031f
0a31
0273
02d3
0413
ff90
09d9
02cd
02dc
0285
02b1
04cd
fe95
0621
05b0
01f4
02e4
096b
11a2
fa11
0222
05cf
01df
03f4
085e
04df
0bc5
01f0
0226
0013
067b
0244
0990
0cfe
0288
0506
fce6
ff8b
ffbe
049f
043d
0266
055f
07ff
0783
0812
0936
fdcf
055b
0725
fd58
009e
00f9
04be
02ac
0354
0813
01f8
ff84
038c
017a
fa14
028a
02fd
0097
fb52
04d8
027a
f96d
ff30
0d9a
00e4
096f
031e
0299
04ba
0243
090b
05ea
fd91
0452
0583
0438
f8f4
0419
061a
0a22
034e
0764
0294
05c1
05b9
0275
f81a
0dd6
01fd
fef4
fcb1
01f2
02b1
041d
fdb5
fd53
0095
04e9
00a7
01d0
0508
0943
0619
0098
023f
052a
0929
0b4f
f63b
02f1
05b6
03c5
06ce
06a3
0461
0835
052c
074a
f6de
0b33
fd3c
002d
ff03
fe91
0323
0393
ff57
030e
0153
0406
0290
01c5
09a7
0325
015a
00c7
034d
0507
1666
1293
fab8
0a83
0aae
012a
070f
073a
04bf
10f8
0893
037e
f952
1021
ff67
0aa5
0191
01c1
039f
01d1
fe5d
fb90
042a
000d
02bd
0417
0c51
0536
01fb
02dd
0579
001d
14e3
0faa
f784
0512
04c0
006b
08c4
0c29
0bf2
1c58
0353
0376
fdf4
12f0
fc60
0d0d
05ea
feb8
05fb
0814
ff2a
f626
096c
f64a
0034
0899
0975
07d2
fed1
011b
00f7
05d8
0ca8
fe11
14cd
0116
061d
efe0
0458
08f8
01d0
01ce
02fa
f852
15e9
033f
01dc
0467
fec0
0673
0672
ead6
0388
033b
feb6
07e0
00e8
0366
05f3
0309
0112
066b
fe9a
03ea
05ca
083d
0fc4
fefb
0195
f20e
ffb6
05a3
0050
01c4
036e
f982
033f
fe7b
0151
0117
05c0
074f
0563
f6da
07a7
05af
fbe9
0505
fcbf
019d
027b
ff7c
0170
0834
fe0b
01a1
086e
09bc
0a99
ff4e
0775
f383
0439
0602
f7a3
0872
01bb
fa7f
004a
08d7
0265
02b1
04f2
0478
0599
f430
07de
fe85
f6b1
0a7c
fd74
028f
0751
05ea
055b
06e9
fe69
04c2
04e4
069a
08c5
fdb8
01d9
ed8e
0263
0013
f39a
0b4c
ff96
f88d
feb1
08c2
08df
ff55
019e
0702
0327
f387
036e
0053
f12c
09e5
0066
fef1
0243
074b
08bb
0944
01a4
037e
073a
0200
0ff7
01a7
fdf0
f09e
02a7
0032
fbe6
0c67
015a
0066
088c
116b
0423
fe67
049d
0574
0483
f9f5
ff95
fb17
f15e
0924
0052
fff5
01ce
0b0b
026c
04b6
fbb5
01f3
00c4
0390
0b22
fd07
ffc3
f162
0566
f88c
f3c5
0bde
0172
f93a
0e0d
03fe
02f5
fbb9
02cf
ff3d
0150
f3ff
084b
fde3
f209
0227
fed4
01e6
03f2
03a0
fd3f
fdb0
fb17
fc79
0788
007f
07b7
02a4
0379
f5f7
0222
0214
0383
161f
0241
04ce
071c
089e
fe83
0168
0533
fdd2
0045
f254
fe54
f76c
f51e
011a
ff3f
002e
0589
04e2
ff30
0233
fa02
fff3
0cac
fef1
0374
00e1
044e
f672
faf4
02fb
0f18
0bae
06b8
04ee
f6dd
1ae6
fe0e
00ec
ffc9
01c6
02ee
fa88
fb59
f9df
f86a
04e2
0236
03a4
045e
0bb2
0144
0153
faae
fbc7
02ac
fb58
0829
05d2
01e4
efc6
fc62
ff5f
05f5
00b0
0576
fef8
0784
0842
fd8d
fe02
0060
004e
ff56
ef38
0181
09a5
f619
0272
fdf8
f88a
fdc7
015b
fda3
ff27
f96e
fb85
0348
f179
0cc0
0416
ffbc
f405
fceb
0764
10bd
01f3
04b6
0340
03cc
0360
fed3
0014
0481
0023
fde4
ee8b
fd7c
05c2
fa7c
0112
01bc
fb25
ffc4
fc6d
ff8b
fe57
fb59
0192
056a
03c1
0821
0565
01f1
ebf8
03b5
08e0
0bc5
0314
053d
0686
07b2
fb3a
048f
02a9
087e
002d
01c0
f61b
03f2
fa5c
f8b5
ffce
0107
fa33
063f
fd2b
fefb
fe1b
fff5
0272
0332
0381
1116
036e
fbb1
edb8
0194
fe79
0558
0afb
0470
005d
09af
f80e
02ee
fdc4
01a8
017f
019b
f4cb
07c6
f948
f29e
042a
ff8c
ff53
0240
fac4
031d
ffd2
fd8b
021e
0995
0ea4
0b87
0694
069a
fa60
03db
0694
05f7
1996
0833
089b
05fe
fbec
fbef
0c9d
122d
011b
04c6
f193
01db
f660
fe94
fcff
0469
008b
0691
014c
0395
052e
0379
0525
0134
0980
0762
097e
032f
fb45
02c0
0525
0b45
1045
046b
02c2
f6d7
f84a
fa56
05f2
11d4
029d
0404
f666
ff62
f681
fa94
02af
fe66
f9ea
ffa6
fc42
04eb
045e
00f8
ffc3
0b12
fd81
1491
01ad
01e3
f8a4
029d
064a
0d60
18e0
04ec
017c
0524
fa83
fc8b
0936
0a55
0061
075e
e40e
03b2
fd68
ff7b
047d
ff39
ffab
0178
003c
0427
039c
013e
00e6
01e1
f347
101b
00d2
ffd5
ffa2
0200
ff97
03de
021f
0526
fe26
0034
f3dc
0172
03f1
fd88
0793
ff58
e8c6
0427
1231
f6fb
0708
fe27
f991
fe6b
fc58
044f
035e
fdc8
fffa
050a
00d2
0873
049c
0177
0249
04d4
010d
0aa0
063e
0615
fd6a
fd61
0247
006c
06b2
028a
049d
01d7
ecf0
042c
fd73
faa1
0133
004f
fc85
01ce
0358
04ed
ffec
006a
01bd
072f
f75e
0d1d
00cf
fd44
0113
000e
fc2a
0352
0010
04fd
f66d
faf8
f9f5
fee1
fed9
f95b
046f
0042
e5b3
028f
0ba5
f6a0
0794
01a6
f857
05fa
fb91
053b
01fe
feb0
fe86
0c1d
0851
0f5f
0536
046a
f9a9
002f
fe7a
fed2
0b9b
0687
f4b4
090d
08bf
fd75
040c
ff29
035f
0048
e850
0575
0389
fed5
0273
fdf3
fe37
0629
007c
01a1
0191
01a9
0269
0e33
0a1b
09d2
085c
0459
f68b
0429
ff3f
0416
130f
0969
f5c1
0158
0c7e
0120
073a
0698
02a3
0338
f1ac
0af2
f988
fc0d
048e
029e
01fc
053e
047c
0031
0099
fdbd
03a4
11f0
15c0
f883
012f
04df
f61f
053a
07cf
0e51
08a2
013a
018e
045e
08c8
fd6e
08a2
0a9b
fed0
00c9
f541
f98e
f92c
069a
f6f6
00c5
09f6
0657
029f
0175
0231
0055
01c7
079c
0d69
eda5
00c2
02b8
fb23
0537
03cb
04e0
fa77
ffed
f9ab
ffce
0067
00b4
04c4
0544
fe40
fd74
f8b9
fc14
0bda
06df
f6bb
00cc
0168
015b
feda
02b8
fee7
034b
0233
0371
ff88
f93e
ff75
fed9
fa4d
01f0
00f0
0417
fbdf
fc70
f7d8
ff5f
f781
00e5
0298
010d
fed1
fbaa
ee1f
00ce
110e
0000
014f
0116
02bf
fec5
fc8d
00be
fcc5
ffb0
ff98
0d0b
0a4b
f941
01ac
00e4
ff62
092f
0282
0420
10db
001d
fb5b
075d
fdde
fe34
0d45
0987
fe89
0138
fbdd
ff55
feb8
033b
f93c
028f
0738
054a
084c
fd51
0676
04a3
00da
07eb
03c6
f937
fff8
fddb
febd
02e0
f9e7
fa1f
0d7a
ff03
fbe6
fd3e
fccc
014c
0630
02d4
00d8
fd39
fb97
fe00
08c3
0362
fb93
fdb1
02f7
009c
02a4
fd5f
01b6
fd67
fb97
0943
053a
f834
fd06
feeb
01d3
03de
fd76
fa0a
15e2
01aa
fdd8
04d6
fb30
f761
0839
0432
fbf5
f98a
f9e1
fd9c
0038
032b
f9aa
0035
0399
01ce
ffa7
fb9e
febd
f9ba
fa7e
0360
f80e
fc4e
001d
ff25
0796
ffb9
f663
f5c8
07de
0000
fca7
ff31
f859
ff73
00f5
fd4f
0037
fb57
f138
fde6
0a26
fb9b
ff13
0078
001a
fdd3
fa80
00f8
ffff
fbf4
0093
0cb2
0bd4
f328
036d
042e
039f
02d9
fbeb
ffd1
0bd8
02db
fedb
0040
0c22
fb92
0448
08f0
0128
fed6
fe29
f798
faca
ffb3
f934
0348
0169
0357
045a
fd18
ff56
fbcd
fe32
07aa
0457
f5c8
04b3
004f
fad9
ffc6
fa78
02ac
061d
ffd8
fc92
fae0
0527
fad7
01ab
06c1
ff5b
fda7
f203
0116
0324
fd0a
fe4f
0508
fce8
ff2b
0154
ff3d
fe4a
015a
fa11
fc6c
fe33
f192
0351
fc1e
f910
fa81
f5aa
01c9
ed79
feb8
ed65
0312
fdf5
0197
f617
03e9
0337
fc86
fe58
ff73
0db0
fbf6
071d
ffda
fcac
f842
f9c6
fcb1
fc44
ffd5
01a2
0c53
134d
f079
0681
0551
f9d3
02b0
024e
0bf4
0343
03b6
f8d3
f47e
056f
0412
01c6
08a4
035f
ff06
00d5
f959
ffd5
006d
02b7
0460
fef9
01b3
018c
024c
0192
00bd
024c
0fa9
1c24
f08a
0624
077b
f684
0592
ff75
0b8d
1244
04e1
0407
eea7
089f
00ec
0862
1488
fe43
03a8
02bc
fa2e
f47f
0037
fb04
03f6
0085
0805
05ae
04b8
05c9
02ec
006a
0dbd
18f8
f2e0
0435
054a
0139
02c3
00a9
0045
07ca
04a5
fe22
fcca
fda2
037f
05f7
0a2c
ffdc
04d8
fd15
fff5
073d
009c
ff4e
0750
0051
0267
024d
04bf
0494
053d
0122
04f8
0f39
f3c9
086d
02e8
0123
0100
fbac
ffc0
0659
006d
f7d1
fded
fbdd
0289
0382
10f2
fd6f
fd4a
fa3c
0046
0057
fc70
fed8
ff51
fc9c
0018
fce9
0514
03b6
00cd
ff26
043c
0b8e
f9f9
0648
fe15
0638
0312
fd06
02a6
0255
ff5d
fa69
08b2
0373
fe2c
044b
0b92
fffe
0143
f90d
001e
ff6d
fd82
fdfa
0078
fef5
01d1
02c4
040d
0437
004e
0211
fec0
078f
f89c
03f8
ffa1
058d
ff93
f787
fb4a
fadb
fe35
f828
0926
fff5
0290
feb8
00c8
0354
fb83
f640
04de
0878
f60a
fc01
fe1a
f800
fd7a
fd49
03c1
0240
004b
080f
06b9
02b2
f1a5
01ed
ffc1
0ab5
03a4
fad8
05c7
ff1a
017f
fc95
f135
ffb3
03e6
049b
fc8b
00cf
016f
f81c
feaa
06a1
fb10
0209
ff93
fbb7
ff69
02dc
080f
0569
0222
ff9c
09f9
0ab8
f276
0666
01bd
0bec
0866
fe57
072e
0111
fe1b
fdda
f26e
06d0
fc64
06e3
0361
fe33
fffb
fcb8
fcb9
fb01
fdf9
fa16
ff61
ff4c
04fb
05e0
031f
ff4f
0345
ff70
1122
124e
f4a4
047a
0474
022e
058b
014a
0143
0fb6
02db
f77d
fdc2
0931
feab
0cfe
0821
fff0
01d3
f732
0203
fc98
057b
fd75
fe7c
02b9
0602
0709
0115
0246
04d7
02fe
0bc1
17ed
f610
0308
085a
fef4
0a3e
ff06
0060
1285
05af
fda6
ff4a
0909
fdec
0ce8
0ab1
feb3
0152
03f5
02f4
f8ab
01cc
fa7e
fff1
08b9
064a
0865
ffae
033f
0040
fbed
0667
0ebb
01fb
fd08
0301
efad
fcec
0127
0a07
0458
fcfc
f3a2
0c37
079d
030e
03ae
0d8f
ff44
010f
fc06
0572
04fe
fcfa
ffd0
facd
0441
03c5
fff5
0156
fc89
01ea
00db
01d4
0e3e
fc63
fb77
ff7f
f207
fd9b
048c
0d0a
0647
fa7b
fd8d
07ac
055a
fd07
0554
1518
fcd0
00ac
fe34
01db
ff47
011b
f925
fbcb
0199
029e
054d
fe91
fb7b
fdda
fbb6
02cb
000a
ff49
fc42
ff82
fa9c
0013
083c
0d28
02be
fac3
fa05
0072
082d
fef2
0de5
0e43
fc07
ff64
f3d7
0281
f9d6
000a
fefe
f906
01fe
fe62
0ab1
fc16
fb9b
fcf8
01d8
fa8e
f8a0
0038
fa3e
f988
fc34
00e0
00d6
0763
0949
fd02
f4de
fe15
f71d
000f
02fb
0433
fcaa
fd31
f0b6
0012
048c
f284
056a
fa1c
ff95
fa92
0225
01de
ff54
0177
ffe2
fc4e
f4fa
fa28
fdbe
fa57
fd58
000d
f74a
f4bc
0358
fb2b
f7fb
05bb
f3f6
0245
0352
fea7
fe46
0019
f0a6
0184
1910
f738
08b9
01c9
ff9a
fd40
fe46
fffe
01d7
0152
fa61
fdba
0501
f724
0048
fd0b
fb01
fdd6
fa34
03b5
0fe4
fed8
f5e1
fe59
074e
f9dc
0631
11cb
f8d9
fa90
fb0d
027f
f557
facc
fd37
ff1c
01b0
0193
097e
fbc4
f799
fda4
fec4
fdd5
f28c
fb8a
fe04
fe99
056f
fafa
f543
039b
0f09
0027
f7e0
0559
f947
fb8f
fe71
0737
fc45
fb51
f42c
fa6d
0152
fa76
016e
ff45
fd0e
fbb9
fcc1
0050
fd73
fdfc
fde5
fff9
ecb8
fc39
fb40
fb98
fe18
fa1d
f1ba
ffea
0ded
fd7d
fad6
0003
fb26
0040
fa39
ffb1
feea
fab9
f716
f956
064f
f2fd
0421
fba1
fe5f
f53b
fb31
fb76
fb21
fb51
fda3
03c6
f81e
ff45
fe97
008b
faca
fc27
f92d
0f8f
0d12
fe20
fe90
ff58
0232
f73d
015d
0c10
fbf2
fb25
fbd3
008f
f765
f85e
fcd7
fb24
fa47
fab5
02a7
fd4d
fc29
fca2
fdf2
fbd1
fc96
fc17
fe2e
0193
fcfa
f60d
fdd0
1260
02db
0206
efa2
f8cb
ff40
015d
0075
0f5d
fd22
fc01
0194
012a
fbec
f790
04f6
fccf
fd3d
f99b
fb6d
0106
f964
fd15
fc71
fdd5
fa6a
04ca
fd36
fe82
f5f4
f6ea
f79e
0e6f
01c9
017d
f016
0353
eeb3
0052
fc8e
fe7e
0017
f6d4
f76b
fec7
0853
f5d9
0350
fd76
f633
f948
f9d2
fc15
f891
f8e4
fb05
f645
00ec
05c3
fb75
fa6e
f2dc
f964
f1e5
0af8
03ab
feaa
f274
0b3a
ee87
fbd0
fd5a
06f5
fd61
f83c
f9a6
fcd5
0c39
f023
feab
f978
f97a
f70a
fb60
fb8f
f994
fb8b
f6da
ff16
0c61
fbed
fd9a
0468
ff58
faad
fd43
0789
0913
019a
f2ad
f9b4
f924
fbde
0439
0fe8
fe53
fd99
ff5e
fc85
0255
f80c
ff76
fd02
fcc7
f99e
00e1
fd51
fd59
fd09
ff3e
fbd3
067e
0473
febb
03da
f66f
ff71
fa54
06aa
181a
feeb
f9d9
0ae7
f848
fdf7
05d3
1bce
ffc6
fa15
02eb
0080
f775
f55a
ff6f
f9f8
fe42
f957
fd4e
0223
006c
0027
fd5d
f52c
febd
00f4
0168
fa62
f772
fb64
f18f
fdf7
02eb
fcb7
f082
0f12
f82e
fd9f
fe68
0d15
feb6
f81f
f780
006d
09ac
f114
0024
fa99
f99f
f63b
002f
032f
fcfb
fea8
01aa
f595
01f9
fca5
fcfe
fef4
ffb7
fc18
f5e3
0315
0534
0128
fa76
037c
f652
fb66
0214
1061
0088
fbda
00d0
03ed
fe94
f633
006e
fb12
f3bd
f750
fd77
046b
fe41
fcc0
013c
f0a7
f366
016e
fbc2
f8b8
023d
fdc1
e446
01ca
00da
fcdd
ed32
05c1
f3be
027d
fab9
fe16
fd75
f3c6
fcb2
0ad2
038c
ebe5
08a1
fac9
f3b7
f5cd
fdfb
0524
fc65
fe2b
0072
fda2
0799
fbd9
fe6e
00b0
0023
ff34
ef46
0995
0897
ffe6
f5d7
fea1
fe4e
faae
0163
0a85
fcc7
fa86
f8ff
0644
f8e6
f4a0
fd25
fb82
fa47
fb0c
01f0
0218
f759
feab
fe2b
fedf
ff33
03c3
fca4
f9b3
f216
fbee
ece3
fc99
0e77
fc26
ed7c
0e17
f672
fe08
000e
0679
ff56
f69d
eb53
0781
0b2d
f0d5
fde3
f94a
f9f6
f964
fa77
00bb
fabd
0153
fe80
fc32
08c3
0240
ffb4
fba5
facc
ffd4
ed3e
02e7
0f7c
fdc3
e9c2
07ea
f5d6
0063
061c
06c4
ff00
f9d0
fdd2
03c0
02d0
f4c8
fdb5
f81e
fb83
f83a
fcfc
f9fc
fb12
ffec
02ac
feb5
ee3d
118b
f752
0407
e728
fef7
fa0e
0e84
009f
fa65
ee6c
1547
f715
031d
ff77
0bd8
01ce
fe0f
e487
0039
0155
f96f
05dc
fc31
036e
03ab
0417
0877
fe26
008c
04dd
032d
0215
fe6a
fce0
050b
f8c9
0431
0712
0cbe
06cf
fde3
f8cb
feab
fd32
06e0
0963
0b65
03de
05b3
0106
fff8
0500
fd2e
0466
039c
05e8
06ba
0739
083e
0881
02c8
029c
02b6
fb6a
019e
fcfe
0508
fe41
0051
07a7
08b6
0119
fd9d
fb29
fd6d
fb90
f9e1
0b27
04d6
fd7c
0088
ed66
f360
01ce
fdd3
f9da
fe90
018b
0283
0d2c
008b
049d
fde7
fba1
0204
002a
fd4b
fe21
05df
005b
03c9
0e26
14b8
113a
fdab
f992
091e
0ff9
fe00
1080
0e29
fcab
fdd5
fc81
fe77
f002
0170
f9a8
fc85
0af6
ff94
1435
ff50
ff74
fdab
fe22
fceb
ee0c
05af
f9d2
fe14
01ce
fb6a
f7f0
0176
03e2
f864
f8a4
0f6f
046d
fff4
0363
02a9
00fe
fec6
f7af
ff50
0a0a
f84f
025b
f862
ff25
fee5
06ea
0274
fffd
fcd0
021c
fae4
f6e8
fdc1
0128
fd83
00df
fda4
f0d8
fb7d
06c6
fe7c
f13e
0948
f996
036f
0306
04cc
03fe
f953
fe78
ff18
0688
f84e
04c8
ff9f
fe0c
fac8
008d
04dc
023c
ff4f
fc6a
f391
ef91
fb21
ffff
fee5
0a91
fa40
f272
ff15
fe83
fe02
f7a5
0754
faa0
0051
f9cf
03f8
fdbd
f940
fa76
fd14
fb59
f351
0177
f877
fa27
f9cd
fcad
00e0
fd47
fc41
fdb1
ffb2
f105
f687
fe9e
0050
01ec
f9de
f516
0374
ffba
01a8
fc4c
012f
0760
ff0e
fdd8
019d
009d
ff9c
ff2d
fb9b
04b8
f813
0312
fe29
ffe3
fcde
0154
ff82
fdcb
fadb
f6b2
f359
fdae
0307
006c
007a
f98e
f7a1
fa40
0e6c
f28b
fe99
f887
1522
073e
fe60
fe13
09a6
fe66
fc48
fe38
04a7
ff9e
fb2b
fb94
fb2c
fa69
f885
00b2
fb98
f7b6
f8dc
f910
f33d
f13f
fd09
0128
010d
fd15
f91a
f76b
10f3
f1d5
fe76
f108
080c
fcc1
02a4
fa0d
027a
04e4
f721
ff1b
015e
0426
fc51
03bf
fb84
f9db
f55a
f8a7
ff9a
f82c
fefc
013b
f665
fb0e
001f
fd3d
0269
fd04
017e
fde2
0ba4
f844
02a5
f0f9
f964
f219
095e
fe5f
013d
0511
ff76
f6a9
0236
03a6
fbb5
0daa
04af
f9d0
fc8a
f568
0891
0011
0066
f91a
f823
0224
05af
fd48
0540
f5cf
ff25
f8d6
0800
ff80
ff87
f2ad
0b32
f2cf
0272
0345
0c88
031d
fd2a
fa08
0310
fb5f
fb21
06fd
fff0
fc9c
fe10
fc63
fff3
fb03
fa71
fc7e
fda3
fbed
040e
ff03
091f
f88e
fe94
02f1
09de
0ef2
0565
f714
0283
ef5a
02f9
0a8a
0bbf
059f
009c
f564
fc76
03e5
fc92
05e6
004b
0286
fdda
fdaf
051f
010d
00d5
0034
f8d1
01c9
fdbf
020d
056b
00d4
ff0b
fb8b
050e
1053
fde1
f170
0d8e
f054
fd73
091e
195e
ffa5
007d
fdd1
ff89
fa59
fa0b
0018
fa07
017c
fb50
fe2d
00cc
0153
fe19
077b
f7d6
f6eb
063f
fe2d
00fc
0a38
ff71
fa56
08c6
0ba2
fdf7
f304
02d4
f7c2
03f3
0425
130f
0471
fd1b
f52d
fafb
f3cd
f7b9
06c3
fb39
f8f3
fab7
04b5
0610
03b1
ff2f
fe27
fd8f
fb58
f19c
fb3f
03fc
043e
028f
fa6a
02c4
06dd
fe6e
fee9
0150
0050
00d0
068f
0c65
00d5
fcf1
fdf9
fb68
fdd6
f8f7
feee
fa99
f7a4
fc70
0698
03ee
01e1
fade
ff87
f6b5
da55
0a95
f995
f8d9
011a
fb3c
eb19
fe94
03fe
fe45
eb6c
0d00
ec84
0331
fbe9
fc22
01cd
f9e3
efbc
08ec
04ec
ee13
07b4
f645
f524
f824
fe9f
04f9
011f
fb44
fc3f
fb23
fd2d
fa9a
fbcc
fe81
fab1
fe79
f0bb
02df
0667
fe9a
f876
0a9d
fba3
0086
ff4c
0bc7
fe83
fd54
019e
0940
faff
f836
fd40
fc46
fd57
0213
049c
00fe
fe6f
fe0d
fc53
0299
031f
fe73
fe1f
000b
fcb7
0194
f2a1
fbbc
09a7
011b
f122
09b9
0564
ff7e
0538
077d
0234
ff0b
fe93
0325
fb2f
f43a
fda4
fe02
fec0
02c2
0840
01ed
0221
fd3f
ff62
fe8f
f391
01a7
ffcb
ffa7
00e1
006d
f676
057f
120d
ff8f
f06d
07dc
f303
fdbd
02e5
0379
ff34
fabb
f5b6
ff2e
07a6
f7be
00ec
fa79
ffe0
fdb6
0360
026a
02e8
021e
fde0
f891
fc0e
ed50
fbc3
fb2d
ff9a
fb1b
03e6
0e0a
fafe
fdff
fc03
0520
fd56
fed9
fa4a
fedc
fe23
f9f7
0d91
f548
1381
0737
f9c6
fcd2
096b
fe34
02a8
000c
f8ce
019a
ffa2
f5f4
ff3f
ef0e
fa1b
fc18
0144
ffaa
0748
0e6e
fcf1
fd65
fd12
f9d9
fc2a
018c
00f6
06b4
fd8d
fd55
0dfe
faae
0cd1
0493
fa82
003a
0550
01d5
031f
ffac
fef6
02f8
0033
f6c9
eef1
f622
fea8
fdc4
05e1
0151
07c8
099a
ff02
feab
fb69
f9d8
fee3
fefd
0402
0360
fc4a
fd9f
ffdb
fa4b
0079
ff40
f857
fe6f
0340
ff93
0b46
ff6d
fe5e
002a
04e3
fb58
faf6
f073
ff72
fe5d
0ca8
026a
0af2
0fd1
ff49
fd0b
0300
f4bd
0ba2
00c0
0592
0396
fe55
fe8c
083a
f622
ff35
fe36
f96d
009e
0526
04e8
103a
02aa
0318
0360
ff7c
fa58
faa5
f6b4
fa47
ffec
09b4
fc87
ff80
09f0
04c4
f735
00eb
fe58
0ca8
fd05
0166
0a3f
fda9
febb
0971
fb48
fe30
ffe6
f942
fce8
070b
feac
0b2c
fddd
fd17
0522
0409
f487
f5a7
fbdc
fb6c
fd3b
03f2
fdf5
f63a
fc1d
fd67
fe21
f9a3
08f5
00cf
0303
fccf
079b
0221
fb84
032a
051a
0427
f7e0
0109
01f3
01e4
fc93
0644
0312
fe49
056f
00e9
0310
fd7b
f339
fe47
0a6a
09a4
fd58
fcab
036c
0836
00ea
0375
fa57
0dee
fc81
010c
0b78
fecb
fcc1
0881
f62b
fdff
fa68
f818
0144
000c
043b
0b43
0492
0207
05e9
fbce
fcd3
f523
ebcd
00a3
fea6
0558
f998
f938
052c
f7f6
ff11
0354
fd06
0e47
fc78
0086
03cb
fb7d
fe5f
03a4
f97d
0574
fdcd
fa25
ff22
0250
fc9a
05c3
ff1a
fcd8
003c
f9d4
ffae
0734
ef3f
0339
0758
ff7c
ff16
fcb8
0b5e
f6c7
fef1
08b1
fc69
0d89
fcae
0347
0f04
fd26
fd33
0fc5
ffa9
0385
02b9
fc9c
017c
0075
fd86
09b3
fb65
fb27
015f
fa22
f7d2
05d1
f089
ffff
003f
fb8d
fc6d
f92f
0b7b
f2cc
fc91
f959
ff90
09af
fe4a
fdc4
08a0
ffcf
fe10
0fb4
00e2
0021
0346
f87c
ff29
005a
f9e6
01ba
fb13
f594
017b
f91a
f296
fa54
f839
fca4
f752
016f
fcb4
fc4a
05df
f7a6
f7eb
f481
0978
f567
0024
f7b1
fecc
ffef
f99b
012d
ff35
1207
fd81
fed6
ffd2
f47c
f578
fa47
f55b
f5a4
02d0
00f5
f954
0e48
f3a3
0020
0045
02b7
0501
fe17
0ae6
0107
fb82
fce7
fadf
fe01
0189
0108
0d9e
ffcb
0073
0fb4
fd66
fbab
ffac
fe29
02af
fc33
fc42
01ad
fc1b
fb2c
0436
fc0d
f285
0554
f824
fbe6
0442
fdb2
f7f3
f180
fa72
fee2
f864
f147
03f6
f4ba
02ad
fa95
0626
01e7
fbb5
064a
0287
0c47
fb98
ff3d
fe2d
fc76
f38d
f737
fc42
f80d
035f
fadc
fa3a
0cb2
f44a
02e0
0263
0873
04c7
fc3f
07c7
0cc0
f85e
01ae
03a8
feb9
fd70
08cb
1a02
fa52
008a
1630
febd
f170
019c
f9bd
fdd9
0089
fd4b
01d7
fca6
faa6
00bb
fdde
f754
fd60
f98b
0087
00fc
0666
fc9e
f5a6
fb78
fddb
f9fe
fb19
0555
fa26
fbee
0046
0a42
00d5
002c
fc83
f81f
073d
fbf6
fff0
fe4f
f84b
f9ef
ff94
01c6
024d
fe8c
f8d9
f501
ff9a
ec8b
fc8a
fd54
08bb
0038
fa33
f767
feec
f92d
f8ea
0310
f99c
fe1a
026d
07be
fc4b
f94a
0ae9
fb0c
088f
fe3e
fa5c
fd63
f725
f7f5
ffa7
f94a
f810
fc61
000f
f476
eabd
fda4
fa21
f971
0575
ff9a
f042
fd3c
019f
fc46
ed69
092f
f65f
000c
fb23
fc5f
fe2d
f7e4
0145
05d8
1006
f890
ff58
fb3e
f3d0
f5b2
0199
fe57
fbab
ff81
fd08
efe9
efe6
f9f5
fbf1
fc73
09de
fc3b
f724
fb0f
ffa0
f9e8
ecad
0101
f39f
fde4
f59e
f6c7
fd50
f847
ef5e
0625
1581
f99e
ffd5
fc6b
f644
f76e
f986
0321
f748
030e
fc49
f941
e773
ffc0
fada
f7d5
070d
fd71
f5c6
00dc
0530
fe5b
efc7
03db
f3e7
fdfc
f73c
f513
fcfe
f9e7
f0ec
fc3b
0bce
f974
fdda
fa0b
f7d9
f9f9
fa6f
fe6f
f88b
00f1
f8af
f98f
f609
02ab
fcbb
f828
0915
fc83
fb3e
02fe
0d6e
fd21
f03d
0843
f647
f923
fde8
fb56
fa35
fb3c
fd72
fd08
0848
fea4
f8a6
fabc
fd43
f6e9
015e
f82e
f7a6
fe9e
0355
f85a
e7da
02f2
fe42
fbc4
ec52
f879
fb31
fc4e
fbab
fb73
f682
0a1f
f00f
ff4b
f6df
f710
ffd0
fb9c
fc15
f7a1
0be3
fc92
0104
f8d9
070f
f9be
f6b0
fe71
f8e3
fb56
074b
ed7d
db09
07b6
f666
fc90
e7bc
f074
f2a3
f508
f3e6
f71b
ebb8
1590
eeab
fb4b
f525
f6a2
fffb
f722
f9d3
fc15
1276
f57f
07f1
f911
f968
efef
f3c7
0076
facd
fa8f
ff31
feb1
e62f
02ed
fc2f
0046
f29f
fc29
0f3f
fe87
010a
fae0
0106
012a
0489
fa3f
0238
019c
fa2f
02b5
f0e6
f2fb
f939
fc82
f7c0
fadd
00a1
f7e4
0a44
fc8e
f8fa
fc6e
ffa9
f7ad
e96e
007a
fc08
fbb4
ff90
ff26
fc1b
f89f
f93f
f97a
f63c
036e
007a
0443
fb8f
f5da
fe39
f8b7
00ff
f5a6
0530
f1cf
fee8
fb33
fd92
f621
04f2
0020
fd5a
fe37
06e7
f834
e8d7
02cf
002e
ffa1
ffab
fcb2
fcfb
fcfe
fecd
fa51
00b1
fcca
01d0
03b2
f87d
fa70
0231
ff03
0678
fcff
fe9b
fbed
0151
fce6
017c
f51d
0704
02d0
0181
0427
fc46
f5f9
d766
ffcd
fe53
fa39
fd35
fca7
f922
f45a
f92d
f8f1
fb27
05c1
f546
fdfa
f43c
f48f
fd25
f7eb
fbd5
fb89
0a5c
f67a
00ef
f98b
fbfa
f3a6
fe1b
fe47
f73c
fd4f
f8e8
f2a4
d8ac
fbf9
01d8
fb10
04b6
f31f
ed74
f4af
f637
f971
f9bf
0418
f7a1
fb43
ed60
f26f
fc43
f578
ffec
f312
0bcf
f2cd
fe82
f670
f390
f006
f9f6
f9d3
f145
f844
fe8f
0028
e20d
023c
0015
03ff
f921
f500
ef3d
f3c8
fe45
fc5a
0661
0711
fddc
0027
f59c
f6bd
fe57
f88c
f8e6
f55a
0f59
f68b
ff6d
fb6b
f7b6
f3a9
fb09
fb28
f4c4
f94f
fd21
fc37
e237
f66c
0083
0402
f262
f729
f4dc
fb52
ef0b
fcac
02ed
0625
fcbd
0177
f5e8
fa12
fdb9
f8fb
fd07
f63b
17f1
fd8d
fff2
fc50
f1d9
f1bd
fde9
f92f
f6be
faf7
fe16
fbef
e919
f4db
017f
05a9
ee94
f55b
fb50
fb03
f6c2
fae8
fd10
0557
05d0
fb5e
f98f
04c8
fa95
fd07
ff84
fa24
feb3
fe81
fa65
0076
f5ae
f517
f6fa
faac
f89f
fdaf
f8c2
f7a5
e757
f9a3
fe3a
fc68
f33a
f972
fe15
0686
f6d5
fbeb
002f
081a
f98c
fcf3
f242
fb9a
fcb0
f839
06e0
f5cf
03b9
fb3f
ffda
fa30
f0f9
f0ed
f951
f4f6
f8ea
f7d5
f5b8
f6ae
e8de
06a9
fcc6
fe25
efbd
fbba
fc6c
037e
f6d4
fbd4
00b8
0c16
edec
f9ce
f420
ff60
fb8c
fd1e
070a
f5c7
ffef
fd47
fb6e
fd90
f5d5
f589
f359
f6f6
f611
fa57
f59a
fc84
ec65
0066
feef
03ff
f6cf
f9ff
010d
ffac
02b5
fd4d
0557
03dc
e97e
fde2
fefb
04c0
fb05
00fc
0442
fa7e
077a
03b2
0120
ffa2
f76e
f9fe
fab9
f5b9
fada
fb42
fb97
f0bb
e8a0
0c27
0396
ff8f
f30b
fa9e
f509
f055
017d
f561
f8cd
0d02
e1fd
036d
fb83
0469
0142
fe69
05ec
fe80
fb12
f64c
0260
f7b0
f870
f65a
f357
f8d2
fa2c
fd93
fa62
f620
e622
fe44
0464
038d
f61a
f922
f724
f160
050b
f87d
fd83
06fd
f3cc
fe37
0053
0af1
fed6
fda3
f98c
f424
fb0a
fd66
fa4e
fba9
f648
f795
ffbd
f6ff
fd0d
f9fb
fc51
f7f6
ea81
0751
0215
0139
f2ae
f895
faca
ea08
fc34
f968
fd38
0ad9
f3ed
0017
014d
01f8
0152
fa29
fec4
f637
00b7
0181
ffbd
ff3c
f49d
f528
0082
ffa8
fe55
fa05
febb
f6ec
e194
05cb
ff93
ff06
f7b1
fb09
f430
f186
fc70
f9cb
f5c0
06d6
f31b
ffb3
fc82
fad0
fdf1
fa99
fb42
f5eb
071d
ff3d
fd88
f98b
f299
f669
f94a
f8dd
f58b
ff97
012b
f7f8
ea3e
fc9e
fecd
fabb
f866
fa62
f40c
f4c9
fb70
f95b
f95d
fc45
f013
0023
ff06
fb20
fb80
fc7f
fddc
fe1f
0968
fec9
fa2b
fd9e
f16e
f812
f417
fc68
f870
00d4
ff25
0388
e5ee
065c
008b
fff2
0191
fb02
f88d
f3a4
0687
0041
f93f
fb3e
f410
0092
fc48
f32c
ff0b
fc30
fcd3
f526
031a
009d
fe72
fcd5
f54c
fd4c
f925
04df
fe9b
fdf5
ff39
fb53
e209
0aa0
ff7e
feab
f568
f671
ef4a
eb06
035e
fb79
ef6d
1178
f388
00f6
f749
f0c5
0141
fb3d
f98c
fac8
1705
f83b
06b3
fbbd
fc80
fa66
f5c5
0441
ffc5
fe75
fac1
000c
ebb2
0abb
f81f
fa43
efbe
f39a
fdd9
092d
0471
f57b
f6a1
0d19
f023
f984
ffb8
f876
f978
fb10
ef62
fc3c
002b
0328
f49a
f8a8
febf
0043
fae5
fc5b
f4f3
f513
fee1
fd4d
f222
ff67
f70f
ff2e
f0ac
f5e7
00ba
f874
082d
f4a6
f35c
069a
f6c0
fad4
0287
0154
f9c6
fd14
fa4d
fe9f
0500
fdcb
f403
f93e
010f
fdb5
0127
fcfc
fd23
fccb
fece
f88c
f26f
057a
f801
fbf8
017e
f7a0
01dd
f17b
fbb4
f60f
f367
0281
ee4f
f558
0611
ff8d
f816
fd6a
efb2
f8e5
09e3
f9e9
f4b8
f800
fa76
f9a8
fecf
fb12
fbee
f61c
0277
fa9a
fb0f
fda3
fbe8
fe1d
062d
01ba
0629
ff95
01fe
fa23
f940
f827
02e9
fcd2
06fb
fb1c
fa6a
fe26
ff8a
f9ff
fa2a
fa77
fd6c
fb55
02b5
fdd8
0911
fe5f
fe3d
fc9d
fe8d
f2b5
faa7
fe2c
f90b
ff0d
0356
fcda
fa6e
f8ed
fefe
fb98
fb3f
0504
06e6
fe87
fba6
fc08
fbf4
ff94
09c8
04e4
fdda
fcce
feb3
f919
003b
f977
03a3
fd18
f962
fa1c
fbec
fb83
fb7c
f598
fe71
fc0d
0f03
ffdf
fa42
f3b4
094b
f8e6
f6c7
fec4
0233
fb7e
ff74
fd8f
f7c5
fab3
0ff9
fcb9
f82b
fdfd
f779
f896
fc35
ff0f
0471
fa04
f86c
f987
fbb0
fc65
f174
fa4c
fdb1
f8b3
10f4
f55b
efe3
f00d
00f8
f78b
fca3
fff5
f9a4
f7ee
f858
f768
f899
f69c
0ade
f92b
04a7
f781
f8fb
f812
f83a
f6e7
ff28
fac4
f644
f9d9
0185
fbd9
e909
0126
fd0b
fc6b
0539
f366
efb4
ec24
fc4c
f6d0
ff60
04d8
fc63
fd00
f4e9
f4a0
fe83
f843
005c
fc35
0bb1
f517
02f1
f9aa
fb17
f574
f8a4
fca9
fb0e
fbc0
fa0b
f67e
f23e
023d
fc26
0038
fb74
f826
f268
f154
e88c
f883
f903
09c6
ff41
febc
f691
f3b2
000a
fc06
fc4b
04dc
1309
f8f1
0538
fc6a
f56c
f992
f8d4
f8dd
fa59
f947
fbaf
f84e
ffde
f94f
f99b
fd6d
ff9e
f8b2
fdec
08aa
f1e5
fa1a
fc4d
f72f
07cb
fd4f
f7a3
049a
fc59
fece
0b51
ff37
f683
fe78
000d
fee0
f8d9
f70d
fb0c
f6eb
f54a
fb16
fd6a
fe03
fc8f
fa14
fb81
fe33
ff08
fb86
fea1
0971
f777
fa08
fea3
fea1
003c
fd2d
f833
fa3c
fcf3
fd00
03d3
fc2f
fc45
007f
fbe5
fd84
f162
fbdf
f9b1
fcc1
faaf
fb2e
ffda
f354
f7bb
00eb
fb15
f894
f9ea
f95a
f569
0a75
f6ea
f8be
f60d
fd19
ee15
fb93
f869
fb40
f9c4
fade
0576
ffd0
0306
ff93
0149
fc32
f0a1
f672
f57e
fb14
f79f
fa06
fd9c
fc18
f390
00da
f8f7
fdf1
0304
f813
f7d1
04b7
0bdb
fb4e
fe99
f80e
e851
fc24
fcd7
00a7
f9c2
fd7e
0574
fc15
05c1
027b
fc6b
fe3b
f77b
f85d
f8e0
fbda
fd31
fcf3
fc50
f983
fcb1
fd97
fd5d
fd6d
ff5c
fe80
fd83
001d
01ef
fb4b
027b
0101
f7f1
fa96
0239
0c2d
f857
021f
09cd
f9c5
f5db
fec9
f52e
f9f6
fbcc
0008
ff7c
f911
fedb
fc80
f760
f6ac
fde7
04a3
fe29
01ad
035e
fb8a
fde3
f98a
00f1
fb33
fd59
0261
fdea
fc12
063f
0ba3
fa05
02a9
f5f7
fe34
fd57
0057
f7b4
fd2a
f720
fd83
0331
fdb4
027d
fb3a
fa01
f163
fa82
f67f
f9ee
f77c
045b
f8c8
f63f
ee3b
f0aa
f4b4
f30d
0655
f53f
00c3
fea2
fc11
fb54
fbf0
0847
fe15
0cb5
f8d9
ff93
fc31
f28b
f5ae
fbc6
f9f0
fd97
f956
fec8
025a
fac7
f973
fe9c
0550
000f
01b3
f9ef
faba
030c
ff32
fda7
fb60
0458
0169
0c46
0475
fba6
fe9f
07a6
fc88
febb
04fc
010f
0063
f810
0193
0646
032f
01ff
f723
fd92
0156
f702
f2c9
ff87
0080
061d
0073
fdd3
ff7d
0a7a
fca2
012a
f797
fe10
fc28
011c
fd21
f6fc
fef3
0c4c
fbd8
012c
06d7
f769
ff45
fc3d
003f
03fb
fb6b
fd54
fb60
fea8
0a54
f4bf
f55a
ff73
00d2
10d1
fd6e
0089
fce3
13ac
0005
01a0
f60c
017a
f87e
0544
f9e1
fd40
03a6
05e7
f56d
fcee
0340
fd8f
fc92
01e1
0773
014f
0528
0356
f7f8
fb23
fcb8
f0dd
fa12
fcd5
fbc2
0a85
f677
f8b8
f4f8
08b6
fba6
f5fc
fca6
f92e
f973
f6d0
f2ed
f98c
f93d
04a5
fbc9
074c
004a
fad0
f578
fb05
fc51
f992
feca
f6ef
f97c
0096
0c37
0a3e
00c0
f6bf
fd2c
f688
fae0
0893
107d
16f4
fd0b
f87d
e0a7
0232
fd1a
04af
04ff
0179
ff4e
f9cd
1159
d95a
067d
f92b
027c
0956
035b
0847
0415
ffda
02b1
01ed
077a
0ce1
00e3
f8ff
0214
fb59
fdd2
0b53
0e24
19f3
fb22
f7a9
da7b
0adf
f86b
0e19
0e19
ff28
055d
0643
11a9
c0f8
0595
f6c4
0247
062c
010b
0aa9
0116
0457
019c
fb6d
02ad
ff4d
fbe5
f6e4
0013
0916
fb29
0808
0954
0b71
fa45
fed8
d0f6
ff16
f445
094f
0629
f8ff
fed3
fd2b
0555
d8db
04ad
f0d5
fccf
fb84
fdc7
08ef
000f
fffa
fcd9
fb25
f585
f7ad
0459
f213
f95f
00b7
fae7
fd07
03bc
055e
f90d
ecbd
e6ed
f258
f8d4
01ad
f6b4
f9d1
fa2f
0211
124e
efba
fa0d
fa34
fc59
fb75
f65e
0283
ff09
fd7c
fba3
f981
f628
f9f4
fe8f
f203
fe90
0387
fa73
f757
fd1b
0ea1
f573
f609
e545
0192
f6dd
fa5e
0228
fb58
fd49
0616
10c2
ea0b
fa68
fabd
fdd5
ff38
f803
0102
fd0b
fb31
fc9f
f712
00dc
f9ec
00a7
f634
fd04
04cd
ffe8
f473
ffca
142e
fbcb
fc35
e7c8
fadb
f95a
ff6d
01db
f8f9
fb04
0821
0f7c
ecae
fda8
f4db
fafd
fc3e
fbbe
0409
fc02
ff4b
fb4c
fb3a
ff2b
fdda
fd47
fa99
fca6
070a
fc56
f4c5
fb4c
0d0c
fbad
fece
e244
08c8
f806
fad0
021b
f8d3
fd5f
09c5
1338
de43
fa96
f736
fffe
f7ff
fac1
04e6
fe3f
fdc7
ff68
ff37
ff40
f9a1
01ee
faac
f937
085e
face
f9d9
fed5
0cbd
fbb9
fe35
d9b5
04f4
fc87
fb77
fa20
fa8c
fd87
00dc
124d
e45c
f5f3
fbcc
fe1c
fa4f
f69c
004d
007b
fd7c
ff2f
01fd
02d6
f698
fdd0
fa2b
fd47
01c3
f5b0
f0c8
efb0
03e3
fa6d
f4af
dfaf
f4b1
f97b
f996
f44d
fb34
face
fda4
0f8a
fcff
f6a4
fbb4
016d
f4d5
f3f0
f673
fe7c
ff78
fb9b
0061
f579
f16e
01b3
f710
fa62
f604
f581
f022
fa9f
fb47
f51a
e4d1
e531
f7f0
fb2e
f2c0
f893
fd0d
fade
fe07
14b4
f1f9
f198
fd88
fa69
f425
eeb3
f3a7
f73d
f7fd
fd27
020a
f6a8
f6fd
f828
f5c4
fbd3
fd64
fa00
f802
0492
01bf
fbfb
f14b
dab7
ebc3
ff7d
fa9a
f37b
fea8
fa54
0412
0a95
f8b9
f3a7
ffad
fe28
f1ee
f3c9
f39d
fc16
f98e
fd8b
fb60
faa7
ffb8
fad7
f911
f9b1
f621
fd04
f637
0754
07dd
f7c3
f436
d949
efc5
fb9e
01a5
00f3
f98f
fa0f
0ce4
1120
e3d9
fd03
f66a
fc0f
f89c
f4c7
f66c
f651
f6ed
f9f8
f765
024b
fc8e
feda
f854
fd92
f55c
f846
f5f8
03ff
09b8
fb38
f44e
e4c3
f3e4
fa13
fd72
0545
fd20
fca2
05f7
10e4
ebbb
fb54
f871
fc22
f744
f985
fe1c
f462
f6dc
f90a
fd67
fe7d
fd46
01fa
fd6e
fd33
fef2
01dd
fee2
0c94
1303
fb33
fa65
e417
fa13
f9d3
04c5
1155
fe7b
035a
02d8
0bef
d36f
fa74
f787
fc56
f7f9
fcb9
fe77
fc93
0277
00c0
f900
fe01
fba0
029b
f87a
faf7
ff0b
ff00
fb51
02b1
107d
f821
f564
d735
0080
f8c8
04be
0dbf
fd5e
0131
f4ee
1216
dc58
ff3f
f922
f8ce
f895
f465
0536
f8e5
fd3b
fd72
fd5d
ff69
f7d8
f942
f949
0151
021f
036f
f935
faf3
0904
f9aa
f91c
e2a4
fd3b
01e3
0420
0487
fe19
fe9d
ff94
140a
e49f
fd3a
fe2c
fd05
f990
fa24
033d
fd38
fbae
fcad
f54a
f947
f24e
04d7
f910
f825
fbde
f887
ec9d
fa8b
fd4a
f587
eb30
ea8c
ff49
ff3e
f999
f4dd
fbfc
f799
0203
1a88
ed99
f954
faff
f6f5
f460
f3ad
fdb2
f73d
f4bc
fbf9
004b
0166
0022
faa9
fcb4
00c2
0473
fdf8
f737
fcf4
091a
fd44
f6d5
d5f9
fe6b
f9b5
fde5
fd4b
03b1
fdb3
0706
105b
e5e7
f8f6
fbf2
fc84
f907
fca8
0015
fee6
faff
faa5
026a
016c
ff65
fbdb
fc67
0033
0128
fdf2
f6a9
f5f9
08ae
fbd7
f11d
d473
fd79
fa0b
fe5f
ffae
fee7
fcbb
0482
10a2
e1e5
f801
fba6
fb08
fb41
fc7e
fe0c
02e8
ffc8
0056
fa95
04bb
05cb
f6c2
f9e8
fd85
fd79
0118
fa54
fa80
17ff
fe0e
f0f5
e004
0cc9
f983
0233
05e4
00ab
fecd
0876
12b4
e2f4
ff87
f951
fd73
fe1c
fda9
00c0
fdef
fa15
fd2a
098c
05a5
0fe0
11e3
fa6a
0324
ff6f
fdba
01f1
ffaf
007c
ffb2
fa34
f74b
fcd8
02f3
06e1
0157
00c8
ffb4
fa43
013b
f89c
073c
0264
0308
0490
0852
ff40
0c8c
0568
fe28
0729
0c37
07ed
0762
056d
0905
0074
00f6
0e0c
0a5b
1a7a
006d
04a5
dfda
fc8c
fd40
174f
0f01
0218
05af
09f8
fdc4
d94d
0556
fe92
0636
0b34
0c84
07d1
0938
091a
fe34
fd16
0434
f3e5
0141
fcb7
0273
0d5e
fd52
05d8
faac
0960
fe84
fd13
f5d1
e5be
fb79
0cb0
feb9
fe5a
013d
fee7
f687
0a0b
012c
fd4a
ff77
fd04
0471
00c0
02a5
0684
fcbc
fe10
00ed
03a5
0738
f9d2
0313
04bb
ff87
05b8
fe94
0d2c
ff49
f814
f223
fb25
f9c8
0a8b
05f3
fae8
00e1
01cc
0077
efb8
f863
fb27
00d8
ff53
01f0
0614
02bf
ffa1
f99c
fcdd
f4c7
f7a5
0808
fd31
005b
00fd
00cd
fd68
f535
05ff
fc3d
fcd1
fe6a
faea
fb85
0342
ffdf
f9da
0138
0591
01c9
fb75
fa3d
ffb5
fec4
fef3
fa00
0084
ffd5
feba
fdcb
ff00
fc77
040b
064d
fde7
0490
0687
03a2
fb42
f75f
0bf0
01bc
fa74
f673
fb41
f991
0b1b
08c1
fd56
ff4c
fa61
0122
fa2a
010a
fbdf
03b8
04a9
0255
fcf6
012f
fe79
fff7
fc08
00b0
f43f
09e4
0067
03ad
0244
fd2f
f415
f044
093b
fe29
fe47
f8df
faee
fd89
fcd8
ff4c
f9d4
ffa7
fd6e
078f
fb2d
fd64
002c
02d1
f829
01e4
0001
ff2f
fdb2
0091
fc7c
0ae4
fdac
0be3
004c
0bb8
03b2
fb2d
f9af
f5ed
0a8b
ffef
0b4c
f74d
0d3b
fc02
06e7
0839
feae
05ce
fe31
fe28
f1c7
01a1
f9f1
0384
ffb3
031d
02d7
013d
0657
fecb
fc51
fe2e
f8a1
04f0
fe16
046b
fc6b
fd83
fe6b
fbad
ffb0
ff0e
fce4
033d
0783
fbc0
023f
0502
f89f
025a
f5db
0944
fcfa
0373
0012
012c
fa12
fdc8
fdfe
ff52
f72e
fda0
fc47
fb12
f257
0b41
0226
015c
fbab
f831
f4f7
f78a
0030
ff70
e838
04ec
0089
fdc7
fa3d
00ef
fed7
0049
fe2d
0d24
f332
fa56
fe4b
fec4
fd89
fc6d
0024
01f7
fbf1
ff27
0124
05b1
fb42
00e9
fe9d
0508
fdf9
00fc
080e
03c8
0c96
0452
010e
ed47
fb2a
0006
05e8
0523
ffd2
08bf
000e
ffca
f320
fda2
fdae
048a
fd44
0462
fdd2
0524
0342
0061
f8fc
facd
fe3e
052a
fdd8
0087
f36a
ff2e
fad2
f670
fea4
fd46
f527
fc0b
f425
ff06
fee6
0155
f956
0710
017c
0ce1
f942
fe35
f9f8
0169
f9ca
0280
fcf8
005d
fc2e
ffd1
fd4b
f676
0417
0524
fea5
00ec
04d7
fcd2
fd11
fc9d
07b9
029c
f8ab
f405
ec8f
0274
0119
0960
fbb4
0781
ff18
0c11
fb49
00ca
046e
ffe1
fe27
00fe
f99c
041f
fcc2
00aa
0002
fcbc
0a5d
fc55
06fb
0a06
05f5
03af
0652
f846
15d4
05ed
fb1b
f59d
fec6
ffa9
0e01
2333
fee6
0d0f
05ee
00a8
df9f
051e
faa2
059a
02fe
0b5d
06b8
04e8
070d
018d
fc9b
f5f2
0401
031b
feb3
0630
0a14
ff36
fe93
f4a4
018e
ff7c
f540
f064
f945
01a7
06f3
06a3
fec5
0357
ee9e
0a27
febc
0222
ff0f
0345
f7b4
04b9
0135
07ee
01ed
00cd
034c
09b1
1e28
f0cf
045e
0d62
1360
099c
0a23
fc1e
05e6
0400
05e3
e6db
11b5
00bb
145f
18eb
00c7
0f33
080f
0108
e877
0b25
0269
0739
0521
0d2c
11d5
079a
0b53
ff4a
fdab
0794
0d28
0456
04c8
0a65
09c0
0531
ffa6
f8ea
0730
03e9
f8fe
f10c
144e
03c7
12e8
0d41
038d
080d
086c
0b7b
e984
084d
02b0
0334
0272
03bd
0c76
07cb
041f
fbef
fe78
0e0d
1214
f953
074f
0ccf
0bb3
0b11
0c4c
04b3
0595
0696
0972
e03d
1037
0343
14ce
096b
025f
0f1a
0697
03ec
f238
0e01
0606
0967
03e2
124c
1078
0d82
09fa
00fe
fb53
11a5
04f5
fd15
0367
093b
05e2
04b2
00c5
f117
0806
0488
f6ba
fc00
0866
026a
06ef
fe58
fe03
09fa
00f6
ff14
ff8b
054e
fcb0
050f
04e9
0de0
0a59
0c5f
09c5
01ec
fbf4
fc25
fd2a
039a
fe94
00ce
f87f
fe77
fc6c
ec01
fd31
025d
f087
fea5
042b
01b2
0002
0024
03b4
03f4
f72b
0952
fcb1
fd31
0430
039d
fee1
0602
fb56
0a71
02f7
fe62
004b
0a0b
0bb9
fc7e
f7f0
03e4
fedd
fc74
0b1d
0173
ff30
0089
0458
0ceb
f6ea
ff17
0882
fe59
fca3
fe6d
fadb
f751
0ac8
0f36
f953
fd6e
040a
0c12
f505
00c9
fedf
ffe5
fb74
0387
0b53
fe74
f7af
02af
0691
fb4e
11b5
0306
f8da
fb2d
02a4
03c3
0601
fff6
0ac9
071d
fa7f
031a
037f
fd2b
eec5
0eec
f7e1
fe6c
0556
0ca6
0168
0279
fcf2
00ca
ff3c
f8e5
f740
0065
f485
fe8f
039a
fcd1
0558
f983
eb62
f7ab
f4ae
0fb3
e747
01fb
07f4
f484
fd99
fc18
f4f1
00cc
12c3
0255
fedf
ff73
faaa
fdbe
f4be
f967
f8f4
fd70
fb36
f9d3
febc
0435
f315
ffe6
ffc6
fdf4
0a54
fc52
0731
f8c2
fc4c
099a
fc85
fe04
06e4
fc18
f980
02c6
ff09
0364
f5d1
0225
fa5a
faf8
0797
0394
01a3
fd6a
fdaa
ff68
02db
fccc
080e
0456
fb7b
01bf
09ec
0217
0994
fd91
00b3
fef7
10a1
ff82
0348
0593
092c
fc60
006f
04c9
039e
faad
f921
0796
fe1c
04df
05de
055c
0453
0599
05e8
09e1
0603
fa4e
f746
01a3
fa24
008c
0b2f
004a
027b
f73f
fce5
ffe6
074c
fc02
f675
04cb
03fd
fac3
00b1
feb9
f8b2
ffb7
07c6
ffca
00bb
fec2
032a
0812
ff3e
078b
015a
02df
fd9c
05b9
fd76
01e7
01f3
0afd
0850
03b5
037e
f8f9
0a28
03cb
13aa
0452
0936
008d
0860
021a
fb85
050e
05ca
03ca
f675
07f7
f9e1
0267
01b8
0aab
070c
0106
fdb9
0482
095d
ffde
ffe5
00a1
f973
05a4
0083
f9fc
fb62
ed46
fe9e
fab9
0d63
0618
0cd5
024d
0177
0353
0279
fd0a
f8fc
fd7c
f8e7
fb8f
ff3f
fc1f
fd64
0121
fccb
0263
0194
0536
052d
f655
f37e
05fd
ff7f
fb42
019f
fb42
f77c
f4cb
e720
fab5
0bc4
0053
faab
06ef
fafb
ee63
042a
fe50
f984
0431
0fba
fa8a
02e1
f926
f4c5
fc98
f841
0593
fa24
0114
0370
f805
e860
065a
016c
fbd9
073a
fbd2
f820
f5c3
e779
fd2a
0381
03bc
eea8
0910
fdf9
ecb1
0357
fd74
f5c5
fcba
1b9b
f72a
047a
fd46
f485
fd45
f20a
09b4
00ee
03ba
07dc
ffb4
0989
f3ff
ffd3
08c6
012a
05ec
07ea
007b
fb07
fd18
0e8c
feb2
079b
0878
08af
01ef
fecc
03ef
06e0
fb5b
fc44
0196
f628
04b1
f775
08f4
fda0
06b3
fe7c
0492
0797
fa52
fe94
0b40
fe05
020c
f970
0396
fac1
fd43
f5d0
0126
0ab2
1039
ec55
0994
02f0
f28e
036a
0153
fb59
0022
14cb
fe82
00c7
0036
f685
02ef
f5aa
0438
ffe9
030c
0010
f57c
fe76
09cf
fe73
fc65
fa98
fd8f
f6a5
f8ea
f83a
fcc2
040a
14f4
efea
013d
fd85
fce2
01cf
010d
ed2c
fd99
07a3
02a5
030e
ff80
fa59
fcbf
f498
fef2
0376
01ac
07bf
f72a
fb6f
0451
ffd7
fa7f
f96f
0279
febc
f8f8
fd65
fefc
03b8
09a4
f391
0368
01cb
052b
02e2
0739
fa39
f9d8
fe99
f8a1
015c
fb7a
fd47
0388
f974
060e
0590
00f7
f282
fdbb
12d4
0c36
0022
02d2
0170
ff2b
ff20
fb55
fb8f
f84f
03c1
fbc2
096e
0001
0c6f
0916
fab6
0239
fd76
0649
e6a6
0a0a
f553
fe01
fa92
04f5
0361
f95e
fd01
fd77
fcc3
0959
1861
f82d
02f4
08af
0db3
08bf
0961
f52b
f8d1
fef9
0dd2
085b
1235
02ce
12be
03df
0166
073b
0399
fad2
ff25
0969
f9d3
036c
0012
0801
0753
02bb
016c
0014
f866
0409
001f
0627
02fa
fe89
0975
00de
fc09
0096
fff1
ff8d
fe23
0636
0e28
ffda
0b71
ff0b
ff09
016e
fdb4
0330
f942
089b
fd5a
fe5a
fc91
ffc3
0342
00a5
fca4
f874
fe13
06d5
1853
fc17
0382
ffeb
0820
06c2
0383
fecc
fbac
02cd
0a90
ffd5
16f1
06f8
0ab3
011b
00ae
0567
025a
fdfd
fac3
08ab
fc89
050b
fd46
0ddd
031b
0899
033f
018d
f981
10e5
02a1
0cf4
015d
019d
fd9b
0732
0066
f77d
04ba
003e
032f
10d6
08b9
fbd4
0821
f8d7
fe48
ff31
f791
fd41
fab9
04fe
f905
0045
fe46
0c3a
010e
0544
008d
f942
f922
0e6b
0d27
0e5c
0133
09cf
0144
0039
06ec
f688
015f
0a27
0ba2
0122
078d
f981
066d
ffb3
fec5
0311
027a
fbdb
ef89
0d84
fbc9
ffa2
fcf4
0efc
fd10
03ab
fe70
fcf0
03db
029a
0340
0ca2
f46c
007f
fe9e
f926
fa1c
02ba
fe29
03a1
f8b5
09ac
f4d6
04b3
fe80
f80f
0624
fa75
eeb7
fe40
0ba4
06af
09fa
fbc4
ffb2
0727
f83f
012d
016a
fc2b
07e8
f78d
fa0c
05c9
f8ea
fd0f
05c9
fa19
046f
ff81
f031
fe24
f6ab
0259
f38d
0381
03c4
f744
06ef
f825
f0be
feca
0a03
0637
0870
fcb4
021d
fe24
f8d1
0257
fc64
0100
0d79
0140
0d64
fd93
f66d
034e
0e4c
fc81
003c
f491
f128
fe3f
f561
fac3
fd74
1126
034f
f312
0486
00b5
0296
fdda
098a
0047
0a6a
0266
fcf7
029c
fbe0
02c9
ff27
0872
071f
f839
0361
07ee
f54b
02c9
fdf2
ffb8
fd54
f06b
f878
fee3
fa89
0885
fe32
04f3
005d
f0d2
02dd
fb6a
fd44
fb41
0f0d
f9c0
07c6
fee6
fc13
04ab
013d
0743
0334
072d
0029
ef49
f66e
09ca
f8d6
fca2
032b
00ab
f8e4
f884
f091
ff03
01d0
0c79
fd38
08f4
ff5c
f6d2
04df
fd28
fd50
03a3
05f2
f8eb
0e27
fa3e
0709
fcda
f6ee
0318
fd64
061f
fdc8
f048
f921
fefa
f8a1
fe34
0ccc
fe9f
f687
e91b
f153
ff43
f6b0
1388
f619
ff41
f663
f14f
fd6b
f82d
faeb
050d
1000
fa51
023d
f91b
fe53
ff76
f870
0039
fa83
0492
ff93
fa76
fc6c
03f5
fb44
0584
186a
fdc7
f783
f135
fa1f
fd9e
09c4
05e6
ffa7
fc5a
fb8a
f59c
0184
f59c
020f
f7d2
fe06
fdd3
06b3
fc17
f688
ff25
fa6f
03b4
fbd4
0365
04af
f69e
01b5
fea9
fdf6
0297
0ae8
fd94
f1b5
eb18
ee66
fcdb
0749
0e7a
0db0
0210
f89a
f642
0356
fb65
0aae
ff96
0701
f27a
0bd7
f8ec
fae8
fc3a
f777
02ae
fcf7
0528
04d5
00bf
fe8c
0605
0150
066f
0b8b
fe15
fa5d
fceb
f257
fc84
14e7
fb33
023d
0527
fd8b
f453
0814
0064
fad3
fa61
0481
fec5
055b
fcfa
fc96
04b1
fb4a
02fd
017c
0755
013c
075f
f938
0a31
fe97
0099
1011
012b
087e
0898
f457
018f
0da0
fbcb
0a9d
04fb
0237
f7e7
fece
0707
064e
fed1
f2f8
fe11
fcbf
0446
fee0
04c1
041e
051d
fe4d
06c6
012c
02be
feba
0155
feaa
0370
0b4e
07b0
0c7d
09ca
f80d
ffd3
0c4c
06d4
ff18
088b
0622
fada
016f
016c
0180
fa6b
fe63
ffd9
00c3
043d
fefb
0599
fac3
027b
fe35
064a
007f
ef09
11d5
013e
fe2b
ff19
09d5
0208
feec
f950
ed7b
ffab
04cd
07c5
f445
0635
fe53
fbe9
02df
0453
045c
028b
05fd
fd4a
0654
03fb
005d
0115
f428
0241
fe04
0627
fff7
fa27
08d6
02cc
fd87
01f2
0878
03f8
0684
0278
fedd
fe2e
0bfa
fedb
fe23
036a
006e
0b68
fdd6
0120
067e
f82e
f1a6
08df
00f8
ff60
0420
012c
f832
fb1b
fdd2
06c7
0197
eb3d
f608
0894
01a7
fa9c
f8b0
0213
f1b4
f183
f156
fc83
f76d
21dc
ed86
08fe
f5c9
fd10
06a0
fc4f
f831
01ef
0a83
f9c9
0349
f9f0
f9c9
fc06
f358
010c
fd41
0495
fc02
f117
0e53
fb6a
fad1
fd90
0714
fea1
f6a5
f30c
eba9
fbe2
fb05
0b08
04fe
03c0
fb44
0053
0263
fd87
ff34
fe08
fc1f
014c
01eb
fda4
f6c2
0062
f992
00a4
fd1c
00cb
095a
f4cd
0add
fe73
f942
02af
0dc8
ff92
f7fe
e718
e8c0
fa8b
036c
112a
ff48
0989
fd25
f951
0855
fe59
f8cf
f842
1052
ff38
0ed8
ff1a
f966
ff9d
faa5
094a
022a
0771
0042
f3dd
ee12
07a0
fcb5
fc66
0919
f841
eacd
e94e
ed73
f8ca
f4ba
0ece
0384
035c
f589
ed33
00d3
fa10
025c
027e
06a5
fc6d
09f9
fc0a
f465
f8ff
f3e0
022f
f9ac
02e0
fd1d
0756
1041
fe48
01fa
01b3
0d67
034a
005d
fd29
fdf8
0495
0599
fd96
1026
0810
02df
f8ba
0169
02c7
0151
ff71
efb1
0536
fd5a
01e0
fc91
06f8
fcbf
03c5
00ee
00d9
f40f
02f7
f7c6
0dd3
fdf8
f53a
0283
f9de
f76d
f408
eb43
fb94
ed3d
0c6d
fb8a
0405
f55d
e16d
fdb6
f859
f78f
0365
1679
fc4d
fdb7
f456
f20f
fac2
f597
fc08
f61a
fc8a
00a5
0648
0519
0b74
fa6f
0306
fb75
ff95
02cf
f677
0162
003f
fa97
0241
ff4e
fdfb
ff88
f1a1
febc
fe24
f623
048c
04fb
05cf
06c7
fd96
fedd
08b4
fa1c
0693
0036
01ee
fde6
133d
0f25
01ea
fdd0
0219
0d15
01a3
1374
1ac9
0df5
030e
08d1
f9c3
ff32
0106
0691
fdda
feda
ff57
eb1b
f538
fa3a
195a
faa9
fa97
129a
10ca
01d7
0309
04a6
fc14
0027
ffe7
07de
0614
fbd7
faa3
0903
f8f2
0457
103a
f92f
ff64
f400
001b
00b7
fefd
0373
fe5a
016a
fdc5
f305
0731
e621
0c6b
fa59
f977
061b
036a
fa5d
fd92
fb53
fa57
fe0b
ff94
0107
fee5
f99e
fd36
171b
f423
f8ea
f6a1
f975
f8a2
f207
0179
f66e
fd8b
fe4c
f19e
f922
f90e
f1aa
fbde
ff0b
04c8
f9fe
f733
faf4
ff6b
f65a
f912
fc45
fa42
f6e2
f9ca
03b8
01b4
f997
001d
08bc
fdfc
fd16
f245
f7f3
f9b4
f468
0375
fb47
fbab
00de
f0d8
fb81
fb05
f5db
037b
fe5f
01bf
f93b
f8a3
0088
0159
fcfd
fd1e
015a
fbd8
fb0d
f77e
004d
08e3
f95e
ffb6
059e
fb13
faf6
f368
fdee
fc31
0472
0e47
00ff
fc2d
0252
01ca
fb38
0268
eff8
07ce
f4e8
08c9
fb99
fc47
04b7
fc78
fa63
fc5e
f8cb
fcce
f6c9
f13c
f653
0273
f9d2
fcfa
03ef
f8a4
efcb
e9dc
f10c
fd41
f6fa
0cb3
ef55
f7a8
f9a1
f42f
faeb
f8f6
ef6f
0dbe
0392
ff62
f8c1
f6ff
fecc
fdf6
f065
fa6f
f9fc
faf5
0288
fc53
f6e6
fff5
ff7c
fee5
15b7
faa2
e79b
e90a
fa26
f9ac
ff24
feba
f9e8
ffff
f73d
f107
ffc5
f45e
f74a
fe3c
f703
f87f
084f
fd55
f3a6
fd7f
f141
0709
0033
ffb4
fad3
073e
0af6
f982
fe7b
071c
1407
fca2
fa40
f1ec
faba
fa54
11a2
fd06
1381
fbb5
0450
0483
fe81
0176
02ab
fd1d
ddcb
0604
fea6
fb9c
fd5a
0951
f696
039a
0027
fed1
fd9e
0610
0a0b
0603
029e
0393
01db
fb38
029f
fe4f
fa4a
02b9
14e7
01a7
07d2
fdcb
00d5
033a
0496
04d5
eedb
ff10
f332
0702
fb08
fd3c
fd8a
0349
fde5
fd6d
04c0
fbaf
f938
00d5
fd8a
0855
fa66
fdde
027e
feb6
01d8
04ac
feff
ff62
026d
0617
0a25
fee0
0216
00a5
fe66
016b
fa1f
06ee
dc4a
03fe
f5bb
ff32
fd04
01d6
fdc2
fdf3
fa5a
fdb9
001f
011f
00aa
fe18
fdcd
0093
0b95
ff08
fb2c
0714
016b
fc64
035e
ff92
ff32
00f6
0553
060b
fe2b
fea7
03b7
fca6
e0ec
fa86
ffa6
003b
f9ff
0051
fb0f
fdd9
faea
fc8f
f96b
f5b6
073a
fe6a
f480
fccb
0234
f8b0
f194
fab9
f576
f6e7
fff0
0570
efe0
ff40
fb54
fe49
fa46
fb1b
004b
ff31
fd95
fed6
f7ac
fd0f
f5b2
fce2
f28d
fc31
fc29
ffa9
fdeb
f85c
082d
0e01
f919
fb48
fc15
fc34
f3a3
ef72
f65b
fe20
fdbf
0f3b
edc8
0277
f768
fc4f
02b3
fba5
f49e
01f1
f6f4
fe35
0071
fb6d
f975
00b3
f0fd
fe61
017e
fdba
06e2
f269
040c
fdfa
02d4
fb1d
011a
00f3
f295
e967
f7c8
fc34
fac7
00f3
f2c3
001d
f703
04f0
0283
f951
f51b
fe71
f17f
ff39
00b5
fb86
fbc6
faed
f00d
078c
fddb
fa6d
fc15
ef1e
f1b1
0652
fc30
f693
06f1
002b
ee81
f0f1
ee98
f580
f030
0dfb
f24c
03cf
f8c8
fbc5
ffb1
f83c
e7ef
096f
0818
f8dc
04ec
f9a3
f5b8
f342
f409
f786
f619
fc3f
04b6
fe42
0955
fe0c
025d
0238
1237
0a37
ff6c
f7cb
f16a
fd31
1594
0385
fed0
0198
05b1
f82d
03d7
fe1b
f473
f61b
f77f
06a7
fd20
0091
f8d0
ff53
fbef
fe2c
0167
0185
f7aa
f531
f42a
feeb
f793
f686
064a
00d2
ecec
ec2f
efb9
f4c1
f638
1295
ff1e
fd8f
f3ab
efec
fb93
f868
ff19
09a9
03ef
fcdf
0413
f807
f340
faa3
f419
facf
fabc
ff5f
f79b
01c5
0a38
059f
fd50
fd42
f7e5
014d
f634
f5d2
facf
ff56
ff94
05e4
0039
ffe3
fb65
fabd
fdaf
fbfc
f27d
0d28
f26f
feb9
f84f
f9fa
f6f3
06b9
fcfc
0084
f9ad
f914
f592
0abc
0f1d
f517
fdd3
003b
133b
ff89
fcbf
f2e9
0159
fad7
ff60
fd1a
07f2
f677
0239
f9d1
fd02
fb8e
0352
f745
f576
0258
f480
fb91
01be
073d
ffad
0134
fbf7
fa1e
f8ab
fbbb
f36c
0a47
fc6b
f9ea
fe24
f9f0
ee6b
e9a3
fa29
f919
f112
0e4c
eefb
00cf
f8f2
eb72
0174
f720
ec7b
0b3b
0fc7
ff65
02ca
f78f
fb7e
fb15
eb2a
fddd
fb28
fdbb
024b
01ec
0427
042e
f616
0273
fff2
f7b8
05e7
088e
f525
0296
f9f6
0c20
f9f0
0305
f082
f209
063e
ff76
f262
fa07
184c
0c35
028f
fcd9
0af9
04c6
f5ae
ff9b
fde2
f9b7
fff7
fed5
fb35
057e
fa92
ff11
027a
fa2e
0561
04e2
eb62
0023
fef5
0d4f
f3fc
01aa
f7e3
f321
0412
fb98
f2f7
ffac
18fa
0645
056e
fb8c
03b5
0178
fb92
012d
fd36
fafd
01c9
0834
0cb9
fe60
fd3e
02ea
171d
0438
0dbf
0214
f295
ffd9
01b1
f108
05c5
06b4
05d8
fa96
f884
015f
ffde
03cd
f5db
0a10
01c4
ff49
054e
0786
07cb
0420
fc1f
fc93
fdce
fe06
0674
f75d
fabf
0178
1cdf
01a6
08f7
026c
f558
0192
0496
f848
0053
0021
0160
f847
fdf1
fc5d
fc95
fb7f
0de9
0512
005e
ffe5
0254
0210
0453
fed2
fd6c
0262
01fb
0749
043d
f1cb
fde3
0675
1dbb
0cbd
0477
0380
01c0
ffb7
12c6
f666
0703
0350
063a
0507
fd73
04a7
0b2a
f593
ffc4
064e
0671
0418
0cbe
04b8
073e
ffeb
0682
fd0b
fe74
f543
f169
f4e8
f9fc
fd2e
10cf
0212
f6b1
ed8f
ece0
fda9
fd86
0ea8
ed15
fe8c
f756
f7ae
fe90
f927
f4bc
0848
1592
04cb
0536
fbbc
047f
feaf
f63c
fe1e
ff00
fd6f
07bf
0b65
f0ae
f5ae
0782
07ca
20b2
04ce
fdce
00ec
0bb4
0579
1413
fb7e
f8c8
fac3
fec6
00c3
00d9
0066
053c
f62c
fa6e
0554
046b
04f5
03f2
06a9
fab5
066b
0859
03cf
fb01
0a82
fc01
ff17
0045
0aec
13bf
0095
ff15
03c9
02ff
0354
1937
fb84
0e2a
fdd8
08c8
06e1
0264
0388
05d7
fd0e
e9ef
06ab
0367
0154
0270
061c
ff20
fdca
02ef
fdca
02d2
146e
074b
0163
00b5
0e8b
12bb
fedc
0464
1377
061b
05e8
1c9e
f285
0cdb
fb64
07f8
06a2
008c
0744
037d
f924
e3ee
0b89
fb98
00b6
02b8
08d0
0653
01a1
0447
fdcf
046d
1279
037d
09f7
0596
0a8b
1afb
ffe2
0543
0796
04b0
071d
0f94
f9d6
0ae9
fe70
092b
ff81
0865
0d92
0420
f9eb
dbed
0667
01c6
06bc
03ae
0a81
02c7
0735
0791
042e
002a
037a
fdb8
071d
0305
050d
14a7
0593
00ef
0165
0099
066b
01c5
0137
f629
fe7b
04ba
001d
fe4b
ff90
ff2f
01fe
f12e
ff8c
ffed
0495
f572
fe98
f0ef
fdd2
ff74
027e
fb3d
fa1e
02f1
fca8
022e
01ab
11de
04f7
f865
f8ff
017c
fd0f
04f7
09ae
eb07
ffc5
03f4
fa7c
fb9f
fc64
0713
fd51
08e5
fff1
03ae
01a7
0022
fac8
f676
fdd0
fdcb
036d
05f8
fa86
fd0a
0130
ff1e
02e3
101d
fe9e
f93a
f812
ff4a
01c8
0075
fcd9
ea28
0125
0298
ff07
020a
facd
fd3d
fa9b
00d9
f723
04ae
0044
ff2c
fa4c
f25b
fe81
ff27
fd34
010b
f6a1
fb41
fabf
03f2
0017
0467
03b3
f950
fd72
04fe
fbfb
03b2
06b8
f472
fbb4
fce8
0c26
fb81
01e3
fd27
fae5
f203
fd87
f9b2
f95c
03a5
0031
f897
fcb0
fcad
ff0b
03c8
f3eb
ed91
02c3
0260
f9ca
0172
000c
ec34
f3b7
ebec
fe08
f773
1165
efbb
ff8b
f6f3
fdad
fdb3
fcfe
f2f9
041e
0c76
f953
0249
f755
f4b3
f378
f788
ffc9
f999
fc9e
0e98
0238
08fd
f6d2
0682
0daf
1a98
11c6
083c
fc31
fe26
00c6
1714
fbe0
00a5
ff49
0859
035b
014f
037d
02c5
ee8d
022c
02c2
fea3
0497
0108
05b7
ffd9
05e4
029d
0178
fe27
035d
0158
fb08
ff05
0287
1499
0749
f91a
0155
ff1c
01c4
09ef
02de
04f8
fc32
06dd
00b8
fe82
fc81
09d9
fac0
f981
0532
032e
ff5e
fc5d
fede
fe15
03c9
ff34
fdc7
fc2f
0ae6
1084
046f
029d
01e6
0acc
034a
fb39
fec1
ff8f
0321
0556
0333
0836
ff61
fa57
fac5
027b
ff49
0566
ffcb
f63f
079d
033e
0181
02a2
0722
0048
02da
fa47
fe03
01c4
019c
03e8
0bd9
fd96
03d0
1477
ff00
f921
ef41
fe51
0584
fd66
078e
01bf
ff09
fb30
f793
ff16
fcc4
01cb
00a0
fdb3
fd4f
fdf4
faf0
0479
040d
f94a
fc7f
fb94
0805
fe44
0b3d
04eb
1693
0055
0969
0951
0428
0602
003f
0aa3
09f2
09dc
ff5f
fb60
fdbb
04f7
f7d4
0376
01c5
005a
fd7e
ffd1
0b40
042a
05cf
079e
0a56
f892
00e0
0b02
0581
0907
1cd2
0a50
f5af
0270
0aee
0b0c
0764
2301
1e42
0bc8
0797
1985
e761
034d
01da
0989
0562
0437
082e
f862
f647
f3fe
219e
0304
03db
1432
118e
0cbe
0d4b
0c97
fe07
0566
fb4e
f399
024e
fdf9
0291
fd14
025c
10a0
fba4
f204
f9a7
044b
0a71
f215
030e
005d
f9a6
fea7
0168
e86b
0a70
0bdf
0e61
ff5a
fe5a
05fa
064e
0247
05a3
0012
fb17
fee4
000f
ffe5
0206
ff6b
0622
0726
0012
0be5
f216
f365
fa49
f5fd
1295
f6ab
03dd
06a7
01a1
fab9
fc63
f640
0da1
0465
09d2
fc88
f932
ffed
fe16
04ce
fcbe
f7e2
fb6e
fa12
fd2f
f50c
0994
fd9f
0592
f55f
06e5
0c2b
f47b
fbb0
fbb6
0296
0843
f993
00ee
00eb
f72b
fcda
fe7f
f0fd
0d74
058d
0375
fb93
ff44
0931
028b
0512
00da
ff0e
fb90
0070
01b1
059b
013e
02b7
0659
0bf6
079a
107a
004e
fce3
033c
1666
00d6
0b88
ff44
0cf6
033b
fe8d
07eb
fa3c
ffae
01af
0f2f
fbe7
078d
0685
093d
0980
06f9
ff63
00e8
05d9
f733
f88f
fe6a
05c1
0766
13b7
076d
02b9
ebfe
ef36
0489
027b
05d1
f06b
0528
fbd7
f9c6
0035
02a0
00b6
130e
0923
07e3
0436
0221
040f
01d0
fd75
08d1
0618
0426
05a2
ff91
f3ea
f805
08d1
05a2
1607
090b
fdf2
f648
03e9
01ac
10d1
f839
fb2b
04e5
fdd2
01f0
fb11
0371
0863
0cd4
f684
0147
044c
057a
faf0
0941
fef3
0b14
08b0
04f1
0175
04bb
e51e
015b
0461
0652
fde0
fa59
f0a6
e868
f985
ff4a
0615
0dc2
f828
fdea
fc18
f6e9
fc45
fe28
f5ca
08d9
0eb8
f69a
01fc
f7fd
fa6e
fbfe
fa60
005c
03e6
fe17
fe6e
125c
fb7e
0594
073e
0e58
071d
031c
1405
020b
fe74
067b
1d92
ee17
fe81
0047
08cd
06fe
fd8d
0ac1
f672
00b1
f13c
0ee2
fb10
05e3
032c
0bb8
0b56
0327
065f
0146
fadc
04d6
f535
0682
fff4
0532
04a1
ff5f
fe03
fa27
fb1a
0219
0abc
f2dd
ff86
0452
012b
f99c
020b
046e
0559
0479
f391
ffbf
05a5
fea5
ff31
0212
fcb7
03ad
075c
015c
01c0
0556
fdc0
f83c
020f
09f6
061e
0a1e
1311
08ef
04ff
0907
13d2
f2ec
fd74
03a5
0b06
0353
0029
04e9
0329
04cb
ed47
011f
fbfc
044c
04a1
088e
0307
0898
0713
026b
fc83
0d72
11f3
f070
0999
09da
0b8b
0f3d
2296
07b5
115c
0802
2347
e69a
05b1
fddb
148d
0dc5
fec4
0e3a
0ad6
fab2
eb7d
14e9
f6bf
0b77
0fcc
0eef
0c84
02fc
0404
ff8f
f7e9
fef0
04d7
03cb
fd58
0631
0179
02d2
0dda
ee25
fb31
033f
1559
ee0b
f38a
029b
fdea
012e
fe42
0d0e
0350
0954
f6a9
0301
04bd
02fd
0732
022e
fce2
0343
0088
0068
f904
f6c1
f817
07d4
fd83
fd8a
f833
04d4
04ba
f1a7
04d3
fb1a
0fcc
0549
f042
fd93
fc69
0ea3
f826
0804
f49d
05db
fbbc
fe8c
007a
fa10
03f8
fbb5
fb56
0282
fcac
f8bf
07f8
f0c5
f5b7
f69c
05fa
fe2a
fe35
0aa4
0018
f115
eb4d
01e4
0300
fb81
04b7
0557
ff6f
05f9
0377
027b
f54b
044f
013d
0211
0a7a
0880
fa3f
02f9
013e
0d7e
01da
02ad
0804
f4d3
f55d
fab2
fdc2
06c3
0ba9
07b7
0409
f064
f4c8
ffae
0c46
f814
f51e
0a62
04c0
fed8
041d
022f
fa90
0a30
0c28
fcee
05c6
0082
f901
fcb2
02d5
058d
0275
ffdd
f95f
1050
f5cd
03ac
07d9
0339
04ae
0e22
12a1
0711
0ffd
0b57
18cb
056d
0e4a
0081
0db4
07a6
f827
076d
0f46
00e0
eec3
11a6
f3b8
09fc
0427
0e7d
1133
08a2
029b
fbd7
f95a
0ba5
15b8
f508
025d
0683
0aa6
101e
0e35
feeb
0600
0b83
16ee
f2d0
0e4c
022e
0bd8
0159
fb0d
09bc
09e7
0203
f102
0f7a
f875
0472
00c9
0fe9
04fe
0883
01e8
fd13
fdb5
fa2b
fed4
fc7a
04a2
014e
0e98
0717
f489
e710
ecf4
05bc
ff6a
0374
f9d7
0978
f865
ed43
037d
fb2b
0615
0e6a
13d3
03ac
0b1c
0100
fc96
034d
f9d1
0a56
0381
000e
ffff
0a65
0020
039f
07a8
0b7c
07b4
06ed
1051
f95d
0cbe
0811
0def
f5f1
f9ea
0029
0dc3
fea6
fbc7
04c9
fa33
0c75
f96b
1421
fe44
02ec
07d6
074b
fc16
0926
0187
00e7
f905
fef3
fa49
0b23
fa57
f5c4
efe5
fc56
0dd6
097c
e8ea
fb34
05a2
00e8
eca8
011e
f82e
f282
ff4a
f816
e304
0793
0ec8
0e06
f71e
f9e5
0423
04d8
fa2a
05fe
00b4
fbc6
fe4e
f02e
f9ca
08c3
ff0f
f9f7
fda7
fd65
0d2e
0077
e238
f59f
0123
fe7a
f019
fffa
fb58
ee67
00be
f8a0
f292
052a
1157
04b7
f9d8
f85f
fc07
fd35
f9ec
03c3
f986
ff10
fced
fe02
f765
fc86
01a8
ffb0
0fde
0432
182d
0615
fbed
f66e
036c
0f17
f2e4
0277
087f
f961
f86b
00b5
f083
0268
f978
12ab
fb16
f993
0571
02f1
0240
f9e5
fa45
ffcf
fb1f
f4c7
f44d
0fa8
fa39
f712
f453
fec6
0d69
f63d
ec53
f6ab
03ef
0ec9
f0eb
fcb9
01fb
f282
faf9
fb05
f357
09c3
fda9
03c7
feac
fbb8
0255
f996
fa04
fb03
fb60
f9ce
fa3b
f001
f1d9
f99c
faf5
f64b
0739
00a4
0947
f947
e75d
f8c6
0c64
087c
f8d2
fb35
fab2
f23b
fdbf
ff33
f5ad
fbb0
0ca0
0469
fe26
fc1c
0391
fb5f
f708
fc5f
fabb
0232
fcc5
f889
eff2
fd25
fe05
fdd2
0818
01af
0257
f4c0
ef6f
0025
08d1
0702
e97d
fc6d
f6b8
ed0d
f9b4
f8b5
f4bb
073a
103c
0b2e
0470
fe26
0055
fbfb
f4f0
fd39
0038
fdf2
fba0
0445
ec08
03ea
0215
04a7
03c2
03c3
0258
fd00
ffa4
011e
187d
0aa7
fe10
0356
fa99
f1bd
fa12
feb9
f9ea
065c
033e
04b2
0410
0399
fae0
0b62
0410
0472
0679
02c9
fa5c
0b64
038d
f975
004d
0deb
0869
ff80
0979
f72d
f76f
fadc
1d17
fca3
15e0
0283
0a4e
fd73
00df
05bd
fea6
0181
fa95
06f2
01e2
fc78
f99a
0299
fd38
04f5
0523
00cf
04e7
088a
fcb5
02d5
074e
0943
04e2
0165
0731
fac2
e77d
03c3
2559
fcec
00da
07f8
06ba
f2cd
0976
0684
f5e3
f623
0855
08d3
052f
043b
f405
05e2
fc7a
0916
0855
014d
fc59
f8da
f08a
fbac
0236
fee4
0061
fe3d
ffe4
fc97
e76e
faaa
00ca
07de
01b7
ffd1
f8d6
ea34
04fc
fbcf
fc5f
f9ed
022a
060a
fafa
f815
fba9
fd5a
fcd1
037a
fc9c
fcc7
fcfd
f6c5
f2d9
fb90
fd1e
fd10
08d1
0397
0c8b
0118
ec25
ff95
09a0
14c4
f3b9
02e9
f89d
ede0
fe27
fcf2
0134
fca1
08ae
01c1
fd8d
fd38
fc23
f9fa
f534
fe14
fb55
fe24
fca3
f027
057e
fc0d
02e6
f68f
046e
09e7
0fbd
fd9b
e8d5
f95a
1509
fd21
f610
0164
fef5
f317
fbd2
00b0
fe11
008a
fb08
0614
fcdc
00a6
01e4
ff30
f971
feee
fa2b
049a
03cb
f710
02b8
f9f4
ffa5
fea6
07c3
06f5
0fc1
fbe8
efac
ff28
1428
fbea
f9cc
02f0
fe51
f904
fa96
0264
fba7
02f4
fa89
0888
00af
0054
019d
0072
fbc3
0237
fa2d
02d0
fe1d
e786
ef17
0285
011f
f5c2
f00b
fe46
f989
ee83
ed1b
f487
ffc4
13fc
eece
027c
f39c
fa0c
fe9c
f991
eeb8
011e
0989
fc6f
0097
f8ae
fed4
f4ab
f4f5
006b
ee75
ffab
fd37
fafe
f357
f80f
018f
fa8a
fd33
0732
0b15
01da
f759
f54d
09cb
091d
051b
fd7d
0800
04e9
f875
f9a2
fbc3
facc
f2e4
094d
f5b6
fff0
f6ab
fcd7
0313
fb40
f7a9
f8df
00f0
f38c
ffc2
f100
01a4
ffb2
0281
08d5
086e
f027
edcf
fa90
12e1
03af
0443
0513
0204
ffc3
0151
0325
0010
ff73
14c3
0372
0015
fbb9
fb2d
fd8a
0070
01bb
00df
f93f
f28c
0412
fc55
f952
0200
fed5
0262
ffeb
0d97
06e2
fc34
027a
1036
08b5
0f7a
f20b
02c6
f612
f3a7
fc05
09cb
f764
fd8f
0f8c
e828
fd4d
022c
fe6a
056c
01ea
fb10
f2e0
f6d7
f848
f8b6
fa9a
00b3
fc9a
f13c
fabe
fc48
f22c
ed7b
fe37
01c9
1b38
f39b
fb21
f7d5
e69f
faaf
f7d2
f926
05f2
24a1
01fb
fac0
fa3d
fcb6
fd9a
fae5
ff7e
f668
f473
f1a3
03a1
f474
08d2
fe26
fa48
fd88
ffa2
05fe
f013
f733
fe10
04a3
0f6f
faaa
f918
fab2
e696
fa1c
f9b7
ec14
fa4e
1290
051b
f66b
faec
0257
00cd
f7da
003e
f8a0
f2ac
fd85
00fb
ec87
11b9
fa42
fe3d
f200
fe71
131c
fbc4
0463
ff4d
0b37
0941
ec1a
fb17
0568
f2f8
faca
fdd1
e95e
0557
ffe7
1304
fc5c
fd7b
0725
01fa
f925
fefc
ffad
fae1
0146
0505
f899
1004
fa72
f8cf
e9a8
fc27
0cc9
1a5c
f3d7
0070
018f
1598
f25f
0325
fa81
f0e4
fe6e
fbab
df82
011a
0f81
157e
fa60
fb72
06a2
01e9
fc78
0404
0621
0046
05c6
fb29
fcc7
10ad
fb8f
f5b6
ee47
f5b2
0e02
10bf
e6f7
f9ff
f86d
0880
f223
0038
fc35
eeec
f9ed
ff7b
ed80
0414
0483
0574
0061
f55f
fdf0
f9f1
03df
02de
fb44
fc3e
0428
fd46
03a4
0a16
f8e0
fbb8
f3d1
fb02
0920
faaa
ede0
feba
fb7e
06d6
fa4c
0996
0410
f7c3
0106
0078
eec1
045d
105b
0087
075c
fc4f
f95b
f865
020f
ffd5
01d4
fd57
0847
fb86
111e
f016
f820
f955
f91f
0562
0ed8
fe59
ecc2
fd74
028f
015a
02d7
0446
03c6
f9cd
f9be
02e9
05d1
fbc3
04a5
0059
06ee
f968
015c
fd34
0f17
0520
049e
fd10
fcad
ee68
0482
fb27
f96f
f8eb
0073
fdca
fd6d
ee0d
e73f
f531
0138
136e
fbee
0155
f663
ed81
fd4a
fc7a
03ae
003e
1691
fda8
0695
fae8
017f
f48b
f95a
fdc3
fa94
fd2d
f994
fdee
196d
e64c
02aa
066f
0e4f
0485
06c1
f6e8
f890
ffff
1036
fc3a
00eb
fa24
0661
0224
f5d5
ffad
0929
f7f6
0479
0fef
fa0d
01c1
03d5
0a33
0489
ff27
00b9
03ff
f74b
f7ba
f675
fa0d
01fe
fbb5
1366
f754
f6ca
fbdc
e575
f78c
06c8
06d0
fcb5
f8e6
f5be
e81f
f680
f378
08df
0231
1707
049e
00cd
0091
f301
f87b
f977
ff2d
f828
fd37
fe9b
0ac2
0216
f304
0438
fc8e
07c1
fa5c
034e
fcdd
f755
fc20
0fe5
f880
0d1f
fa10
0584
f593
fb7e
fc2a
0b05
f9c3
f5e3
fe7e
00d2
fa60
fb31
fde9
0430
fef3
08b5
fc53
05c9
022e
0490
06b9
04e0
00a7
faf3
fa9f
08a0
0252
eb1b
fe24
1919
060c
07da
f88c
02c1
fad8
ff27
fd33
fa53
feae
025b
0e0a
f9ef
faf5
fcc9
faa9
fb31
f920
fad9
fd46
f986
0673
f880
f024
04e3
02e1
f868
fc01
0557
03c8
ec6f
fdc3
0bae
0c83
08f8
fb56
0758
f50b
ff1a
fbad
ff24
f568
01fc
05a2
fab8
fb28
ff06
059d
005a
fa87
fc0c
fa05
02e0
0ded
024d
f0a8
046e
ff0d
03c4
0297
1514
05ba
fb09
03e4
185e
050e
02b8
fb58
0510
f5d5
fda5
fd05
fb29
e51d
04c4
0cc3
f98a
0523
fb9c
0325
fbc2
016e
fd5d
fc7c
f863
f2a2
fe94
f770
0283
f7cd
f221
f9d6
0208
f5ca
e381
fadc
00a0
1621
fff8
fd3c
fdcf
f0a2
022b
f4b1
f924
fc4d
0e96
00bb
fa43
fa98
02cf
f6f2
f722
fb2e
f446
ffcb
fb45
fab3
0b05
fe5d
f74d
fd1d
fd29
f6cb
0dc9
fb8e
f205
fc29
10e8
fd09
fb5a
f6ee
0462
fb98
fc98
ff5b
fcc1
fc75
0b59
0688
ff11
fc0a
fc93
fc2e
f779
01ef
fd2e
033b
fc77
f5d2
f87d
f720
fd80
f9fa
f02d
fc34
0010
f67c
f530
fa7c
fbfb
1131
f9fb
fdf4
f917
04c9
f70e
f5d3
f4ea
f6dd
0440
f401
fea5
f430
fb69
f71a
f665
fdbf
f693
fe13
f1ad
ebe5
fc7f
014f
0361
fdb4
f2b8
f6da
f880
f3e8
e559
f344
f5c8
1fef
0085
f546
fe73
ffe0
f44d
f145
f124
f3d8
1184
fd29
f274
f860
f557
f2f1
fb4f
f834
f0d8
f873
fd79
f4b0
ff79
fcba
fb8c
029e
e729
fbed
fd42
f320
ebeb
fc3d
058f
0c26
04b6
fcb3
fd5c
fcca
fb5d
f964
f2a8
0135
0dc3
f83e
fd0a
fa61
fc7c
fb3d
036b
0017
00a9
018c
00bc
081c
ff32
020d
0bdd
ffdb
eef6
0496
000f
01a5
027b
04c6
0b30
1312
1253
0291
0422
012b
fbc0
0065
096d
fbe1
f4e2
040d
f9d6
0542
0493
03d2
0a0c
09da
0587
00cc
f7a0
f61d
1a13
fe5e
faf7
fb19
f708
f8e9
f821
f81a
ee6b
fd14
0011
0d5c
09c2
fc7c
fd03
f256
fa29
fe98
0683
0ce1
07b0
03fc
fa57
fa27
003a
0339
f9e9
012d
f903
f7aa
0534
0c45
1903
ebc6
03a2
f90c
0a73
0a78
0d3b
fac4
fcca
0520
0c33
f2fa
0ff5
07e3
ffc9
f0b9
f859
ffc2
1569
f071
0b5b
0647
0045
0103
0262
0b61
004a
04d8
014d
062a
fd72
01fc
05c6
0c8a
fec4
f860
f7a1
f86e
0a70
f9e0
0555
054f
0233
11af
fae9
f6a7
0427
f391
0012
f9c4
fc1d
fd39
06fa
0921
f4a7
fcd7
019f
feea
f839
fff6
04d7
00b5
fde6
0ef2
148d
002b
05aa
f7e8
e363
0618
19c4
258b
fe8c
0766
0bc8
fd90
1795
0070
0820
fb0f
020c
03b1
02a3
fed9
ef81
10d5
0343
068b
1126
151a
13d5
0a2c
09a7
0063
ff02
f5e8
07a6
024c
fd59
f045
e493
fdc1
11b7
0fba
e24a
fac8
f627
017a
faea
ffb6
ff32
f04e
fdc6
ff69
f87b
0e0d
f70e
fd9b
ff7d
f7cc
f840
fbda
04d4
fe22
f786
0229
ffa9
f874
1f49
1318
fbcb
042f
f848
f670
0cd7
108e
ee97
ff21
ff28
f821
07b0
ff7d
0050
0197
fba4
fe8b
f48a
09d4
f114
05a5
0314
faee
fb78
ff0b
033d
fd32
0161
f9fa
fe80
f68e
14ef
fcf8
f615
fd37
f161
00f9
0a5d
16d2
f18c
0333
facb
03e6
06e2
02f6
fe59
f40b
f7ab
fe84
0536
074a
f802
ff44
000f
fb42
ff9d
feab
0188
047f
03d3
fee5
fab3
ea04
1b66
00c4
f9e6
fab7
091b
fc33
00ce
05e3
df42
f7d2
fb24
0176
ff4e
ff8e
f975
efb1
f78e
ffa7
0640
0bef
ee60
fb17
0077
f8c0
f8e9
f566
f625
045e
f742
0351
fb41
ee91
1456
fdd1
fc66
fca0
01eb
fce7
ffb5
fd49
e8d9
fc0b
fc81
0684
f7bc
fdb8
f930
f95e
fd68
faff
f950
1353
ff8e
0575
05ac
fd1a
fcc0
fb20
f490
fce8
0083
fd99
fc74
f8e8
fd5b
0e30
fdfd
fbe1
f788
0355
f93f
071e
f4d5
feb6
067a
011d
f39e
0416
f78a
eb10
ff05
f92b
fc47
13b0
016d
f9ba
094c
ff14
f263
f9c6
f7c0
02c9
01d8
02ec
041f
0727
0524
0857
fe93
01df
f8a5
f863
f8ab
08fb
f425
02bb
0b4e
f66f
010f
fe24
ffae
f370
0139
faf4
fba2
0773
f442
fa8e
07b9
fbb9
fc10
f8a6
f64e
0113
0ad8
01fd
fe03
fcbd
0999
0687
02c4
fefd
f744
f4fd
ffc9
0b3d
e09c
fed8
09da
0a46
fe92
fc5e
f85d
f00d
f988
fb09
faad
0c62
ff49
013c
faae
f73f
f790
f792
f787
f680
fc52
0142
f9b5
f9b8
1960
fa8e
fdd8
03e0
0b22
f5e0
fce9
07db
dde5
fbea
fc73
f96b
0621
ff15
f7ac
ead1
0339
ff69
0988
06ec
025f
0375
054e
fcde
f94a
fd97
fbba
01ab
03aa
fc7d
0289
f610
fe1f
fddc
fd8d
fae0
f3d8
fc45
fe2f
0924
d699
f95e
f931
0716
f63a
0257
f4aa
e1d7
fee6
fa84
f3ac
0d10
0774
fa86
123c
fd9a
f4e8
f7f3
f65b
030a
f999
01a0
010b
fdbb
18c0
e6bb
054d
077e
04b9
fc19
063d
07d4
eb51
ff97
0c4f
f961
03ba
fd02
0153
f76c
fe40
ffe3
0947
f5ba
0918
fed1
0914
0473
0633
0151
ffd2
0471
0277
07d8
0a7d
009e
1685
f97f
0297
0715
083e
f698
02eb
fe7d
eb97
05ea
0fcb
e9e2
f911
fc14
041f
fae1
fc9b
01d4
ff50
f50c
0988
0761
0369
0258
fb6d
024e
ffab
0812
0360
0151
f8fb
e7b9
fb1c
fa84
0216
f308
ef62
f3fd
eb9b
fbd4
df7c
f71b
f59b
06b4
e8e7
fc84
ef3b
f593
fc82
f4b2
fb6f
fe51
157f
f001
fc88
f6b3
f75d
f2a0
f40c
fd8d
f5a5
f9b6
0211
e992
0384
fe43
fcd7
f7d0
f16f
f6e1
ea9f
f99c
ee1d
fe65
fa20
f94c
02bd
f90e
f643
fbe9
fd11
f3f6
f022
04ff
fda7
f83e
f78e
f999
f564
f62d
0019
093c
fb89
fab8
f9d2
ec14
04db
ea5a
fcaf
f689
f63b
ffce
f5cd
edda
d71d
ff60
00c6
0884
f25d
fe60
f5ec
f2c8
00e6
f9d8
f141
06f5
3024
f3d3
00db
fab3
f326
f61c
f8f7
0215
fe7f
0140
04c3
00e2
13a6
ed7d
0e73
ffd9
01f5
02b2
045c
0637
ee51
046a
15d4
0181
159c
f8f5
0423
fc0d
fdcb
f75a
1668
f59b
0bd7
0146
fb06
ff4c
012f
ff44
07bd
0a00
0aa6
ff2b
fe3e
f621
132b
fadf
01f7
f42b
03c7
ffb1
fa67
fa87
ed65
0000
0485
0175
0254
003a
f849
e816
fe9b
f710
0078
0eb5
1374
fe1d
ffd6
fdc0
f6be
fe5c
f8a6
06d8
fe0a
fdd9
08f6
0a3f
1e82
eecf
058e
fb29
0c97
08e8
0748
fa9b
fa5c
02db
1242
f22a
0cfe
0491
0265
ebff
fdc5
fc2d
1796
ecd1
0d7d
00d5
036f
03b2
fde9
08c2
024e
0eae
039f
08c1
fd7f
0116
0854
ff1f
fc83
faab
f3a0
0177
0361
fc00
f98a
01bc
0d9e
fe6c
eea6
fb9c
0611
f36c
ff59
fb07
062d
fe18
1b04
009d
0557
00b7
fc25
ffa5
f405
01ab
03a6
ffa3
f05f
0b35
0d6e
f80a
0253
f307
ec66
f885
fc82
2d69
fea5
0519
e8fb
18fd
09d7
0204
f9f0
fa8a
f874
0040
0307
035e
00ca
0228
fb30
0172
0782
10e3
0720
05b6
088c
fdb7
fb67
053d
2cfd
fd28
f9c2
05f6
fe9c
0087
0f82
21cb
f705
fdef
efee
fd02
1861
fd45
0495
0728
fea2
0cc3
1089
fc08
efcd
0107
f70a
fa42
fe47
0d16
1318
01fa
ff6c
fd52
fece
f212
1743
01ab
fcd5
026b
0273
f7df
041e
1775
ecb5
00e0
e38f
1ade
fd86
0020
012e
fcc5
f3fe
ff65
01db
0d40
17b0
f78a
fa9e
efef
f723
f3c8
086c
f4c8
f710
fda0
faaa
006d
22d6
0383
f5a8
ff87
fd7c
0dad
124f
227d
0392
03ad
f68c
04fc
200c
0067
12f3
0dc4
fcf0
0991
0838
09f8
db03
fc84
fa20
fbe7
fc90
06ca
1af1
fcc1
fef4
0176
f7d6
eadd
f9e9
08a7
fa13
f7a4
053f
ff7c
ee8f
0510
ecc1
fec3
ead5
2914
fe68
fe2b
f2ad
f6db
ffa8
fa0a
066e
115a
0277
ed0d
fb8e
f578
fcde
f021
f6b0
f222
f7f8
fb33
f7bc
041e
081d
0a87
02b4
021b
0361
0921
f7df
1148
0f81
0477
ff6b
1930
01ae
f5ae
002a
fe2f
fd27
f73e
faf1
011b
e7a5
0029
f344
0660
032e
04ac
febd
fdfe
06e6
0331
f7b3
f65a
e991
0fb9
ff25
fa13
1119
fcf8
f092
129d
07cf
074a
fb2d
1756
f5c2
f482
f22c
fb38
fcb6
f2f2
fd9b
0430
fb2b
ee8d
f8b7
facb
f458
fb96
f111
fb4e
0022
03d8
f99d
05ee
f771
0abf
0987
ffca
0509
fbd6
f772
12c4
04fb
0045
0bdf
1afd
0894
ff83
012b
01f8
feb8
015b
03ed
0319
f761
f7de
02be
fdf4
fce6
fa6b
f77d
001f
0574
025b
003c
15be
0f12
fd2d
17fc
12c0
0aeb
01bf
0d68
2322
0ff7
0adc
2168
f1f7
0664
f2b2
0cbe
0eb7
fd8e
0341
00a9
ef68
edc4
069d
f219
02de
fb48
0ae4
06ab
fa22
007a
0c5c
01bf
fac8
074e
05a1
06e7
fdca
07a4
f3e2
fbb2
162a
f290
fcd6
00c8
0113
01ff
fc47
fe56
ff1c
0477
040c
ffa6
0144
f2b1
007a
fd12
fdc4
fe30
039f
f615
002e
054e
0570
fb5b
ef2e
0396
02d4
012b
fcf4
fbee
01d8
fe6a
14ae
f2ee
fd4e
fc00
1796
f5d8
fce4
fd81
03b9
fe53
fb38
fcb1
0591
f461
f868
0465
fed7
feda
f86b
f15a
fd12
fdf0
07ff
0177
f3f0
1540
0306
009b
fa15
fd4b
fbee
fd86
11a2
ef75
034d
02c4
0365
f1be
fd06
fd81
f7dc
01f5
fd2a
0831
f5fb
0d6b
f774
0852
015f
f697
faca
f4b6
fc19
0172
0507
fb80
f4ce
0edb
fec3
0331
0236
f9c7
fcbc
fd29
02dc
fb9a
fcd6
ffe5
0d85
f669
ffc6
f92f
06ce
041c
ffa5
f9b2
fec0
09c5
fe01
fd21
ff55
f8b6
ffc0
f877
02fb
fa23
07eb
fbe1
eaf9
0ba1
f34f
0439
f835
fd3c
fce3
f163
1075
0406
f8db
f4e0
0427
fc0d
fe5a
f736
0b0d
001f
f3f8
0a38
f4e1
ff3a
eb22
ec7d
f6e2
0208
f585
f003
fd5b
f5f9
ff6e
fe77
f665
f774
f6ea
0410
fc9e
fc7e
053b
f592
1733
08bc
fe48
f08d
00d1
0a04
f36d
05fa
08fd
f690
f5d2
f88f
f911
f53a
f1e8
ee9a
f8ae
f410
f897
fd7d
044e
fbe0
fa7c
fba3
06e7
1dee
f458
0a5e
13f3
18a1
0f2b
1486
1fdc
13a9
0a31
175e
f2fe
10be
f36e
1ddc
212c
00da
05a0
0407
e901
e20b
06bb
eebd
07d1
fc44
0a72
0749
ffe7
0ad9
fa47
fc7d
f961
fee5
faac
0456
fab8
0de4
fec8
ea21
085e
fc7f
fdbd
ff2d
159e
ffff
fec3
02cd
fc59
0142
f96a
1883
09d6
0791
f1ba
fe31
023b
fb52
fcaf
f64c
fe63
fe85
fc4e
0e58
f951
23aa
f186
04f8
03a4
1938
f6ae
e300
06c7
f2c5
047b
fe0e
0693
0b71
098f
fe54
ff95
038a
03f4
1836
0a3c
15ed
f919
071e
0554
fbda
02c0
0112
0a60
003f
0a3f
fd77
0231
f7fa
0158
0033
fce6
0a60
f563
e37d
fd08
06ae
fbd5
ec7b
19ab
0632
fc3b
f994
f710
050c
f46b
0727
fc77
0ceb
f04b
050a
f724
fbec
feaf
f8f3
0433
f940
019e
022a
0480
0d5b
f149
085d
09b0
037f
039a
006a
098b
1771
083f
00d4
fc34
f406
f46a
0a6d
0d56
0133
f5b9
0bd9
ec97
0e59
fcc2
0191
046c
055e
0968
f72a
0373
050e
fbd3
0253
32ca
1dd9
def5
1931
12f2
dc56
1c30
1457
3049
20c4
11c4
fd35
0179
338c
15d3
0da9
16c0
07cc
13fc
3b83
fa38
ea2c
11ae
1079
1c31
21f2
2de4
3221
16a5
1bdb
1792
0bd3
2226
31ef
f027
1829
1685
e516
1a4a
1459
10a3
0d77
1978
eef6
eb7e
38ae
1bee
11eb
1f0b
152d
1bbb
3dc5
056a
eae5
04ab
194f
1c1a
1423
2c77
3055
18d1
2254
1c5c
1946
36be
20f5
083b
1b1b
1971
f197
25f6
2599
1d2c
364b
16cd
0915
fac7
2df1
194d
26f9
20b4
113b
1cbd
24f9
0bbb
c8a5
092c
1123
168a
132a
20cb
3b5b
14ec
1b29
130f
14dc
358d
3131
e06c
06dc
14da
0084
2410
25b3
175e
1e53
170d
1020
d7fb
38f2
1143
1df0
16d3
0ca3
22ee
4278
fa03
ef60
0fbd
0a4d
1856
1cf7
2902
3b5f
14a1
2040
150b
0bcb
1161
0421
05ce
028a
0995
f7c9
1290
03e3
0402
15a6
0817
0683
0269
0c9d
083d
0ab9
0ca9
101b
0881
3154
065b
ee26
fc04
081a
053a
0c88
0801
1b75
0d94
1126
0fad
07b9
1ac5
0a8d
f7b6
0f67
15cf
f716
1b4d
120d
0d86
1dea
19ab
f806
ff20
1835
09b8
0125
1423
09aa
12ec
1b34
0b11
edf2
0e06
024a
1462
1c62
1962
1d86
0b7a
2347
1558
0618
1147
e2a0
ff25
1338
086b
fcd2
0c20
f7f9
f8bb
054f
0a2a
f8bc
20d1
f466
08dd
f449
f672
0c8e
0026
3348
0ca6
138c
f29c
17b6
07e9
fb7e
0348
0525
09a8
140f
14c6
0b22
234d
f5a6
01d9
0ac7
0c51
f967
1095
fcc3
e9f5
0646
0129
0793
16dd
172d
0f1f
0692
fdf7
1014
019d
2544
0421
0b97
f787
1cd7
04fd
0342
ff94
0236
03f9
0f33
0a7b
0e9d
2f9c
fc4b
fde5
1f5c
150d
f7a9
0d4f
10c7
03cb
1993
1c9e
2f51
143e
0346
0071
0b86
08e5
204c
1886
2421
e8be
fef9
057d
fdbe
14dd
10a8
1a24
0fa2
1104
2ba0
0d5a
1500
2b52
05e6
0ece
1513
11c5
0cd3
0e67
1d4c
1994
2b21
0fe4
20a5
ec8a
17e4
ff7c
147f
18f0
1945
1fb7
1c39
f058
c516
0bc3
03f7
1002
222c
2533
1a05
09b5
1b9b
106f
1ac7
2117
0715
f7cb
115b
11fb
f6bc
1389
1f08
1369
13cf
12e0
1dd5
ffe5
0ad5
0c02
1264
1866
136c
1ea1
1b01
fa8b
0d70
0be3
0e0b
1654
0fe5
183d
15b4
19e3
1e00
0d09
08fe
1eb7
0a6f
0e6a
1100
12b9
de85
1622
1540
fcfb
23c1
12a6
225e
fd20
1689
fa1c
158a
192d
1554
1792
0b2e
f38e
ef00
077a
fed0
1517
16bf
0c56
1f07
03be
18e0
0c52
0d4e
0ee5
15b6
f518
180f
0ed6
e9a0
10a4
0265
f6c8
12d9
0447
0b0c
19cf
10bf
01b4
0545
1a8c
0a7f
0f1e
1544
fc7b
f6d3
fed8
0948
0dfe
1410
0e8a
117d
0607
079e
0da7
05ac
1094
09b5
dc56
12e6
137c
f383
0d81
032a
f23d
1465
008d
f9e9
16b1
196f
040d
0805
1c24
0498
057b
1ffb
ee4c
fffd
0997
ff42
06ea
16f8
1554
0bb0
04de
060b
ffa5
fb34
0596
ee65
e830
021b
08a3
f654
1bee
ffa1
0890
060d
fcfd
ecb6
0c41
1558
045f
0dc5
1d14
073d
fd03
fa5d
0439
f802
041a
04d4
1080
07f1
059d
064b
fa29
f652
fc1d
0a4a
2d59
0e0c
ec43
1753
27bb
0322
1cb4
2152
0fd3
27e2
0991
0fb6
0311
2d87
07ee
2174
228d
14a5
114d
0983
f33a
e3c9
0e34
097d
1303
1610
0e3c
1fe8
0b5a
0985
fef1
13b3
1c55
f4fb
e963
1877
0d40
fbbd
1222
f5f2
11b3
17f1
0c34
fc24
0833
19ed
0e95
1001
14d4
128e
07ca
2503
03fe
01d0
f3c3
1b7f
19a8
1631
0e05
1260
0d88
06ff
0aab
09da
1806
26a1
08b0
144f
1536
0676
0d94
06d6
18b9
1368
0e78
20f2
0079
1a59
050e
fc9d
0779
1952
0e3d
185e
fbec
f0c2
15a5
0781
1cce
103c
16a9
053a
1b29
0f95
02cf
06fb
1804
1a99
01bd
116d
049d
01ac
05b3
eef5
fa09
1417
0e8f
f701
f715
1fe8
106e
fb14
0507
0cb9
0f7c
2c84
0879
e451
0150
1183
0e2f
0db9
1a64
102b
160c
0f70
1650
0824
26c6
24ba
f9c0
149a
18b3
fb57
1d10
117f
0c7d
405c
161c
0fad
de05
26c3
05b4
15f9
255c
0f38
1319
3483
f147
d6c8
0cda
0a38
1ed4
1c6c
1c43
184d
15d6
1c22
0f58
0a1e
22c9
eb11
18b1
16bc
fe9d
b630
049d
fafd
1a0f
f795
17c7
d44b
3e63
085d
1d98
eddd
0264
1c3e
0910
30c8
279c
3d39
f633
2dbf
15b2
1b56
070b
28cd
10d6
0501
197c
047c
4bda
03ec
250b
1bca
23fc
ca64
20e6
179a
01f7
24ce
286c
0385
13be
2211
1031
1793
28a7
282b
1e21
2429
0493
1df7
0368
14ed
2729
0815
2111
3782
11d3
272f
003b
10ed
2280
ebde
1ec7
0014
1506
ec44
fb37
1524
0859
0acc
1e72
e0a7
1ae0
1828
1f4c
09ec
0a62
17e3
1bc9
1d6b
2724
30ea
1d35
23c9
06dc
0837
0095
3555
0218
0c45
03cb
08ef
3efa
f63b
197b
00d4
12f3
e0c5
117a
1b01
0647
1d22
0e5f
eb30
213c
1fe5
08cb
08d4
0c9c
1d0b
1c2e
12a8
0e0d
2e45
0dd0
032f
19aa
164d
12ad
3984
0420
0d27
07d6
0e5f
42fc
f26c
2016
084e
1a90
0793
1c3c
2143
0a77
2bc9
0f94
1c9c
1252
2281
fffb
1cf3
1d93
105b
20f2
fe6b
0cf8
1fbe
1eaf
16fc
2083
19bf
0ef4
2950
0e3d
1271
09bc
0af5
3e9a
09fb
27a0
13f0
234f
e12e
2495
15c4
03b3
31de
2b03
eb77
152c
1d5e
1b01
0759
2636
1489
2a86
231c
28be
11b5
0653
1bed
1d17
2e71
2449
4733
23ec
3671
1b37
21a9
2662
e687
2cd8
1b8f
11c2
f036
1849
e77c
f1ab
0b80
21aa
f831
19ec
14b2
21a4
f5dc
14e8
104b
1181
3cd4
2a8e
3033
e751
3859
1a40
07bb
0906
2b44
1b0f
2e43
2301
030e
320a
e466
5744
0ef3
031e
cb1a
0fd3
ff1c
fb75
12ca
1333
0e9e
45ab
0616
1c47
052b
0cd5
1e8d
203f
03c5
2ede
18f9
f16a
13ed
17c6
007c
f7b4
0362
0566
116c
0f84
15b2
7332
0999
2485
3095
20cd
df45
2089
1da8
1208
3417
3a0f
30aa
0720
2ce5
0cae
1fc8
1d8a
2741
3a74
2ae4
08aa
f4dc
1585
0828
370d
1cab
2350
3b80
2164
2e5c
250c
01f7
3fc4
def3
3bf4
1ae9
1925
d0d1
1762
061d
0e06
1c35
2413
00dc
37d7
2910
ff25
f615
f951
1c17
1e62
0afa
19b7
f19e
011e
0885
1567
13a5
115e
2108
0fa5
174d
1c32
126c
52ca
f673
27fb
1fc2
0ac5
d59c
2643
2661
2c8f
4fdf
2a9c
24ff
0fca
242f
0ab0
09a8
3020
0d66
3189
2d45
0cff
d368
0a01
1369
28c9
1fea
1975
36eb
1ab9
2e35
1bfb
0a55
4e06
01c3
4a90
1cba
0e7e
bf2b
2066
1999
1534
2be9
2f1e
2e29
09e1
1e5d
fd27
13d8
1a5a
125f
2684
08af
0e3d
f414
1367
0a81
2897
1463
1dc5
382e
116e
2d1a
1ac3
1ee0
4c73
133c
1e2b
20aa
2334
fbb1
3dbd
384b
1b92
3c9e
2bcb
4087
d700
2a8f
1536
1f9e
1cd5
18f7
31ba
29b8
012e
f2cc
1ad9
231f
3852
09d1
1e2e
3525
2d02
29c9
1dd8
0304
5258
1b47
0d7e
265f
2199
138f
3968
1ce9
0f2e
6fc5
1b50
1af0
ec03
37b7
0cd6
19fe
2b3d
1c8d
266a
23a2
f818
b1c7
25a2
0411
2756
1ecc
2bfa
3b5b
140d
2372
1805
fd69
1d80
d36a
4dd9
1033
f7b6
c43a
1812
f54a
056e
2110
14bd
f66b
29f8
1ce8
ffa2
0bfd
0bcb
1518
101f
eb81
1dd6
fc92
03af
f9cd
178c
002e
fd55
289d
0614
0b52
0658
fe73
21ce
fa1c
3904
1683
1a58
de93
2b44
0e88
e36d
2ed3
1c6d
10ef
3637
2154
13a1
16b4
16d9
20a2
1923
fe6a
2281
fe68
01db
072d
267c
fcc7
03bb
2125
1490
1d92
07cc
0417
2460
d7b3
569e
1824
fe0b
c86e
109b
0348
f386
2a52
1fab
0565
3065
1751
0f35
0b4b
fdae
0ed9
2992
ffd7
383a
f4ff
10ba
06a9
1bf5
1128
0da4
1a9e
1b54
154e
0b7e
1710
4c4e
19a4
10c5
2b53
28fc
0a1a
29c0
24fd
ff48
273b
2556
3e15
0768
1a37
18cb
1c83
2392
17b0
27bb
18a7
1dad
0f4a
2264
1a80
4be5
167f
298f
29e4
2a16
288a
279b
075b
4294
fdab
4445
1162
09a5
e95b
1f1f
09d3
fb83
4c7f
1955
1cff
0774
1e9d
1305
0f3e
0ed7
19ea
2d28
1f0d
28cb
d727
1395
0c6e
25af
2045
1966
1f11
1ff8
16ff
1649
0a5a
4517
02b0
27f5
1f15
0b4e
cb12
25ac
1736
f4da
3f7e
2584
131e
17f8
0bce
1617
1196
2161
1674
2726
1a28
286f
0caa
0338
168f
2e54
2635
2713
22c4
1e6b
243c
2837
